#VRML V2.0 utf8

Shape {
  appearance Appearance {
    material Material {
      diffuseColor 1.0000 1.0000 1.0000
      specularColor 0.8784 0.8784 0.8784
      ambientIntensity 0.2
      transparency 0.0000
      shininess 0.5
    }
  }
  geometry IndexedFaceSet {
    ccw TRUE
    solid FALSE
    coord DEF co Coordinate {
      point [
        7.566929 -1.003937 0.236220,
        7.314961 -1.003937 0.236220,
        6.653543 -0.039810 0.236220,
        7.314961 -1.161417 0.236220,
        7.047244 -1.417323 0.236220,
        6.653543 -1.417323 0.236220,
        8.228346 -0.039810 0.236220,
        8.228346 -1.417323 0.236220,
        7.566929 -1.161417 0.236220,
        7.834646 -1.417323 0.236220,
        7.834646 -1.811024 0.236220,
        7.047244 -1.811024 0.236220,
        5.913386 -1.003937 0.236220,
        5.661417 -1.003937 0.236220,
        5.000000 -0.039810 0.236220,
        5.661417 -1.161417 0.236220,
        5.393701 -1.417323 0.236220,
        5.000000 -1.417323 0.236220,
        6.574803 -0.039810 0.236220,
        6.574803 -1.417323 0.236220,
        5.913386 -1.161417 0.236220,
        6.181102 -1.417323 0.236220,
        6.181102 -1.811024 0.236220,
        5.393701 -1.811024 0.236220,
        4.259843 -1.003937 0.236220,
        4.007874 -1.003937 0.236220,
        3.346457 -0.039810 0.236220,
        4.007874 -1.161417 0.236220,
        3.740157 -1.417323 0.236220,
        3.346457 -1.417323 0.236220,
        4.921260 -0.039810 0.236220,
        4.921260 -1.417323 0.236220,
        4.259843 -1.161417 0.236220,
        4.527559 -1.417323 0.236220,
        4.527559 -1.811024 0.236220,
        3.740157 -1.811024 0.236220,
        2.606299 -1.003937 0.236220,
        2.354331 -1.003937 0.236220,
        1.692913 -0.039810 0.236220,
        2.354331 -1.161417 0.236220,
        2.086614 -1.417323 0.236220,
        1.692913 -1.417323 0.236220,
        3.267717 -0.039810 0.236220,
        3.267717 -1.417323 0.236220,
        2.606299 -1.161417 0.236220,
        2.874016 -1.417323 0.236220,
        2.874016 -1.811024 0.236220,
        2.086614 -1.811024 0.236220,
        0.952756 -1.003937 0.236220,
        0.700787 -1.003937 0.236220,
        0.039370 -0.039810 0.236220,
        0.700787 -1.161417 0.236220,
        0.433071 -1.417323 0.236220,
        0.039370 -1.417323 0.236220,
        1.614173 -0.039810 0.236220,
        1.614173 -1.417323 0.236220,
        0.952756 -1.161417 0.236220,
        1.220472 -1.417323 0.236220,
        1.220472 -1.811024 0.236220,
        0.433071 -1.811024 0.236220,
        -0.700787 -1.003937 0.236220,
        -0.952756 -1.003937 0.236220,
        -1.614173 -0.039810 0.236220,
        -0.952756 -1.161417 0.236220,
        -1.220472 -1.417323 0.236220,
        -1.614173 -1.417323 0.236220,
        -0.039370 -0.039810 0.236220,
        -0.039370 -1.417323 0.236220,
        -0.700787 -1.161417 0.236220,
        -0.433071 -1.417323 0.236220,
        -0.433071 -1.811024 0.236220,
        -1.220472 -1.811024 0.236220,
        -2.354331 -1.003937 0.236220,
        -2.606299 -1.003937 0.236220,
        -3.267717 -0.039810 0.236220,
        -2.606299 -1.161417 0.236220,
        -2.874016 -1.417323 0.236220,
        -3.267717 -1.417323 0.236220,
        -1.692913 -0.039810 0.236220,
        -1.692913 -1.417323 0.236220,
        -2.354331 -1.161417 0.236220,
        -2.086614 -1.417323 0.236220,
        -2.086614 -1.811024 0.236220,
        -2.874016 -1.811024 0.236220,
        -4.007874 -1.003937 0.236220,
        -4.259843 -1.003937 0.236220,
        -4.921260 -0.039810 0.236220,
        -4.259843 -1.161417 0.236220,
        -4.527559 -1.417323 0.236220,
        -4.921260 -1.417323 0.236220,
        -3.346457 -0.039810 0.236220,
        -3.346457 -1.417323 0.236220,
        -4.007874 -1.161417 0.236220,
        -3.740157 -1.417323 0.236220,
        -3.740157 -1.811024 0.236220,
        -4.527559 -1.811024 0.236220,
        -5.661417 -1.003937 0.236220,
        -5.913386 -1.003937 0.236220,
        -6.574803 -0.039810 0.236220,
        -5.913386 -1.161417 0.236220,
        -6.181102 -1.417323 0.236220,
        -6.574803 -1.417323 0.236220,
        -5.000000 -0.039810 0.236220,
        -5.000000 -1.417323 0.236220,
        -5.661417 -1.161417 0.236220,
        -5.393701 -1.417323 0.236220,
        -5.393701 -1.811024 0.236220,
        -6.181102 -1.811024 0.236220,
        -7.314961 -1.003937 0.236220,
        -7.566929 -1.003937 0.236220,
        -8.228346 -0.039810 0.236220,
        -7.566929 -1.161417 0.236220,
        -7.834646 -1.417323 0.236220,
        -8.228346 -1.417323 0.236220,
        -6.653543 -0.039810 0.236220,
        -6.653543 -1.417323 0.236220,
        -7.314961 -1.161417 0.236220,
        -7.047244 -1.417323 0.236220,
        -7.047244 -1.811024 0.236220,
        -7.834646 -1.811024 0.236220,
        -8.968504 -1.003937 0.236220,
        -9.220472 -1.003937 0.236220,
        -9.881890 -0.039810 0.236220,
        -9.220472 -1.161417 0.236220,
        -9.488189 -1.417323 0.236220,
        -9.881890 -1.417323 0.236220,
        -8.307087 -0.039810 0.236220,
        -8.307087 -1.417323 0.236220,
        -8.968504 -1.161417 0.236220,
        -8.700787 -1.417323 0.236220,
        -8.700787 -1.811024 0.236220,
        -9.488189 -1.811024 0.236220,
        9.881890 0.197291 0.141587,
        9.881890 1.574803 0.141587,
        10.157481 1.574803 0.141587,
        10.157481 -1.417323 0.141587,
        9.881890 -1.417323 0.141587,
        9.881890 -0.039810 0.141587,
        9.488189 -0.039810 0.141587,
        9.488189 0.197291 0.141587,
        8.700787 -1.811024 0.236220,
        8.700787 -1.811024 0.000000,
        8.700787 -1.417323 0.236220,
        8.700787 -1.417323 0.000000,
        8.700787 0.197291 0.141587,
        8.700787 0.197291 0.236220,
        8.700787 -0.039810 0.141587,
        8.700787 -0.039810 0.236220,
        8.700787 1.574803 0.000000,
        8.700787 1.968504 0.000000,
        8.700787 1.574803 0.236220,
        8.700787 1.968504 0.236220,
        9.488189 0.197291 0.236220,
        9.488189 -0.039810 0.236220,
        9.488189 -1.417323 0.000000,
        9.488189 -1.811024 0.000000,
        9.488189 -1.417323 0.236220,
        9.488189 -1.811024 0.236220,
        9.488189 1.968504 0.236220,
        9.488189 1.968504 0.000000,
        9.488189 1.574803 0.236220,
        9.488189 1.574803 0.000000,
        7.047244 1.574803 0.000000,
        7.047244 1.968504 0.000000,
        7.047244 1.574803 0.236220,
        7.047244 1.968504 0.236220,
        7.047244 -1.811024 0.000000,
        7.047244 -1.417323 0.000000,
        7.834646 1.968504 0.236220,
        7.834646 1.968504 0.000000,
        7.834646 1.574803 0.236220,
        7.834646 1.574803 0.000000,
        7.834646 -1.417323 0.000000,
        7.834646 -1.811024 0.000000,
        5.393701 1.574803 0.000000,
        5.393701 1.968504 0.000000,
        5.393701 1.574803 0.236220,
        5.393701 1.968504 0.236220,
        5.393701 -1.811024 0.000000,
        5.393701 -1.417323 0.000000,
        6.181102 1.968504 0.236220,
        6.181102 1.968504 0.000000,
        6.181102 1.574803 0.236220,
        6.181102 1.574803 0.000000,
        6.181102 -1.417323 0.000000,
        6.181102 -1.811024 0.000000,
        3.740157 -1.811024 0.000000,
        3.740157 -1.417323 0.000000,
        3.740157 1.574803 0.000000,
        3.740157 1.968504 0.000000,
        3.740157 1.574803 0.236220,
        3.740157 1.968504 0.236220,
        4.527559 -1.417323 0.000000,
        4.527559 -1.811024 0.000000,
        4.527559 1.968504 0.236220,
        4.527559 1.968504 0.000000,
        4.527559 1.574803 0.236220,
        4.527559 1.574803 0.000000,
        2.086614 1.574803 0.000000,
        2.086614 1.968504 0.000000,
        2.086614 1.574803 0.236220,
        2.086614 1.968504 0.236220,
        2.086614 -1.811024 0.000000,
        2.086614 -1.417323 0.000000,
        2.874016 1.968504 0.236220,
        2.874016 1.968504 0.000000,
        2.874016 1.574803 0.236220,
        2.874016 1.574803 0.000000,
        2.874016 -1.417323 0.000000,
        2.874016 -1.811024 0.000000,
        0.433071 -1.811024 0.000000,
        0.433071 -1.417323 0.000000,
        0.433071 1.574803 0.000000,
        0.433071 1.968504 0.000000,
        0.433071 1.574803 0.236220,
        0.433071 1.968504 0.236220,
        1.220472 -1.417323 0.000000,
        1.220472 -1.811024 0.000000,
        1.220472 1.968504 0.236220,
        1.220472 1.968504 0.000000,
        1.220472 1.574803 0.236220,
        1.220472 1.574803 0.000000,
        -1.220472 -1.811024 0.000000,
        -1.220472 -1.417323 0.000000,
        -1.220472 1.574803 0.000000,
        -1.220472 1.968504 0.000000,
        -1.220472 1.574803 0.236220,
        -1.220472 1.968504 0.236220,
        -0.433071 -1.417323 0.000000,
        -0.433071 -1.811024 0.000000,
        -0.433071 1.968504 0.236220,
        -0.433071 1.968504 0.000000,
        -0.433071 1.574803 0.236220,
        -0.433071 1.574803 0.000000,
        -2.874016 -1.811024 0.000000,
        -2.874016 -1.417323 0.000000,
        -2.874016 1.574803 0.000000,
        -2.874016 1.968504 0.000000,
        -2.874016 1.574803 0.236220,
        -2.874016 1.968504 0.236220,
        -2.086614 -1.417323 0.000000,
        -2.086614 -1.811024 0.000000,
        -2.086614 1.968504 0.236220,
        -2.086614 1.968504 0.000000,
        -2.086614 1.574803 0.236220,
        -2.086614 1.574803 0.000000,
        -4.527559 1.574803 0.000000,
        -4.527559 1.968504 0.000000,
        -4.527559 1.574803 0.236220,
        -4.527559 1.968504 0.236220,
        -4.527559 -1.811024 0.000000,
        -4.527559 -1.417323 0.000000,
        -3.740157 1.968504 0.236220,
        -3.740157 1.968504 0.000000,
        -3.740157 1.574803 0.236220,
        -3.740157 1.574803 0.000000,
        -3.740157 -1.417323 0.000000,
        -3.740157 -1.811024 0.000000,
        -6.181102 -1.811024 0.000000,
        -6.181102 -1.417323 0.000000,
        -6.181102 1.574803 0.000000,
        -6.181102 1.968504 0.000000,
        -6.181102 1.574803 0.236220,
        -6.181102 1.968504 0.236220,
        -5.393701 -1.417323 0.000000,
        -5.393701 -1.811024 0.000000,
        -5.393701 1.968504 0.236220,
        -5.393701 1.968504 0.000000,
        -5.393701 1.574803 0.236220,
        -5.393701 1.574803 0.000000,
        -7.834646 -1.811024 0.000000,
        -7.834646 -1.417323 0.000000,
        -7.834646 1.574803 0.000000,
        -7.834646 1.968504 0.000000,
        -7.834646 1.574803 0.236220,
        -7.834646 1.968504 0.236220,
        -7.047244 -1.417323 0.000000,
        -7.047244 -1.811024 0.000000,
        -7.047244 1.968504 0.236220,
        -7.047244 1.968504 0.000000,
        -7.047244 1.574803 0.236220,
        -7.047244 1.574803 0.000000,
        8.968504 -1.003937 0.236220,
        8.968504 -1.161417 0.236220,
        8.307087 0.197291 0.236220,
        8.307087 1.574803 0.236220,
        8.968504 1.003937 0.236220,
        9.881890 0.197291 0.236220,
        9.220472 1.003937 0.236220,
        9.220472 1.161417 0.236220,
        9.881890 -0.039810 0.236220,
        9.881890 -1.417323 0.236220,
        8.968504 1.161417 0.236220,
        9.881890 1.574803 0.236220,
        9.220472 -1.003937 0.236220,
        9.220472 -1.161417 0.236220,
        8.307087 -1.417323 0.236220,
        8.307087 -0.039810 0.236220,
        8.968504 0.905512 1.889764,
        8.326772 1.673228 1.889764,
        8.968504 0.748031 1.889764,
        8.326772 0.137795 1.889764,
        9.220472 0.748031 1.889764,
        9.862204 0.137795 1.889764,
        9.220472 0.905512 1.889764,
        9.862204 1.673228 1.889764,
        6.653543 0.197291 0.236220,
        6.653543 1.574803 0.236220,
        7.314961 1.161417 0.236220,
        7.566929 1.161417 0.236220,
        8.228346 1.574803 0.236220,
        8.228346 0.197291 0.236220,
        7.314961 1.003937 0.236220,
        7.566929 1.003937 0.236220,
        7.066930 1.673228 1.889764,
        6.673229 1.279528 1.889764,
        7.814961 1.673228 1.889764,
        7.314961 0.905512 1.889764,
        8.208661 1.279528 1.889764,
        7.566929 0.905512 1.889764,
        8.208661 0.137795 1.889764,
        7.566929 0.748031 1.889764,
        6.673229 0.137795 1.889764,
        7.314961 0.748031 1.889764,
        5.000000 0.197291 0.236220,
        5.000000 1.574803 0.236220,
        5.661417 1.161417 0.236220,
        5.913386 1.161417 0.236220,
        6.574803 1.574803 0.236220,
        6.574803 0.197291 0.236220,
        5.661417 1.003937 0.236220,
        5.913386 1.003937 0.236220,
        6.555119 1.279528 1.889764,
        6.161418 1.673228 1.889764,
        5.913386 0.905512 1.889764,
        5.413386 1.673228 1.889764,
        5.661417 0.905512 1.889764,
        5.019685 1.279528 1.889764,
        5.661417 0.748031 1.889764,
        5.019685 0.137795 1.889764,
        5.913386 0.748031 1.889764,
        6.555119 0.137795 1.889764,
        3.346457 0.197291 0.236220,
        3.346457 1.574803 0.236220,
        4.007874 1.161417 0.236220,
        4.259843 1.161417 0.236220,
        4.921260 1.574803 0.236220,
        4.921260 0.197291 0.236220,
        4.007874 1.003937 0.236220,
        4.259843 1.003937 0.236220,
        4.007874 0.905512 1.889764,
        3.366142 1.673228 1.889764,
        4.007874 0.748031 1.889764,
        3.366142 0.137795 1.889764,
        4.259843 0.748031 1.889764,
        4.901575 0.137795 1.889764,
        4.259843 0.905512 1.889764,
        4.901575 1.673228 1.889764,
        1.692913 0.197291 0.236220,
        1.692913 1.574803 0.236220,
        2.354331 1.161417 0.236220,
        2.606299 1.161417 0.236220,
        3.267717 1.574803 0.236220,
        3.267717 0.197291 0.236220,
        2.354331 1.003937 0.236220,
        2.606299 1.003937 0.236220,
        2.354331 0.905512 1.889764,
        1.712598 1.673228 1.889764,
        2.354331 0.748031 1.889764,
        1.712598 0.137795 1.889764,
        2.606299 0.748031 1.889764,
        3.248031 0.137795 1.889764,
        2.606299 0.905512 1.889764,
        3.248031 1.673228 1.889764,
        0.218245 0.710235 0.236220,
        0.216749 0.712100 0.236220,
        0.039370 1.574803 0.236220,
        0.202356 0.644146 0.236220,
        0.177168 0.432734 0.236220,
        0.177168 0.444060 0.236220,
        0.211912 0.514668 0.236220,
        0.349581 0.574185 0.236220,
        0.349589 0.573538 0.236220,
        0.039370 0.708325 0.236220,
        0.175576 0.708325 0.236220,
        0.175576 0.696999 0.236220,
        0.416953 0.432734 0.236220,
        0.582709 0.432734 0.236220,
        1.614173 0.197291 0.236220,
        0.314853 0.704097 0.236220,
        0.700787 1.161417 0.236220,
        0.331567 0.693911 0.236220,
        0.346953 0.678646 0.236220,
        0.344424 0.514926 0.236220,
        0.335619 0.485617 0.236220,
        0.952756 1.003937 0.236220,
        0.952756 1.161417 0.236220,
        0.379791 0.571591 0.236220,
        0.375491 0.615892 0.236220,
        0.364110 0.650783 0.236220,
        0.295319 0.710322 0.236220,
        0.275914 0.712100 0.236220,
        0.167612 0.444060 0.236220,
        0.163519 0.444296 0.236220,
        0.153278 0.456801 0.236220,
        0.160456 0.444994 0.236220,
        0.153419 0.454082 0.236220,
        0.153278 0.684258 0.236220,
        0.279158 0.700774 0.236220,
        0.293178 0.699003 0.236220,
        0.303965 0.694741 0.236220,
        0.313827 0.687753 0.236220,
        0.320192 0.681211 0.236220,
        0.331037 0.664437 0.236220,
        0.343661 0.629220 0.236220,
        0.327934 0.471395 0.236220,
        0.319441 0.461599 0.236220,
        0.313690 0.457074 0.236220,
        0.302294 0.451307 0.236220,
        0.289622 0.448369 0.236220,
        0.280751 0.447835 0.236220,
        0.238798 0.464153 0.236220,
        0.226452 0.478706 0.236220,
        0.217241 0.496522 0.236220,
        0.211912 0.640371 0.236220,
        0.222563 0.665325 0.236220,
        0.235232 0.682890 0.236220,
        0.505317 0.708325 0.236220,
        0.505317 0.696999 0.236220,
        0.410406 0.500688 0.236220,
        0.245223 0.691431 0.236220,
        0.257602 0.697463 0.236220,
        0.271105 0.700386 0.236220,
        0.582709 0.444060 0.236220,
        0.581116 0.696999 0.236220,
        0.581116 0.708325 0.236220,
        0.700787 1.003937 0.236220,
        1.614173 1.574803 0.236220,
        0.402442 0.496913 0.236220,
        0.158329 0.445842 0.236220,
        0.156689 0.447031 0.236220,
        0.154259 0.450653 0.236220,
        0.155313 0.448605 0.236220,
        0.167612 0.696999 0.236220,
        0.153513 0.687671 0.236220,
        0.161935 0.696507 0.236220,
        0.154383 0.690750 0.236220,
        0.571560 0.444060 0.236220,
        0.567467 0.444296 0.236220,
        0.557226 0.456801 0.236220,
        0.564404 0.444994 0.236220,
        0.557367 0.454082 0.236220,
        0.263909 0.450042 0.236220,
        0.250841 0.455363 0.236220,
        0.155495 0.692706 0.236220,
        0.157036 0.694327 0.236220,
        0.158961 0.695544 0.236220,
        0.225256 0.461728 0.236220,
        0.240129 0.447108 0.236220,
        0.562277 0.445842 0.236220,
        0.560637 0.447031 0.236220,
        0.558207 0.450653 0.236220,
        0.559261 0.448605 0.236220,
        0.558330 0.690750 0.236220,
        0.565883 0.696507 0.236220,
        0.557461 0.687671 0.236220,
        0.571560 0.696999 0.236220,
        0.557226 0.684258 0.236220,
        0.529643 0.450899 0.236220,
        0.528553 0.449008 0.236220,
        0.526870 0.447311 0.236220,
        0.445275 0.450479 0.236220,
        0.434249 0.457997 0.236220,
        0.264609 0.711320 0.236220,
        0.253498 0.709092 0.236220,
        0.244120 0.705917 0.236220,
        0.234327 0.704550 0.236220,
        0.226846 0.705181 0.236220,
        0.223390 0.706259 0.236220,
        0.220654 0.707885 0.236220,
        0.305552 0.435308 0.236220,
        0.324069 0.441891 0.236220,
        0.340316 0.452628 0.236220,
        0.354201 0.467246 0.236220,
        0.365549 0.486672 0.236220,
        0.375604 0.520472 0.236220,
        0.530510 0.453519 0.236220,
        0.457502 0.445899 0.236220,
        0.425023 0.468147 0.236220,
        0.415393 0.485815 0.236220,
        0.202356 0.509831 0.236220,
        0.211927 0.482661 0.236220,
        0.254165 0.438644 0.236220,
        0.269146 0.433937 0.236220,
        0.282284 0.432734 0.236220,
        0.039370 0.197291 0.236220,
        0.039370 0.432734 0.236220,
        0.559443 0.692706 0.236220,
        0.560983 0.694327 0.236220,
        0.562909 0.695544 0.236220,
        0.520703 0.696626 0.236220,
        0.529688 0.690110 0.236220,
        0.516466 0.696999 0.236220,
        0.530479 0.687707 0.236220,
        0.522878 0.445112 0.236220,
        0.518847 0.444170 0.236220,
        0.530800 0.456801 0.236220,
        0.516348 0.444060 0.236220,
        0.530800 0.684258 0.236220,
        0.472992 0.444060 0.236220,
        0.525912 0.446599 0.236220,
        0.523983 0.695563 0.236220,
        0.526702 0.693931 0.236220,
        0.528382 0.692272 0.236220,
        1.594488 1.279528 1.889764,
        1.200787 1.673228 1.889764,
        0.952756 0.905512 1.889764,
        0.452756 1.673228 1.889764,
        0.700787 0.905512 1.889764,
        0.059055 1.279528 1.889764,
        0.700787 0.748031 1.889764,
        0.059055 0.137795 1.889764,
        0.952756 0.748031 1.889764,
        1.594488 0.137795 1.889764,
        -0.952756 1.161417 0.236220,
        -0.952756 1.003937 0.236220,
        -1.614173 0.197291 0.236220,
        -0.416779 0.432734 0.236220,
        -0.348294 0.432734 0.236220,
        -0.039370 0.197291 0.236220,
        -0.416779 0.444060 0.236220,
        -0.700787 1.003937 0.236220,
        -0.412001 0.444060 0.236220,
        -0.396125 0.454012 0.236220,
        -0.409724 0.444194 0.236220,
        -0.392889 0.461520 0.236220,
        -0.332426 0.712100 0.236220,
        -0.308595 0.708325 0.236220,
        -0.278394 0.444060 0.236220,
        -0.283172 0.444060 0.236220,
        -0.278394 0.534665 0.236220,
        -0.399473 0.449318 0.236220,
        -0.402468 0.446821 0.236220,
        -0.406067 0.445054 0.236220,
        -0.224243 0.432734 0.236220,
        -0.283172 0.432734 0.236220,
        -0.348294 0.444060 0.236220,
        -0.365813 0.466239 0.236220,
        -0.349946 0.534665 0.236220,
        -0.354665 0.444060 0.236220,
        -0.358598 0.444250 0.236220,
        -0.367049 0.460790 0.236220,
        -0.367406 0.455209 0.236220,
        -0.244744 0.454485 0.236220,
        -0.246541 0.461225 0.236220,
        -0.193952 0.498193 0.236220,
        -0.264060 0.475736 0.236220,
        -0.262978 0.469490 0.236220,
        -0.276084 0.444175 0.236220,
        -0.262467 0.463172 0.236220,
        -0.124959 0.705280 0.236220,
        -0.147243 0.697452 0.236220,
        -0.366885 0.451251 0.236220,
        -0.361294 0.444770 0.236220,
        -0.363270 0.445497 0.236220,
        -0.130822 0.437736 0.236220,
        -0.151049 0.445986 0.236220,
        -0.169304 0.459312 0.236220,
        -0.166132 0.685174 0.236220,
        -0.181507 0.669030 0.236220,
        -0.192997 0.648841 0.236220,
        -0.096299 0.708325 0.236220,
        -0.700787 1.161417 0.236220,
        -0.039370 0.708325 0.236220,
        -0.039370 1.574803 0.236220,
        -1.614173 1.574803 0.236220,
        -0.267059 0.447202 0.236220,
        -0.268697 0.446031 0.236220,
        -0.265766 0.448719 0.236220,
        -0.264433 0.451358 0.236220,
        -0.263213 0.455847 0.236220,
        -0.271441 0.444903 0.236220,
        -0.100328 0.432940 0.236220,
        -0.092524 0.432734 0.236220,
        -0.039370 0.432734 0.236220,
        -0.364386 0.446192 0.236220,
        -0.365216 0.447063 0.236220,
        -0.366090 0.448586 0.236220,
        -0.202147 0.616937 0.236220,
        -0.205367 0.576193 0.236220,
        -0.202137 0.530700 0.236220,
        -0.233500 0.444602 0.236220,
        -0.237541 0.446161 0.236220,
        -0.182817 0.475585 0.236220,
        -0.224243 0.444060 0.236220,
        -0.229021 0.444060 0.236220,
        -0.240385 0.448141 0.236220,
        -0.242907 0.451013 0.236220,
        -0.059055 1.279528 1.889764,
        -0.452756 1.673228 1.889764,
        -0.700787 0.905512 1.889764,
        -1.200787 1.673228 1.889764,
        -0.952756 0.905512 1.889764,
        -1.594488 1.279528 1.889764,
        -0.952756 0.748031 1.889764,
        -1.594488 0.137795 1.889764,
        -0.700787 0.748031 1.889764,
        -0.059055 0.137795 1.889764,
        -3.267717 0.197291 0.236220,
        -3.267717 1.574803 0.236220,
        -2.606299 1.161417 0.236220,
        -2.354331 1.161417 0.236220,
        -1.692913 1.574803 0.236220,
        -1.692913 0.197291 0.236220,
        -2.606299 1.003937 0.236220,
        -2.354331 1.003937 0.236220,
        -2.606299 0.905512 1.889764,
        -3.248031 1.673228 1.889764,
        -2.606299 0.748031 1.889764,
        -3.248031 0.137795 1.889764,
        -2.354331 0.748031 1.889764,
        -1.712598 0.137795 1.889764,
        -2.354331 0.905512 1.889764,
        -1.712598 1.673228 1.889764,
        -4.921260 0.197291 0.236220,
        -4.921260 1.574803 0.236220,
        -4.259843 1.161417 0.236220,
        -4.007874 1.161417 0.236220,
        -3.346457 1.574803 0.236220,
        -3.346457 0.197291 0.236220,
        -4.259843 1.003937 0.236220,
        -4.007874 1.003937 0.236220,
        -4.259843 0.905512 1.889764,
        -4.901575 1.673228 1.889764,
        -4.259843 0.748031 1.889764,
        -4.901575 0.137795 1.889764,
        -4.007874 0.748031 1.889764,
        -3.366142 0.137795 1.889764,
        -4.007874 0.905512 1.889764,
        -3.366142 1.673228 1.889764,
        -6.574803 0.197291 0.236220,
        -6.574803 1.574803 0.236220,
        -5.913386 1.161417 0.236220,
        -5.661417 1.161417 0.236220,
        -5.000000 1.574803 0.236220,
        -5.000000 0.197291 0.236220,
        -5.913386 1.003937 0.236220,
        -5.661417 1.003937 0.236220,
        -5.019685 1.279528 1.889764,
        -5.413386 1.673228 1.889764,
        -5.661417 0.905512 1.889764,
        -6.161418 1.673228 1.889764,
        -5.913386 0.905512 1.889764,
        -6.555119 1.279528 1.889764,
        -5.913386 0.748031 1.889764,
        -6.555119 0.137795 1.889764,
        -5.661417 0.748031 1.889764,
        -5.019685 0.137795 1.889764,
        -8.228346 0.197291 0.236220,
        -8.228346 1.574803 0.236220,
        -7.566929 1.161417 0.236220,
        -7.314961 1.161417 0.236220,
        -6.653543 1.574803 0.236220,
        -6.653543 0.197291 0.236220,
        -7.566929 1.003937 0.236220,
        -7.314961 1.003937 0.236220,
        -6.673229 1.279528 1.889764,
        -7.066930 1.673228 1.889764,
        -7.314961 0.905512 1.889764,
        -7.814961 1.673228 1.889764,
        -7.566929 0.905512 1.889764,
        -8.208661 1.279528 1.889764,
        -7.566929 0.748031 1.889764,
        -8.208661 0.137795 1.889764,
        -7.314961 0.748031 1.889764,
        -6.673229 0.137795 1.889764,
        -8.700787 1.574803 0.000000,
        -8.700787 1.968504 0.000000,
        -8.700787 -1.811024 0.000000,
        -8.700787 -1.417323 0.000000,
        -8.307087 1.574803 0.236220,
        -8.700787 1.574803 0.236220,
        -8.307087 1.574803 0.141587,
        -8.228346 1.574803 0.141587,
        -6.653543 1.574803 0.141587,
        -6.574803 1.574803 0.141587,
        -5.000000 1.574803 0.141587,
        -4.921260 1.574803 0.141587,
        -3.346457 1.574803 0.141587,
        -3.267717 1.574803 0.141587,
        -1.692913 1.574803 0.141587,
        -1.614173 1.574803 0.141587,
        -0.039370 1.574803 0.141587,
        0.039370 1.574803 0.141587,
        1.614173 1.574803 0.141587,
        1.692913 1.574803 0.141587,
        3.267717 1.574803 0.141587,
        3.346457 1.574803 0.141587,
        4.921260 1.574803 0.141587,
        5.000000 1.574803 0.141587,
        6.574803 1.574803 0.141587,
        6.653543 1.574803 0.141587,
        8.228346 1.574803 0.141587,
        8.307087 1.574803 0.141587,
        -8.228346 -1.417323 0.141587,
        -8.307087 -1.417323 0.141587,
        -6.574803 -1.417323 0.141587,
        -6.653543 -1.417323 0.141587,
        -4.921260 -1.417323 0.141587,
        -5.000000 -1.417323 0.141587,
        -3.267717 -1.417323 0.141587,
        -3.346457 -1.417323 0.141587,
        -1.614173 -1.417323 0.141587,
        -1.692913 -1.417323 0.141587,
        0.039370 -1.417323 0.141587,
        -0.039370 -1.417323 0.141587,
        1.692913 -1.417323 0.141587,
        1.614173 -1.417323 0.141587,
        3.346457 -1.417323 0.141587,
        3.267717 -1.417323 0.141587,
        5.000000 -1.417323 0.141587,
        4.921260 -1.417323 0.141587,
        6.653543 -1.417323 0.141587,
        6.574803 -1.417323 0.141587,
        8.307087 -1.417323 0.141587,
        8.228346 -1.417323 0.141587,
        -10.157481 -1.417323 0.141587,
        -10.157481 0.828378 0.141587,
        -9.881890 0.197291 0.141587,
        -9.881890 1.574803 0.141587,
        -8.228346 -0.039810 0.141587,
        -8.307087 -0.039810 0.141587,
        -10.157481 1.574803 0.141587,
        -10.157481 1.143339 0.141587,
        -10.198239 1.137972 0.141587,
        -10.236220 1.122240 0.141587,
        -10.198239 0.833744 0.141587,
        -10.293862 1.064598 0.141587,
        -10.268836 1.097213 0.141587,
        -10.236220 0.849476 0.141587,
        -10.268836 0.874503 0.141587,
        -10.293862 0.907118 0.141587,
        -10.309595 0.945099 0.141587,
        -10.314961 0.985858 0.141587,
        -10.309595 1.026617 0.141587,
        -9.881890 -1.417323 0.141587,
        -9.881890 -0.039810 0.141587,
        -8.307087 0.197291 0.141587,
        -6.653543 -0.039810 0.141587,
        -6.574803 -0.039810 0.141587,
        -5.000000 -0.039810 0.141587,
        -6.653543 0.197291 0.141587,
        -8.228346 0.197291 0.141587,
        -4.921260 -0.039810 0.141587,
        -3.346457 -0.039810 0.141587,
        -5.000000 0.197291 0.141587,
        -6.574803 0.197291 0.141587,
        -3.267717 -0.039810 0.141587,
        -1.692913 -0.039810 0.141587,
        -3.346457 0.197291 0.141587,
        -4.921260 0.197291 0.141587,
        -1.614173 -0.039810 0.141587,
        -0.039370 -0.039810 0.141587,
        -1.692913 0.197291 0.141587,
        -3.267717 0.197291 0.141587,
        0.039370 -0.039810 0.141587,
        1.614173 -0.039810 0.141587,
        -0.039370 0.197291 0.141587,
        -1.614173 0.197291 0.141587,
        1.692913 -0.039810 0.141587,
        3.267717 -0.039810 0.141587,
        1.614173 0.197291 0.141587,
        0.039370 0.197291 0.141587,
        3.346457 -0.039810 0.141587,
        4.921260 -0.039810 0.141587,
        3.267717 0.197291 0.141587,
        1.692913 0.197291 0.141587,
        5.000000 -0.039810 0.141587,
        6.574803 -0.039810 0.141587,
        4.921260 0.197291 0.141587,
        3.346457 0.197291 0.141587,
        6.653543 -0.039810 0.141587,
        8.228346 -0.039810 0.141587,
        6.574803 0.197291 0.141587,
        5.000000 0.197291 0.141587,
        8.307087 0.197291 0.141587,
        8.228346 0.197291 0.141587,
        8.307087 -0.039810 0.141587,
        6.653543 0.197291 0.141587,
        -9.488189 1.574803 0.000000,
        -9.488189 1.968504 0.000000,
        -9.488189 1.574803 0.236220,
        -9.488189 1.968504 0.236220,
        -9.488189 -1.811024 0.000000,
        -9.488189 -1.417323 0.000000,
        -8.700787 1.968504 0.236220,
        -9.881890 0.197291 0.236220,
        -9.881890 1.574803 0.236220,
        -9.220472 1.161417 0.236220,
        -8.968504 1.161417 0.236220,
        -8.307087 0.197291 0.236220,
        -9.220472 1.003937 0.236220,
        -8.968504 1.003937 0.236220,
        -9.220472 0.905512 1.889764,
        -9.862204 1.673228 1.889764,
        -9.220472 0.748031 1.889764,
        -9.862204 0.137795 1.889764,
        -8.968504 0.748031 1.889764,
        -8.326772 0.137795 1.889764,
        -8.968504 0.905512 1.889764,
        -8.326772 1.673228 1.889764,
        -10.039370 1.968504 0.000000,
        -10.157481 1.574803 0.000000,
        -10.157481 1.850394 0.000000,
        -10.153456 1.880963 0.000000,
        -10.141657 1.909449 0.000000,
        -10.122887 1.933910 0.000000,
        -10.069939 1.964480 0.000000,
        -10.098425 1.952680 0.000000,
        -10.157481 -1.417323 0.000000,
        -10.039370 -1.811024 0.000000,
        -10.157481 -1.692913 0.000000,
        -10.153456 -1.723483 0.000000,
        -10.069939 -1.806999 0.000000,
        -10.098425 -1.795200 0.000000,
        -10.122887 -1.776430 0.000000,
        -10.141657 -1.751969 0.000000,
        10.157481 1.574803 0.000000,
        10.039370 1.968504 0.000000,
        10.157481 1.850394 0.000000,
        10.122887 1.933910 0.000000,
        10.098425 1.952680 0.000000,
        10.069939 1.964480 0.000000,
        10.141657 1.909449 0.000000,
        10.153456 1.880963 0.000000,
        -10.157481 1.143339 5.039370,
        -10.157481 1.850394 5.039370,
        10.157481 -1.663386 5.039370,
        10.157481 -1.692913 5.039370,
        10.157481 -1.692913 0.000000,
        10.157481 -1.417323 0.000000,
        10.157481 1.850394 5.039370,
        10.157481 0.078740 5.039370,
        -10.039370 1.968504 5.039370,
        3.307087 1.968504 5.039370,
        4.960630 1.968504 5.039370,
        6.614173 1.968504 5.039370,
        8.267717 1.968504 5.039370,
        10.009842 1.968504 5.039370,
        10.039370 1.968504 5.039370,
        -0.000000 1.968504 5.039370,
        -1.653543 1.968504 5.039370,
        -3.307087 1.968504 5.039370,
        -4.960630 1.968504 5.039370,
        -6.614173 1.968504 5.039370,
        -8.267717 1.968504 5.039370,
        -10.157481 -1.692913 5.039370,
        -10.157481 0.828378 5.039370,
        -10.157481 0.078740 5.039370,
        -10.157481 -1.663386 5.039370,
        10.039370 -1.811024 5.039370,
        10.009842 -1.811024 5.039370,
        8.267717 -1.811024 5.039370,
        6.614173 -1.811024 5.039370,
        4.960630 -1.811024 5.039370,
        -4.960630 -1.811024 5.039370,
        -6.614173 -1.811024 5.039370,
        -8.267717 -1.811024 5.039370,
        -10.039370 -1.811024 5.039370,
        -3.307087 -1.811024 5.039370,
        -1.653543 -1.811024 5.039370,
        0.669291 -1.811024 3.818898,
        0.669291 -1.811024 5.039370,
        3.307087 -1.811024 5.039370,
        10.039370 -1.811024 0.000000,
        -0.669291 -1.811024 5.039370,
        -0.669291 -1.811024 3.818898,
        10.009842 0.078740 5.039370,
        -8.720472 0.019685 5.039370,
        -8.326772 -0.374016 5.039370,
        -8.267717 0.078740 5.039370,
        10.009842 -1.663386 5.039370,
        10.154519 -1.719195 5.039370,
        10.065652 -1.808062 5.039370,
        10.090616 -1.799327 5.039370,
        10.113010 -1.785256 5.039370,
        10.131712 -1.766554 5.039370,
        10.145783 -1.744159 5.039370,
        -10.153456 -1.723483 5.039370,
        -10.141657 -1.751969 5.039370,
        -10.122887 -1.776430 5.039370,
        -10.069939 -1.806999 5.039370,
        -10.098425 -1.795200 5.039370,
        -8.267717 -1.663386 5.039370,
        -8.326772 -1.515748 5.039370,
        -9.862204 -1.515748 5.039370,
        -9.862204 -0.374016 5.039370,
        -9.468504 0.019685 5.039370,
        -8.326772 0.137795 5.039370,
        -9.862204 0.137795 5.039370,
        -10.141657 1.909449 5.039370,
        -10.153456 1.880963 5.039370,
        -9.862204 1.673228 5.039370,
        -10.236220 1.122240 5.039370,
        -10.268836 1.097213 5.039370,
        -8.326772 1.673228 5.039370,
        -10.069939 1.964480 5.039370,
        -10.098425 1.952680 5.039370,
        -10.122887 1.933910 5.039370,
        -10.198239 1.137972 5.039370,
        -10.293862 1.064598 5.039370,
        -10.309595 1.026617 5.039370,
        -10.314961 0.985858 5.039370,
        -10.268836 0.874503 5.039370,
        -10.198239 0.833744 5.039370,
        -10.236220 0.849476 5.039370,
        -10.309595 0.945099 5.039370,
        -10.293862 0.907118 5.039370,
        10.154519 1.876676 5.039370,
        10.145783 1.901640 5.039370,
        10.131712 1.924034 5.039370,
        10.113010 1.942736 5.039370,
        10.090616 1.956807 5.039370,
        10.065652 1.965543 5.039370,
        -3.307087 -1.663386 5.039370,
        -4.960630 -1.663386 5.039370,
        -6.614173 -1.663386 5.039370,
        0.000000 -1.663386 5.039370,
        -1.653543 -1.663386 5.039370,
        3.307087 -1.663386 5.039370,
        0.000000 -1.811024 5.039370,
        4.960630 -1.663386 5.039370,
        6.614173 -1.663386 5.039370,
        8.267717 -1.663386 5.039370,
        -8.208661 -1.515748 5.039370,
        -6.673229 -1.515748 5.039370,
        -6.673229 0.019685 5.039370,
        -6.614173 0.078740 5.039370,
        -8.208661 0.019685 5.039370,
        -5.019685 -1.515748 5.039370,
        -6.555119 -1.515748 5.039370,
        -6.555119 0.019685 5.039370,
        -4.901575 -0.374016 5.039370,
        -4.960630 0.078740 5.039370,
        -5.019685 0.019685 5.039370,
        -4.507874 0.019685 5.039370,
        -3.759842 0.019685 5.039370,
        -3.307087 0.078740 5.039370,
        -3.366142 -0.374016 5.039370,
        -3.366142 -1.515748 5.039370,
        -4.901575 -1.515748 5.039370,
        -1.712598 -1.515748 5.039370,
        -3.248031 -1.515748 5.039370,
        -3.248031 -0.374016 5.039370,
        -2.854331 0.019685 5.039370,
        -1.653543 0.078740 5.039370,
        -2.106299 0.019685 5.039370,
        -1.712598 -0.374016 5.039370,
        -1.594488 -1.515748 5.039370,
        -0.059055 -1.515748 5.039370,
        -0.059055 0.019685 5.039370,
        0.000000 0.078740 5.039370,
        -1.594488 0.019685 5.039370,
        3.248031 -1.515748 5.039370,
        3.248031 -0.374016 5.039370,
        3.307087 0.078740 5.039370,
        2.854331 0.019685 5.039370,
        2.106299 0.019685 5.039370,
        1.594488 -1.515748 5.039370,
        1.712598 -1.515748 5.039370,
        1.594488 0.019685 5.039370,
        1.712598 -0.374016 5.039370,
        0.059055 -1.515748 5.039370,
        0.059055 0.019685 5.039370,
        4.901575 -1.515748 5.039370,
        3.366142 -1.515748 5.039370,
        3.366142 -0.374016 5.039370,
        3.759842 0.019685 5.039370,
        4.960630 0.078740 5.039370,
        4.507874 0.019685 5.039370,
        4.901575 -0.374016 5.039370,
        5.019685 -1.515748 5.039370,
        6.555119 -1.515748 5.039370,
        6.555119 0.019685 5.039370,
        6.614173 0.078740 5.039370,
        5.019685 0.019685 5.039370,
        6.673229 0.019685 5.039370,
        6.673229 -1.515748 5.039370,
        8.208661 -1.515748 5.039370,
        8.208661 0.019685 5.039370,
        8.267717 0.078740 5.039370,
        9.862204 -0.374016 5.039370,
        9.862204 -1.515748 5.039370,
        9.468504 0.019685 5.039370,
        8.326772 -1.515748 5.039370,
        8.326772 -0.374016 5.039370,
        8.720472 0.019685 5.039370,
        -6.673229 1.279528 5.039370,
        -6.673229 0.137795 5.039370,
        -8.208661 0.137795 5.039370,
        -8.208661 1.279528 5.039370,
        -7.814961 1.673228 5.039370,
        -7.066930 1.673228 5.039370,
        -5.019685 0.137795 5.039370,
        -6.555119 0.137795 5.039370,
        -6.555119 1.279528 5.039370,
        -6.161418 1.673228 5.039370,
        -5.413386 1.673228 5.039370,
        -5.019685 1.279528 5.039370,
        -3.366142 0.137795 5.039370,
        -4.901575 0.137795 5.039370,
        -4.901575 1.673228 5.039370,
        -3.366142 1.673228 5.039370,
        -3.248031 0.137795 5.039370,
        -3.248031 1.673228 5.039370,
        -1.712598 0.137795 5.039370,
        -1.712598 1.673228 5.039370,
        -0.059055 1.279528 5.039370,
        -0.059055 0.137795 5.039370,
        -1.594488 0.137795 5.039370,
        -1.594488 1.279528 5.039370,
        -1.200787 1.673228 5.039370,
        -0.452756 1.673228 5.039370,
        3.248031 0.137795 5.039370,
        1.712598 0.137795 5.039370,
        1.594488 0.137795 5.039370,
        0.059055 0.137795 5.039370,
        1.712598 1.673228 5.039370,
        3.248031 1.673228 5.039370,
        0.059055 1.279528 5.039370,
        0.452756 1.673228 5.039370,
        1.200787 1.673228 5.039370,
        1.594488 1.279528 5.039370,
        3.366142 0.137795 5.039370,
        3.366142 1.673228 5.039370,
        4.901575 0.137795 5.039370,
        4.901575 1.673228 5.039370,
        6.555119 1.279528 5.039370,
        6.555119 0.137795 5.039370,
        5.019685 0.137795 5.039370,
        5.019685 1.279528 5.039370,
        5.413386 1.673228 5.039370,
        6.161418 1.673228 5.039370,
        8.208661 0.137795 5.039370,
        6.673229 0.137795 5.039370,
        6.673229 1.279528 5.039370,
        7.066930 1.673228 5.039370,
        7.814961 1.673228 5.039370,
        8.208661 1.279528 5.039370,
        8.326772 0.137795 5.039370,
        8.326772 1.673228 5.039370,
        9.862204 0.137795 5.039370,
        9.862204 1.673228 5.039370,
        10.153456 -1.723483 0.000000,
        10.141657 -1.751969 0.000000,
        10.122887 -1.776430 0.000000,
        10.098425 -1.795200 0.000000,
        10.069939 -1.806999 0.000000,
        -0.669291 -2.362205 3.818898,
        0.669291 -2.362205 3.818898,
        -0.669291 -2.362205 4.236163,
        0.669291 -2.362205 4.236163,
        -9.862204 -0.374016 1.889764,
        -9.862204 -1.515748 1.889764,
        -8.720472 0.019685 1.889764,
        -9.468504 0.019685 1.889764,
        -8.326772 -0.374016 1.889764,
        -8.326772 -1.515748 1.889764,
        -9.220472 -0.748031 1.889764,
        -9.220472 -0.905512 1.889764,
        -8.968504 -0.905512 1.889764,
        -8.968504 -0.748031 1.889764,
      ]
    }
    coordIndex [
      0, 1, 2, -1,
      3, 4, 1, -1,
      1, 4, 5, -1,
      1, 5, 2, -1,
      2, 6, 0, -1,
      0, 6, 7, -1,
      0, 7, 8, -1,
      8, 7, 9, -1,
      8, 9, 3, -1,
      3, 9, 10, -1,
      3, 10, 4, -1,
      4, 10, 11, -1,
      12, 13, 14, -1,
      15, 16, 13, -1,
      13, 16, 17, -1,
      13, 17, 14, -1,
      14, 18, 12, -1,
      12, 18, 19, -1,
      12, 19, 20, -1,
      20, 19, 21, -1,
      20, 21, 15, -1,
      15, 21, 22, -1,
      15, 22, 16, -1,
      16, 22, 23, -1,
      24, 25, 26, -1,
      27, 28, 25, -1,
      25, 28, 29, -1,
      25, 29, 26, -1,
      26, 30, 24, -1,
      24, 30, 31, -1,
      24, 31, 32, -1,
      32, 31, 33, -1,
      32, 33, 27, -1,
      27, 33, 34, -1,
      27, 34, 28, -1,
      28, 34, 35, -1,
      36, 37, 38, -1,
      39, 40, 37, -1,
      37, 40, 41, -1,
      37, 41, 38, -1,
      38, 42, 36, -1,
      36, 42, 43, -1,
      36, 43, 44, -1,
      44, 43, 45, -1,
      44, 45, 39, -1,
      39, 45, 46, -1,
      39, 46, 40, -1,
      40, 46, 47, -1,
      48, 49, 50, -1,
      51, 52, 49, -1,
      49, 52, 53, -1,
      49, 53, 50, -1,
      50, 54, 48, -1,
      48, 54, 55, -1,
      48, 55, 56, -1,
      56, 55, 57, -1,
      56, 57, 51, -1,
      51, 57, 58, -1,
      51, 58, 52, -1,
      52, 58, 59, -1,
      60, 61, 62, -1,
      63, 64, 61, -1,
      61, 64, 65, -1,
      61, 65, 62, -1,
      62, 66, 60, -1,
      60, 66, 67, -1,
      60, 67, 68, -1,
      68, 67, 69, -1,
      68, 69, 63, -1,
      63, 69, 70, -1,
      63, 70, 64, -1,
      64, 70, 71, -1,
      72, 73, 74, -1,
      75, 76, 73, -1,
      73, 76, 77, -1,
      73, 77, 74, -1,
      74, 78, 72, -1,
      72, 78, 79, -1,
      72, 79, 80, -1,
      80, 79, 81, -1,
      80, 81, 75, -1,
      75, 81, 82, -1,
      75, 82, 76, -1,
      76, 82, 83, -1,
      84, 85, 86, -1,
      87, 88, 85, -1,
      85, 88, 89, -1,
      85, 89, 86, -1,
      86, 90, 84, -1,
      84, 90, 91, -1,
      84, 91, 92, -1,
      92, 91, 93, -1,
      92, 93, 87, -1,
      87, 93, 94, -1,
      87, 94, 88, -1,
      88, 94, 95, -1,
      96, 97, 98, -1,
      99, 100, 97, -1,
      97, 100, 101, -1,
      97, 101, 98, -1,
      98, 102, 96, -1,
      96, 102, 103, -1,
      96, 103, 104, -1,
      104, 103, 105, -1,
      104, 105, 99, -1,
      99, 105, 106, -1,
      99, 106, 100, -1,
      100, 106, 107, -1,
      108, 109, 110, -1,
      111, 112, 109, -1,
      109, 112, 113, -1,
      109, 113, 110, -1,
      110, 114, 108, -1,
      108, 114, 115, -1,
      108, 115, 116, -1,
      116, 115, 117, -1,
      116, 117, 111, -1,
      111, 117, 118, -1,
      111, 118, 112, -1,
      112, 118, 119, -1,
      120, 121, 122, -1,
      123, 124, 121, -1,
      121, 124, 125, -1,
      121, 125, 122, -1,
      122, 126, 120, -1,
      120, 126, 127, -1,
      120, 127, 128, -1,
      128, 127, 129, -1,
      128, 129, 123, -1,
      123, 129, 130, -1,
      123, 130, 124, -1,
      124, 130, 131, -1,
      132, 133, 134, -1,
      135, 136, 137, -1,
      138, 139, 137, -1,
      137, 139, 132, -1,
      137, 132, 135, -1,
      135, 132, 134, -1,
      140, 141, 142, -1,
      142, 141, 143, -1,
      144, 145, 146, -1,
      146, 145, 147, -1,
      148, 149, 150, -1,
      150, 149, 151, -1,
      152, 139, 153, -1,
      153, 139, 138, -1,
      154, 155, 156, -1,
      156, 155, 157, -1,
      158, 159, 160, -1,
      160, 159, 161, -1,
      162, 163, 164, -1,
      164, 163, 165, -1,
      11, 166, 4, -1,
      4, 166, 167, -1,
      168, 169, 170, -1,
      170, 169, 171, -1,
      172, 173, 9, -1,
      9, 173, 10, -1,
      174, 175, 176, -1,
      176, 175, 177, -1,
      23, 178, 16, -1,
      16, 178, 179, -1,
      180, 181, 182, -1,
      182, 181, 183, -1,
      184, 185, 21, -1,
      21, 185, 22, -1,
      35, 186, 28, -1,
      28, 186, 187, -1,
      188, 189, 190, -1,
      190, 189, 191, -1,
      192, 193, 33, -1,
      33, 193, 34, -1,
      194, 195, 196, -1,
      196, 195, 197, -1,
      198, 199, 200, -1,
      200, 199, 201, -1,
      47, 202, 40, -1,
      40, 202, 203, -1,
      204, 205, 206, -1,
      206, 205, 207, -1,
      208, 209, 45, -1,
      45, 209, 46, -1,
      59, 210, 52, -1,
      52, 210, 211, -1,
      212, 213, 214, -1,
      214, 213, 215, -1,
      216, 217, 57, -1,
      57, 217, 58, -1,
      218, 219, 220, -1,
      220, 219, 221, -1,
      71, 222, 64, -1,
      64, 222, 223, -1,
      224, 225, 226, -1,
      226, 225, 227, -1,
      228, 229, 69, -1,
      69, 229, 70, -1,
      230, 231, 232, -1,
      232, 231, 233, -1,
      83, 234, 76, -1,
      76, 234, 235, -1,
      236, 237, 238, -1,
      238, 237, 239, -1,
      240, 241, 81, -1,
      81, 241, 82, -1,
      242, 243, 244, -1,
      244, 243, 245, -1,
      246, 247, 248, -1,
      248, 247, 249, -1,
      95, 250, 88, -1,
      88, 250, 251, -1,
      252, 253, 254, -1,
      254, 253, 255, -1,
      256, 257, 93, -1,
      93, 257, 94, -1,
      107, 258, 100, -1,
      100, 258, 259, -1,
      260, 261, 262, -1,
      262, 261, 263, -1,
      264, 265, 105, -1,
      105, 265, 106, -1,
      266, 267, 268, -1,
      268, 267, 269, -1,
      119, 270, 112, -1,
      112, 270, 271, -1,
      272, 273, 274, -1,
      274, 273, 275, -1,
      276, 277, 117, -1,
      117, 277, 118, -1,
      278, 279, 280, -1,
      280, 279, 281, -1,
      282, 283, 142, -1,
      145, 284, 285, -1,
      152, 286, 287, -1,
      287, 286, 288, -1,
      287, 288, 289, -1,
      151, 158, 150, -1,
      150, 158, 160, -1,
      290, 291, 156, -1,
      285, 150, 292, -1,
      292, 150, 160, -1,
      292, 160, 289, -1,
      289, 160, 293, -1,
      289, 293, 287, -1,
      290, 156, 153, -1,
      294, 153, 295, -1,
      295, 153, 156, -1,
      295, 156, 283, -1,
      283, 156, 157, -1,
      283, 157, 142, -1,
      142, 157, 140, -1,
      142, 296, 282, -1,
      282, 296, 297, -1,
      282, 297, 294, -1,
      294, 297, 147, -1,
      294, 147, 153, -1,
      153, 147, 145, -1,
      153, 145, 152, -1,
      152, 145, 285, -1,
      152, 285, 286, -1,
      286, 285, 292, -1,
      298, 299, 300, -1,
      300, 299, 301, -1,
      300, 301, 302, -1,
      302, 301, 303, -1,
      302, 303, 304, -1,
      304, 303, 305, -1,
      304, 305, 298, -1,
      298, 305, 299, -1,
      164, 165, 168, -1,
      306, 307, 164, -1,
      308, 170, 309, -1,
      309, 170, 310, -1,
      309, 310, 311, -1,
      168, 170, 164, -1,
      164, 170, 308, -1,
      164, 308, 306, -1,
      306, 308, 312, -1,
      306, 312, 311, -1,
      311, 312, 313, -1,
      311, 313, 309, -1,
      314, 315, 316, -1,
      316, 315, 317, -1,
      316, 317, 318, -1,
      318, 317, 319, -1,
      318, 319, 320, -1,
      320, 319, 321, -1,
      320, 321, 322, -1,
      322, 321, 323, -1,
      322, 323, 315, -1,
      315, 323, 317, -1,
      176, 177, 180, -1,
      324, 325, 176, -1,
      326, 182, 327, -1,
      327, 182, 328, -1,
      327, 328, 329, -1,
      180, 182, 176, -1,
      176, 182, 326, -1,
      176, 326, 324, -1,
      324, 326, 330, -1,
      324, 330, 329, -1,
      329, 330, 331, -1,
      329, 331, 327, -1,
      332, 333, 334, -1,
      334, 333, 335, -1,
      334, 335, 336, -1,
      336, 335, 337, -1,
      336, 337, 338, -1,
      338, 337, 339, -1,
      338, 339, 340, -1,
      340, 339, 341, -1,
      340, 341, 334, -1,
      334, 341, 332, -1,
      190, 191, 194, -1,
      342, 343, 190, -1,
      344, 196, 345, -1,
      345, 196, 346, -1,
      345, 346, 347, -1,
      194, 196, 190, -1,
      190, 196, 344, -1,
      190, 344, 342, -1,
      342, 344, 348, -1,
      342, 348, 347, -1,
      347, 348, 349, -1,
      347, 349, 345, -1,
      350, 351, 352, -1,
      352, 351, 353, -1,
      352, 353, 354, -1,
      354, 353, 355, -1,
      354, 355, 356, -1,
      356, 355, 357, -1,
      356, 357, 350, -1,
      350, 357, 351, -1,
      200, 201, 204, -1,
      358, 359, 200, -1,
      360, 206, 361, -1,
      361, 206, 362, -1,
      361, 362, 363, -1,
      204, 206, 200, -1,
      200, 206, 360, -1,
      200, 360, 358, -1,
      358, 360, 364, -1,
      358, 364, 363, -1,
      363, 364, 365, -1,
      363, 365, 361, -1,
      366, 367, 368, -1,
      368, 367, 369, -1,
      368, 369, 370, -1,
      370, 369, 371, -1,
      370, 371, 372, -1,
      372, 371, 373, -1,
      372, 373, 366, -1,
      366, 373, 367, -1,
      374, 375, 376, -1,
      377, 378, 379, -1,
      380, 381, 382, -1,
      383, 376, 384, -1,
      384, 376, 375, -1,
      384, 375, 385, -1,
      386, 387, 388, -1,
      389, 390, 391, -1,
      391, 390, 392, -1,
      382, 393, 394, -1,
      388, 395, 396, -1,
      397, 398, 390, -1,
      390, 398, 399, -1,
      390, 399, 392, -1,
      389, 400, 214, -1,
      214, 400, 401, -1,
      214, 401, 376, -1,
      402, 403, 404, -1,
      404, 403, 405, -1,
      404, 405, 406, -1,
      407, 377, 404, -1,
      404, 377, 379, -1,
      404, 379, 402, -1,
      408, 409, 381, -1,
      381, 409, 410, -1,
      381, 410, 411, -1,
      411, 412, 381, -1,
      381, 412, 413, -1,
      381, 413, 414, -1,
      394, 415, 382, -1,
      382, 415, 416, -1,
      382, 416, 417, -1,
      417, 418, 382, -1,
      382, 418, 419, -1,
      382, 419, 420, -1,
      421, 422, 382, -1,
      382, 422, 423, -1,
      382, 423, 380, -1,
      424, 425, 380, -1,
      380, 425, 426, -1,
      427, 428, 429, -1,
      215, 218, 214, -1,
      214, 218, 220, -1,
      426, 430, 380, -1,
      380, 430, 431, -1,
      380, 431, 381, -1,
      381, 431, 432, -1,
      381, 432, 408, -1,
      387, 433, 388, -1,
      388, 433, 434, -1,
      388, 434, 395, -1,
      395, 434, 435, -1,
      395, 435, 436, -1,
      436, 435, 427, -1,
      436, 427, 390, -1,
      389, 214, 390, -1,
      390, 214, 220, -1,
      390, 220, 396, -1,
      396, 220, 437, -1,
      396, 437, 388, -1,
      427, 429, 390, -1,
      390, 429, 438, -1,
      390, 438, 397, -1,
      405, 439, 406, -1,
      406, 439, 440, -1,
      406, 440, 441, -1,
      441, 440, 442, -1,
      375, 377, 385, -1,
      385, 377, 407, -1,
      385, 407, 443, -1,
      443, 407, 444, -1,
      443, 444, 445, -1,
      445, 444, 446, -1,
      447, 448, 449, -1,
      449, 448, 450, -1,
      449, 450, 451, -1,
      420, 452, 382, -1,
      382, 452, 453, -1,
      382, 453, 421, -1,
      446, 454, 445, -1,
      445, 454, 455, -1,
      445, 455, 456, -1,
      457, 458, 378, -1,
      450, 459, 451, -1,
      451, 459, 460, -1,
      451, 460, 461, -1,
      461, 460, 462, -1,
      463, 464, 465, -1,
      465, 464, 466, -1,
      465, 466, 467, -1,
      467, 466, 434, -1,
      467, 434, 449, -1,
      449, 434, 433, -1,
      449, 433, 447, -1,
      468, 469, 470, -1,
      471, 472, 428, -1,
      401, 473, 376, -1,
      376, 473, 474, -1,
      376, 474, 374, -1,
      374, 474, 475, -1,
      374, 475, 476, -1,
      476, 477, 374, -1,
      374, 477, 478, -1,
      374, 478, 479, -1,
      480, 481, 386, -1,
      386, 481, 482, -1,
      482, 483, 386, -1,
      386, 483, 484, -1,
      386, 484, 438, -1,
      438, 484, 485, -1,
      438, 485, 397, -1,
      468, 470, 486, -1,
      471, 428, 487, -1,
      472, 488, 428, -1,
      428, 488, 489, -1,
      428, 489, 429, -1,
      424, 380, 377, -1,
      377, 380, 490, -1,
      377, 490, 378, -1,
      378, 490, 491, -1,
      378, 491, 457, -1,
      458, 492, 378, -1,
      378, 492, 493, -1,
      378, 493, 494, -1,
      480, 386, 494, -1,
      494, 386, 388, -1,
      494, 388, 378, -1,
      378, 388, 495, -1,
      378, 495, 496, -1,
      463, 497, 464, -1,
      464, 497, 498, -1,
      464, 498, 499, -1,
      500, 501, 502, -1,
      502, 501, 503, -1,
      504, 505, 506, -1,
      506, 505, 507, -1,
      506, 507, 508, -1,
      503, 508, 502, -1,
      502, 508, 507, -1,
      502, 507, 428, -1,
      428, 507, 509, -1,
      428, 509, 487, -1,
      486, 470, 506, -1,
      506, 470, 510, -1,
      506, 510, 504, -1,
      500, 511, 501, -1,
      501, 511, 512, -1,
      501, 512, 513, -1,
      514, 515, 516, -1,
      516, 515, 517, -1,
      516, 517, 518, -1,
      518, 517, 519, -1,
      518, 519, 520, -1,
      520, 519, 521, -1,
      520, 521, 522, -1,
      522, 521, 523, -1,
      522, 523, 516, -1,
      516, 523, 514, -1,
      524, 525, 526, -1,
      527, 528, 529, -1,
      227, 230, 226, -1,
      226, 230, 232, -1,
      529, 526, 527, -1,
      527, 526, 525, -1,
      527, 525, 530, -1,
      530, 525, 531, -1,
      530, 531, 532, -1,
      533, 534, 535, -1,
      535, 534, 532, -1,
      535, 532, 536, -1,
      536, 532, 531, -1,
      536, 531, 537, -1,
      538, 539, 540, -1,
      541, 542, 533, -1,
      533, 542, 543, -1,
      533, 543, 534, -1,
      544, 529, 545, -1,
      545, 529, 528, -1,
      545, 528, 539, -1,
      539, 528, 546, -1,
      539, 546, 540, -1,
      540, 546, 547, -1,
      540, 547, 548, -1,
      546, 549, 547, -1,
      547, 549, 550, -1,
      547, 550, 551, -1,
      551, 550, 552, -1,
      553, 554, 555, -1,
      540, 556, 538, -1,
      538, 556, 557, -1,
      538, 557, 558, -1,
      558, 557, 559, -1,
      560, 561, 537, -1,
      552, 550, 562, -1,
      562, 550, 563, -1,
      562, 563, 564, -1,
      565, 529, 566, -1,
      566, 529, 544, -1,
      566, 544, 567, -1,
      561, 568, 537, -1,
      537, 568, 569, -1,
      537, 569, 570, -1,
      560, 537, 571, -1,
      571, 537, 531, -1,
      571, 531, 572, -1,
      573, 571, 574, -1,
      574, 571, 572, -1,
      574, 572, 232, -1,
      232, 572, 524, -1,
      232, 524, 226, -1,
      226, 524, 526, -1,
      226, 526, 575, -1,
      576, 577, 578, -1,
      578, 577, 579, -1,
      559, 580, 558, -1,
      558, 580, 579, -1,
      558, 579, 581, -1,
      581, 579, 577, -1,
      565, 582, 529, -1,
      529, 582, 583, -1,
      529, 583, 584, -1,
      585, 586, 564, -1,
      564, 586, 587, -1,
      564, 587, 562, -1,
      570, 588, 537, -1,
      537, 588, 589, -1,
      537, 589, 554, -1,
      554, 589, 590, -1,
      554, 590, 555, -1,
      591, 592, 555, -1,
      567, 544, 593, -1,
      593, 544, 594, -1,
      593, 594, 555, -1,
      555, 594, 595, -1,
      555, 595, 591, -1,
      592, 596, 555, -1,
      555, 596, 597, -1,
      555, 597, 553, -1,
      598, 599, 600, -1,
      600, 599, 601, -1,
      600, 601, 602, -1,
      602, 601, 603, -1,
      602, 603, 604, -1,
      604, 603, 605, -1,
      604, 605, 606, -1,
      606, 605, 607, -1,
      606, 607, 600, -1,
      600, 607, 598, -1,
      238, 239, 242, -1,
      608, 609, 238, -1,
      610, 244, 611, -1,
      611, 244, 612, -1,
      611, 612, 613, -1,
      242, 244, 238, -1,
      238, 244, 610, -1,
      238, 610, 608, -1,
      608, 610, 614, -1,
      608, 614, 613, -1,
      613, 614, 615, -1,
      613, 615, 611, -1,
      616, 617, 618, -1,
      618, 617, 619, -1,
      618, 619, 620, -1,
      620, 619, 621, -1,
      620, 621, 622, -1,
      622, 621, 623, -1,
      622, 623, 616, -1,
      616, 623, 617, -1,
      248, 249, 252, -1,
      624, 625, 248, -1,
      626, 254, 627, -1,
      627, 254, 628, -1,
      627, 628, 629, -1,
      252, 254, 248, -1,
      248, 254, 626, -1,
      248, 626, 624, -1,
      624, 626, 630, -1,
      624, 630, 629, -1,
      629, 630, 631, -1,
      629, 631, 627, -1,
      632, 633, 634, -1,
      634, 633, 635, -1,
      634, 635, 636, -1,
      636, 635, 637, -1,
      636, 637, 638, -1,
      638, 637, 639, -1,
      638, 639, 632, -1,
      632, 639, 633, -1,
      262, 263, 266, -1,
      640, 641, 262, -1,
      642, 268, 643, -1,
      643, 268, 644, -1,
      643, 644, 645, -1,
      266, 268, 262, -1,
      262, 268, 642, -1,
      262, 642, 640, -1,
      640, 642, 646, -1,
      640, 646, 645, -1,
      645, 646, 647, -1,
      645, 647, 643, -1,
      648, 649, 650, -1,
      650, 649, 651, -1,
      650, 651, 652, -1,
      652, 651, 653, -1,
      652, 653, 654, -1,
      654, 653, 655, -1,
      654, 655, 656, -1,
      656, 655, 657, -1,
      656, 657, 650, -1,
      650, 657, 648, -1,
      274, 275, 278, -1,
      658, 659, 274, -1,
      660, 280, 661, -1,
      661, 280, 662, -1,
      661, 662, 663, -1,
      278, 280, 274, -1,
      274, 280, 660, -1,
      274, 660, 658, -1,
      658, 660, 664, -1,
      658, 664, 663, -1,
      663, 664, 665, -1,
      663, 665, 661, -1,
      666, 667, 668, -1,
      668, 667, 669, -1,
      668, 669, 670, -1,
      670, 669, 671, -1,
      670, 671, 672, -1,
      672, 671, 673, -1,
      672, 673, 674, -1,
      674, 673, 675, -1,
      674, 675, 668, -1,
      668, 675, 666, -1,
      676, 677, 272, -1,
      272, 677, 273, -1,
      261, 260, 279, -1,
      279, 260, 281, -1,
      247, 246, 267, -1,
      267, 246, 269, -1,
      237, 236, 253, -1,
      253, 236, 255, -1,
      225, 224, 243, -1,
      243, 224, 245, -1,
      213, 212, 231, -1,
      231, 212, 233, -1,
      199, 198, 219, -1,
      219, 198, 221, -1,
      189, 188, 205, -1,
      205, 188, 207, -1,
      175, 174, 195, -1,
      195, 174, 197, -1,
      163, 162, 181, -1,
      181, 162, 183, -1,
      149, 148, 169, -1,
      169, 148, 171, -1,
      678, 679, 270, -1,
      270, 679, 271, -1,
      259, 258, 276, -1,
      276, 258, 277, -1,
      251, 250, 264, -1,
      264, 250, 265, -1,
      235, 234, 256, -1,
      256, 234, 257, -1,
      223, 222, 240, -1,
      240, 222, 241, -1,
      211, 210, 228, -1,
      228, 210, 229, -1,
      203, 202, 216, -1,
      216, 202, 217, -1,
      187, 186, 208, -1,
      208, 186, 209, -1,
      179, 178, 192, -1,
      192, 178, 193, -1,
      167, 166, 184, -1,
      184, 166, 185, -1,
      143, 141, 172, -1,
      172, 141, 173, -1,
      680, 681, 682, -1,
      682, 681, 676, -1,
      682, 676, 683, -1,
      683, 676, 272, -1,
      683, 272, 659, -1,
      659, 272, 274, -1,
      662, 280, 684, -1,
      684, 280, 281, -1,
      684, 281, 685, -1,
      685, 281, 260, -1,
      685, 260, 641, -1,
      641, 260, 262, -1,
      644, 268, 686, -1,
      686, 268, 269, -1,
      686, 269, 687, -1,
      687, 269, 246, -1,
      687, 246, 625, -1,
      625, 246, 248, -1,
      628, 254, 688, -1,
      688, 254, 255, -1,
      688, 255, 689, -1,
      689, 255, 236, -1,
      689, 236, 609, -1,
      609, 236, 238, -1,
      612, 244, 690, -1,
      690, 244, 245, -1,
      690, 245, 691, -1,
      691, 245, 224, -1,
      691, 224, 575, -1,
      575, 224, 226, -1,
      574, 232, 692, -1,
      692, 232, 233, -1,
      692, 233, 693, -1,
      693, 233, 212, -1,
      693, 212, 376, -1,
      376, 212, 214, -1,
      437, 220, 694, -1,
      694, 220, 221, -1,
      694, 221, 695, -1,
      695, 221, 198, -1,
      695, 198, 359, -1,
      359, 198, 200, -1,
      362, 206, 696, -1,
      696, 206, 207, -1,
      696, 207, 697, -1,
      697, 207, 188, -1,
      697, 188, 343, -1,
      343, 188, 190, -1,
      346, 196, 698, -1,
      698, 196, 197, -1,
      698, 197, 699, -1,
      699, 197, 174, -1,
      699, 174, 325, -1,
      325, 174, 176, -1,
      328, 182, 700, -1,
      700, 182, 183, -1,
      700, 183, 701, -1,
      701, 183, 162, -1,
      701, 162, 307, -1,
      307, 162, 164, -1,
      310, 170, 702, -1,
      702, 170, 171, -1,
      702, 171, 703, -1,
      703, 171, 148, -1,
      703, 148, 285, -1,
      285, 148, 150, -1,
      113, 112, 704, -1,
      704, 112, 271, -1,
      704, 271, 705, -1,
      705, 271, 679, -1,
      705, 679, 127, -1,
      127, 679, 129, -1,
      101, 100, 706, -1,
      706, 100, 259, -1,
      706, 259, 707, -1,
      707, 259, 276, -1,
      707, 276, 115, -1,
      115, 276, 117, -1,
      89, 88, 708, -1,
      708, 88, 251, -1,
      708, 251, 709, -1,
      709, 251, 264, -1,
      709, 264, 103, -1,
      103, 264, 105, -1,
      77, 76, 710, -1,
      710, 76, 235, -1,
      710, 235, 711, -1,
      711, 235, 256, -1,
      711, 256, 91, -1,
      91, 256, 93, -1,
      65, 64, 712, -1,
      712, 64, 223, -1,
      712, 223, 713, -1,
      713, 223, 240, -1,
      713, 240, 79, -1,
      79, 240, 81, -1,
      53, 52, 714, -1,
      714, 52, 211, -1,
      714, 211, 715, -1,
      715, 211, 228, -1,
      715, 228, 67, -1,
      67, 228, 69, -1,
      41, 40, 716, -1,
      716, 40, 203, -1,
      716, 203, 717, -1,
      717, 203, 216, -1,
      717, 216, 55, -1,
      55, 216, 57, -1,
      29, 28, 718, -1,
      718, 28, 187, -1,
      718, 187, 719, -1,
      719, 187, 208, -1,
      719, 208, 43, -1,
      43, 208, 45, -1,
      17, 16, 720, -1,
      720, 16, 179, -1,
      720, 179, 721, -1,
      721, 179, 192, -1,
      721, 192, 31, -1,
      31, 192, 33, -1,
      5, 4, 722, -1,
      722, 4, 167, -1,
      722, 167, 723, -1,
      723, 167, 184, -1,
      723, 184, 19, -1,
      19, 184, 21, -1,
      296, 142, 724, -1,
      724, 142, 143, -1,
      724, 143, 725, -1,
      725, 143, 172, -1,
      725, 172, 7, -1,
      7, 172, 9, -1,
      726, 727, 728, -1,
      728, 727, 729, -1,
      704, 705, 730, -1,
      730, 705, 731, -1,
      732, 729, 733, -1,
      733, 729, 727, -1,
      733, 727, 734, -1,
      734, 727, 735, -1,
      736, 737, 727, -1,
      727, 737, 738, -1,
      727, 738, 735, -1,
      736, 739, 737, -1,
      737, 739, 740, -1,
      737, 740, 741, -1,
      741, 742, 737, -1,
      737, 742, 743, -1,
      737, 743, 744, -1,
      745, 726, 746, -1,
      746, 726, 728, -1,
      746, 728, 731, -1,
      731, 728, 747, -1,
      731, 747, 730, -1,
      730, 747, 748, -1,
      706, 707, 749, -1,
      749, 707, 748, -1,
      750, 749, 751, -1,
      751, 749, 748, -1,
      751, 748, 752, -1,
      752, 748, 747, -1,
      752, 747, 683, -1,
      683, 747, 682, -1,
      708, 709, 753, -1,
      753, 709, 750, -1,
      754, 753, 755, -1,
      755, 753, 750, -1,
      755, 750, 756, -1,
      756, 750, 751, -1,
      756, 751, 685, -1,
      685, 751, 684, -1,
      710, 711, 757, -1,
      757, 711, 754, -1,
      758, 757, 759, -1,
      759, 757, 754, -1,
      759, 754, 760, -1,
      760, 754, 755, -1,
      760, 755, 687, -1,
      687, 755, 686, -1,
      712, 713, 761, -1,
      761, 713, 758, -1,
      762, 761, 763, -1,
      763, 761, 758, -1,
      763, 758, 764, -1,
      764, 758, 759, -1,
      764, 759, 689, -1,
      689, 759, 688, -1,
      714, 715, 765, -1,
      765, 715, 762, -1,
      766, 765, 767, -1,
      767, 765, 762, -1,
      767, 762, 768, -1,
      768, 762, 763, -1,
      768, 763, 691, -1,
      691, 763, 690, -1,
      716, 717, 769, -1,
      769, 717, 766, -1,
      770, 769, 771, -1,
      771, 769, 766, -1,
      771, 766, 772, -1,
      772, 766, 767, -1,
      772, 767, 693, -1,
      693, 767, 692, -1,
      718, 719, 773, -1,
      773, 719, 770, -1,
      774, 773, 775, -1,
      775, 773, 770, -1,
      775, 770, 776, -1,
      776, 770, 771, -1,
      776, 771, 695, -1,
      695, 771, 694, -1,
      720, 721, 777, -1,
      777, 721, 774, -1,
      778, 777, 779, -1,
      779, 777, 774, -1,
      779, 774, 780, -1,
      780, 774, 775, -1,
      780, 775, 697, -1,
      697, 775, 696, -1,
      722, 723, 781, -1,
      781, 723, 778, -1,
      782, 781, 783, -1,
      783, 781, 778, -1,
      783, 778, 784, -1,
      784, 778, 779, -1,
      784, 779, 699, -1,
      699, 779, 698, -1,
      144, 146, 785, -1,
      785, 146, 786, -1,
      785, 786, 703, -1,
      703, 786, 702, -1,
      724, 725, 787, -1,
      787, 725, 782, -1,
      146, 787, 786, -1,
      786, 787, 782, -1,
      786, 782, 788, -1,
      788, 782, 783, -1,
      788, 783, 701, -1,
      701, 783, 700, -1,
      789, 790, 791, -1,
      791, 790, 792, -1,
      131, 793, 124, -1,
      124, 793, 794, -1,
      795, 677, 681, -1,
      681, 677, 676, -1,
      679, 678, 129, -1,
      129, 678, 130, -1,
      791, 792, 795, -1,
      796, 797, 791, -1,
      798, 681, 799, -1,
      799, 681, 680, -1,
      799, 680, 800, -1,
      795, 681, 791, -1,
      791, 681, 798, -1,
      791, 798, 796, -1,
      796, 798, 801, -1,
      796, 801, 800, -1,
      800, 801, 802, -1,
      800, 802, 799, -1,
      803, 804, 805, -1,
      805, 804, 806, -1,
      805, 806, 807, -1,
      807, 806, 808, -1,
      807, 808, 809, -1,
      809, 808, 810, -1,
      809, 810, 803, -1,
      803, 810, 804, -1,
      811, 790, 789, -1,
      789, 812, 811, -1,
      811, 812, 813, -1,
      811, 813, 814, -1,
      814, 815, 811, -1,
      811, 815, 816, -1,
      811, 816, 817, -1,
      817, 816, 818, -1,
      794, 793, 819, -1,
      819, 793, 820, -1,
      819, 820, 821, -1,
      821, 820, 822, -1,
      823, 824, 825, -1,
      823, 825, 820, -1,
      820, 825, 826, -1,
      820, 826, 822, -1,
      732, 812, 729, -1,
      729, 812, 789, -1,
      729, 789, 797, -1,
      797, 789, 791, -1,
      125, 124, 745, -1,
      745, 124, 794, -1,
      745, 794, 726, -1,
      726, 794, 819, -1,
      161, 159, 827, -1,
      827, 159, 828, -1,
      827, 828, 829, -1,
      830, 828, 831, -1,
      831, 828, 832, -1,
      830, 833, 828, -1,
      828, 833, 834, -1,
      828, 834, 829, -1,
      813, 812, 732, -1,
      733, 835, 732, -1,
      732, 835, 836, -1,
      732, 836, 813, -1,
      837, 838, 135, -1,
      135, 838, 839, -1,
      135, 839, 840, -1,
      827, 829, 134, -1,
      134, 829, 841, -1,
      134, 841, 135, -1,
      135, 841, 842, -1,
      135, 842, 837, -1,
      275, 273, 677, -1,
      828, 159, 158, -1,
      790, 811, 792, -1,
      792, 811, 843, -1,
      792, 843, 795, -1,
      844, 845, 151, -1,
      151, 845, 846, -1,
      149, 169, 151, -1,
      151, 169, 168, -1,
      151, 168, 844, -1,
      846, 847, 151, -1,
      151, 847, 848, -1,
      151, 848, 158, -1,
      158, 848, 849, -1,
      158, 849, 828, -1,
      163, 181, 165, -1,
      165, 181, 180, -1,
      177, 850, 180, -1,
      180, 850, 844, -1,
      180, 844, 165, -1,
      165, 844, 168, -1,
      175, 195, 177, -1,
      177, 195, 194, -1,
      177, 194, 850, -1,
      850, 194, 851, -1,
      189, 205, 191, -1,
      191, 205, 204, -1,
      201, 852, 204, -1,
      204, 852, 851, -1,
      204, 851, 191, -1,
      191, 851, 194, -1,
      199, 219, 201, -1,
      201, 219, 218, -1,
      201, 218, 852, -1,
      852, 218, 853, -1,
      213, 231, 215, -1,
      215, 231, 230, -1,
      227, 854, 230, -1,
      230, 854, 853, -1,
      230, 853, 215, -1,
      215, 853, 218, -1,
      225, 243, 227, -1,
      227, 243, 242, -1,
      227, 242, 854, -1,
      854, 242, 855, -1,
      237, 253, 239, -1,
      239, 253, 252, -1,
      249, 247, 267, -1,
      266, 263, 843, -1,
      267, 266, 249, -1,
      249, 266, 843, -1,
      249, 843, 252, -1,
      252, 843, 855, -1,
      252, 855, 239, -1,
      239, 855, 242, -1,
      677, 795, 275, -1,
      275, 795, 843, -1,
      275, 843, 278, -1,
      278, 843, 263, -1,
      278, 263, 279, -1,
      279, 263, 261, -1,
      819, 821, 726, -1,
      726, 821, 856, -1,
      857, 727, 858, -1,
      858, 727, 726, -1,
      858, 726, 859, -1,
      859, 726, 856, -1,
      820, 793, 131, -1,
      22, 860, 23, -1,
      23, 860, 861, -1,
      678, 270, 130, -1,
      130, 270, 119, -1,
      10, 860, 11, -1,
      11, 860, 22, -1,
      11, 22, 166, -1,
      166, 22, 185, -1,
      861, 862, 23, -1,
      23, 862, 863, -1,
      23, 863, 864, -1,
      865, 866, 130, -1,
      130, 866, 867, -1,
      130, 867, 131, -1,
      131, 867, 868, -1,
      131, 868, 820, -1,
      865, 130, 869, -1,
      869, 130, 119, -1,
      869, 119, 870, -1,
      277, 258, 118, -1,
      118, 258, 107, -1,
      871, 178, 872, -1,
      872, 178, 23, -1,
      872, 23, 873, -1,
      873, 23, 864, -1,
      155, 874, 157, -1,
      157, 874, 860, -1,
      157, 860, 140, -1,
      140, 860, 10, -1,
      140, 10, 141, -1,
      141, 10, 173, -1,
      106, 875, 107, -1,
      107, 875, 870, -1,
      107, 870, 118, -1,
      118, 870, 119, -1,
      265, 250, 106, -1,
      106, 250, 95, -1,
      106, 95, 875, -1,
      875, 95, 876, -1,
      257, 234, 94, -1,
      94, 234, 83, -1,
      82, 241, 222, -1,
      71, 70, 871, -1,
      222, 71, 82, -1,
      82, 71, 871, -1,
      82, 871, 83, -1,
      83, 871, 876, -1,
      83, 876, 94, -1,
      94, 876, 95, -1,
      229, 210, 70, -1,
      70, 210, 59, -1,
      70, 59, 871, -1,
      871, 59, 58, -1,
      217, 202, 58, -1,
      58, 202, 47, -1,
      58, 47, 871, -1,
      871, 47, 46, -1,
      193, 178, 34, -1,
      34, 178, 871, -1,
      34, 871, 35, -1,
      35, 871, 46, -1,
      35, 46, 186, -1,
      186, 46, 209, -1,
      849, 848, 877, -1,
      878, 879, 880, -1,
      862, 861, 881, -1,
      881, 861, 860, -1,
      882, 838, 881, -1,
      881, 838, 837, -1,
      881, 837, 842, -1,
      860, 883, 881, -1,
      881, 883, 884, -1,
      881, 884, 885, -1,
      885, 886, 881, -1,
      881, 886, 887, -1,
      881, 887, 882, -1,
      868, 856, 888, -1,
      888, 889, 868, -1,
      868, 889, 890, -1,
      868, 890, 891, -1,
      891, 890, 892, -1,
      893, 894, 859, -1,
      859, 894, 895, -1,
      859, 895, 858, -1,
      858, 895, 896, -1,
      858, 896, 897, -1,
      878, 880, 897, -1,
      880, 898, 899, -1,
      897, 880, 858, -1,
      858, 880, 899, -1,
      858, 899, 857, -1,
      900, 901, 902, -1,
      901, 836, 902, -1,
      902, 836, 835, -1,
      902, 835, 899, -1,
      903, 904, 857, -1,
      898, 880, 905, -1,
      905, 880, 855, -1,
      905, 855, 902, -1,
      902, 855, 843, -1,
      902, 843, 906, -1,
      906, 907, 902, -1,
      902, 907, 908, -1,
      902, 908, 900, -1,
      899, 835, 857, -1,
      857, 835, 909, -1,
      857, 909, 903, -1,
      904, 910, 857, -1,
      857, 910, 911, -1,
      857, 911, 912, -1,
      857, 913, 914, -1,
      914, 913, 915, -1,
      912, 916, 857, -1,
      857, 916, 917, -1,
      857, 917, 913, -1,
      918, 919, 849, -1,
      920, 921, 922, -1,
      920, 922, 919, -1,
      919, 922, 923, -1,
      919, 923, 849, -1,
      869, 924, 865, -1,
      865, 924, 925, -1,
      865, 925, 866, -1,
      866, 925, 926, -1,
      866, 926, 867, -1,
      867, 926, 893, -1,
      867, 893, 868, -1,
      868, 893, 859, -1,
      868, 859, 856, -1,
      927, 928, 875, -1,
      875, 928, 870, -1,
      873, 929, 872, -1,
      872, 929, 927, -1,
      872, 927, 930, -1,
      930, 927, 875, -1,
      931, 864, 932, -1,
      932, 864, 863, -1,
      932, 863, 933, -1,
      934, 880, 893, -1,
      893, 880, 879, -1,
      893, 879, 894, -1,
      934, 893, 935, -1,
      935, 893, 926, -1,
      935, 926, 936, -1,
      936, 926, 937, -1,
      936, 937, 938, -1,
      925, 939, 926, -1,
      926, 939, 940, -1,
      926, 940, 937, -1,
      937, 940, 941, -1,
      942, 943, 925, -1,
      925, 943, 944, -1,
      925, 944, 939, -1,
      942, 945, 943, -1,
      943, 945, 946, -1,
      943, 946, 947, -1,
      947, 946, 948, -1,
      947, 948, 924, -1,
      924, 948, 949, -1,
      924, 949, 925, -1,
      925, 949, 950, -1,
      925, 950, 942, -1,
      951, 924, 928, -1,
      928, 924, 869, -1,
      928, 869, 870, -1,
      951, 952, 924, -1,
      924, 952, 953, -1,
      924, 953, 947, -1,
      947, 953, 954, -1,
      947, 954, 955, -1,
      955, 954, 956, -1,
      955, 956, 957, -1,
      958, 955, 928, -1,
      928, 955, 957, -1,
      928, 957, 951, -1,
      958, 928, 959, -1,
      959, 928, 927, -1,
      959, 927, 960, -1,
      960, 927, 961, -1,
      960, 961, 962, -1,
      963, 929, 964, -1,
      964, 929, 965, -1,
      964, 965, 966, -1,
      966, 965, 967, -1,
      968, 969, 970, -1,
      970, 969, 971, -1,
      963, 969, 929, -1,
      929, 969, 968, -1,
      929, 968, 927, -1,
      927, 968, 972, -1,
      927, 972, 961, -1,
      961, 972, 973, -1,
      961, 973, 970, -1,
      974, 929, 931, -1,
      931, 929, 873, -1,
      931, 873, 864, -1,
      974, 975, 929, -1,
      929, 975, 976, -1,
      929, 976, 965, -1,
      965, 976, 977, -1,
      965, 977, 978, -1,
      978, 977, 979, -1,
      978, 979, 980, -1,
      981, 978, 931, -1,
      931, 978, 980, -1,
      931, 980, 974, -1,
      981, 931, 982, -1,
      982, 931, 932, -1,
      982, 932, 983, -1,
      983, 932, 984, -1,
      983, 984, 985, -1,
      986, 984, 987, -1,
      987, 984, 932, -1,
      987, 932, 988, -1,
      988, 932, 933, -1,
      988, 933, 989, -1,
      989, 933, 990, -1,
      991, 992, 881, -1,
      881, 992, 933, -1,
      881, 933, 862, -1,
      862, 933, 863, -1,
      991, 877, 993, -1,
      993, 877, 990, -1,
      992, 994, 933, -1,
      933, 994, 995, -1,
      933, 995, 990, -1,
      990, 995, 996, -1,
      990, 996, 993, -1,
      991, 881, 877, -1,
      877, 881, 842, -1,
      877, 842, 849, -1,
      849, 842, 841, -1,
      849, 841, 918, -1,
      937, 854, 997, -1,
      997, 998, 937, -1,
      937, 998, 880, -1,
      937, 880, 938, -1,
      938, 880, 934, -1,
      998, 999, 880, -1,
      880, 999, 1000, -1,
      880, 1000, 855, -1,
      855, 1000, 1001, -1,
      855, 1001, 854, -1,
      854, 1001, 1002, -1,
      854, 1002, 997, -1,
      1003, 937, 943, -1,
      943, 937, 941, -1,
      943, 941, 944, -1,
      1003, 1004, 937, -1,
      937, 1004, 1005, -1,
      937, 1005, 854, -1,
      854, 1005, 1006, -1,
      854, 1006, 853, -1,
      853, 1006, 1007, -1,
      853, 1007, 1008, -1,
      947, 1009, 943, -1,
      943, 1009, 1010, -1,
      943, 1010, 1011, -1,
      1012, 852, 1011, -1,
      1011, 852, 853, -1,
      1011, 853, 943, -1,
      943, 853, 1008, -1,
      943, 1008, 1003, -1,
      947, 1013, 1014, -1,
      1013, 947, 1015, -1,
      1015, 947, 955, -1,
      1015, 955, 1016, -1,
      1016, 955, 851, -1,
      1016, 851, 1014, -1,
      1014, 851, 852, -1,
      1014, 852, 947, -1,
      947, 852, 1012, -1,
      947, 1012, 1009, -1,
      1017, 1018, 961, -1,
      961, 1018, 955, -1,
      961, 955, 962, -1,
      962, 955, 958, -1,
      1018, 1019, 955, -1,
      955, 1019, 1020, -1,
      955, 1020, 851, -1,
      851, 1020, 1021, -1,
      851, 1021, 850, -1,
      850, 1021, 1022, -1,
      965, 1023, 1024, -1,
      1025, 1026, 961, -1,
      1027, 1025, 1024, -1,
      1024, 1025, 961, -1,
      1024, 961, 965, -1,
      965, 961, 970, -1,
      965, 970, 967, -1,
      967, 970, 971, -1,
      1028, 844, 1027, -1,
      1027, 844, 850, -1,
      1022, 1017, 850, -1,
      850, 1017, 961, -1,
      850, 961, 1029, -1,
      1029, 961, 1026, -1,
      1029, 1030, 850, -1,
      850, 1030, 1031, -1,
      850, 1031, 1027, -1,
      1027, 1031, 1032, -1,
      1027, 1032, 1025, -1,
      965, 1033, 1034, -1,
      1033, 965, 1035, -1,
      1035, 965, 978, -1,
      1035, 978, 1036, -1,
      1036, 978, 845, -1,
      1036, 845, 1034, -1,
      1034, 845, 844, -1,
      1034, 844, 965, -1,
      965, 844, 1028, -1,
      965, 1028, 1023, -1,
      984, 846, 1037, -1,
      1037, 1038, 984, -1,
      984, 1038, 978, -1,
      984, 978, 985, -1,
      985, 978, 981, -1,
      1038, 1039, 978, -1,
      978, 1039, 1040, -1,
      978, 1040, 845, -1,
      845, 1040, 1041, -1,
      845, 1041, 846, -1,
      846, 1041, 1042, -1,
      846, 1042, 1037, -1,
      1043, 984, 990, -1,
      990, 984, 986, -1,
      990, 986, 989, -1,
      1043, 1044, 984, -1,
      984, 1044, 1045, -1,
      984, 1045, 846, -1,
      846, 1045, 1046, -1,
      846, 1046, 847, -1,
      847, 1046, 1047, -1,
      847, 1047, 1048, -1,
      990, 1049, 1050, -1,
      1049, 990, 1051, -1,
      1051, 990, 877, -1,
      1051, 877, 1052, -1,
      1052, 877, 848, -1,
      1052, 848, 1050, -1,
      1050, 848, 847, -1,
      1050, 847, 990, -1,
      990, 847, 1048, -1,
      990, 1048, 1043, -1,
      155, 154, 874, -1,
      874, 154, 840, -1,
      840, 839, 874, -1,
      874, 839, 1053, -1,
      874, 1053, 1054, -1,
      1054, 1055, 874, -1,
      874, 1055, 1056, -1,
      874, 1056, 1057, -1,
      1058, 876, 1059, -1,
      1059, 876, 871, -1,
      1060, 1058, 1061, -1,
      1061, 1058, 1059, -1,
      875, 1060, 930, -1,
      930, 1060, 1061, -1,
      930, 1061, 872, -1,
      1058, 1060, 876, -1,
      876, 1060, 875, -1,
      1061, 1059, 872, -1,
      872, 1059, 871, -1,
      727, 857, 914, -1,
      727, 914, 736, -1,
      736, 914, 915, -1,
      736, 915, 739, -1,
      739, 915, 913, -1,
      739, 913, 740, -1,
      740, 913, 917, -1,
      740, 917, 741, -1,
      741, 917, 916, -1,
      741, 916, 742, -1,
      742, 916, 912, -1,
      742, 912, 743, -1,
      743, 912, 911, -1,
      743, 911, 744, -1,
      744, 911, 910, -1,
      744, 910, 737, -1,
      737, 910, 904, -1,
      737, 904, 738, -1,
      738, 904, 903, -1,
      738, 903, 735, -1,
      735, 903, 909, -1,
      735, 909, 734, -1,
      734, 909, 835, -1,
      734, 835, 733, -1,
      293, 160, 133, -1,
      133, 160, 161, -1,
      133, 161, 134, -1,
      134, 161, 827, -1,
      135, 840, 136, -1,
      136, 840, 154, -1,
      136, 154, 291, -1,
      291, 154, 156, -1,
      896, 895, 1062, -1,
      1062, 895, 1063, -1,
      878, 897, 1064, -1,
      1064, 897, 1065, -1,
      1066, 1067, 879, -1,
      879, 1067, 894, -1,
      1067, 1063, 894, -1,
      894, 1063, 895, -1,
      1064, 1065, 1062, -1,
      1066, 1064, 1068, -1,
      1068, 1064, 1062, -1,
      1068, 1062, 1069, -1,
      1069, 1062, 1063, -1,
      1069, 1063, 1070, -1,
      1070, 1063, 1067, -1,
      1070, 1067, 1071, -1,
      1071, 1067, 1066, -1,
      1071, 1066, 1068, -1,
      806, 804, 899, -1,
      899, 804, 902, -1,
      804, 810, 902, -1,
      902, 810, 905, -1,
      810, 808, 905, -1,
      905, 808, 898, -1,
      808, 806, 898, -1,
      898, 806, 899, -1,
    ]
  }
}

Shape {
  appearance Appearance {
    material Material {
      diffuseColor 0.7961 0.8235 0.9373
      specularColor 0.3961 0.4118 0.4667
      ambientIntensity 0.2
      transparency 0.0000
      shininess 0.5
    }
  }
  geometry IndexedFaceSet {
    ccw TRUE
    solid FALSE
    coord DEF co Coordinate {
      point [
        -8.968504 -1.003937 0.236220,
        -9.220472 -1.003937 0.236220,
        -9.220472 -1.161417 0.236220,
        -8.968504 -1.161417 0.236220,
        -9.220472 1.161417 0.236220,
        -8.968504 1.161417 0.236220,
        -9.220472 1.003937 0.236220,
        -8.968504 1.003937 0.236220,
        -9.220472 0.905512 1.889764,
        -9.220472 0.748031 1.889764,
        -8.968504 0.748031 1.889764,
        -8.968504 0.905512 1.889764,
        -9.220472 -0.748031 1.889764,
        -9.220472 -0.905512 1.889764,
        -8.968504 -0.905512 1.889764,
        -8.968504 -0.748031 1.889764,
        -8.968504 0.866142 3.851529,
        -8.968504 0.905512 3.812159,
        -9.220472 0.866142 3.851529,
        -9.220472 0.905512 3.812159,
        -8.968504 0.787402 3.851529,
        -9.220472 0.787402 3.851529,
        -8.968504 0.748031 3.812159,
        -9.220472 0.748031 3.812159,
        -9.220472 1.003937 -0.953998,
        -8.968504 1.003937 -0.953998,
        -8.968504 1.161417 -1.377953,
        -9.220472 1.161417 -1.377953,
        -8.968504 1.082677 -1.377953,
        -9.220472 1.082677 -1.377953,
        -8.968504 -0.787402 3.851529,
        -8.968504 -0.748031 3.812159,
        -9.220472 -0.787402 3.851529,
        -9.220472 -0.748031 3.812159,
        -8.968504 -0.866142 3.851529,
        -9.220472 -0.866142 3.851529,
        -8.968504 -0.905512 3.812159,
        -9.220472 -0.905512 3.812159,
        -9.220472 -1.161417 -1.377953,
        -8.968504 -1.161417 -1.377953,
        -8.968504 -1.003937 -0.953998,
        -9.220472 -1.003937 -0.953998,
        -8.968504 -1.082677 -1.377953,
        -9.220472 -1.082677 -1.377953,
      ]
    }
    coordIndex [
      16, 17, 18, -1,
      18, 17, 19, -1,
      20, 16, 21, -1,
      21, 16, 18, -1,
      22, 20, 23, -1,
      23, 20, 21, -1,
      18, 19, 21, -1,
      21, 19, 8, -1,
      21, 8, 23, -1,
      23, 8, 9, -1,
      20, 22, 16, -1,
      16, 22, 10, -1,
      16, 10, 17, -1,
      17, 10, 11, -1,
      22, 23, 10, -1,
      10, 23, 9, -1,
      19, 17, 8, -1,
      8, 17, 11, -1,
      6, 24, 7, -1,
      7, 24, 25, -1,
      5, 26, 4, -1,
      4, 26, 27, -1,
      5, 7, 26, -1,
      26, 7, 25, -1,
      26, 25, 28, -1,
      6, 4, 24, -1,
      24, 4, 27, -1,
      24, 27, 29, -1,
      28, 25, 29, -1,
      29, 25, 24, -1,
      26, 28, 27, -1,
      27, 28, 29, -1,
      30, 31, 32, -1,
      32, 31, 33, -1,
      34, 30, 35, -1,
      35, 30, 32, -1,
      36, 34, 37, -1,
      37, 34, 35, -1,
      32, 33, 35, -1,
      35, 33, 12, -1,
      35, 12, 37, -1,
      37, 12, 13, -1,
      34, 36, 30, -1,
      30, 36, 14, -1,
      30, 14, 31, -1,
      31, 14, 15, -1,
      12, 33, 15, -1,
      15, 33, 31, -1,
      14, 36, 13, -1,
      13, 36, 37, -1,
      2, 38, 3, -1,
      3, 38, 39, -1,
      0, 40, 1, -1,
      1, 40, 41, -1,
      0, 3, 40, -1,
      40, 3, 39, -1,
      40, 39, 42, -1,
      2, 1, 38, -1,
      38, 1, 41, -1,
      38, 41, 43, -1,
      42, 39, 43, -1,
      43, 39, 38, -1,
      40, 42, 41, -1,
      41, 42, 43, -1,
    ]
  }
}

Shape {
  appearance Appearance {
    material Material {
      diffuseColor 1.0000 1.0000 1.0000
      specularColor 0.8784 0.8784 0.8784
      ambientIntensity 0.2
      transparency 0.0000
      shininess 0.5
    }
  }
  geometry IndexedFaceSet {
    ccw TRUE
    solid FALSE
    coord DEF co Coordinate {
      point [
        -9.881890 -0.039810 0.236220,
        -9.881890 -1.417323 0.236220,
        -8.307087 -0.039810 0.236220,
        -8.307087 -1.417323 0.236220,
        8.326772 1.673228 1.889764,
        8.326772 0.137795 1.889764,
        9.862204 0.137795 1.889764,
        9.862204 1.673228 1.889764,
        7.066930 1.673228 1.889764,
        6.673229 1.279528 1.889764,
        7.814961 1.673228 1.889764,
        8.208661 1.279528 1.889764,
        8.208661 0.137795 1.889764,
        6.673229 0.137795 1.889764,
        6.555119 1.279528 1.889764,
        6.161418 1.673228 1.889764,
        5.413386 1.673228 1.889764,
        5.019685 1.279528 1.889764,
        5.019685 0.137795 1.889764,
        6.555119 0.137795 1.889764,
        3.366142 1.673228 1.889764,
        3.366142 0.137795 1.889764,
        4.901575 0.137795 1.889764,
        4.901575 1.673228 1.889764,
        1.712598 1.673228 1.889764,
        1.712598 0.137795 1.889764,
        3.248031 0.137795 1.889764,
        3.248031 1.673228 1.889764,
        0.416953 0.432734 0.236220,
        0.582709 0.432734 0.236220,
        0.505317 0.708325 0.236220,
        0.505317 0.696999 0.236220,
        0.410406 0.500688 0.236220,
        0.582709 0.444060 0.236220,
        0.581116 0.696999 0.236220,
        0.581116 0.708325 0.236220,
        0.402442 0.496913 0.236220,
        0.571560 0.444060 0.236220,
        0.567467 0.444296 0.236220,
        0.557226 0.456801 0.236220,
        0.564404 0.444994 0.236220,
        0.557367 0.454082 0.236220,
        0.562277 0.445842 0.236220,
        0.560637 0.447031 0.236220,
        0.558207 0.450653 0.236220,
        0.559261 0.448605 0.236220,
        0.558330 0.690750 0.236220,
        0.565883 0.696507 0.236220,
        0.557461 0.687671 0.236220,
        0.571560 0.696999 0.236220,
        0.557226 0.684258 0.236220,
        0.529643 0.450899 0.236220,
        0.528553 0.449008 0.236220,
        0.526870 0.447311 0.236220,
        0.445275 0.450479 0.236220,
        0.434249 0.457997 0.236220,
        0.530510 0.453519 0.236220,
        0.457502 0.445899 0.236220,
        0.425023 0.468147 0.236220,
        0.415393 0.485815 0.236220,
        0.559443 0.692706 0.236220,
        0.560983 0.694327 0.236220,
        0.562909 0.695544 0.236220,
        0.520703 0.696626 0.236220,
        0.529688 0.690110 0.236220,
        0.516466 0.696999 0.236220,
        0.530479 0.687707 0.236220,
        0.522878 0.445112 0.236220,
        0.518847 0.444170 0.236220,
        0.530800 0.456801 0.236220,
        0.516348 0.444060 0.236220,
        0.530800 0.684258 0.236220,
        0.472992 0.444060 0.236220,
        0.525912 0.446599 0.236220,
        0.523983 0.695563 0.236220,
        0.526702 0.693931 0.236220,
        0.528382 0.692272 0.236220,
        1.594488 1.279528 1.889764,
        1.200787 1.673228 1.889764,
        0.452756 1.673228 1.889764,
        0.059055 1.279528 1.889764,
        0.059055 0.137795 1.889764,
        1.594488 0.137795 1.889764,
        -0.059055 1.279528 1.889764,
        -0.452756 1.673228 1.889764,
        -1.200787 1.673228 1.889764,
        -1.594488 1.279528 1.889764,
        -1.594488 0.137795 1.889764,
        -0.059055 0.137795 1.889764,
        -3.248031 1.673228 1.889764,
        -3.248031 0.137795 1.889764,
        -1.712598 0.137795 1.889764,
        -1.712598 1.673228 1.889764,
        -4.901575 1.673228 1.889764,
        -4.901575 0.137795 1.889764,
        -3.366142 0.137795 1.889764,
        -3.366142 1.673228 1.889764,
        -5.019685 1.279528 1.889764,
        -5.413386 1.673228 1.889764,
        -6.161418 1.673228 1.889764,
        -6.555119 1.279528 1.889764,
        -6.555119 0.137795 1.889764,
        -5.019685 0.137795 1.889764,
        -6.673229 1.279528 1.889764,
        -7.066930 1.673228 1.889764,
        -7.814961 1.673228 1.889764,
        -8.208661 1.279528 1.889764,
        -8.208661 0.137795 1.889764,
        -6.673229 0.137795 1.889764,
        -8.307087 1.574803 0.236220,
        -8.307087 1.574803 0.141587,
        -8.307087 -1.417323 0.141587,
        -9.881890 0.197291 0.141587,
        -9.881890 1.574803 0.141587,
        -8.307087 -0.039810 0.141587,
        -9.881890 -1.417323 0.141587,
        -9.881890 -0.039810 0.141587,
        -8.307087 0.197291 0.141587,
        -9.881890 0.197291 0.236220,
        -9.881890 1.574803 0.236220,
        -8.307087 0.197291 0.236220,
        -10.039370 1.968504 0.000000,
        -10.157481 1.850394 0.000000,
        -10.153456 1.880963 0.000000,
        -10.141657 1.909449 0.000000,
        -10.122887 1.933910 0.000000,
        -10.069939 1.964480 0.000000,
        -10.098425 1.952680 0.000000,
        -10.039370 -1.811024 0.000000,
        -10.157481 -1.692913 0.000000,
        -10.153456 -1.723483 0.000000,
        -10.069939 -1.806999 0.000000,
        -10.098425 -1.795200 0.000000,
        -10.122887 -1.776430 0.000000,
        -10.141657 -1.751969 0.000000,
        10.039370 1.968504 0.000000,
        10.157481 1.850394 0.000000,
        10.122887 1.933910 0.000000,
        10.098425 1.952680 0.000000,
        10.069939 1.964480 0.000000,
        10.141657 1.909449 0.000000,
        10.153456 1.880963 0.000000,
        -10.157481 1.850394 5.039370,
        10.157481 -1.692913 5.039370,
        10.157481 -1.692913 0.000000,
        10.157481 1.850394 5.039370,
        -10.039370 1.968504 5.039370,
        10.039370 1.968504 5.039370,
        -10.157481 -1.692913 5.039370,
        10.039370 -1.811024 5.039370,
        -10.039370 -1.811024 5.039370,
        10.039370 -1.811024 0.000000,
        -10.153456 -1.723483 5.039370,
        -10.141657 -1.751969 5.039370,
        -10.122887 -1.776430 5.039370,
        -10.069939 -1.806999 5.039370,
        -10.098425 -1.795200 5.039370,
        -10.141657 1.909449 5.039370,
        -10.153456 1.880963 5.039370,
        -10.069939 1.964480 5.039370,
        -10.098425 1.952680 5.039370,
        -10.122887 1.933910 5.039370,
        -8.208661 -1.515748 5.039370,
        -6.673229 -1.515748 5.039370,
        -6.673229 0.019685 5.039370,
        -8.208661 0.019685 5.039370,
        -5.019685 -1.515748 5.039370,
        -6.555119 -1.515748 5.039370,
        -6.555119 0.019685 5.039370,
        -4.901575 -0.374016 5.039370,
        -5.019685 0.019685 5.039370,
        -4.507874 0.019685 5.039370,
        -3.759842 0.019685 5.039370,
        -3.366142 -0.374016 5.039370,
        -3.366142 -1.515748 5.039370,
        -4.901575 -1.515748 5.039370,
        -1.712598 -1.515748 5.039370,
        -3.248031 -1.515748 5.039370,
        -3.248031 -0.374016 5.039370,
        -2.854331 0.019685 5.039370,
        -2.106299 0.019685 5.039370,
        -1.712598 -0.374016 5.039370,
        -1.594488 -1.515748 5.039370,
        -0.059055 -1.515748 5.039370,
        -0.059055 0.019685 5.039370,
        -1.594488 0.019685 5.039370,
        3.248031 -1.515748 5.039370,
        3.248031 -0.374016 5.039370,
        2.854331 0.019685 5.039370,
        2.106299 0.019685 5.039370,
        1.594488 -1.515748 5.039370,
        1.712598 -1.515748 5.039370,
        1.594488 0.019685 5.039370,
        1.712598 -0.374016 5.039370,
        0.059055 -1.515748 5.039370,
        0.059055 0.019685 5.039370,
        4.901575 -1.515748 5.039370,
        3.366142 -1.515748 5.039370,
        3.366142 -0.374016 5.039370,
        3.759842 0.019685 5.039370,
        4.507874 0.019685 5.039370,
        4.901575 -0.374016 5.039370,
        5.019685 -1.515748 5.039370,
        6.555119 -1.515748 5.039370,
        6.555119 0.019685 5.039370,
        5.019685 0.019685 5.039370,
        6.673229 0.019685 5.039370,
        6.673229 -1.515748 5.039370,
        8.208661 -1.515748 5.039370,
        8.208661 0.019685 5.039370,
        9.862204 -0.374016 5.039370,
        9.862204 -1.515748 5.039370,
        9.468504 0.019685 5.039370,
        8.326772 -1.515748 5.039370,
        8.326772 -0.374016 5.039370,
        8.720472 0.019685 5.039370,
        -6.673229 1.279528 5.039370,
        -6.673229 0.137795 5.039370,
        -8.208661 0.137795 5.039370,
        -8.208661 1.279528 5.039370,
        -7.814961 1.673228 5.039370,
        -7.066930 1.673228 5.039370,
        -5.019685 0.137795 5.039370,
        -6.555119 0.137795 5.039370,
        -6.555119 1.279528 5.039370,
        -6.161418 1.673228 5.039370,
        -5.413386 1.673228 5.039370,
        -5.019685 1.279528 5.039370,
        -3.366142 0.137795 5.039370,
        -4.901575 0.137795 5.039370,
        -4.901575 1.673228 5.039370,
        -3.366142 1.673228 5.039370,
        -3.248031 0.137795 5.039370,
        -3.248031 1.673228 5.039370,
        -1.712598 0.137795 5.039370,
        -1.712598 1.673228 5.039370,
        -0.059055 1.279528 5.039370,
        -0.059055 0.137795 5.039370,
        -1.594488 0.137795 5.039370,
        -1.594488 1.279528 5.039370,
        -1.200787 1.673228 5.039370,
        -0.452756 1.673228 5.039370,
        3.248031 0.137795 5.039370,
        1.712598 0.137795 5.039370,
        1.594488 0.137795 5.039370,
        0.059055 0.137795 5.039370,
        1.712598 1.673228 5.039370,
        3.248031 1.673228 5.039370,
        0.059055 1.279528 5.039370,
        0.452756 1.673228 5.039370,
        1.200787 1.673228 5.039370,
        1.594488 1.279528 5.039370,
        3.366142 0.137795 5.039370,
        3.366142 1.673228 5.039370,
        4.901575 0.137795 5.039370,
        4.901575 1.673228 5.039370,
        6.555119 1.279528 5.039370,
        6.555119 0.137795 5.039370,
        5.019685 0.137795 5.039370,
        5.019685 1.279528 5.039370,
        5.413386 1.673228 5.039370,
        6.161418 1.673228 5.039370,
        8.208661 0.137795 5.039370,
        6.673229 0.137795 5.039370,
        6.673229 1.279528 5.039370,
        7.066930 1.673228 5.039370,
        7.814961 1.673228 5.039370,
        8.208661 1.279528 5.039370,
        8.326772 0.137795 5.039370,
        8.326772 1.673228 5.039370,
        9.862204 0.137795 5.039370,
        9.862204 1.673228 5.039370,
        10.153456 -1.723483 0.000000,
        10.141657 -1.751969 0.000000,
        10.122887 -1.776430 0.000000,
        10.098425 -1.795200 0.000000,
        10.069939 -1.806999 0.000000,
        10.153456 1.880963 5.039370,
        10.141657 1.909449 5.039370,
        10.122887 1.933910 5.039370,
        10.098425 1.952680 5.039370,
        10.069939 1.964480 5.039370,
        10.069939 -1.806999 5.039370,
        10.098425 -1.795200 5.039370,
        10.122887 -1.776430 5.039370,
        10.141657 -1.751969 5.039370,
        10.153456 -1.723483 5.039370,
        0.530800 0.684258 0.275591,
        0.530800 0.456801 0.275591,
        0.516348 0.444060 0.275591,
        0.518847 0.444170 0.275591,
        0.522878 0.445112 0.275591,
        0.525912 0.446599 0.275591,
        0.526870 0.447311 0.275591,
        0.528553 0.449008 0.275591,
        0.529643 0.450899 0.275591,
        0.530510 0.453519 0.275591,
        0.472992 0.444060 0.275591,
        0.410406 0.500688 0.275591,
        0.415393 0.485815 0.275591,
        0.425023 0.468147 0.275591,
        0.434249 0.457997 0.275591,
        0.445275 0.450479 0.275591,
        0.457502 0.445899 0.275591,
        0.402442 0.496913 0.275591,
        0.416953 0.432734 0.275591,
        0.582709 0.432734 0.275591,
        0.582709 0.444060 0.275591,
        0.571560 0.444060 0.275591,
        0.557226 0.456801 0.275591,
        0.557367 0.454082 0.275591,
        0.558207 0.450653 0.275591,
        0.559261 0.448605 0.275591,
        0.560637 0.447031 0.275591,
        0.562277 0.445842 0.275591,
        0.564404 0.444994 0.275591,
        0.567467 0.444296 0.275591,
        0.557226 0.684258 0.275591,
        0.571560 0.696999 0.275591,
        0.565883 0.696507 0.275591,
        0.562909 0.695544 0.275591,
        0.560983 0.694327 0.275591,
        0.559443 0.692706 0.275591,
        0.558330 0.690750 0.275591,
        0.557461 0.687671 0.275591,
        0.581116 0.696999 0.275591,
        0.581116 0.708325 0.275591,
        0.505317 0.708325 0.275591,
        0.505317 0.696999 0.275591,
        0.516466 0.696999 0.275591,
        0.530479 0.687707 0.275591,
        0.529688 0.690110 0.275591,
        0.528382 0.692272 0.275591,
        0.526702 0.693931 0.275591,
        0.523983 0.695563 0.275591,
        0.520703 0.696626 0.275591,
        6.673229 -1.515748 1.889764,
        6.673229 0.019685 1.889764,
        8.208661 0.019685 1.889764,
        8.208661 -1.515748 1.889764,
        7.314961 -0.905512 1.889764,
        7.566929 -0.905512 1.889764,
        7.566929 -0.748031 1.889764,
        7.314961 -0.748031 1.889764,
        5.019685 -1.515748 1.889764,
        5.019685 0.019685 1.889764,
        6.555119 0.019685 1.889764,
        6.555119 -1.515748 1.889764,
        5.661417 -0.905512 1.889764,
        5.913386 -0.905512 1.889764,
        5.913386 -0.748031 1.889764,
        5.661417 -0.748031 1.889764,
        8.326772 -0.374016 1.889764,
        8.326772 -1.515748 1.889764,
        9.468504 0.019685 1.889764,
        8.720472 0.019685 1.889764,
        9.862204 -0.374016 1.889764,
        9.862204 -1.515748 1.889764,
        8.968504 -0.748031 1.889764,
        8.968504 -0.905512 1.889764,
        9.220472 -0.905512 1.889764,
        9.220472 -0.748031 1.889764,
        -4.901575 -0.374016 1.889764,
        -4.901575 -1.515748 1.889764,
        -3.759842 0.019685 1.889764,
        -4.507874 0.019685 1.889764,
        -3.366142 -0.374016 1.889764,
        -3.366142 -1.515748 1.889764,
        -4.259843 -0.748031 1.889764,
        -4.259843 -0.905512 1.889764,
        -4.007874 -0.905512 1.889764,
        -4.007874 -0.748031 1.889764,
        -3.248031 -0.374016 1.889764,
        -3.248031 -1.515748 1.889764,
        -2.106299 0.019685 1.889764,
        -2.854331 0.019685 1.889764,
        -1.712598 -0.374016 1.889764,
        -1.712598 -1.515748 1.889764,
        -2.606299 -0.748031 1.889764,
        -2.606299 -0.905512 1.889764,
        -2.354331 -0.905512 1.889764,
        -2.354331 -0.748031 1.889764,
        -8.208661 -1.515748 1.889764,
        -8.208661 0.019685 1.889764,
        -6.673229 0.019685 1.889764,
        -6.673229 -1.515748 1.889764,
        -7.566929 -0.905512 1.889764,
        -7.314961 -0.905512 1.889764,
        -7.314961 -0.748031 1.889764,
        -7.566929 -0.748031 1.889764,
        -6.555119 -1.515748 1.889764,
        -6.555119 0.019685 1.889764,
        -5.019685 0.019685 1.889764,
        -5.019685 -1.515748 1.889764,
        -5.913386 -0.905512 1.889764,
        -5.661417 -0.905512 1.889764,
        -5.661417 -0.748031 1.889764,
        -5.913386 -0.748031 1.889764,
        1.712598 -0.374016 1.889764,
        1.712598 -1.515748 1.889764,
        2.854331 0.019685 1.889764,
        2.106299 0.019685 1.889764,
        3.248031 -0.374016 1.889764,
        3.248031 -1.515748 1.889764,
        2.354331 -0.748031 1.889764,
        2.354331 -0.905512 1.889764,
        2.606299 -0.905512 1.889764,
        2.606299 -0.748031 1.889764,
        3.366142 -0.374016 1.889764,
        3.366142 -1.515748 1.889764,
        4.507874 0.019685 1.889764,
        3.759842 0.019685 1.889764,
        4.901575 -0.374016 1.889764,
        4.901575 -1.515748 1.889764,
        4.007874 -0.748031 1.889764,
        4.007874 -0.905512 1.889764,
        4.259843 -0.905512 1.889764,
        4.259843 -0.748031 1.889764,
        -1.594488 -1.515748 1.889764,
        -1.594488 0.019685 1.889764,
        -0.059055 0.019685 1.889764,
        -0.059055 -1.515748 1.889764,
        -0.952756 -0.905512 1.889764,
        -0.700787 -0.905512 1.889764,
        -0.700787 -0.748031 1.889764,
        -0.952756 -0.748031 1.889764,
        0.059055 -1.515748 1.889764,
        0.059055 0.019685 1.889764,
        1.594488 0.019685 1.889764,
        1.594488 -1.515748 1.889764,
        0.700787 -0.905512 1.889764,
        0.952756 -0.905512 1.889764,
        0.952756 -0.748031 1.889764,
        0.700787 -0.748031 1.889764,
      ]
    }
    coordIndex [
      145, 136, 141, -1,
      145, 141, 277, -1,
      277, 141, 140, -1,
      277, 140, 278, -1,
      278, 140, 137, -1,
      278, 137, 279, -1,
      279, 137, 138, -1,
      279, 138, 280, -1,
      280, 138, 139, -1,
      280, 139, 281, -1,
      281, 139, 135, -1,
      281, 135, 147, -1,
      146, 121, 126, -1,
      146, 126, 159, -1,
      159, 126, 127, -1,
      159, 127, 160, -1,
      160, 127, 125, -1,
      160, 125, 161, -1,
      161, 125, 124, -1,
      161, 124, 157, -1,
      157, 124, 123, -1,
      157, 123, 158, -1,
      158, 123, 122, -1,
      158, 122, 142, -1,
      149, 151, 276, -1,
      149, 276, 282, -1,
      282, 276, 275, -1,
      282, 275, 283, -1,
      283, 275, 274, -1,
      283, 274, 284, -1,
      284, 274, 273, -1,
      284, 273, 285, -1,
      285, 273, 272, -1,
      285, 272, 286, -1,
      286, 272, 144, -1,
      286, 144, 143, -1,
      148, 129, 130, -1,
      148, 130, 152, -1,
      152, 130, 134, -1,
      152, 134, 153, -1,
      153, 134, 133, -1,
      153, 133, 154, -1,
      154, 133, 132, -1,
      154, 132, 156, -1,
      156, 132, 131, -1,
      156, 131, 155, -1,
      155, 131, 128, -1,
      155, 128, 150, -1,
      3, 2, 111, -1,
      111, 2, 114, -1,
      120, 109, 117, -1,
      117, 109, 110, -1,
      0, 1, 116, -1,
      116, 1, 115, -1,
      2, 0, 114, -1,
      114, 0, 116, -1,
      119, 118, 113, -1,
      113, 118, 112, -1,
      118, 120, 112, -1,
      112, 120, 117, -1,
      287, 288, 71, -1,
      71, 288, 69, -1,
      289, 70, 68, -1,
      289, 68, 290, -1,
      290, 68, 67, -1,
      290, 67, 291, -1,
      291, 67, 73, -1,
      291, 73, 292, -1,
      292, 73, 53, -1,
      292, 53, 293, -1,
      293, 53, 52, -1,
      293, 52, 294, -1,
      294, 52, 51, -1,
      294, 51, 295, -1,
      295, 51, 56, -1,
      295, 56, 296, -1,
      296, 56, 69, -1,
      296, 69, 288, -1,
      289, 297, 70, -1,
      70, 297, 72, -1,
      298, 32, 59, -1,
      298, 59, 299, -1,
      299, 59, 58, -1,
      299, 58, 300, -1,
      300, 58, 55, -1,
      300, 55, 301, -1,
      301, 55, 54, -1,
      301, 54, 302, -1,
      302, 54, 57, -1,
      302, 57, 303, -1,
      303, 57, 72, -1,
      303, 72, 297, -1,
      298, 304, 32, -1,
      32, 304, 36, -1,
      304, 305, 36, -1,
      36, 305, 28, -1,
      305, 306, 28, -1,
      28, 306, 29, -1,
      306, 307, 29, -1,
      29, 307, 33, -1,
      307, 308, 33, -1,
      33, 308, 37, -1,
      309, 39, 41, -1,
      309, 41, 310, -1,
      310, 41, 44, -1,
      310, 44, 311, -1,
      311, 44, 45, -1,
      311, 45, 312, -1,
      312, 45, 43, -1,
      312, 43, 313, -1,
      313, 43, 42, -1,
      313, 42, 314, -1,
      314, 42, 40, -1,
      314, 40, 315, -1,
      315, 40, 38, -1,
      315, 38, 316, -1,
      316, 38, 37, -1,
      316, 37, 308, -1,
      309, 317, 39, -1,
      39, 317, 50, -1,
      318, 49, 47, -1,
      318, 47, 319, -1,
      319, 47, 62, -1,
      319, 62, 320, -1,
      320, 62, 61, -1,
      320, 61, 321, -1,
      321, 61, 60, -1,
      321, 60, 322, -1,
      322, 60, 46, -1,
      322, 46, 323, -1,
      323, 46, 48, -1,
      323, 48, 324, -1,
      324, 48, 50, -1,
      324, 50, 317, -1,
      318, 325, 49, -1,
      49, 325, 34, -1,
      325, 326, 34, -1,
      34, 326, 35, -1,
      326, 327, 35, -1,
      35, 327, 30, -1,
      327, 328, 30, -1,
      30, 328, 31, -1,
      328, 329, 31, -1,
      31, 329, 65, -1,
      287, 71, 66, -1,
      287, 66, 330, -1,
      330, 66, 64, -1,
      330, 64, 331, -1,
      331, 64, 76, -1,
      331, 76, 332, -1,
      332, 76, 75, -1,
      332, 75, 333, -1,
      333, 75, 74, -1,
      333, 74, 334, -1,
      334, 74, 63, -1,
      334, 63, 335, -1,
      335, 63, 65, -1,
      335, 65, 329, -1,
      329, 328, 327, -1,
      308, 307, 306, -1,
      320, 327, 319, -1,
      319, 327, 326, -1,
      319, 326, 318, -1,
      318, 326, 325, -1,
      300, 301, 305, -1,
      305, 301, 302, -1,
      305, 302, 303, -1,
      291, 292, 306, -1,
      306, 292, 293, -1,
      306, 293, 294, -1,
      332, 320, 321, -1,
      300, 305, 299, -1,
      299, 305, 304, -1,
      299, 304, 298, -1,
      303, 297, 305, -1,
      305, 297, 289, -1,
      305, 289, 306, -1,
      306, 289, 290, -1,
      306, 290, 291, -1,
      294, 312, 313, -1,
      313, 314, 294, -1,
      294, 314, 315, -1,
      294, 315, 306, -1,
      306, 315, 316, -1,
      306, 316, 308, -1,
      332, 333, 320, -1,
      320, 333, 334, -1,
      320, 334, 327, -1,
      327, 334, 335, -1,
      327, 335, 329, -1,
      321, 322, 332, -1,
      332, 322, 323, -1,
      332, 323, 331, -1,
      312, 294, 311, -1,
      311, 294, 295, -1,
      311, 295, 296, -1,
      331, 323, 330, -1,
      330, 323, 324, -1,
      330, 324, 287, -1,
      287, 324, 317, -1,
      287, 317, 288, -1,
      288, 317, 309, -1,
      288, 309, 296, -1,
      296, 309, 310, -1,
      296, 310, 311, -1,
      219, 218, 106, -1,
      106, 218, 107, -1,
      221, 220, 104, -1,
      104, 220, 105, -1,
      103, 108, 216, -1,
      216, 108, 217, -1,
      108, 107, 217, -1,
      217, 107, 218, -1,
      5, 4, 268, -1,
      268, 4, 269, -1,
      4, 7, 269, -1,
      269, 7, 271, -1,
      7, 6, 271, -1,
      271, 6, 270, -1,
      6, 5, 270, -1,
      270, 5, 268, -1,
      336, 337, 207, -1,
      207, 337, 206, -1,
      337, 338, 206, -1,
      206, 338, 209, -1,
      338, 339, 209, -1,
      209, 339, 208, -1,
      339, 336, 208, -1,
      208, 336, 207, -1,
      340, 336, 341, -1,
      341, 336, 339, -1,
      341, 339, 342, -1,
      342, 339, 338, -1,
      342, 338, 343, -1,
      343, 338, 337, -1,
      343, 337, 340, -1,
      340, 337, 336, -1,
      264, 263, 9, -1,
      9, 263, 13, -1,
      266, 265, 10, -1,
      10, 265, 8, -1,
      11, 12, 267, -1,
      267, 12, 262, -1,
      12, 13, 262, -1,
      262, 13, 263, -1,
      344, 345, 202, -1,
      202, 345, 205, -1,
      345, 346, 205, -1,
      205, 346, 204, -1,
      346, 347, 204, -1,
      204, 347, 203, -1,
      347, 344, 203, -1,
      203, 344, 202, -1,
      348, 344, 349, -1,
      349, 344, 347, -1,
      349, 347, 350, -1,
      350, 347, 346, -1,
      350, 346, 351, -1,
      351, 346, 345, -1,
      351, 345, 348, -1,
      348, 345, 344, -1,
      214, 213, 352, -1,
      352, 213, 353, -1,
      212, 215, 354, -1,
      354, 215, 355, -1,
      356, 357, 210, -1,
      210, 357, 211, -1,
      357, 353, 211, -1,
      211, 353, 213, -1,
      354, 355, 352, -1,
      356, 354, 358, -1,
      358, 354, 352, -1,
      358, 352, 359, -1,
      359, 352, 353, -1,
      359, 353, 360, -1,
      360, 353, 357, -1,
      360, 357, 361, -1,
      361, 357, 356, -1,
      361, 356, 358, -1,
      169, 175, 362, -1,
      362, 175, 363, -1,
      172, 171, 364, -1,
      364, 171, 365, -1,
      366, 367, 173, -1,
      173, 367, 174, -1,
      367, 363, 174, -1,
      174, 363, 175, -1,
      364, 365, 362, -1,
      366, 364, 368, -1,
      368, 364, 362, -1,
      368, 362, 369, -1,
      369, 362, 363, -1,
      369, 363, 370, -1,
      370, 363, 367, -1,
      370, 367, 371, -1,
      371, 367, 366, -1,
      371, 366, 368, -1,
      90, 89, 232, -1,
      232, 89, 233, -1,
      89, 92, 233, -1,
      233, 92, 235, -1,
      92, 91, 235, -1,
      235, 91, 234, -1,
      91, 90, 234, -1,
      234, 90, 232, -1,
      178, 177, 372, -1,
      372, 177, 373, -1,
      180, 179, 374, -1,
      374, 179, 375, -1,
      376, 377, 181, -1,
      181, 377, 176, -1,
      377, 373, 176, -1,
      176, 373, 177, -1,
      374, 375, 372, -1,
      376, 374, 378, -1,
      378, 374, 372, -1,
      378, 372, 379, -1,
      379, 372, 373, -1,
      379, 373, 380, -1,
      380, 373, 377, -1,
      380, 377, 381, -1,
      381, 377, 376, -1,
      381, 376, 378, -1,
      239, 238, 86, -1,
      86, 238, 87, -1,
      241, 240, 84, -1,
      84, 240, 85, -1,
      83, 88, 236, -1,
      236, 88, 237, -1,
      88, 87, 237, -1,
      237, 87, 238, -1,
      382, 383, 162, -1,
      162, 383, 165, -1,
      383, 384, 165, -1,
      165, 384, 164, -1,
      384, 385, 164, -1,
      164, 385, 163, -1,
      385, 382, 163, -1,
      163, 382, 162, -1,
      386, 382, 387, -1,
      387, 382, 385, -1,
      387, 385, 388, -1,
      388, 385, 384, -1,
      388, 384, 389, -1,
      389, 384, 383, -1,
      389, 383, 386, -1,
      386, 383, 382, -1,
      224, 223, 100, -1,
      100, 223, 101, -1,
      226, 225, 98, -1,
      98, 225, 99, -1,
      97, 102, 227, -1,
      227, 102, 222, -1,
      102, 101, 222, -1,
      222, 101, 223, -1,
      390, 391, 167, -1,
      167, 391, 168, -1,
      391, 392, 168, -1,
      168, 392, 170, -1,
      392, 393, 170, -1,
      170, 393, 166, -1,
      393, 390, 166, -1,
      166, 390, 167, -1,
      394, 390, 395, -1,
      395, 390, 393, -1,
      395, 393, 396, -1,
      396, 393, 392, -1,
      396, 392, 397, -1,
      397, 392, 391, -1,
      397, 391, 394, -1,
      394, 391, 390, -1,
      94, 93, 229, -1,
      229, 93, 230, -1,
      93, 96, 230, -1,
      230, 96, 231, -1,
      96, 95, 231, -1,
      231, 95, 228, -1,
      95, 94, 228, -1,
      228, 94, 229, -1,
      193, 191, 398, -1,
      398, 191, 399, -1,
      188, 189, 400, -1,
      400, 189, 401, -1,
      402, 403, 187, -1,
      187, 403, 186, -1,
      403, 399, 186, -1,
      186, 399, 191, -1,
      400, 401, 398, -1,
      402, 400, 404, -1,
      404, 400, 398, -1,
      404, 398, 405, -1,
      405, 398, 399, -1,
      405, 399, 406, -1,
      406, 399, 403, -1,
      406, 403, 407, -1,
      407, 403, 402, -1,
      407, 402, 404, -1,
      21, 20, 252, -1,
      252, 20, 253, -1,
      20, 23, 253, -1,
      253, 23, 255, -1,
      23, 22, 255, -1,
      255, 22, 254, -1,
      22, 21, 254, -1,
      254, 21, 252, -1,
      198, 197, 408, -1,
      408, 197, 409, -1,
      200, 199, 410, -1,
      410, 199, 411, -1,
      412, 413, 201, -1,
      201, 413, 196, -1,
      413, 409, 196, -1,
      196, 409, 197, -1,
      410, 411, 408, -1,
      412, 410, 414, -1,
      414, 410, 408, -1,
      414, 408, 415, -1,
      415, 408, 409, -1,
      415, 409, 416, -1,
      416, 409, 413, -1,
      416, 413, 417, -1,
      417, 413, 412, -1,
      417, 412, 414, -1,
      259, 258, 17, -1,
      17, 258, 18, -1,
      261, 260, 15, -1,
      15, 260, 16, -1,
      14, 19, 256, -1,
      256, 19, 257, -1,
      19, 18, 257, -1,
      257, 18, 258, -1,
      418, 419, 182, -1,
      182, 419, 185, -1,
      419, 420, 185, -1,
      185, 420, 184, -1,
      420, 421, 184, -1,
      184, 421, 183, -1,
      421, 418, 183, -1,
      183, 418, 182, -1,
      422, 418, 423, -1,
      423, 418, 421, -1,
      423, 421, 424, -1,
      424, 421, 420, -1,
      424, 420, 425, -1,
      425, 420, 419, -1,
      425, 419, 422, -1,
      422, 419, 418, -1,
      248, 245, 80, -1,
      80, 245, 81, -1,
      250, 249, 78, -1,
      78, 249, 79, -1,
      77, 82, 251, -1,
      251, 82, 244, -1,
      82, 81, 244, -1,
      244, 81, 245, -1,
      426, 427, 194, -1,
      194, 427, 195, -1,
      427, 428, 195, -1,
      195, 428, 192, -1,
      428, 429, 192, -1,
      192, 429, 190, -1,
      429, 426, 190, -1,
      190, 426, 194, -1,
      430, 426, 431, -1,
      431, 426, 429, -1,
      431, 429, 432, -1,
      432, 429, 428, -1,
      432, 428, 433, -1,
      433, 428, 427, -1,
      433, 427, 430, -1,
      430, 427, 426, -1,
      25, 24, 243, -1,
      243, 24, 246, -1,
      24, 27, 246, -1,
      246, 27, 247, -1,
      27, 26, 247, -1,
      247, 26, 242, -1,
      26, 25, 242, -1,
      242, 25, 243, -1,
    ]
  }
}

Shape {
  appearance Appearance {
    material Material {
      diffuseColor 0.7961 0.8235 0.9373
      specularColor 0.3961 0.4118 0.4667
      ambientIntensity 0.2
      transparency 0.0000
      shininess 0.5
    }
  }
  geometry IndexedFaceSet {
    ccw TRUE
    solid FALSE
    coord DEF co Coordinate {
      point [
        7.566929 -1.003937 0.236220,
        7.314961 -1.003937 0.236220,
        7.314961 -1.161417 0.236220,
        7.566929 -1.161417 0.236220,
        5.913386 -1.003937 0.236220,
        5.661417 -1.003937 0.236220,
        5.661417 -1.161417 0.236220,
        5.913386 -1.161417 0.236220,
        4.259843 -1.003937 0.236220,
        4.007874 -1.003937 0.236220,
        4.007874 -1.161417 0.236220,
        4.259843 -1.161417 0.236220,
        2.606299 -1.003937 0.236220,
        2.354331 -1.003937 0.236220,
        2.354331 -1.161417 0.236220,
        2.606299 -1.161417 0.236220,
        0.952756 -1.003937 0.236220,
        0.700787 -1.003937 0.236220,
        0.700787 -1.161417 0.236220,
        0.952756 -1.161417 0.236220,
        -0.700787 -1.003937 0.236220,
        -0.952756 -1.003937 0.236220,
        -0.952756 -1.161417 0.236220,
        -0.700787 -1.161417 0.236220,
        -2.354331 -1.003937 0.236220,
        -2.606299 -1.003937 0.236220,
        -2.606299 -1.161417 0.236220,
        -2.354331 -1.161417 0.236220,
        -4.007874 -1.003937 0.236220,
        -4.259843 -1.003937 0.236220,
        -4.259843 -1.161417 0.236220,
        -4.007874 -1.161417 0.236220,
        -5.661417 -1.003937 0.236220,
        -5.913386 -1.003937 0.236220,
        -5.913386 -1.161417 0.236220,
        -5.661417 -1.161417 0.236220,
        -7.314961 -1.003937 0.236220,
        -7.566929 -1.003937 0.236220,
        -7.566929 -1.161417 0.236220,
        -7.314961 -1.161417 0.236220,
        8.968504 -1.003937 0.236220,
        8.968504 -1.161417 0.236220,
        8.968504 1.003937 0.236220,
        9.220472 1.003937 0.236220,
        9.220472 1.161417 0.236220,
        8.968504 1.161417 0.236220,
        9.220472 -1.003937 0.236220,
        9.220472 -1.161417 0.236220,
        8.968504 0.905512 1.889764,
        8.968504 0.748031 1.889764,
        9.220472 0.748031 1.889764,
        9.220472 0.905512 1.889764,
        7.314961 1.161417 0.236220,
        7.566929 1.161417 0.236220,
        7.314961 1.003937 0.236220,
        7.566929 1.003937 0.236220,
        7.314961 0.905512 1.889764,
        7.566929 0.905512 1.889764,
        7.566929 0.748031 1.889764,
        7.314961 0.748031 1.889764,
        5.661417 1.161417 0.236220,
        5.913386 1.161417 0.236220,
        5.661417 1.003937 0.236220,
        5.913386 1.003937 0.236220,
        5.913386 0.905512 1.889764,
        5.661417 0.905512 1.889764,
        5.661417 0.748031 1.889764,
        5.913386 0.748031 1.889764,
        4.007874 1.161417 0.236220,
        4.259843 1.161417 0.236220,
        4.007874 1.003937 0.236220,
        4.259843 1.003937 0.236220,
        4.007874 0.905512 1.889764,
        4.007874 0.748031 1.889764,
        4.259843 0.748031 1.889764,
        4.259843 0.905512 1.889764,
        2.354331 1.161417 0.236220,
        2.606299 1.161417 0.236220,
        2.354331 1.003937 0.236220,
        2.606299 1.003937 0.236220,
        2.354331 0.905512 1.889764,
        2.354331 0.748031 1.889764,
        2.606299 0.748031 1.889764,
        2.606299 0.905512 1.889764,
        0.700787 1.161417 0.236220,
        0.952756 1.003937 0.236220,
        0.952756 1.161417 0.236220,
        0.700787 1.003937 0.236220,
        0.952756 0.905512 1.889764,
        0.700787 0.905512 1.889764,
        0.700787 0.748031 1.889764,
        0.952756 0.748031 1.889764,
        -0.952756 1.161417 0.236220,
        -0.952756 1.003937 0.236220,
        -0.700787 1.003937 0.236220,
        -0.700787 1.161417 0.236220,
        -0.700787 0.905512 1.889764,
        -0.952756 0.905512 1.889764,
        -0.952756 0.748031 1.889764,
        -0.700787 0.748031 1.889764,
        -2.606299 1.161417 0.236220,
        -2.354331 1.161417 0.236220,
        -2.606299 1.003937 0.236220,
        -2.354331 1.003937 0.236220,
        -2.606299 0.905512 1.889764,
        -2.606299 0.748031 1.889764,
        -2.354331 0.748031 1.889764,
        -2.354331 0.905512 1.889764,
        -4.259843 1.161417 0.236220,
        -4.007874 1.161417 0.236220,
        -4.259843 1.003937 0.236220,
        -4.007874 1.003937 0.236220,
        -4.259843 0.905512 1.889764,
        -4.259843 0.748031 1.889764,
        -4.007874 0.748031 1.889764,
        -4.007874 0.905512 1.889764,
        -5.913386 1.161417 0.236220,
        -5.661417 1.161417 0.236220,
        -5.913386 1.003937 0.236220,
        -5.661417 1.003937 0.236220,
        -5.661417 0.905512 1.889764,
        -5.913386 0.905512 1.889764,
        -5.913386 0.748031 1.889764,
        -5.661417 0.748031 1.889764,
        -7.566929 1.161417 0.236220,
        -7.314961 1.161417 0.236220,
        -7.566929 1.003937 0.236220,
        -7.314961 1.003937 0.236220,
        -7.314961 0.905512 1.889764,
        -7.566929 0.905512 1.889764,
        -7.566929 0.748031 1.889764,
        -7.314961 0.748031 1.889764,
        7.314961 -0.905512 1.889764,
        7.566929 -0.905512 1.889764,
        7.566929 -0.748031 1.889764,
        7.314961 -0.748031 1.889764,
        5.661417 -0.905512 1.889764,
        5.913386 -0.905512 1.889764,
        5.913386 -0.748031 1.889764,
        5.661417 -0.748031 1.889764,
        8.968504 -0.748031 1.889764,
        8.968504 -0.905512 1.889764,
        9.220472 -0.905512 1.889764,
        9.220472 -0.748031 1.889764,
        -4.259843 -0.748031 1.889764,
        -4.259843 -0.905512 1.889764,
        -4.007874 -0.905512 1.889764,
        -4.007874 -0.748031 1.889764,
        -2.606299 -0.748031 1.889764,
        -2.606299 -0.905512 1.889764,
        -2.354331 -0.905512 1.889764,
        -2.354331 -0.748031 1.889764,
        -7.566929 -0.905512 1.889764,
        -7.314961 -0.905512 1.889764,
        -7.314961 -0.748031 1.889764,
        -7.566929 -0.748031 1.889764,
        -5.913386 -0.905512 1.889764,
        -5.661417 -0.905512 1.889764,
        -5.661417 -0.748031 1.889764,
        -5.913386 -0.748031 1.889764,
        2.354331 -0.748031 1.889764,
        2.354331 -0.905512 1.889764,
        2.606299 -0.905512 1.889764,
        2.606299 -0.748031 1.889764,
        4.007874 -0.748031 1.889764,
        4.007874 -0.905512 1.889764,
        4.259843 -0.905512 1.889764,
        4.259843 -0.748031 1.889764,
        -0.952756 -0.905512 1.889764,
        -0.700787 -0.905512 1.889764,
        -0.700787 -0.748031 1.889764,
        -0.952756 -0.748031 1.889764,
        0.700787 -0.905512 1.889764,
        0.952756 -0.905512 1.889764,
        0.952756 -0.748031 1.889764,
        0.700787 -0.748031 1.889764,
        -7.314961 0.866142 3.851529,
        -7.314961 0.905512 3.812159,
        -7.566929 0.866142 3.851529,
        -7.566929 0.905512 3.812159,
        -7.314961 0.787402 3.851529,
        -7.566929 0.787402 3.851529,
        -7.314961 0.748031 3.812159,
        -7.566929 0.748031 3.812159,
        -7.566929 1.003937 -0.953998,
        -7.314961 1.003937 -0.953998,
        -7.314961 1.161417 -1.377953,
        -7.566929 1.161417 -1.377953,
        -7.314961 1.082677 -1.377953,
        -7.566929 1.082677 -1.377953,
        -7.314961 -0.787402 3.851529,
        -7.314961 -0.748031 3.812159,
        -7.566929 -0.787402 3.851529,
        -7.566929 -0.748031 3.812159,
        -7.314961 -0.866142 3.851529,
        -7.566929 -0.866142 3.851529,
        -7.314961 -0.905512 3.812159,
        -7.566929 -0.905512 3.812159,
        -7.566929 -1.161417 -1.377953,
        -7.314961 -1.161417 -1.377953,
        -7.314961 -1.003937 -0.953998,
        -7.566929 -1.003937 -0.953998,
        -7.314961 -1.082677 -1.377953,
        -7.566929 -1.082677 -1.377953,
        -5.661417 0.866142 3.851529,
        -5.661417 0.905512 3.812159,
        -5.913386 0.866142 3.851529,
        -5.913386 0.905512 3.812159,
        -5.661417 0.787402 3.851529,
        -5.913386 0.787402 3.851529,
        -5.661417 0.748031 3.812159,
        -5.913386 0.748031 3.812159,
        -5.913386 1.003937 -0.953998,
        -5.661417 1.003937 -0.953998,
        -5.661417 1.161417 -1.377953,
        -5.913386 1.161417 -1.377953,
        -5.661417 1.082677 -1.377953,
        -5.913386 1.082677 -1.377953,
        -5.661417 -0.787402 3.851529,
        -5.661417 -0.748031 3.812159,
        -5.913386 -0.787402 3.851529,
        -5.913386 -0.748031 3.812159,
        -5.661417 -0.866142 3.851529,
        -5.913386 -0.866142 3.851529,
        -5.661417 -0.905512 3.812159,
        -5.913386 -0.905512 3.812159,
        -5.913386 -1.161417 -1.377953,
        -5.661417 -1.161417 -1.377953,
        -5.661417 -1.003937 -0.953998,
        -5.913386 -1.003937 -0.953998,
        -5.661417 -1.082677 -1.377953,
        -5.913386 -1.082677 -1.377953,
        -4.007874 0.866142 3.851529,
        -4.007874 0.905512 3.812159,
        -4.259843 0.866142 3.851529,
        -4.259843 0.905512 3.812159,
        -4.007874 0.787402 3.851529,
        -4.259843 0.787402 3.851529,
        -4.007874 0.748031 3.812159,
        -4.259843 0.748031 3.812159,
        -4.259843 1.003937 -0.953998,
        -4.007874 1.003937 -0.953998,
        -4.007874 1.161417 -1.377953,
        -4.259843 1.161417 -1.377953,
        -4.007874 1.082677 -1.377953,
        -4.259843 1.082677 -1.377953,
        -4.007874 -0.787402 3.851529,
        -4.007874 -0.748031 3.812159,
        -4.259843 -0.787402 3.851529,
        -4.259843 -0.748031 3.812159,
        -4.007874 -0.866142 3.851529,
        -4.259843 -0.866142 3.851529,
        -4.007874 -0.905512 3.812159,
        -4.259843 -0.905512 3.812159,
        -4.259843 -1.161417 -1.377953,
        -4.007874 -1.161417 -1.377953,
        -4.007874 -1.003937 -0.953998,
        -4.259843 -1.003937 -0.953998,
        -4.007874 -1.082677 -1.377953,
        -4.259843 -1.082677 -1.377953,
        -2.354331 0.866142 3.851529,
        -2.354331 0.905512 3.812159,
        -2.606299 0.866142 3.851529,
        -2.606299 0.905512 3.812159,
        -2.354331 0.787402 3.851529,
        -2.606299 0.787402 3.851529,
        -2.354331 0.748031 3.812159,
        -2.606299 0.748031 3.812159,
        -2.606299 1.003937 -0.953998,
        -2.354331 1.003937 -0.953998,
        -2.354331 1.161417 -1.377953,
        -2.606299 1.161417 -1.377953,
        -2.354331 1.082677 -1.377953,
        -2.606299 1.082677 -1.377953,
        -2.354331 -0.787402 3.851529,
        -2.354331 -0.748031 3.812159,
        -2.606299 -0.787402 3.851529,
        -2.606299 -0.748031 3.812159,
        -2.354331 -0.866142 3.851529,
        -2.606299 -0.866142 3.851529,
        -2.354331 -0.905512 3.812159,
        -2.606299 -0.905512 3.812159,
        -2.606299 -1.161417 -1.377953,
        -2.354331 -1.161417 -1.377953,
        -2.354331 -1.003937 -0.953998,
        -2.606299 -1.003937 -0.953998,
        -2.354331 -1.082677 -1.377953,
        -2.606299 -1.082677 -1.377953,
        -0.700787 0.866142 3.851529,
        -0.700787 0.905512 3.812159,
        -0.952756 0.866142 3.851529,
        -0.952756 0.905512 3.812159,
        -0.700787 0.787402 3.851529,
        -0.952756 0.787402 3.851529,
        -0.700787 0.748031 3.812159,
        -0.952756 0.748031 3.812159,
        -0.952756 1.003937 -0.953998,
        -0.700787 1.003937 -0.953998,
        -0.700787 1.161417 -1.377953,
        -0.952756 1.161417 -1.377953,
        -0.700787 1.082677 -1.377953,
        -0.952756 1.082677 -1.377953,
        -0.700787 -0.787402 3.851529,
        -0.700787 -0.748031 3.812159,
        -0.952756 -0.787402 3.851529,
        -0.952756 -0.748031 3.812159,
        -0.700787 -0.866142 3.851529,
        -0.952756 -0.866142 3.851529,
        -0.700787 -0.905512 3.812159,
        -0.952756 -0.905512 3.812159,
        -0.952756 -1.161417 -1.377953,
        -0.700787 -1.161417 -1.377953,
        -0.700787 -1.003937 -0.953998,
        -0.952756 -1.003937 -0.953998,
        -0.700787 -1.082677 -1.377953,
        -0.952756 -1.082677 -1.377953,
        0.952756 0.866142 3.851529,
        0.952756 0.905512 3.812159,
        0.700787 0.866142 3.851529,
        0.700787 0.905512 3.812159,
        0.952756 0.787402 3.851529,
        0.700787 0.787402 3.851529,
        0.952756 0.748031 3.812159,
        0.700787 0.748031 3.812159,
        0.700787 1.003937 -0.953998,
        0.952756 1.003937 -0.953998,
        0.952756 1.161417 -1.377953,
        0.700787 1.161417 -1.377953,
        0.952756 1.082677 -1.377953,
        0.700787 1.082677 -1.377953,
        0.952756 -0.787402 3.851529,
        0.952756 -0.748031 3.812159,
        0.700787 -0.787402 3.851529,
        0.700787 -0.748031 3.812159,
        0.952756 -0.866142 3.851529,
        0.700787 -0.866142 3.851529,
        0.952756 -0.905512 3.812159,
        0.700787 -0.905512 3.812159,
        0.700787 -1.161417 -1.377953,
        0.952756 -1.161417 -1.377953,
        0.952756 -1.003937 -0.953998,
        0.700787 -1.003937 -0.953998,
        0.952756 -1.082677 -1.377953,
        0.700787 -1.082677 -1.377953,
        2.606299 0.866142 3.851529,
        2.606299 0.905512 3.812159,
        2.354331 0.866142 3.851529,
        2.354331 0.905512 3.812159,
        2.606299 0.787402 3.851529,
        2.354331 0.787402 3.851529,
        2.606299 0.748031 3.812159,
        2.354331 0.748031 3.812159,
        2.354331 1.003937 -0.953998,
        2.606299 1.003937 -0.953998,
        2.606299 1.161417 -1.377953,
        2.354331 1.161417 -1.377953,
        2.606299 1.082677 -1.377953,
        2.354331 1.082677 -1.377953,
        2.606299 -0.787402 3.851529,
        2.606299 -0.748031 3.812159,
        2.354331 -0.787402 3.851529,
        2.354331 -0.748031 3.812159,
        2.606299 -0.866142 3.851529,
        2.354331 -0.866142 3.851529,
        2.606299 -0.905512 3.812159,
        2.354331 -0.905512 3.812159,
        2.354331 -1.161417 -1.377953,
        2.606299 -1.161417 -1.377953,
        2.606299 -1.003937 -0.953998,
        2.354331 -1.003937 -0.953998,
        2.606299 -1.082677 -1.377953,
        2.354331 -1.082677 -1.377953,
        4.259843 0.866142 3.851529,
        4.259843 0.905512 3.812159,
        4.007874 0.866142 3.851529,
        4.007874 0.905512 3.812159,
        4.259843 0.787402 3.851529,
        4.007874 0.787402 3.851529,
        4.259843 0.748031 3.812159,
        4.007874 0.748031 3.812159,
        4.007874 1.003937 -0.953998,
        4.259843 1.003937 -0.953998,
        4.259843 1.161417 -1.377953,
        4.007874 1.161417 -1.377953,
        4.259843 1.082677 -1.377953,
        4.007874 1.082677 -1.377953,
        4.259843 -0.787402 3.851529,
        4.259843 -0.748031 3.812159,
        4.007874 -0.787402 3.851529,
        4.007874 -0.748031 3.812159,
        4.259843 -0.866142 3.851529,
        4.007874 -0.866142 3.851529,
        4.259843 -0.905512 3.812159,
        4.007874 -0.905512 3.812159,
        4.007874 -1.161417 -1.377953,
        4.259843 -1.161417 -1.377953,
        4.259843 -1.003937 -0.953998,
        4.007874 -1.003937 -0.953998,
        4.259843 -1.082677 -1.377953,
        4.007874 -1.082677 -1.377953,
        5.913386 0.866142 3.851529,
        5.913386 0.905512 3.812159,
        5.661417 0.866142 3.851529,
        5.661417 0.905512 3.812159,
        5.913386 0.787402 3.851529,
        5.661417 0.787402 3.851529,
        5.913386 0.748031 3.812159,
        5.661417 0.748031 3.812159,
        5.661417 1.003937 -0.953998,
        5.913386 1.003937 -0.953998,
        5.913386 1.161417 -1.377953,
        5.661417 1.161417 -1.377953,
        5.913386 1.082677 -1.377953,
        5.661417 1.082677 -1.377953,
        5.913386 -0.787402 3.851529,
        5.913386 -0.748031 3.812159,
        5.661417 -0.787402 3.851529,
        5.661417 -0.748031 3.812159,
        5.913386 -0.866142 3.851529,
        5.661417 -0.866142 3.851529,
        5.913386 -0.905512 3.812159,
        5.661417 -0.905512 3.812159,
        5.661417 -1.161417 -1.377953,
        5.913386 -1.161417 -1.377953,
        5.913386 -1.003937 -0.953998,
        5.661417 -1.003937 -0.953998,
        5.913386 -1.082677 -1.377953,
        5.661417 -1.082677 -1.377953,
        7.566929 0.866142 3.851529,
        7.566929 0.905512 3.812159,
        7.314961 0.866142 3.851529,
        7.314961 0.905512 3.812159,
        7.566929 0.787402 3.851529,
        7.314961 0.787402 3.851529,
        7.566929 0.748031 3.812159,
        7.314961 0.748031 3.812159,
        7.314961 1.003937 -0.953998,
        7.566929 1.003937 -0.953998,
        7.566929 1.161417 -1.377953,
        7.314961 1.161417 -1.377953,
        7.566929 1.082677 -1.377953,
        7.314961 1.082677 -1.377953,
        7.566929 -0.787402 3.851529,
        7.566929 -0.748031 3.812159,
        7.314961 -0.787402 3.851529,
        7.314961 -0.748031 3.812159,
        7.566929 -0.866142 3.851529,
        7.314961 -0.866142 3.851529,
        7.566929 -0.905512 3.812159,
        7.314961 -0.905512 3.812159,
        7.314961 -1.161417 -1.377953,
        7.566929 -1.161417 -1.377953,
        7.566929 -1.003937 -0.953998,
        7.314961 -1.003937 -0.953998,
        7.566929 -1.082677 -1.377953,
        7.314961 -1.082677 -1.377953,
        9.220472 0.866142 3.851529,
        9.220472 0.905512 3.812159,
        8.968504 0.866142 3.851529,
        8.968504 0.905512 3.812159,
        9.220472 0.787402 3.851529,
        8.968504 0.787402 3.851529,
        9.220472 0.748031 3.812159,
        8.968504 0.748031 3.812159,
        8.968504 1.003937 -0.953998,
        9.220472 1.003937 -0.953998,
        9.220472 1.161417 -1.377953,
        8.968504 1.161417 -1.377953,
        9.220472 1.082677 -1.377953,
        8.968504 1.082677 -1.377953,
        9.220472 -0.787402 3.851529,
        9.220472 -0.748031 3.812159,
        8.968504 -0.787402 3.851529,
        8.968504 -0.748031 3.812159,
        9.220472 -0.866142 3.851529,
        8.968504 -0.866142 3.851529,
        9.220472 -0.905512 3.812159,
        8.968504 -0.905512 3.812159,
        8.968504 -1.161417 -1.377953,
        9.220472 -1.161417 -1.377953,
        9.220472 -1.003937 -0.953998,
        8.968504 -1.003937 -0.953998,
        9.220472 -1.082677 -1.377953,
        8.968504 -1.082677 -1.377953,
      ]
    }
    coordIndex [
      176, 177, 178, -1,
      178, 177, 179, -1,
      180, 176, 181, -1,
      181, 176, 178, -1,
      182, 180, 183, -1,
      183, 180, 181, -1,
      178, 179, 181, -1,
      181, 179, 129, -1,
      181, 129, 183, -1,
      183, 129, 130, -1,
      180, 182, 176, -1,
      176, 182, 131, -1,
      176, 131, 177, -1,
      177, 131, 128, -1,
      182, 183, 131, -1,
      131, 183, 130, -1,
      179, 177, 129, -1,
      129, 177, 128, -1,
      126, 184, 127, -1,
      127, 184, 185, -1,
      125, 186, 124, -1,
      124, 186, 187, -1,
      125, 127, 186, -1,
      186, 127, 185, -1,
      186, 185, 188, -1,
      126, 124, 184, -1,
      184, 124, 187, -1,
      184, 187, 189, -1,
      188, 185, 189, -1,
      189, 185, 184, -1,
      186, 188, 187, -1,
      187, 188, 189, -1,
      190, 191, 192, -1,
      192, 191, 193, -1,
      194, 190, 195, -1,
      195, 190, 192, -1,
      196, 194, 197, -1,
      197, 194, 195, -1,
      192, 193, 195, -1,
      195, 193, 155, -1,
      195, 155, 197, -1,
      197, 155, 152, -1,
      194, 196, 190, -1,
      190, 196, 153, -1,
      190, 153, 191, -1,
      191, 153, 154, -1,
      155, 193, 154, -1,
      154, 193, 191, -1,
      153, 196, 152, -1,
      152, 196, 197, -1,
      38, 198, 39, -1,
      39, 198, 199, -1,
      36, 200, 37, -1,
      37, 200, 201, -1,
      36, 39, 200, -1,
      200, 39, 199, -1,
      200, 199, 202, -1,
      38, 37, 198, -1,
      198, 37, 201, -1,
      198, 201, 203, -1,
      202, 199, 203, -1,
      203, 199, 198, -1,
      200, 202, 201, -1,
      201, 202, 203, -1,
      204, 205, 206, -1,
      206, 205, 207, -1,
      208, 204, 209, -1,
      209, 204, 206, -1,
      210, 208, 211, -1,
      211, 208, 209, -1,
      206, 207, 209, -1,
      209, 207, 121, -1,
      209, 121, 211, -1,
      211, 121, 122, -1,
      208, 210, 204, -1,
      204, 210, 123, -1,
      204, 123, 205, -1,
      205, 123, 120, -1,
      210, 211, 123, -1,
      123, 211, 122, -1,
      207, 205, 121, -1,
      121, 205, 120, -1,
      118, 212, 119, -1,
      119, 212, 213, -1,
      117, 214, 116, -1,
      116, 214, 215, -1,
      117, 119, 214, -1,
      214, 119, 213, -1,
      214, 213, 216, -1,
      118, 116, 212, -1,
      212, 116, 215, -1,
      212, 215, 217, -1,
      216, 213, 217, -1,
      217, 213, 212, -1,
      214, 216, 215, -1,
      215, 216, 217, -1,
      218, 219, 220, -1,
      220, 219, 221, -1,
      222, 218, 223, -1,
      223, 218, 220, -1,
      224, 222, 225, -1,
      225, 222, 223, -1,
      220, 221, 223, -1,
      223, 221, 159, -1,
      223, 159, 225, -1,
      225, 159, 156, -1,
      222, 224, 218, -1,
      218, 224, 157, -1,
      218, 157, 219, -1,
      219, 157, 158, -1,
      159, 221, 158, -1,
      158, 221, 219, -1,
      157, 224, 156, -1,
      156, 224, 225, -1,
      34, 226, 35, -1,
      35, 226, 227, -1,
      32, 228, 33, -1,
      33, 228, 229, -1,
      32, 35, 228, -1,
      228, 35, 227, -1,
      228, 227, 230, -1,
      34, 33, 226, -1,
      226, 33, 229, -1,
      226, 229, 231, -1,
      230, 227, 231, -1,
      231, 227, 226, -1,
      228, 230, 229, -1,
      229, 230, 231, -1,
      232, 233, 234, -1,
      234, 233, 235, -1,
      236, 232, 237, -1,
      237, 232, 234, -1,
      238, 236, 239, -1,
      239, 236, 237, -1,
      234, 235, 237, -1,
      237, 235, 112, -1,
      237, 112, 239, -1,
      239, 112, 113, -1,
      236, 238, 232, -1,
      232, 238, 114, -1,
      232, 114, 233, -1,
      233, 114, 115, -1,
      238, 239, 114, -1,
      114, 239, 113, -1,
      235, 233, 112, -1,
      112, 233, 115, -1,
      110, 240, 111, -1,
      111, 240, 241, -1,
      109, 242, 108, -1,
      108, 242, 243, -1,
      109, 111, 242, -1,
      242, 111, 241, -1,
      242, 241, 244, -1,
      110, 108, 240, -1,
      240, 108, 243, -1,
      240, 243, 245, -1,
      244, 241, 245, -1,
      245, 241, 240, -1,
      242, 244, 243, -1,
      243, 244, 245, -1,
      246, 247, 248, -1,
      248, 247, 249, -1,
      250, 246, 251, -1,
      251, 246, 248, -1,
      252, 250, 253, -1,
      253, 250, 251, -1,
      248, 249, 251, -1,
      251, 249, 144, -1,
      251, 144, 253, -1,
      253, 144, 145, -1,
      250, 252, 246, -1,
      246, 252, 146, -1,
      246, 146, 247, -1,
      247, 146, 147, -1,
      144, 249, 147, -1,
      147, 249, 247, -1,
      146, 252, 145, -1,
      145, 252, 253, -1,
      30, 254, 31, -1,
      31, 254, 255, -1,
      28, 256, 29, -1,
      29, 256, 257, -1,
      28, 31, 256, -1,
      256, 31, 255, -1,
      256, 255, 258, -1,
      30, 29, 254, -1,
      254, 29, 257, -1,
      254, 257, 259, -1,
      258, 255, 259, -1,
      259, 255, 254, -1,
      256, 258, 257, -1,
      257, 258, 259, -1,
      260, 261, 262, -1,
      262, 261, 263, -1,
      264, 260, 265, -1,
      265, 260, 262, -1,
      266, 264, 267, -1,
      267, 264, 265, -1,
      262, 263, 265, -1,
      265, 263, 104, -1,
      265, 104, 267, -1,
      267, 104, 105, -1,
      264, 266, 260, -1,
      260, 266, 106, -1,
      260, 106, 261, -1,
      261, 106, 107, -1,
      266, 267, 106, -1,
      106, 267, 105, -1,
      263, 261, 104, -1,
      104, 261, 107, -1,
      102, 268, 103, -1,
      103, 268, 269, -1,
      101, 270, 100, -1,
      100, 270, 271, -1,
      101, 103, 270, -1,
      270, 103, 269, -1,
      270, 269, 272, -1,
      102, 100, 268, -1,
      268, 100, 271, -1,
      268, 271, 273, -1,
      272, 269, 273, -1,
      273, 269, 268, -1,
      270, 272, 271, -1,
      271, 272, 273, -1,
      274, 275, 276, -1,
      276, 275, 277, -1,
      278, 274, 279, -1,
      279, 274, 276, -1,
      280, 278, 281, -1,
      281, 278, 279, -1,
      276, 277, 279, -1,
      279, 277, 148, -1,
      279, 148, 281, -1,
      281, 148, 149, -1,
      278, 280, 274, -1,
      274, 280, 150, -1,
      274, 150, 275, -1,
      275, 150, 151, -1,
      148, 277, 151, -1,
      151, 277, 275, -1,
      150, 280, 149, -1,
      149, 280, 281, -1,
      26, 282, 27, -1,
      27, 282, 283, -1,
      24, 284, 25, -1,
      25, 284, 285, -1,
      24, 27, 284, -1,
      284, 27, 283, -1,
      284, 283, 286, -1,
      26, 25, 282, -1,
      282, 25, 285, -1,
      282, 285, 287, -1,
      286, 283, 287, -1,
      287, 283, 282, -1,
      284, 286, 285, -1,
      285, 286, 287, -1,
      288, 289, 290, -1,
      290, 289, 291, -1,
      292, 288, 293, -1,
      293, 288, 290, -1,
      294, 292, 295, -1,
      295, 292, 293, -1,
      290, 291, 293, -1,
      293, 291, 97, -1,
      293, 97, 295, -1,
      295, 97, 98, -1,
      292, 294, 288, -1,
      288, 294, 99, -1,
      288, 99, 289, -1,
      289, 99, 96, -1,
      294, 295, 99, -1,
      99, 295, 98, -1,
      291, 289, 97, -1,
      97, 289, 96, -1,
      93, 296, 94, -1,
      94, 296, 297, -1,
      95, 298, 92, -1,
      92, 298, 299, -1,
      95, 94, 298, -1,
      298, 94, 297, -1,
      298, 297, 300, -1,
      93, 92, 296, -1,
      296, 92, 299, -1,
      296, 299, 301, -1,
      300, 297, 301, -1,
      301, 297, 296, -1,
      298, 300, 299, -1,
      299, 300, 301, -1,
      302, 303, 304, -1,
      304, 303, 305, -1,
      306, 302, 307, -1,
      307, 302, 304, -1,
      308, 306, 309, -1,
      309, 306, 307, -1,
      304, 305, 307, -1,
      307, 305, 171, -1,
      307, 171, 309, -1,
      309, 171, 168, -1,
      306, 308, 302, -1,
      302, 308, 169, -1,
      302, 169, 303, -1,
      303, 169, 170, -1,
      171, 305, 170, -1,
      170, 305, 303, -1,
      169, 308, 168, -1,
      168, 308, 309, -1,
      22, 310, 23, -1,
      23, 310, 311, -1,
      20, 312, 21, -1,
      21, 312, 313, -1,
      20, 23, 312, -1,
      312, 23, 311, -1,
      312, 311, 314, -1,
      22, 21, 310, -1,
      310, 21, 313, -1,
      310, 313, 315, -1,
      314, 311, 315, -1,
      315, 311, 310, -1,
      312, 314, 313, -1,
      313, 314, 315, -1,
      316, 317, 318, -1,
      318, 317, 319, -1,
      320, 316, 321, -1,
      321, 316, 318, -1,
      322, 320, 323, -1,
      323, 320, 321, -1,
      318, 319, 321, -1,
      321, 319, 89, -1,
      321, 89, 323, -1,
      323, 89, 90, -1,
      320, 322, 316, -1,
      316, 322, 91, -1,
      316, 91, 317, -1,
      317, 91, 88, -1,
      322, 323, 91, -1,
      91, 323, 90, -1,
      319, 317, 89, -1,
      89, 317, 88, -1,
      87, 324, 85, -1,
      85, 324, 325, -1,
      86, 326, 84, -1,
      84, 326, 327, -1,
      86, 85, 326, -1,
      326, 85, 325, -1,
      326, 325, 328, -1,
      87, 84, 324, -1,
      324, 84, 327, -1,
      324, 327, 329, -1,
      328, 325, 329, -1,
      329, 325, 324, -1,
      326, 328, 327, -1,
      327, 328, 329, -1,
      330, 331, 332, -1,
      332, 331, 333, -1,
      334, 330, 335, -1,
      335, 330, 332, -1,
      336, 334, 337, -1,
      337, 334, 335, -1,
      332, 333, 335, -1,
      335, 333, 175, -1,
      335, 175, 337, -1,
      337, 175, 172, -1,
      334, 336, 330, -1,
      330, 336, 173, -1,
      330, 173, 331, -1,
      331, 173, 174, -1,
      175, 333, 174, -1,
      174, 333, 331, -1,
      173, 336, 172, -1,
      172, 336, 337, -1,
      18, 338, 19, -1,
      19, 338, 339, -1,
      16, 340, 17, -1,
      17, 340, 341, -1,
      16, 19, 340, -1,
      340, 19, 339, -1,
      340, 339, 342, -1,
      18, 17, 338, -1,
      338, 17, 341, -1,
      338, 341, 343, -1,
      342, 339, 343, -1,
      343, 339, 338, -1,
      340, 342, 341, -1,
      341, 342, 343, -1,
      344, 345, 346, -1,
      346, 345, 347, -1,
      348, 344, 349, -1,
      349, 344, 346, -1,
      350, 348, 351, -1,
      351, 348, 349, -1,
      346, 347, 349, -1,
      349, 347, 80, -1,
      349, 80, 351, -1,
      351, 80, 81, -1,
      348, 350, 344, -1,
      344, 350, 82, -1,
      344, 82, 345, -1,
      345, 82, 83, -1,
      350, 351, 82, -1,
      82, 351, 81, -1,
      347, 345, 80, -1,
      80, 345, 83, -1,
      78, 352, 79, -1,
      79, 352, 353, -1,
      77, 354, 76, -1,
      76, 354, 355, -1,
      77, 79, 354, -1,
      354, 79, 353, -1,
      354, 353, 356, -1,
      78, 76, 352, -1,
      352, 76, 355, -1,
      352, 355, 357, -1,
      356, 353, 357, -1,
      357, 353, 352, -1,
      354, 356, 355, -1,
      355, 356, 357, -1,
      358, 359, 360, -1,
      360, 359, 361, -1,
      362, 358, 363, -1,
      363, 358, 360, -1,
      364, 362, 365, -1,
      365, 362, 363, -1,
      360, 361, 363, -1,
      363, 361, 160, -1,
      363, 160, 365, -1,
      365, 160, 161, -1,
      362, 364, 358, -1,
      358, 364, 162, -1,
      358, 162, 359, -1,
      359, 162, 163, -1,
      160, 361, 163, -1,
      163, 361, 359, -1,
      162, 364, 161, -1,
      161, 364, 365, -1,
      14, 366, 15, -1,
      15, 366, 367, -1,
      12, 368, 13, -1,
      13, 368, 369, -1,
      12, 15, 368, -1,
      368, 15, 367, -1,
      368, 367, 370, -1,
      14, 13, 366, -1,
      366, 13, 369, -1,
      366, 369, 371, -1,
      370, 367, 371, -1,
      371, 367, 366, -1,
      368, 370, 369, -1,
      369, 370, 371, -1,
      372, 373, 374, -1,
      374, 373, 375, -1,
      376, 372, 377, -1,
      377, 372, 374, -1,
      378, 376, 379, -1,
      379, 376, 377, -1,
      374, 375, 377, -1,
      377, 375, 72, -1,
      377, 72, 379, -1,
      379, 72, 73, -1,
      376, 378, 372, -1,
      372, 378, 74, -1,
      372, 74, 373, -1,
      373, 74, 75, -1,
      378, 379, 74, -1,
      74, 379, 73, -1,
      375, 373, 72, -1,
      72, 373, 75, -1,
      70, 380, 71, -1,
      71, 380, 381, -1,
      69, 382, 68, -1,
      68, 382, 383, -1,
      69, 71, 382, -1,
      382, 71, 381, -1,
      382, 381, 384, -1,
      70, 68, 380, -1,
      380, 68, 383, -1,
      380, 383, 385, -1,
      384, 381, 385, -1,
      385, 381, 380, -1,
      382, 384, 383, -1,
      383, 384, 385, -1,
      386, 387, 388, -1,
      388, 387, 389, -1,
      390, 386, 391, -1,
      391, 386, 388, -1,
      392, 390, 393, -1,
      393, 390, 391, -1,
      388, 389, 391, -1,
      391, 389, 164, -1,
      391, 164, 393, -1,
      393, 164, 165, -1,
      390, 392, 386, -1,
      386, 392, 166, -1,
      386, 166, 387, -1,
      387, 166, 167, -1,
      164, 389, 167, -1,
      167, 389, 387, -1,
      166, 392, 165, -1,
      165, 392, 393, -1,
      10, 394, 11, -1,
      11, 394, 395, -1,
      8, 396, 9, -1,
      9, 396, 397, -1,
      8, 11, 396, -1,
      396, 11, 395, -1,
      396, 395, 398, -1,
      10, 9, 394, -1,
      394, 9, 397, -1,
      394, 397, 399, -1,
      398, 395, 399, -1,
      399, 395, 394, -1,
      396, 398, 397, -1,
      397, 398, 399, -1,
      400, 401, 402, -1,
      402, 401, 403, -1,
      404, 400, 405, -1,
      405, 400, 402, -1,
      406, 404, 407, -1,
      407, 404, 405, -1,
      402, 403, 405, -1,
      405, 403, 65, -1,
      405, 65, 407, -1,
      407, 65, 66, -1,
      404, 406, 400, -1,
      400, 406, 67, -1,
      400, 67, 401, -1,
      401, 67, 64, -1,
      406, 407, 67, -1,
      67, 407, 66, -1,
      403, 401, 65, -1,
      65, 401, 64, -1,
      62, 408, 63, -1,
      63, 408, 409, -1,
      61, 410, 60, -1,
      60, 410, 411, -1,
      61, 63, 410, -1,
      410, 63, 409, -1,
      410, 409, 412, -1,
      62, 60, 408, -1,
      408, 60, 411, -1,
      408, 411, 413, -1,
      412, 409, 413, -1,
      413, 409, 408, -1,
      410, 412, 411, -1,
      411, 412, 413, -1,
      414, 415, 416, -1,
      416, 415, 417, -1,
      418, 414, 419, -1,
      419, 414, 416, -1,
      420, 418, 421, -1,
      421, 418, 419, -1,
      416, 417, 419, -1,
      419, 417, 139, -1,
      419, 139, 421, -1,
      421, 139, 136, -1,
      418, 420, 414, -1,
      414, 420, 137, -1,
      414, 137, 415, -1,
      415, 137, 138, -1,
      139, 417, 138, -1,
      138, 417, 415, -1,
      137, 420, 136, -1,
      136, 420, 421, -1,
      6, 422, 7, -1,
      7, 422, 423, -1,
      4, 424, 5, -1,
      5, 424, 425, -1,
      4, 7, 424, -1,
      424, 7, 423, -1,
      424, 423, 426, -1,
      6, 5, 422, -1,
      422, 5, 425, -1,
      422, 425, 427, -1,
      426, 423, 427, -1,
      427, 423, 422, -1,
      424, 426, 425, -1,
      425, 426, 427, -1,
      428, 429, 430, -1,
      430, 429, 431, -1,
      432, 428, 433, -1,
      433, 428, 430, -1,
      434, 432, 435, -1,
      435, 432, 433, -1,
      430, 431, 433, -1,
      433, 431, 56, -1,
      433, 56, 435, -1,
      435, 56, 59, -1,
      432, 434, 428, -1,
      428, 434, 58, -1,
      428, 58, 429, -1,
      429, 58, 57, -1,
      434, 435, 58, -1,
      58, 435, 59, -1,
      431, 429, 56, -1,
      56, 429, 57, -1,
      54, 436, 55, -1,
      55, 436, 437, -1,
      53, 438, 52, -1,
      52, 438, 439, -1,
      53, 55, 438, -1,
      438, 55, 437, -1,
      438, 437, 440, -1,
      54, 52, 436, -1,
      436, 52, 439, -1,
      436, 439, 441, -1,
      440, 437, 441, -1,
      441, 437, 436, -1,
      438, 440, 439, -1,
      439, 440, 441, -1,
      442, 443, 444, -1,
      444, 443, 445, -1,
      446, 442, 447, -1,
      447, 442, 444, -1,
      448, 446, 449, -1,
      449, 446, 447, -1,
      444, 445, 447, -1,
      447, 445, 135, -1,
      447, 135, 449, -1,
      449, 135, 132, -1,
      446, 448, 442, -1,
      442, 448, 133, -1,
      442, 133, 443, -1,
      443, 133, 134, -1,
      135, 445, 134, -1,
      134, 445, 443, -1,
      133, 448, 132, -1,
      132, 448, 449, -1,
      2, 450, 3, -1,
      3, 450, 451, -1,
      0, 452, 1, -1,
      1, 452, 453, -1,
      0, 3, 452, -1,
      452, 3, 451, -1,
      452, 451, 454, -1,
      2, 1, 450, -1,
      450, 1, 453, -1,
      450, 453, 455, -1,
      454, 451, 455, -1,
      455, 451, 450, -1,
      452, 454, 453, -1,
      453, 454, 455, -1,
      456, 457, 458, -1,
      458, 457, 459, -1,
      460, 456, 461, -1,
      461, 456, 458, -1,
      462, 460, 463, -1,
      463, 460, 461, -1,
      458, 459, 461, -1,
      461, 459, 48, -1,
      461, 48, 463, -1,
      463, 48, 49, -1,
      460, 462, 456, -1,
      456, 462, 50, -1,
      456, 50, 457, -1,
      457, 50, 51, -1,
      462, 463, 50, -1,
      50, 463, 49, -1,
      459, 457, 48, -1,
      48, 457, 51, -1,
      42, 464, 43, -1,
      43, 464, 465, -1,
      44, 466, 45, -1,
      45, 466, 467, -1,
      44, 43, 466, -1,
      466, 43, 465, -1,
      466, 465, 468, -1,
      42, 45, 464, -1,
      464, 45, 467, -1,
      464, 467, 469, -1,
      468, 465, 469, -1,
      469, 465, 464, -1,
      466, 468, 467, -1,
      467, 468, 469, -1,
      470, 471, 472, -1,
      472, 471, 473, -1,
      474, 470, 475, -1,
      475, 470, 472, -1,
      476, 474, 477, -1,
      477, 474, 475, -1,
      472, 473, 475, -1,
      475, 473, 140, -1,
      475, 140, 477, -1,
      477, 140, 141, -1,
      474, 476, 470, -1,
      470, 476, 142, -1,
      470, 142, 471, -1,
      471, 142, 143, -1,
      140, 473, 143, -1,
      143, 473, 471, -1,
      142, 476, 141, -1,
      141, 476, 477, -1,
      41, 478, 47, -1,
      47, 478, 479, -1,
      46, 480, 40, -1,
      40, 480, 481, -1,
      46, 47, 480, -1,
      480, 47, 479, -1,
      480, 479, 482, -1,
      41, 40, 478, -1,
      478, 40, 481, -1,
      478, 481, 483, -1,
      482, 479, 483, -1,
      483, 479, 478, -1,
      480, 482, 481, -1,
      481, 482, 483, -1,
    ]
  }
}

Shape {
  appearance Appearance {
    material Material {
      diffuseColor 1.0000 1.0000 1.0000
      specularColor 0.8784 0.8784 0.8784
      ambientIntensity 0.2
      transparency 0.0000
      shininess 0.5
    }
  }
  geometry IndexedFaceSet {
    ccw TRUE
    solid FALSE
    coord DEF co Coordinate {
      point [
        6.653543 -0.039810 0.236220,
        6.653543 -1.417323 0.236220,
        8.228346 -0.039810 0.236220,
        8.228346 -1.417323 0.236220,
        5.000000 -0.039810 0.236220,
        5.000000 -1.417323 0.236220,
        6.574803 -0.039810 0.236220,
        6.574803 -1.417323 0.236220,
        3.346457 -0.039810 0.236220,
        3.346457 -1.417323 0.236220,
        4.921260 -0.039810 0.236220,
        4.921260 -1.417323 0.236220,
        1.692913 -0.039810 0.236220,
        1.692913 -1.417323 0.236220,
        3.267717 -0.039810 0.236220,
        3.267717 -1.417323 0.236220,
        0.039370 -0.039810 0.236220,
        0.039370 -1.417323 0.236220,
        1.614173 -0.039810 0.236220,
        1.614173 -1.417323 0.236220,
        -1.614173 -0.039810 0.236220,
        -1.614173 -1.417323 0.236220,
        -0.039370 -0.039810 0.236220,
        -0.039370 -1.417323 0.236220,
        -3.267717 -0.039810 0.236220,
        -3.267717 -1.417323 0.236220,
        -1.692913 -0.039810 0.236220,
        -1.692913 -1.417323 0.236220,
        -4.921260 -0.039810 0.236220,
        -4.921260 -1.417323 0.236220,
        -3.346457 -0.039810 0.236220,
        -3.346457 -1.417323 0.236220,
        -6.574803 -0.039810 0.236220,
        -6.574803 -1.417323 0.236220,
        -5.000000 -0.039810 0.236220,
        -5.000000 -1.417323 0.236220,
        -8.228346 -0.039810 0.236220,
        -8.228346 -1.417323 0.236220,
        -6.653543 -0.039810 0.236220,
        -6.653543 -1.417323 0.236220,
        9.881890 0.197291 0.141587,
        9.881890 1.574803 0.141587,
        9.881890 -1.417323 0.141587,
        9.881890 -0.039810 0.141587,
        9.488189 -0.039810 0.141587,
        9.488189 0.197291 0.141587,
        8.700787 0.197291 0.141587,
        8.700787 0.197291 0.236220,
        8.700787 -0.039810 0.141587,
        8.700787 -0.039810 0.236220,
        9.488189 0.197291 0.236220,
        9.488189 -0.039810 0.236220,
        8.307087 0.197291 0.236220,
        8.307087 1.574803 0.236220,
        9.881890 0.197291 0.236220,
        9.881890 -0.039810 0.236220,
        9.881890 -1.417323 0.236220,
        9.881890 1.574803 0.236220,
        8.307087 -1.417323 0.236220,
        8.307087 -0.039810 0.236220,
        6.653543 0.197291 0.236220,
        6.653543 1.574803 0.236220,
        8.228346 1.574803 0.236220,
        8.228346 0.197291 0.236220,
        7.066930 1.673228 1.889764,
        6.673229 1.279528 1.889764,
        7.814961 1.673228 1.889764,
        8.208661 1.279528 1.889764,
        5.000000 0.197291 0.236220,
        5.000000 1.574803 0.236220,
        6.574803 1.574803 0.236220,
        6.574803 0.197291 0.236220,
        6.555119 1.279528 1.889764,
        6.161418 1.673228 1.889764,
        5.413386 1.673228 1.889764,
        5.019685 1.279528 1.889764,
        3.346457 0.197291 0.236220,
        3.346457 1.574803 0.236220,
        4.921260 1.574803 0.236220,
        4.921260 0.197291 0.236220,
        1.692913 0.197291 0.236220,
        1.692913 1.574803 0.236220,
        3.267717 1.574803 0.236220,
        3.267717 0.197291 0.236220,
        0.218245 0.710235 0.236220,
        0.216749 0.712100 0.236220,
        0.039370 1.574803 0.236220,
        0.202356 0.644146 0.236220,
        0.177168 0.432734 0.236220,
        0.177168 0.444060 0.236220,
        0.211912 0.514668 0.236220,
        0.349581 0.574185 0.236220,
        0.349589 0.573538 0.236220,
        0.039370 0.708325 0.236220,
        0.175576 0.708325 0.236220,
        0.175576 0.696999 0.236220,
        1.614173 0.197291 0.236220,
        0.314853 0.704097 0.236220,
        0.331567 0.693911 0.236220,
        0.346953 0.678646 0.236220,
        0.344424 0.514926 0.236220,
        0.335619 0.485617 0.236220,
        0.379791 0.571591 0.236220,
        0.375491 0.615892 0.236220,
        0.364110 0.650783 0.236220,
        0.295319 0.710322 0.236220,
        0.275914 0.712100 0.236220,
        0.167612 0.444060 0.236220,
        0.163519 0.444296 0.236220,
        0.153278 0.456801 0.236220,
        0.160456 0.444994 0.236220,
        0.153419 0.454082 0.236220,
        0.153278 0.684258 0.236220,
        0.279158 0.700774 0.236220,
        0.293178 0.699003 0.236220,
        0.303965 0.694741 0.236220,
        0.313827 0.687753 0.236220,
        0.320192 0.681211 0.236220,
        0.331037 0.664437 0.236220,
        0.343661 0.629220 0.236220,
        0.327934 0.471395 0.236220,
        0.319441 0.461599 0.236220,
        0.313690 0.457074 0.236220,
        0.302294 0.451307 0.236220,
        0.289622 0.448369 0.236220,
        0.280751 0.447835 0.236220,
        0.238798 0.464153 0.236220,
        0.226452 0.478706 0.236220,
        0.217241 0.496522 0.236220,
        0.211912 0.640371 0.236220,
        0.222563 0.665325 0.236220,
        0.235232 0.682890 0.236220,
        0.245223 0.691431 0.236220,
        0.257602 0.697463 0.236220,
        0.271105 0.700386 0.236220,
        1.614173 1.574803 0.236220,
        0.158329 0.445842 0.236220,
        0.156689 0.447031 0.236220,
        0.154259 0.450653 0.236220,
        0.155313 0.448605 0.236220,
        0.167612 0.696999 0.236220,
        0.153513 0.687671 0.236220,
        0.161935 0.696507 0.236220,
        0.154383 0.690750 0.236220,
        0.263909 0.450042 0.236220,
        0.250841 0.455363 0.236220,
        0.155495 0.692706 0.236220,
        0.157036 0.694327 0.236220,
        0.158961 0.695544 0.236220,
        0.225256 0.461728 0.236220,
        0.240129 0.447108 0.236220,
        0.264609 0.711320 0.236220,
        0.253498 0.709092 0.236220,
        0.244120 0.705917 0.236220,
        0.234327 0.704550 0.236220,
        0.226846 0.705181 0.236220,
        0.223390 0.706259 0.236220,
        0.220654 0.707885 0.236220,
        0.305552 0.435308 0.236220,
        0.324069 0.441891 0.236220,
        0.340316 0.452628 0.236220,
        0.354201 0.467246 0.236220,
        0.365549 0.486672 0.236220,
        0.375604 0.520472 0.236220,
        0.202356 0.509831 0.236220,
        0.211927 0.482661 0.236220,
        0.254165 0.438644 0.236220,
        0.269146 0.433937 0.236220,
        0.282284 0.432734 0.236220,
        0.039370 0.197291 0.236220,
        0.039370 0.432734 0.236220,
        1.594488 1.279528 1.889764,
        1.200787 1.673228 1.889764,
        0.452756 1.673228 1.889764,
        0.059055 1.279528 1.889764,
        -1.614173 0.197291 0.236220,
        -0.416779 0.432734 0.236220,
        -0.348294 0.432734 0.236220,
        -0.039370 0.197291 0.236220,
        -0.416779 0.444060 0.236220,
        -0.412001 0.444060 0.236220,
        -0.396125 0.454012 0.236220,
        -0.409724 0.444194 0.236220,
        -0.392889 0.461520 0.236220,
        -0.332426 0.712100 0.236220,
        -0.308595 0.708325 0.236220,
        -0.278394 0.444060 0.236220,
        -0.283172 0.444060 0.236220,
        -0.278394 0.534665 0.236220,
        -0.399473 0.449318 0.236220,
        -0.402468 0.446821 0.236220,
        -0.406067 0.445054 0.236220,
        -0.224243 0.432734 0.236220,
        -0.283172 0.432734 0.236220,
        -0.348294 0.444060 0.236220,
        -0.365813 0.466239 0.236220,
        -0.349946 0.534665 0.236220,
        -0.354665 0.444060 0.236220,
        -0.358598 0.444250 0.236220,
        -0.367049 0.460790 0.236220,
        -0.367406 0.455209 0.236220,
        -0.244744 0.454485 0.236220,
        -0.246541 0.461225 0.236220,
        -0.193952 0.498193 0.236220,
        -0.264060 0.475736 0.236220,
        -0.262978 0.469490 0.236220,
        -0.276084 0.444175 0.236220,
        -0.262467 0.463172 0.236220,
        -0.124959 0.705280 0.236220,
        -0.147243 0.697452 0.236220,
        -0.366885 0.451251 0.236220,
        -0.361294 0.444770 0.236220,
        -0.363270 0.445497 0.236220,
        -0.130822 0.437736 0.236220,
        -0.151049 0.445986 0.236220,
        -0.169304 0.459312 0.236220,
        -0.166132 0.685174 0.236220,
        -0.181507 0.669030 0.236220,
        -0.192997 0.648841 0.236220,
        -0.096299 0.708325 0.236220,
        -0.039370 0.708325 0.236220,
        -0.039370 1.574803 0.236220,
        -1.614173 1.574803 0.236220,
        -0.267059 0.447202 0.236220,
        -0.268697 0.446031 0.236220,
        -0.265766 0.448719 0.236220,
        -0.264433 0.451358 0.236220,
        -0.263213 0.455847 0.236220,
        -0.271441 0.444903 0.236220,
        -0.100328 0.432940 0.236220,
        -0.092524 0.432734 0.236220,
        -0.039370 0.432734 0.236220,
        -0.364386 0.446192 0.236220,
        -0.365216 0.447063 0.236220,
        -0.366090 0.448586 0.236220,
        -0.202147 0.616937 0.236220,
        -0.205367 0.576193 0.236220,
        -0.202137 0.530700 0.236220,
        -0.233500 0.444602 0.236220,
        -0.237541 0.446161 0.236220,
        -0.182817 0.475585 0.236220,
        -0.224243 0.444060 0.236220,
        -0.229021 0.444060 0.236220,
        -0.240385 0.448141 0.236220,
        -0.242907 0.451013 0.236220,
        -0.059055 1.279528 1.889764,
        -0.452756 1.673228 1.889764,
        -1.200787 1.673228 1.889764,
        -1.594488 1.279528 1.889764,
        -3.267717 0.197291 0.236220,
        -3.267717 1.574803 0.236220,
        -1.692913 1.574803 0.236220,
        -1.692913 0.197291 0.236220,
        -4.921260 0.197291 0.236220,
        -4.921260 1.574803 0.236220,
        -3.346457 1.574803 0.236220,
        -3.346457 0.197291 0.236220,
        -6.574803 0.197291 0.236220,
        -6.574803 1.574803 0.236220,
        -5.000000 1.574803 0.236220,
        -5.000000 0.197291 0.236220,
        -5.019685 1.279528 1.889764,
        -5.413386 1.673228 1.889764,
        -6.161418 1.673228 1.889764,
        -6.555119 1.279528 1.889764,
        -8.228346 0.197291 0.236220,
        -8.228346 1.574803 0.236220,
        -6.653543 1.574803 0.236220,
        -6.653543 0.197291 0.236220,
        -6.673229 1.279528 1.889764,
        -7.066930 1.673228 1.889764,
        -7.814961 1.673228 1.889764,
        -8.208661 1.279528 1.889764,
        -8.228346 1.574803 0.141587,
        -6.653543 1.574803 0.141587,
        -6.574803 1.574803 0.141587,
        -5.000000 1.574803 0.141587,
        -4.921260 1.574803 0.141587,
        -3.346457 1.574803 0.141587,
        -3.267717 1.574803 0.141587,
        -1.692913 1.574803 0.141587,
        -1.614173 1.574803 0.141587,
        -0.039370 1.574803 0.141587,
        0.039370 1.574803 0.141587,
        1.614173 1.574803 0.141587,
        1.692913 1.574803 0.141587,
        3.267717 1.574803 0.141587,
        3.346457 1.574803 0.141587,
        4.921260 1.574803 0.141587,
        5.000000 1.574803 0.141587,
        6.574803 1.574803 0.141587,
        6.653543 1.574803 0.141587,
        8.228346 1.574803 0.141587,
        8.307087 1.574803 0.141587,
        -8.228346 -1.417323 0.141587,
        -6.574803 -1.417323 0.141587,
        -6.653543 -1.417323 0.141587,
        -4.921260 -1.417323 0.141587,
        -5.000000 -1.417323 0.141587,
        -3.267717 -1.417323 0.141587,
        -3.346457 -1.417323 0.141587,
        -1.614173 -1.417323 0.141587,
        -1.692913 -1.417323 0.141587,
        0.039370 -1.417323 0.141587,
        -0.039370 -1.417323 0.141587,
        1.692913 -1.417323 0.141587,
        1.614173 -1.417323 0.141587,
        3.346457 -1.417323 0.141587,
        3.267717 -1.417323 0.141587,
        5.000000 -1.417323 0.141587,
        4.921260 -1.417323 0.141587,
        6.653543 -1.417323 0.141587,
        6.574803 -1.417323 0.141587,
        8.307087 -1.417323 0.141587,
        8.228346 -1.417323 0.141587,
        -8.228346 -0.039810 0.141587,
        -6.653543 -0.039810 0.141587,
        -6.574803 -0.039810 0.141587,
        -5.000000 -0.039810 0.141587,
        -6.653543 0.197291 0.141587,
        -8.228346 0.197291 0.141587,
        -4.921260 -0.039810 0.141587,
        -3.346457 -0.039810 0.141587,
        -5.000000 0.197291 0.141587,
        -6.574803 0.197291 0.141587,
        -3.267717 -0.039810 0.141587,
        -1.692913 -0.039810 0.141587,
        -3.346457 0.197291 0.141587,
        -4.921260 0.197291 0.141587,
        -1.614173 -0.039810 0.141587,
        -0.039370 -0.039810 0.141587,
        -1.692913 0.197291 0.141587,
        -3.267717 0.197291 0.141587,
        0.039370 -0.039810 0.141587,
        1.614173 -0.039810 0.141587,
        -0.039370 0.197291 0.141587,
        -1.614173 0.197291 0.141587,
        1.692913 -0.039810 0.141587,
        3.267717 -0.039810 0.141587,
        1.614173 0.197291 0.141587,
        0.039370 0.197291 0.141587,
        3.346457 -0.039810 0.141587,
        4.921260 -0.039810 0.141587,
        3.267717 0.197291 0.141587,
        1.692913 0.197291 0.141587,
        5.000000 -0.039810 0.141587,
        6.574803 -0.039810 0.141587,
        4.921260 0.197291 0.141587,
        3.346457 0.197291 0.141587,
        6.653543 -0.039810 0.141587,
        8.228346 -0.039810 0.141587,
        6.574803 0.197291 0.141587,
        5.000000 0.197291 0.141587,
        8.307087 0.197291 0.141587,
        8.228346 0.197291 0.141587,
        8.307087 -0.039810 0.141587,
        6.653543 0.197291 0.141587,
        -8.720472 0.019685 5.039370,
        -8.326772 -0.374016 5.039370,
        -9.862204 -0.374016 5.039370,
        -9.468504 0.019685 5.039370,
        -4.901575 -0.374016 5.039370,
        -4.507874 0.019685 5.039370,
        -3.759842 0.019685 5.039370,
        -3.366142 -0.374016 5.039370,
        -3.248031 -0.374016 5.039370,
        -2.854331 0.019685 5.039370,
        -2.106299 0.019685 5.039370,
        -1.712598 -0.374016 5.039370,
        3.248031 -0.374016 5.039370,
        2.854331 0.019685 5.039370,
        2.106299 0.019685 5.039370,
        1.712598 -0.374016 5.039370,
        3.366142 -0.374016 5.039370,
        3.759842 0.019685 5.039370,
        4.507874 0.019685 5.039370,
        4.901575 -0.374016 5.039370,
        9.862204 -0.374016 5.039370,
        9.468504 0.019685 5.039370,
        8.326772 -0.374016 5.039370,
        8.720472 0.019685 5.039370,
        -6.673229 1.279528 5.039370,
        -8.208661 1.279528 5.039370,
        -7.814961 1.673228 5.039370,
        -7.066930 1.673228 5.039370,
        -6.555119 1.279528 5.039370,
        -6.161418 1.673228 5.039370,
        -5.413386 1.673228 5.039370,
        -5.019685 1.279528 5.039370,
        -0.059055 1.279528 5.039370,
        -1.594488 1.279528 5.039370,
        -1.200787 1.673228 5.039370,
        -0.452756 1.673228 5.039370,
        0.059055 1.279528 5.039370,
        0.452756 1.673228 5.039370,
        1.200787 1.673228 5.039370,
        1.594488 1.279528 5.039370,
        6.555119 1.279528 5.039370,
        5.019685 1.279528 5.039370,
        5.413386 1.673228 5.039370,
        6.161418 1.673228 5.039370,
        6.673229 1.279528 5.039370,
        7.066930 1.673228 5.039370,
        7.814961 1.673228 5.039370,
        8.208661 1.279528 5.039370,
        -9.862204 -0.374016 1.889764,
        -8.720472 0.019685 1.889764,
        -9.468504 0.019685 1.889764,
        -8.326772 -0.374016 1.889764,
        8.326772 -0.374016 1.889764,
        9.468504 0.019685 1.889764,
        8.720472 0.019685 1.889764,
        9.862204 -0.374016 1.889764,
        -4.901575 -0.374016 1.889764,
        -3.759842 0.019685 1.889764,
        -4.507874 0.019685 1.889764,
        -3.366142 -0.374016 1.889764,
        -3.248031 -0.374016 1.889764,
        -2.106299 0.019685 1.889764,
        -2.854331 0.019685 1.889764,
        -1.712598 -0.374016 1.889764,
        1.712598 -0.374016 1.889764,
        2.854331 0.019685 1.889764,
        2.106299 0.019685 1.889764,
        3.248031 -0.374016 1.889764,
        3.366142 -0.374016 1.889764,
        4.507874 0.019685 1.889764,
        3.759842 0.019685 1.889764,
        4.901575 -0.374016 1.889764,
        0.039370 0.688681 0.236220,
        0.039370 0.451163 0.236220,
        0.081254 0.576193 0.236220,
        0.126852 0.576193 0.236220,
        0.051348 0.540800 0.236220,
        0.051420 0.616731 0.236220,
        0.051348 0.619489 0.236220,
        0.081254 0.587518 0.236220,
        0.051348 0.629045 0.236220,
        0.126852 0.684494 0.236220,
        0.126852 0.587518 0.236220,
        0.040022 0.629045 0.236220,
        0.040022 0.534665 0.236220,
        0.047717 0.693184 0.236220,
        0.057829 0.696221 0.236220,
        0.066625 0.696999 0.236220,
        0.112223 0.696999 0.236220,
        0.116650 0.696606 0.236220,
        0.120040 0.695498 0.236220,
        0.122719 0.693922 0.236220,
        0.124498 0.692170 0.236220,
        0.125862 0.689951 0.236220,
        0.126603 0.687518 0.236220,
        0.051348 0.534665 0.236220,
        0.112341 0.444060 0.236220,
        0.070400 0.444060 0.236220,
        0.058199 0.595737 0.236220,
        0.055306 0.599954 0.236220,
        0.052794 0.606669 0.236220,
        0.126561 0.453512 0.236220,
        0.125693 0.450893 0.236220,
        0.126852 0.456801 0.236220,
        0.124603 0.449006 0.236220,
        0.122925 0.447313 0.236220,
        0.121865 0.446531 0.236220,
        0.053539 0.445950 0.236220,
        0.040323 0.450683 0.236220,
        0.073291 0.588089 0.236220,
        0.066288 0.590054 0.236220,
        0.061786 0.592482 0.236220,
        0.119184 0.445213 0.236220,
        0.114928 0.444178 0.236220,
        0.052183 0.551643 0.236220,
        0.054407 0.559774 0.236220,
        0.057818 0.566121 0.236220,
        0.061406 0.570111 0.236220,
        0.065506 0.572893 0.236220,
        0.071580 0.575131 0.236220,
        -0.039370 0.444216 0.236220,
        -0.039370 0.696758 0.236220,
        -0.040045 0.444304 0.236220,
        -0.050583 0.456801 0.236220,
        -0.043289 0.445040 0.236220,
        -0.050454 0.454147 0.236220,
        -0.047122 0.447100 0.236220,
        -0.048586 0.448755 0.236220,
        -0.049592 0.450789 0.236220,
        -0.050583 0.684258 0.236220,
        -0.041752 0.696343 0.236220,
        -0.050283 0.687667 0.236220,
        -0.049517 0.690315 0.236220,
        -0.048328 0.692398 0.236220,
        -0.046796 0.694030 0.236220,
        -0.044806 0.695316 0.236220,
        -0.045439 0.445886 0.236220,
        -0.365813 0.466239 0.275591,
        -0.349946 0.534665 0.275591,
        -0.278394 0.534665 0.275591,
        -0.264060 0.475736 0.275591,
        -0.262467 0.463172 0.275591,
        -0.262978 0.469490 0.275591,
        -0.278394 0.444060 0.275591,
        -0.276084 0.444175 0.275591,
        -0.271441 0.444903 0.275591,
        -0.268697 0.446031 0.275591,
        -0.267059 0.447202 0.275591,
        -0.265766 0.448719 0.275591,
        -0.264433 0.451358 0.275591,
        -0.263213 0.455847 0.275591,
        -0.283172 0.444060 0.275591,
        -0.283172 0.432734 0.275591,
        -0.224243 0.432734 0.275591,
        -0.224243 0.444060 0.275591,
        -0.229021 0.444060 0.275591,
        -0.246541 0.461225 0.275591,
        -0.244744 0.454485 0.275591,
        -0.242907 0.451013 0.275591,
        -0.240385 0.448141 0.275591,
        -0.237541 0.446161 0.275591,
        -0.233500 0.444602 0.275591,
        -0.308595 0.708325 0.275591,
        -0.332426 0.712100 0.275591,
        -0.392889 0.461520 0.275591,
        -0.412001 0.444060 0.275591,
        -0.409724 0.444194 0.275591,
        -0.406067 0.445054 0.275591,
        -0.402468 0.446821 0.275591,
        -0.399473 0.449318 0.275591,
        -0.396125 0.454012 0.275591,
        -0.416779 0.444060 0.275591,
        -0.416779 0.432734 0.275591,
        -0.348294 0.432734 0.275591,
        -0.348294 0.444060 0.275591,
        -0.354665 0.444060 0.275591,
        -0.367406 0.455209 0.275591,
        -0.366885 0.451251 0.275591,
        -0.366090 0.448586 0.275591,
        -0.365216 0.447063 0.275591,
        -0.364386 0.446192 0.275591,
        -0.363270 0.445497 0.275591,
        -0.361294 0.444770 0.275591,
        -0.358598 0.444250 0.275591,
        -0.367049 0.460790 0.275591,
        -0.348353 0.545991 0.275591,
        -0.281579 0.545991 0.275591,
        -0.314966 0.681250 0.275591,
        -0.316559 0.681250 0.275591,
        -0.348353 0.545991 0.236220,
        -0.316559 0.681250 0.236220,
        -0.281579 0.545991 0.236220,
        -0.314966 0.681250 0.236220,
        -0.024157 0.696999 0.236220,
        -0.024157 0.708325 0.236220,
        -0.034715 0.696999 0.236220,
        -0.024157 0.432734 0.236220,
        -0.024157 0.444060 0.236220,
        -0.035719 0.444060 0.236220,
        -0.050583 0.456801 0.275591,
        -0.050583 0.684258 0.275591,
        -0.034715 0.696999 0.275591,
        -0.041752 0.696343 0.275591,
        -0.044806 0.695316 0.275591,
        -0.046796 0.694030 0.275591,
        -0.048328 0.692398 0.275591,
        -0.049517 0.690315 0.275591,
        -0.050283 0.687667 0.275591,
        -0.024157 0.696999 0.275591,
        -0.024157 0.708325 0.275591,
        -0.096299 0.708325 0.275591,
        -0.205367 0.576193 0.275591,
        -0.202147 0.616937 0.275591,
        -0.192997 0.648841 0.275591,
        -0.181507 0.669030 0.275591,
        -0.166132 0.685174 0.275591,
        -0.147243 0.697452 0.275591,
        -0.124959 0.705280 0.275591,
        -0.092524 0.432734 0.275591,
        -0.100328 0.432940 0.275591,
        -0.130822 0.437736 0.275591,
        -0.151049 0.445986 0.275591,
        -0.169304 0.459312 0.275591,
        -0.182817 0.475585 0.275591,
        -0.193952 0.498193 0.275591,
        -0.202137 0.530700 0.275591,
        -0.024157 0.432734 0.275591,
        -0.024157 0.444060 0.275591,
        -0.035719 0.444060 0.275591,
        -0.040045 0.444304 0.275591,
        -0.043289 0.445040 0.275591,
        -0.045439 0.445886 0.275591,
        -0.047122 0.447100 0.275591,
        -0.048586 0.448755 0.275591,
        -0.049592 0.450789 0.275591,
        -0.050454 0.454147 0.275591,
        -0.171531 0.623598 0.275591,
        -0.175165 0.572889 0.275591,
        -0.171706 0.521671 0.275591,
        -0.164139 0.491615 0.275591,
        -0.155572 0.475085 0.275591,
        -0.144418 0.462928 0.275591,
        -0.084612 0.445665 0.275591,
        -0.081264 0.447531 0.275591,
        -0.079518 0.449117 0.275591,
        -0.078363 0.450905 0.275591,
        -0.077384 0.453450 0.275591,
        -0.078179 0.689516 0.275591,
        -0.079547 0.691493 0.275591,
        -0.129189 0.452309 0.275591,
        -0.113325 0.446334 0.275591,
        -0.094175 0.444060 0.275591,
        -0.090568 0.444224 0.275591,
        -0.081499 0.693211 0.275591,
        -0.084280 0.694748 0.275591,
        -0.089544 0.696283 0.275591,
        -0.098835 0.696999 0.275591,
        -0.117876 0.694790 0.275591,
        -0.163240 0.654021 0.275591,
        -0.154612 0.669518 0.275591,
        -0.143459 0.681648 0.275591,
        -0.131930 0.689438 0.275591,
        -0.077010 0.456801 0.275591,
        -0.077372 0.687306 0.275591,
        -0.077010 0.684258 0.275591,
        -0.175165 0.572889 0.236220,
        -0.171706 0.521671 0.236220,
        -0.164139 0.491615 0.236220,
        -0.155572 0.475085 0.236220,
        -0.144418 0.462928 0.236220,
        -0.129189 0.452309 0.236220,
        -0.113325 0.446334 0.236220,
        -0.094175 0.444060 0.236220,
        -0.090568 0.444224 0.236220,
        -0.084612 0.445665 0.236220,
        -0.081264 0.447531 0.236220,
        -0.079518 0.449117 0.236220,
        -0.078363 0.450905 0.236220,
        -0.077384 0.453450 0.236220,
        -0.077010 0.456801 0.236220,
        -0.077010 0.684258 0.236220,
        -0.077372 0.687306 0.236220,
        -0.078179 0.689516 0.236220,
        -0.079547 0.691493 0.236220,
        -0.081499 0.693211 0.236220,
        -0.084280 0.694748 0.236220,
        -0.089544 0.696283 0.236220,
        -0.098835 0.696999 0.236220,
        -0.117876 0.694790 0.236220,
        -0.131930 0.689438 0.236220,
        -0.143459 0.681648 0.236220,
        -0.154612 0.669518 0.236220,
        -0.163240 0.654021 0.236220,
        -0.171531 0.623598 0.236220,
        0.002683 0.500688 0.236220,
        -0.005281 0.496913 0.236220,
        0.012492 0.478199 0.236220,
        0.012533 0.432734 0.236220,
        0.023407 0.463252 0.236220,
        0.027799 0.459044 0.236220,
        0.016427 0.708325 0.236220,
        -0.001506 0.651697 0.236220,
        0.006458 0.647921 0.236220,
        0.037300 0.687230 0.236220,
        0.024561 0.675176 0.236220,
        0.167612 0.696999 0.275591,
        0.175576 0.696999 0.275591,
        0.175576 0.708325 0.275591,
        0.016427 0.708325 0.275591,
        -0.001506 0.651697 0.275591,
        0.006458 0.647921 0.275591,
        0.066625 0.696999 0.275591,
        0.057829 0.696221 0.275591,
        0.047717 0.693184 0.275591,
        0.037300 0.687230 0.275591,
        0.024561 0.675176 0.275591,
        0.112223 0.696999 0.275591,
        0.126852 0.684494 0.275591,
        0.126603 0.687518 0.275591,
        0.125862 0.689951 0.275591,
        0.124498 0.692170 0.275591,
        0.122719 0.693922 0.275591,
        0.120040 0.695498 0.275591,
        0.116650 0.696606 0.275591,
        0.126852 0.587518 0.275591,
        0.081254 0.587518 0.275591,
        0.051348 0.619489 0.275591,
        0.051420 0.616731 0.275591,
        0.052794 0.606669 0.275591,
        0.055306 0.599954 0.275591,
        0.058199 0.595737 0.275591,
        0.061786 0.592482 0.275591,
        0.066288 0.590054 0.275591,
        0.073291 0.588089 0.275591,
        0.051348 0.629045 0.275591,
        0.040022 0.629045 0.275591,
        0.040022 0.534665 0.275591,
        0.051348 0.534665 0.275591,
        0.051348 0.540800 0.275591,
        0.081254 0.576193 0.275591,
        0.071580 0.575131 0.275591,
        0.065506 0.572893 0.275591,
        0.061406 0.570111 0.275591,
        0.057818 0.566121 0.275591,
        0.054407 0.559774 0.275591,
        0.052183 0.551643 0.275591,
        0.126852 0.576193 0.275591,
        0.126852 0.456801 0.275591,
        0.112341 0.444060 0.275591,
        0.114928 0.444178 0.275591,
        0.119184 0.445213 0.275591,
        0.121865 0.446531 0.275591,
        0.122925 0.447313 0.275591,
        0.124603 0.449006 0.275591,
        0.125693 0.450893 0.275591,
        0.126561 0.453512 0.275591,
        0.070400 0.444060 0.275591,
        0.002683 0.500688 0.275591,
        0.012492 0.478199 0.275591,
        0.023407 0.463252 0.275591,
        0.027799 0.459044 0.275591,
        0.040323 0.450683 0.275591,
        0.053539 0.445950 0.275591,
        -0.005281 0.496913 0.275591,
        0.012533 0.432734 0.275591,
        0.177168 0.432734 0.275591,
        0.177168 0.444060 0.275591,
        0.167612 0.444060 0.275591,
        0.153278 0.456801 0.275591,
        0.153419 0.454082 0.275591,
        0.154259 0.450653 0.275591,
        0.155313 0.448605 0.275591,
        0.156689 0.447031 0.275591,
        0.158329 0.445842 0.275591,
        0.160456 0.444994 0.275591,
        0.163519 0.444296 0.275591,
        0.153278 0.684258 0.275591,
        0.161935 0.696507 0.275591,
        0.158961 0.695544 0.275591,
        0.157036 0.694327 0.275591,
        0.155495 0.692706 0.275591,
        0.154383 0.690750 0.275591,
        0.153513 0.687671 0.275591,
        0.282284 0.432734 0.275591,
        0.269146 0.433937 0.275591,
        0.254165 0.438644 0.275591,
        0.240129 0.447108 0.275591,
        0.225256 0.461728 0.275591,
        0.211927 0.482661 0.275591,
        0.202356 0.509831 0.275591,
        0.379791 0.571591 0.275591,
        0.375604 0.520472 0.275591,
        0.365549 0.486672 0.275591,
        0.354201 0.467246 0.275591,
        0.340316 0.452628 0.275591,
        0.324069 0.441891 0.275591,
        0.305552 0.435308 0.275591,
        0.275914 0.712100 0.275591,
        0.295319 0.710322 0.275591,
        0.314853 0.704097 0.275591,
        0.331567 0.693911 0.275591,
        0.346953 0.678646 0.275591,
        0.364110 0.650783 0.275591,
        0.375491 0.615892 0.275591,
        0.253498 0.709092 0.275591,
        0.264609 0.711320 0.275591,
        0.234327 0.704550 0.275591,
        0.244120 0.705917 0.275591,
        0.216749 0.712100 0.275591,
        0.218245 0.710235 0.275591,
        0.220654 0.707885 0.275591,
        0.223390 0.706259 0.275591,
        0.226846 0.705181 0.275591,
        0.202356 0.644146 0.275591,
        0.211912 0.640371 0.275591,
        0.279158 0.700774 0.275591,
        0.271105 0.700386 0.275591,
        0.257602 0.697463 0.275591,
        0.245223 0.691431 0.275591,
        0.235232 0.682890 0.275591,
        0.222563 0.665325 0.275591,
        0.349589 0.573538 0.275591,
        0.349581 0.574185 0.275591,
        0.343661 0.629220 0.275591,
        0.331037 0.664437 0.275591,
        0.320192 0.681211 0.275591,
        0.313827 0.687753 0.275591,
        0.303965 0.694741 0.275591,
        0.293178 0.699003 0.275591,
        0.280751 0.447835 0.275591,
        0.289622 0.448369 0.275591,
        0.302294 0.451307 0.275591,
        0.313690 0.457074 0.275591,
        0.319441 0.461599 0.275591,
        0.327934 0.471395 0.275591,
        0.335619 0.485617 0.275591,
        0.344424 0.514926 0.275591,
        0.211912 0.514668 0.275591,
        0.217241 0.496522 0.275591,
        0.226452 0.478706 0.275591,
        0.238798 0.464153 0.275591,
        0.250841 0.455363 0.275591,
        0.263909 0.450042 0.275591,
      ]
    }
    coordIndex [
      169, 96, 340, -1,
      340, 96, 339, -1,
      429, 340, 93, -1,
      93, 340, 283, -1,
      93, 283, 86, -1,
      429, 430, 340, -1,
      340, 430, 170, -1,
      340, 170, 169, -1,
      431, 432, 433, -1,
      434, 435, 436, -1,
      437, 438, 435, -1,
      435, 438, 439, -1,
      435, 439, 436, -1,
      429, 440, 441, -1,
      440, 429, 437, -1,
      437, 429, 442, -1,
      437, 442, 443, -1,
      443, 444, 437, -1,
      437, 444, 445, -1,
      437, 445, 446, -1,
      446, 447, 437, -1,
      437, 447, 448, -1,
      437, 448, 449, -1,
      449, 450, 437, -1,
      437, 450, 451, -1,
      437, 451, 438, -1,
      452, 453, 454, -1,
      455, 456, 457, -1,
      458, 459, 452, -1,
      433, 432, 452, -1,
      452, 432, 460, -1,
      452, 460, 458, -1,
      459, 461, 452, -1,
      452, 461, 462, -1,
      452, 462, 463, -1,
      454, 464, 452, -1,
      452, 464, 465, -1,
      452, 465, 441, -1,
      441, 465, 430, -1,
      441, 430, 429, -1,
      436, 466, 434, -1,
      434, 466, 467, -1,
      434, 467, 457, -1,
      457, 467, 468, -1,
      457, 468, 455, -1,
      463, 469, 452, -1,
      452, 469, 470, -1,
      452, 470, 453, -1,
      433, 471, 431, -1,
      431, 471, 472, -1,
      431, 472, 473, -1,
      473, 474, 431, -1,
      431, 474, 475, -1,
      431, 475, 476, -1,
      268, 267, 319, -1,
      319, 267, 274, -1,
      39, 38, 296, -1,
      296, 38, 316, -1,
      266, 265, 273, -1,
      273, 265, 320, -1,
      265, 268, 320, -1,
      320, 268, 319, -1,
      36, 37, 315, -1,
      315, 37, 294, -1,
      38, 36, 316, -1,
      316, 36, 315, -1,
      260, 259, 323, -1,
      323, 259, 276, -1,
      35, 34, 298, -1,
      298, 34, 318, -1,
      258, 257, 275, -1,
      275, 257, 324, -1,
      257, 260, 324, -1,
      324, 260, 323, -1,
      32, 33, 317, -1,
      317, 33, 295, -1,
      34, 32, 318, -1,
      318, 32, 317, -1,
      31, 30, 300, -1,
      300, 30, 322, -1,
      256, 255, 327, -1,
      327, 255, 278, -1,
      28, 29, 321, -1,
      321, 29, 297, -1,
      30, 28, 322, -1,
      322, 28, 321, -1,
      254, 253, 277, -1,
      277, 253, 328, -1,
      253, 256, 328, -1,
      328, 256, 327, -1,
      252, 251, 331, -1,
      331, 251, 280, -1,
      27, 26, 302, -1,
      302, 26, 326, -1,
      250, 249, 279, -1,
      279, 249, 332, -1,
      249, 252, 332, -1,
      332, 252, 331, -1,
      24, 25, 325, -1,
      325, 25, 299, -1,
      26, 24, 326, -1,
      326, 24, 325, -1,
      178, 231, 335, -1,
      335, 231, 477, -1,
      477, 478, 335, -1,
      335, 478, 220, -1,
      335, 220, 282, -1,
      282, 220, 221, -1,
      477, 479, 480, -1,
      480, 479, 481, -1,
      480, 481, 482, -1,
      483, 484, 485, -1,
      477, 480, 478, -1,
      478, 480, 486, -1,
      478, 486, 487, -1,
      487, 486, 488, -1,
      487, 488, 489, -1,
      489, 490, 487, -1,
      487, 490, 491, -1,
      487, 491, 492, -1,
      482, 481, 485, -1,
      485, 481, 493, -1,
      485, 493, 483, -1,
      23, 22, 304, -1,
      304, 22, 330, -1,
      175, 178, 336, -1,
      336, 178, 335, -1,
      222, 175, 281, -1,
      281, 175, 336, -1,
      20, 21, 329, -1,
      329, 21, 301, -1,
      22, 20, 330, -1,
      330, 20, 329, -1,
      96, 135, 339, -1,
      339, 135, 284, -1,
      19, 18, 306, -1,
      306, 18, 334, -1,
      16, 17, 333, -1,
      333, 17, 303, -1,
      18, 16, 334, -1,
      334, 16, 333, -1,
      15, 14, 308, -1,
      308, 14, 338, -1,
      83, 82, 343, -1,
      343, 82, 286, -1,
      12, 13, 337, -1,
      337, 13, 305, -1,
      14, 12, 338, -1,
      338, 12, 337, -1,
      81, 80, 285, -1,
      285, 80, 344, -1,
      80, 83, 344, -1,
      344, 83, 343, -1,
      79, 78, 347, -1,
      347, 78, 288, -1,
      11, 10, 310, -1,
      310, 10, 342, -1,
      77, 76, 287, -1,
      287, 76, 348, -1,
      76, 79, 348, -1,
      348, 79, 347, -1,
      8, 9, 341, -1,
      341, 9, 307, -1,
      10, 8, 342, -1,
      342, 8, 341, -1,
      7, 6, 312, -1,
      312, 6, 346, -1,
      71, 70, 351, -1,
      351, 70, 290, -1,
      4, 5, 345, -1,
      345, 5, 309, -1,
      6, 4, 346, -1,
      346, 4, 345, -1,
      69, 68, 289, -1,
      289, 68, 352, -1,
      68, 71, 352, -1,
      352, 71, 351, -1,
      3, 2, 314, -1,
      314, 2, 350, -1,
      63, 62, 354, -1,
      354, 62, 292, -1,
      0, 1, 349, -1,
      349, 1, 311, -1,
      2, 0, 350, -1,
      350, 0, 349, -1,
      61, 60, 291, -1,
      291, 60, 356, -1,
      60, 63, 356, -1,
      356, 63, 354, -1,
      50, 54, 45, -1,
      45, 54, 40, -1,
      54, 57, 40, -1,
      40, 57, 41, -1,
      55, 51, 43, -1,
      43, 51, 44, -1,
      56, 55, 42, -1,
      42, 55, 43, -1,
      53, 52, 293, -1,
      293, 52, 353, -1,
      52, 47, 353, -1,
      353, 47, 46, -1,
      59, 58, 355, -1,
      355, 58, 313, -1,
      49, 59, 48, -1,
      48, 59, 355, -1,
      494, 495, 195, -1,
      195, 495, 196, -1,
      495, 496, 196, -1,
      196, 496, 188, -1,
      496, 497, 188, -1,
      188, 497, 204, -1,
      498, 207, 205, -1,
      498, 205, 499, -1,
      499, 205, 204, -1,
      499, 204, 497, -1,
      500, 186, 206, -1,
      500, 206, 501, -1,
      501, 206, 228, -1,
      501, 228, 502, -1,
      502, 228, 224, -1,
      502, 224, 503, -1,
      503, 224, 223, -1,
      503, 223, 504, -1,
      504, 223, 225, -1,
      504, 225, 505, -1,
      505, 225, 226, -1,
      505, 226, 506, -1,
      506, 226, 227, -1,
      506, 227, 507, -1,
      507, 227, 207, -1,
      507, 207, 498, -1,
      500, 508, 186, -1,
      186, 508, 187, -1,
      508, 509, 187, -1,
      187, 509, 193, -1,
      509, 510, 193, -1,
      193, 510, 192, -1,
      510, 511, 192, -1,
      192, 511, 241, -1,
      511, 512, 241, -1,
      241, 512, 242, -1,
      513, 202, 201, -1,
      513, 201, 514, -1,
      514, 201, 244, -1,
      514, 244, 515, -1,
      515, 244, 243, -1,
      515, 243, 516, -1,
      516, 243, 239, -1,
      516, 239, 517, -1,
      517, 239, 238, -1,
      517, 238, 518, -1,
      518, 238, 242, -1,
      518, 242, 512, -1,
      513, 519, 202, -1,
      202, 519, 185, -1,
      519, 520, 185, -1,
      185, 520, 184, -1,
      520, 521, 184, -1,
      184, 521, 183, -1,
      522, 180, 182, -1,
      522, 182, 523, -1,
      523, 182, 191, -1,
      523, 191, 524, -1,
      524, 191, 190, -1,
      524, 190, 525, -1,
      525, 190, 189, -1,
      525, 189, 526, -1,
      526, 189, 181, -1,
      526, 181, 527, -1,
      527, 181, 183, -1,
      527, 183, 521, -1,
      522, 528, 180, -1,
      180, 528, 179, -1,
      528, 529, 179, -1,
      179, 529, 176, -1,
      529, 530, 176, -1,
      176, 530, 177, -1,
      530, 531, 177, -1,
      177, 531, 194, -1,
      531, 532, 194, -1,
      194, 532, 197, -1,
      533, 200, 210, -1,
      533, 210, 534, -1,
      534, 210, 234, -1,
      534, 234, 535, -1,
      535, 234, 233, -1,
      535, 233, 536, -1,
      536, 233, 232, -1,
      536, 232, 537, -1,
      537, 232, 212, -1,
      537, 212, 538, -1,
      538, 212, 211, -1,
      538, 211, 539, -1,
      539, 211, 198, -1,
      539, 198, 540, -1,
      540, 198, 197, -1,
      540, 197, 532, -1,
      494, 195, 199, -1,
      494, 199, 541, -1,
      541, 199, 200, -1,
      541, 200, 533, -1,
      512, 511, 510, -1,
      525, 526, 530, -1,
      520, 542, 521, -1,
      521, 542, 527, -1,
      535, 536, 526, -1,
      528, 522, 529, -1,
      529, 522, 523, -1,
      529, 523, 530, -1,
      530, 523, 524, -1,
      530, 524, 525, -1,
      541, 533, 527, -1,
      539, 530, 538, -1,
      538, 530, 526, -1,
      538, 526, 537, -1,
      537, 526, 536, -1,
      509, 508, 500, -1,
      500, 501, 509, -1,
      509, 501, 502, -1,
      509, 502, 510, -1,
      510, 502, 503, -1,
      510, 503, 504, -1,
      514, 515, 505, -1,
      505, 515, 516, -1,
      505, 516, 504, -1,
      504, 516, 517, -1,
      504, 517, 510, -1,
      510, 517, 518, -1,
      510, 518, 512, -1,
      539, 540, 530, -1,
      530, 540, 532, -1,
      530, 532, 531, -1,
      527, 533, 526, -1,
      526, 533, 534, -1,
      526, 534, 535, -1,
      543, 496, 542, -1,
      542, 496, 495, -1,
      542, 495, 527, -1,
      527, 495, 494, -1,
      527, 494, 541, -1,
      505, 506, 514, -1,
      514, 506, 507, -1,
      514, 507, 513, -1,
      507, 498, 513, -1,
      513, 498, 499, -1,
      513, 499, 497, -1,
      497, 496, 513, -1,
      513, 496, 543, -1,
      513, 543, 519, -1,
      519, 543, 544, -1,
      519, 544, 520, -1,
      520, 544, 545, -1,
      520, 545, 542, -1,
      542, 545, 546, -1,
      546, 545, 547, -1,
      543, 542, 548, -1,
      548, 542, 546, -1,
      544, 543, 549, -1,
      549, 543, 548, -1,
      545, 544, 547, -1,
      547, 544, 549, -1,
      548, 546, 549, -1,
      549, 546, 547, -1,
      550, 551, 552, -1,
      552, 551, 220, -1,
      552, 220, 478, -1,
      553, 554, 231, -1,
      231, 554, 555, -1,
      231, 555, 477, -1,
      556, 557, 480, -1,
      480, 557, 486, -1,
      552, 478, 558, -1,
      558, 478, 559, -1,
      478, 487, 559, -1,
      559, 487, 492, -1,
      559, 492, 560, -1,
      560, 492, 491, -1,
      560, 491, 561, -1,
      561, 491, 490, -1,
      561, 490, 562, -1,
      562, 490, 489, -1,
      562, 489, 563, -1,
      563, 489, 488, -1,
      563, 488, 564, -1,
      564, 488, 486, -1,
      564, 486, 557, -1,
      558, 565, 552, -1,
      552, 565, 550, -1,
      565, 566, 550, -1,
      550, 566, 551, -1,
      551, 566, 220, -1,
      220, 566, 567, -1,
      220, 567, 219, -1,
      568, 236, 235, -1,
      568, 235, 569, -1,
      569, 235, 218, -1,
      569, 218, 570, -1,
      570, 218, 217, -1,
      570, 217, 571, -1,
      571, 217, 216, -1,
      571, 216, 572, -1,
      572, 216, 209, -1,
      572, 209, 573, -1,
      573, 209, 208, -1,
      573, 208, 574, -1,
      574, 208, 219, -1,
      574, 219, 567, -1,
      575, 230, 229, -1,
      575, 229, 576, -1,
      576, 229, 213, -1,
      576, 213, 577, -1,
      577, 213, 214, -1,
      577, 214, 578, -1,
      578, 214, 215, -1,
      578, 215, 579, -1,
      579, 215, 240, -1,
      579, 240, 580, -1,
      580, 240, 203, -1,
      580, 203, 581, -1,
      581, 203, 237, -1,
      581, 237, 582, -1,
      582, 237, 236, -1,
      582, 236, 568, -1,
      230, 575, 231, -1,
      231, 575, 583, -1,
      231, 583, 553, -1,
      583, 584, 553, -1,
      553, 584, 554, -1,
      584, 585, 554, -1,
      554, 585, 555, -1,
      555, 585, 477, -1,
      477, 585, 586, -1,
      477, 586, 479, -1,
      479, 586, 587, -1,
      479, 587, 481, -1,
      481, 587, 588, -1,
      481, 588, 493, -1,
      493, 588, 589, -1,
      493, 589, 483, -1,
      483, 589, 590, -1,
      483, 590, 484, -1,
      484, 590, 591, -1,
      484, 591, 485, -1,
      485, 591, 592, -1,
      485, 592, 482, -1,
      482, 592, 556, -1,
      482, 556, 480, -1,
      585, 584, 583, -1,
      593, 594, 568, -1,
      568, 594, 582, -1,
      582, 594, 595, -1,
      582, 595, 581, -1,
      581, 595, 596, -1,
      581, 596, 580, -1,
      580, 596, 579, -1,
      579, 596, 597, -1,
      579, 597, 578, -1,
      578, 597, 598, -1,
      578, 598, 577, -1,
      589, 575, 590, -1,
      590, 575, 599, -1,
      590, 599, 600, -1,
      600, 601, 590, -1,
      590, 601, 602, -1,
      590, 602, 603, -1,
      589, 588, 575, -1,
      575, 588, 587, -1,
      575, 587, 583, -1,
      583, 587, 586, -1,
      583, 586, 585, -1,
      566, 604, 605, -1,
      598, 606, 577, -1,
      577, 606, 607, -1,
      577, 607, 576, -1,
      576, 607, 608, -1,
      576, 608, 575, -1,
      575, 608, 609, -1,
      575, 609, 599, -1,
      566, 565, 558, -1,
      558, 559, 566, -1,
      566, 559, 560, -1,
      566, 560, 604, -1,
      604, 560, 561, -1,
      605, 610, 566, -1,
      566, 610, 611, -1,
      566, 611, 567, -1,
      611, 612, 567, -1,
      567, 612, 613, -1,
      567, 613, 574, -1,
      574, 613, 614, -1,
      574, 614, 573, -1,
      568, 569, 593, -1,
      593, 569, 570, -1,
      593, 570, 615, -1,
      615, 570, 571, -1,
      615, 571, 616, -1,
      616, 571, 572, -1,
      616, 572, 617, -1,
      617, 572, 573, -1,
      617, 573, 618, -1,
      618, 573, 614, -1,
      619, 592, 603, -1,
      603, 592, 591, -1,
      603, 591, 590, -1,
      561, 562, 604, -1,
      604, 562, 563, -1,
      604, 563, 620, -1,
      620, 563, 564, -1,
      620, 564, 621, -1,
      621, 564, 557, -1,
      621, 557, 619, -1,
      619, 557, 556, -1,
      619, 556, 592, -1,
      594, 622, 623, -1,
      594, 623, 595, -1,
      595, 623, 624, -1,
      595, 624, 596, -1,
      596, 624, 625, -1,
      596, 625, 597, -1,
      597, 625, 626, -1,
      597, 626, 598, -1,
      598, 626, 627, -1,
      598, 627, 606, -1,
      606, 627, 628, -1,
      606, 628, 607, -1,
      607, 628, 629, -1,
      607, 629, 608, -1,
      608, 629, 630, -1,
      608, 630, 609, -1,
      609, 630, 631, -1,
      609, 631, 599, -1,
      599, 631, 632, -1,
      599, 632, 600, -1,
      600, 632, 633, -1,
      600, 633, 601, -1,
      601, 633, 634, -1,
      601, 634, 602, -1,
      602, 634, 635, -1,
      602, 635, 603, -1,
      603, 635, 636, -1,
      603, 636, 619, -1,
      621, 619, 637, -1,
      637, 619, 636, -1,
      621, 637, 638, -1,
      621, 638, 620, -1,
      620, 638, 639, -1,
      620, 639, 604, -1,
      604, 639, 640, -1,
      604, 640, 605, -1,
      605, 640, 641, -1,
      605, 641, 610, -1,
      610, 641, 642, -1,
      610, 642, 611, -1,
      611, 642, 643, -1,
      611, 643, 612, -1,
      612, 643, 644, -1,
      612, 644, 613, -1,
      613, 644, 645, -1,
      613, 645, 614, -1,
      614, 645, 646, -1,
      614, 646, 618, -1,
      618, 646, 647, -1,
      618, 647, 617, -1,
      617, 647, 648, -1,
      617, 648, 616, -1,
      616, 648, 649, -1,
      616, 649, 615, -1,
      615, 649, 650, -1,
      615, 650, 593, -1,
      593, 650, 622, -1,
      593, 622, 594, -1,
      637, 647, 646, -1,
      629, 628, 636, -1,
      636, 628, 627, -1,
      636, 627, 626, -1,
      646, 645, 637, -1,
      637, 645, 644, -1,
      637, 644, 643, -1,
      636, 623, 637, -1,
      637, 623, 622, -1,
      637, 622, 650, -1,
      629, 636, 630, -1,
      630, 636, 635, -1,
      630, 635, 634, -1,
      626, 625, 636, -1,
      636, 625, 624, -1,
      636, 624, 623, -1,
      650, 649, 637, -1,
      637, 649, 648, -1,
      637, 648, 647, -1,
      634, 633, 630, -1,
      630, 633, 632, -1,
      630, 632, 631, -1,
      643, 642, 637, -1,
      637, 642, 641, -1,
      637, 641, 638, -1,
      638, 641, 640, -1,
      638, 640, 639, -1,
      651, 652, 653, -1,
      653, 652, 654, -1,
      653, 654, 655, -1,
      170, 430, 654, -1,
      654, 430, 656, -1,
      654, 656, 655, -1,
      657, 658, 659, -1,
      429, 93, 660, -1,
      660, 93, 657, -1,
      660, 657, 661, -1,
      661, 657, 659, -1,
      662, 663, 140, -1,
      140, 663, 95, -1,
      663, 664, 95, -1,
      95, 664, 94, -1,
      94, 664, 93, -1,
      93, 664, 665, -1,
      93, 665, 657, -1,
      665, 666, 657, -1,
      657, 666, 658, -1,
      666, 667, 658, -1,
      658, 667, 659, -1,
      668, 444, 443, -1,
      668, 443, 669, -1,
      669, 443, 442, -1,
      669, 442, 670, -1,
      670, 442, 429, -1,
      670, 429, 671, -1,
      429, 660, 671, -1,
      671, 660, 661, -1,
      671, 661, 672, -1,
      672, 661, 659, -1,
      672, 659, 667, -1,
      668, 673, 444, -1,
      444, 673, 445, -1,
      674, 438, 451, -1,
      674, 451, 675, -1,
      675, 451, 450, -1,
      675, 450, 676, -1,
      676, 450, 449, -1,
      676, 449, 677, -1,
      677, 449, 448, -1,
      677, 448, 678, -1,
      678, 448, 447, -1,
      678, 447, 679, -1,
      679, 447, 446, -1,
      679, 446, 680, -1,
      680, 446, 445, -1,
      680, 445, 673, -1,
      674, 681, 438, -1,
      438, 681, 439, -1,
      681, 682, 439, -1,
      439, 682, 436, -1,
      683, 435, 434, -1,
      683, 434, 684, -1,
      684, 434, 457, -1,
      684, 457, 685, -1,
      685, 457, 456, -1,
      685, 456, 686, -1,
      686, 456, 455, -1,
      686, 455, 687, -1,
      687, 455, 468, -1,
      687, 468, 688, -1,
      688, 468, 467, -1,
      688, 467, 689, -1,
      689, 467, 466, -1,
      689, 466, 690, -1,
      690, 466, 436, -1,
      690, 436, 682, -1,
      683, 691, 435, -1,
      435, 691, 437, -1,
      691, 692, 437, -1,
      437, 692, 440, -1,
      692, 693, 440, -1,
      440, 693, 441, -1,
      693, 694, 441, -1,
      441, 694, 452, -1,
      694, 695, 452, -1,
      452, 695, 433, -1,
      696, 431, 476, -1,
      696, 476, 697, -1,
      697, 476, 475, -1,
      697, 475, 698, -1,
      698, 475, 474, -1,
      698, 474, 699, -1,
      699, 474, 473, -1,
      699, 473, 700, -1,
      700, 473, 472, -1,
      700, 472, 701, -1,
      701, 472, 471, -1,
      701, 471, 702, -1,
      702, 471, 433, -1,
      702, 433, 695, -1,
      696, 703, 431, -1,
      431, 703, 432, -1,
      703, 704, 432, -1,
      432, 704, 460, -1,
      705, 453, 470, -1,
      705, 470, 706, -1,
      706, 470, 469, -1,
      706, 469, 707, -1,
      707, 469, 463, -1,
      707, 463, 708, -1,
      708, 463, 462, -1,
      708, 462, 709, -1,
      709, 462, 461, -1,
      709, 461, 710, -1,
      710, 461, 459, -1,
      710, 459, 711, -1,
      711, 459, 458, -1,
      711, 458, 712, -1,
      712, 458, 460, -1,
      712, 460, 704, -1,
      705, 713, 453, -1,
      453, 713, 454, -1,
      714, 651, 653, -1,
      714, 653, 715, -1,
      715, 653, 655, -1,
      715, 655, 716, -1,
      716, 655, 656, -1,
      716, 656, 717, -1,
      717, 656, 430, -1,
      717, 430, 718, -1,
      430, 465, 718, -1,
      718, 465, 464, -1,
      718, 464, 719, -1,
      719, 464, 454, -1,
      719, 454, 713, -1,
      714, 720, 651, -1,
      651, 720, 652, -1,
      720, 721, 652, -1,
      652, 721, 654, -1,
      722, 88, 721, -1,
      721, 88, 170, -1,
      721, 170, 654, -1,
      722, 723, 88, -1,
      88, 723, 89, -1,
      723, 724, 89, -1,
      89, 724, 107, -1,
      725, 109, 111, -1,
      725, 111, 726, -1,
      726, 111, 138, -1,
      726, 138, 727, -1,
      727, 138, 139, -1,
      727, 139, 728, -1,
      728, 139, 137, -1,
      728, 137, 729, -1,
      729, 137, 136, -1,
      729, 136, 730, -1,
      730, 136, 110, -1,
      730, 110, 731, -1,
      731, 110, 108, -1,
      731, 108, 732, -1,
      732, 108, 107, -1,
      732, 107, 724, -1,
      725, 733, 109, -1,
      109, 733, 112, -1,
      662, 140, 142, -1,
      662, 142, 734, -1,
      734, 142, 148, -1,
      734, 148, 735, -1,
      735, 148, 147, -1,
      735, 147, 736, -1,
      736, 147, 146, -1,
      736, 146, 737, -1,
      737, 146, 143, -1,
      737, 143, 738, -1,
      738, 143, 141, -1,
      738, 141, 739, -1,
      739, 141, 112, -1,
      739, 112, 733, -1,
      695, 694, 693, -1,
      720, 714, 721, -1,
      721, 714, 715, -1,
      721, 715, 716, -1,
      727, 728, 710, -1,
      710, 728, 729, -1,
      710, 729, 730, -1,
      731, 732, 722, -1,
      722, 732, 724, -1,
      722, 724, 723, -1,
      716, 717, 721, -1,
      721, 717, 718, -1,
      721, 718, 719, -1,
      722, 707, 708, -1,
      686, 698, 699, -1,
      664, 663, 662, -1,
      662, 734, 664, -1,
      664, 734, 735, -1,
      664, 735, 676, -1,
      669, 670, 665, -1,
      730, 731, 710, -1,
      710, 731, 722, -1,
      710, 722, 709, -1,
      709, 722, 708, -1,
      692, 691, 683, -1,
      683, 684, 692, -1,
      692, 684, 685, -1,
      692, 685, 693, -1,
      693, 685, 686, -1,
      686, 687, 698, -1,
      698, 687, 688, -1,
      698, 688, 697, -1,
      735, 736, 676, -1,
      676, 736, 737, -1,
      676, 737, 738, -1,
      667, 666, 672, -1,
      672, 666, 665, -1,
      672, 665, 671, -1,
      671, 665, 670, -1,
      710, 711, 727, -1,
      727, 711, 712, -1,
      727, 712, 726, -1,
      726, 712, 725, -1,
      676, 677, 664, -1,
      664, 677, 678, -1,
      664, 678, 679, -1,
      719, 713, 721, -1,
      721, 713, 705, -1,
      721, 705, 722, -1,
      722, 705, 706, -1,
      722, 706, 707, -1,
      712, 704, 725, -1,
      725, 704, 703, -1,
      725, 703, 733, -1,
      733, 703, 739, -1,
      699, 700, 686, -1,
      686, 700, 701, -1,
      686, 701, 693, -1,
      693, 701, 702, -1,
      693, 702, 695, -1,
      688, 689, 697, -1,
      697, 689, 690, -1,
      697, 690, 696, -1,
      696, 690, 682, -1,
      696, 682, 703, -1,
      703, 682, 681, -1,
      703, 681, 739, -1,
      739, 681, 674, -1,
      739, 674, 738, -1,
      738, 674, 675, -1,
      738, 675, 676, -1,
      679, 680, 664, -1,
      664, 680, 673, -1,
      664, 673, 665, -1,
      665, 673, 668, -1,
      665, 668, 669, -1,
      740, 168, 167, -1,
      740, 167, 741, -1,
      741, 167, 166, -1,
      741, 166, 742, -1,
      742, 166, 150, -1,
      742, 150, 743, -1,
      743, 150, 149, -1,
      743, 149, 744, -1,
      744, 149, 165, -1,
      744, 165, 745, -1,
      745, 165, 164, -1,
      745, 164, 746, -1,
      747, 102, 163, -1,
      747, 163, 748, -1,
      748, 163, 162, -1,
      748, 162, 749, -1,
      749, 162, 161, -1,
      749, 161, 750, -1,
      750, 161, 160, -1,
      750, 160, 751, -1,
      751, 160, 159, -1,
      751, 159, 752, -1,
      752, 159, 158, -1,
      752, 158, 753, -1,
      753, 158, 168, -1,
      753, 168, 740, -1,
      754, 106, 105, -1,
      754, 105, 755, -1,
      755, 105, 97, -1,
      755, 97, 756, -1,
      756, 97, 98, -1,
      756, 98, 757, -1,
      757, 98, 99, -1,
      757, 99, 758, -1,
      758, 99, 104, -1,
      758, 104, 759, -1,
      759, 104, 103, -1,
      759, 103, 760, -1,
      760, 103, 102, -1,
      760, 102, 747, -1,
      761, 152, 151, -1,
      761, 151, 762, -1,
      762, 151, 106, -1,
      762, 106, 754, -1,
      763, 154, 153, -1,
      763, 153, 764, -1,
      764, 153, 152, -1,
      764, 152, 761, -1,
      765, 85, 84, -1,
      765, 84, 766, -1,
      766, 84, 157, -1,
      766, 157, 767, -1,
      767, 157, 156, -1,
      767, 156, 768, -1,
      768, 156, 155, -1,
      768, 155, 769, -1,
      769, 155, 154, -1,
      769, 154, 763, -1,
      765, 770, 85, -1,
      85, 770, 87, -1,
      770, 771, 87, -1,
      87, 771, 129, -1,
      772, 113, 134, -1,
      772, 134, 773, -1,
      773, 134, 133, -1,
      773, 133, 774, -1,
      774, 133, 132, -1,
      774, 132, 775, -1,
      775, 132, 131, -1,
      775, 131, 776, -1,
      776, 131, 130, -1,
      776, 130, 777, -1,
      777, 130, 129, -1,
      777, 129, 771, -1,
      778, 92, 91, -1,
      778, 91, 779, -1,
      779, 91, 119, -1,
      779, 119, 780, -1,
      780, 119, 118, -1,
      780, 118, 781, -1,
      781, 118, 117, -1,
      781, 117, 782, -1,
      782, 117, 116, -1,
      782, 116, 783, -1,
      783, 116, 115, -1,
      783, 115, 784, -1,
      784, 115, 114, -1,
      784, 114, 785, -1,
      785, 114, 113, -1,
      785, 113, 772, -1,
      786, 125, 124, -1,
      786, 124, 787, -1,
      787, 124, 123, -1,
      787, 123, 788, -1,
      788, 123, 122, -1,
      788, 122, 789, -1,
      789, 122, 121, -1,
      789, 121, 790, -1,
      790, 121, 120, -1,
      790, 120, 791, -1,
      791, 120, 101, -1,
      791, 101, 792, -1,
      792, 101, 100, -1,
      792, 100, 793, -1,
      793, 100, 92, -1,
      793, 92, 778, -1,
      794, 90, 128, -1,
      794, 128, 795, -1,
      795, 128, 127, -1,
      795, 127, 796, -1,
      796, 127, 126, -1,
      796, 126, 797, -1,
      797, 126, 145, -1,
      797, 145, 798, -1,
      798, 145, 144, -1,
      798, 144, 799, -1,
      799, 144, 125, -1,
      799, 125, 786, -1,
      794, 746, 90, -1,
      90, 746, 164, -1,
      745, 746, 794, -1,
      771, 770, 777, -1,
      777, 770, 765, -1,
      777, 765, 776, -1,
      776, 765, 766, -1,
      776, 766, 767, -1,
      767, 768, 776, -1,
      776, 768, 769, -1,
      776, 769, 775, -1,
      780, 781, 758, -1,
      758, 781, 757, -1,
      794, 795, 745, -1,
      745, 795, 796, -1,
      745, 796, 744, -1,
      744, 796, 797, -1,
      744, 797, 743, -1,
      743, 797, 798, -1,
      743, 798, 742, -1,
      742, 798, 799, -1,
      742, 799, 741, -1,
      741, 799, 786, -1,
      741, 786, 740, -1,
      740, 786, 787, -1,
      740, 787, 753, -1,
      753, 787, 788, -1,
      753, 788, 752, -1,
      752, 788, 789, -1,
      752, 789, 751, -1,
      789, 790, 751, -1,
      751, 790, 791, -1,
      751, 791, 750, -1,
      750, 791, 792, -1,
      750, 792, 749, -1,
      749, 792, 793, -1,
      749, 793, 748, -1,
      748, 793, 747, -1,
      769, 763, 775, -1,
      775, 763, 764, -1,
      775, 764, 774, -1,
      774, 764, 761, -1,
      774, 761, 773, -1,
      773, 761, 762, -1,
      773, 762, 772, -1,
      772, 762, 754, -1,
      772, 754, 785, -1,
      785, 754, 755, -1,
      785, 755, 784, -1,
      784, 755, 756, -1,
      784, 756, 783, -1,
      783, 756, 757, -1,
      783, 757, 782, -1,
      782, 757, 781, -1,
      793, 778, 747, -1,
      747, 778, 779, -1,
      747, 779, 760, -1,
      760, 779, 780, -1,
      760, 780, 759, -1,
      759, 780, 758, -1,
      407, 360, 405, -1,
      405, 360, 359, -1,
      408, 358, 406, -1,
      406, 358, 357, -1,
      271, 383, 272, -1,
      272, 383, 382, -1,
      269, 381, 270, -1,
      270, 381, 384, -1,
      263, 386, 264, -1,
      264, 386, 385, -1,
      261, 388, 262, -1,
      262, 388, 387, -1,
      415, 362, 413, -1,
      413, 362, 361, -1,
      416, 364, 414, -1,
      414, 364, 363, -1,
      419, 366, 417, -1,
      417, 366, 365, -1,
      420, 368, 418, -1,
      418, 368, 367, -1,
      247, 391, 248, -1,
      248, 391, 390, -1,
      245, 389, 246, -1,
      246, 389, 392, -1,
      173, 394, 174, -1,
      174, 394, 393, -1,
      171, 396, 172, -1,
      172, 396, 395, -1,
      423, 371, 421, -1,
      421, 371, 372, -1,
      424, 369, 422, -1,
      422, 369, 370, -1,
      427, 374, 425, -1,
      425, 374, 373, -1,
      428, 376, 426, -1,
      426, 376, 375, -1,
      74, 399, 75, -1,
      75, 399, 398, -1,
      72, 397, 73, -1,
      73, 397, 400, -1,
      64, 402, 65, -1,
      65, 402, 401, -1,
      67, 404, 66, -1,
      66, 404, 403, -1,
      411, 380, 409, -1,
      409, 380, 379, -1,
      412, 377, 410, -1,
      410, 377, 378, -1,
    ]
  }
}
