#VRML V2.0 utf8

Shape {
  appearance Appearance {
    material Material {
      diffuseColor 0.2078 0.2078 0.2078
      specularColor 0.0157 0.0157 0.0157
      ambientIntensity 0.2
      transparency 0.0000
      shininess 0.5
    }
  }
  geometry IndexedFaceSet {
    ccw TRUE
    solid FALSE
    coord DEF co Coordinate {
      point [
        -0.052565 3.487823 0.275591,
        -0.052565 3.367168 0.275591,
        0.001671 3.367168 0.275591,
        -0.533680 3.248383 0.275591,
        -0.516683 3.232923 0.275591,
        -0.477409 3.253439 0.275591,
        -0.792663 3.334660 0.275591,
        -0.785657 3.350493 0.275591,
        -1.354428 3.350493 0.275591,
        0.161193 3.134815 0.275591,
        0.157826 3.134455 0.275591,
        0.190817 3.134455 0.275591,
        0.288619 3.232866 0.275591,
        0.249818 3.134455 0.275591,
        0.297809 3.134455 0.275591,
        3.620238 1.596652 0.275591,
        3.437116 1.949000 0.275591,
        0.520619 1.949000 0.275591,
        0.190817 3.412979 0.275591,
        0.154039 3.412979 0.275591,
        0.190817 3.367168 0.275591,
        0.154039 3.367168 0.275591,
        0.222565 3.488972 0.275591,
        0.190817 3.488972 0.275591,
        0.206604 3.487823 0.275591,
        0.190817 3.487823 0.275591,
        0.202740 3.412979 0.275591,
        0.209702 3.367168 0.275591,
        0.202740 3.428574 0.275591,
        0.206604 3.472158 0.275591,
        0.190817 3.428574 0.275591,
        0.190817 3.472158 0.275591,
        0.154039 3.472158 0.275591,
        0.154039 3.428574 0.275591,
        0.136460 3.351641 0.275591,
        0.128575 3.350493 0.275591,
        0.190817 3.350493 0.275591,
        0.222565 3.350493 0.275591,
        0.209702 3.351641 0.275591,
        0.190817 3.351641 0.275591,
        0.136460 3.487823 0.275591,
        0.128575 3.488972 0.275591,
        0.520619 3.350493 0.275591,
        0.476391 3.351641 0.275591,
        0.456966 3.351641 0.275591,
        0.443076 3.388890 0.275591,
        0.393105 3.388890 0.275591,
        0.393105 3.350493 0.275591,
        0.386369 3.388890 0.275591,
        0.373280 3.351641 0.275591,
        0.350078 3.350493 0.275591,
        0.353856 3.351641 0.275591,
        0.350078 3.488972 0.275591,
        0.393105 3.454692 0.275591,
        0.393105 3.488972 0.275591,
        0.405724 3.487823 0.275591,
        0.424522 3.487823 0.275591,
        0.520619 3.488972 0.275591,
        0.095797 3.488534 0.275591,
        0.109203 3.484551 0.275591,
        0.109203 3.466170 0.275591,
        0.109203 3.374130 0.275591,
        0.109203 3.357281 0.275591,
        0.107083 3.356219 0.275591,
        0.092540 3.351388 0.275591,
        0.083325 3.350493 0.275591,
        0.038591 3.457574 0.275591,
        0.032137 3.447984 0.275591,
        0.025700 3.416929 0.275591,
        0.095263 3.367948 0.275591,
        0.079757 3.365199 0.275591,
        0.027707 3.436018 0.275591,
        0.025691 3.418201 0.275591,
        0.093925 3.472231 0.275591,
        0.077107 3.474246 0.275591,
        0.071075 3.473969 0.275591,
        0.059333 3.471543 0.275591,
        0.027841 3.400211 0.275591,
        0.032126 3.389115 0.275591,
        0.039058 3.379351 0.275591,
        0.051447 3.369991 0.275591,
        0.061320 3.366419 0.275591,
        0.074043 3.365009 0.275591,
        0.107733 3.466964 0.275591,
        0.048699 3.466427 0.275591,
        0.039998 3.459139 0.275591,
        0.042377 3.376130 0.275591,
        0.066580 3.488972 0.275591,
        0.013333 3.488972 0.275591,
        0.058765 3.488104 0.275591,
        0.044298 3.482870 0.275591,
        0.017051 3.457197 0.275591,
        0.026909 3.470069 0.275591,
        0.030895 3.473829 0.275591,
        0.005169 3.488972 0.275591,
        0.010577 3.442074 0.275591,
        0.013333 3.448511 0.275591,
        0.013333 3.385952 0.275591,
        0.009272 3.397666 0.275591,
        0.005169 3.350493 0.275591,
        0.007241 3.417156 0.275591,
        0.007483 3.424302 0.275591,
        0.047774 3.353023 0.275591,
        0.035025 3.359249 0.275591,
        0.013333 3.350493 0.275591,
        0.024716 3.367933 0.275591,
        0.022124 3.370870 0.275591,
        0.014403 3.382864 0.275591,
        0.059332 3.350493 0.275591,
        0.013333 3.253439 0.275591,
        0.062381 3.349825 0.275591,
        0.071502 3.349344 0.275591,
        0.128575 3.253439 0.275591,
        0.342674 3.397100 0.275591,
        0.336024 3.382983 0.275591,
        0.325763 3.370719 0.275591,
        0.297809 3.488972 0.275591,
        0.297809 3.484575 0.275591,
        0.311974 3.479280 0.275591,
        0.297809 3.355397 0.275591,
        0.297809 3.350493 0.275591,
        0.308931 3.359193 0.275591,
        0.322440 3.367813 0.275591,
        0.325763 3.469791 0.275591,
        0.331152 3.464445 0.275591,
        0.339431 3.452387 0.275591,
        0.344290 3.439216 0.275591,
        0.346302 3.421472 0.275591,
        0.345920 3.413091 0.275591,
        0.274277 3.487823 0.275591,
        0.295612 3.485397 0.275591,
        0.292768 3.353676 0.275591,
        0.272885 3.351641 0.275591,
        0.235428 3.351641 0.275591,
        0.235428 3.487823 0.275591,
        0.065978 3.136778 0.275591,
        0.059548 3.134455 0.275591,
        0.080518 3.135604 0.275591,
        0.072021 3.140796 0.275591,
        0.040063 3.134491 0.275591,
        0.033524 3.136957 0.275591,
        0.013333 3.134455 0.275591,
        0.022328 3.148140 0.275591,
        0.020265 3.153910 0.275591,
        0.028928 3.209473 0.275591,
        0.028928 3.226043 0.275591,
        0.032736 3.228234 0.275591,
        0.045473 3.233084 0.275591,
        0.026359 3.182021 0.275591,
        0.031612 3.186545 0.275591,
        0.038924 3.190262 0.275591,
        0.039858 3.216476 0.275591,
        0.051694 3.193390 0.275591,
        0.066594 3.220633 0.275591,
        0.060815 3.221239 0.275591,
        0.050517 3.220153 0.275591,
        0.027779 3.140965 0.275591,
        0.025872 3.142898 0.275591,
        0.080518 3.150642 0.275591,
        0.080066 3.150642 0.275591,
        0.077408 3.146597 0.275591,
        0.019425 3.161642 0.275591,
        0.019477 3.163804 0.275591,
        0.020580 3.171144 0.275591,
        0.022936 3.177148 0.275591,
        0.079856 3.231995 0.275591,
        0.085528 3.228761 0.275591,
        0.123499 3.218209 0.275591,
        0.090081 3.224416 0.275591,
        0.121468 3.212717 0.275591,
        0.093573 3.218909 0.275591,
        0.096247 3.211158 0.275591,
        0.080518 3.197428 0.275591,
        0.079925 3.204970 0.275591,
        0.078161 3.211044 0.275591,
        0.076157 3.214557 0.275591,
        0.128424 3.188313 0.275591,
        0.120690 3.156629 0.275591,
        0.128575 3.188214 0.275591,
        0.127359 3.152505 0.275591,
        0.128575 3.152048 0.275591,
        0.125633 3.191232 0.275591,
        0.123409 3.194787 0.275591,
        0.097576 3.198194 0.275591,
        0.121528 3.199995 0.275591,
        0.120795 3.206619 0.275591,
        0.062417 3.235094 0.275591,
        0.072657 3.234173 0.275591,
        0.073578 3.217300 0.275591,
        0.070550 3.219252 0.275591,
        0.059062 3.134280 0.275591,
        0.128575 3.080510 0.275591,
        0.013333 3.080510 0.275591,
        0.050267 3.133306 0.275591,
        0.040375 3.134455 0.275591,
        -1.909449 0.531496 0.275591,
        -2.970813 1.820517 0.275591,
        -3.183022 1.417173 0.275591,
        -2.696850 0.531496 0.275591,
        -2.970813 -1.820517 0.275591,
        -2.707772 -2.192711 0.275591,
        -1.909449 -0.531496 0.275591,
        -2.696850 -0.531496 0.275591,
        -2.696850 -0.137795 0.275591,
        -3.128508 -0.137795 0.275591,
        -3.074928 -2.490028 0.275591,
        -2.732359 -2.861754 0.275591,
        -2.345190 -3.186770 0.275591,
        -1.919743 -3.459769 0.275591,
        -3.128508 0.137795 0.275591,
        -2.696850 0.137795 0.275591,
        -3.441355 0.545057 0.275591,
        -3.340770 0.989581 0.275591,
        -3.441355 -0.545057 0.275591,
        -3.340770 -0.989581 0.275591,
        -3.183022 -1.417173 0.275591,
        -1.462961 -3.676298 0.275591,
        -1.354428 -3.711640 0.275591,
        -3.907980 -0.618963 0.275591,
        -3.951270 -0.207077 0.275591,
        -3.951270 0.207077 0.275591,
        -3.907980 0.618963 0.275591,
        -2.471770 3.080510 0.275591,
        -2.732359 2.861754 0.275591,
        -1.354428 1.949000 0.275591,
        -2.880011 1.949000 0.275591,
        -2.707772 2.192711 0.275591,
        -3.074928 2.490028 0.275591,
        -2.241291 3.253439 0.275591,
        -2.345190 3.186770 0.275591,
        -1.354428 3.134455 0.275591,
        -1.354428 3.488972 0.275591,
        -1.858139 3.488972 0.275591,
        -1.919743 3.459769 0.275591,
        -0.982300 3.832820 0.275591,
        -1.354428 3.711640 0.275591,
        -1.462961 3.676298 0.275591,
        -0.372997 3.503047 0.275591,
        -0.125909 3.948070 0.275591,
        -0.421586 3.520169 0.275591,
        -0.485605 3.926781 0.275591,
        -0.461494 3.524362 0.275591,
        -0.509410 3.518458 0.275591,
        -0.125909 3.488972 0.275591,
        0.005169 3.955828 0.275591,
        0.013333 3.956311 0.275591,
        0.019016 3.956647 0.275591,
        0.076933 3.490120 0.275591,
        0.128575 3.949105 0.275591,
        0.078183 3.490115 0.275591,
        0.090917 3.488972 0.275591,
        0.393105 3.930896 0.275591,
        0.350078 3.933858 0.275591,
        0.297809 3.937456 0.275591,
        0.222565 3.942635 0.275591,
        0.190817 3.944821 0.275591,
        1.498230 3.662066 0.275591,
        1.019095 3.823201 0.275591,
        0.523326 3.921931 0.275591,
        0.520619 3.922118 0.275591,
        0.576264 3.271785 0.275591,
        0.595062 3.271785 0.275591,
        0.569277 3.253439 0.275591,
        0.520619 3.253439 0.275591,
        0.524395 3.135604 0.275591,
        0.520619 3.134455 0.275591,
        0.543820 3.135604 0.275591,
        0.627506 3.135604 0.275591,
        0.613617 3.172852 0.275591,
        0.556909 3.172852 0.275591,
        0.646931 3.135604 0.275591,
        0.520619 3.080510 0.275591,
        2.473344 3.080510 0.275591,
        2.410323 3.134455 0.275591,
        3.387122 2.045196 0.275591,
        3.098720 2.460356 0.275591,
        2.759739 2.835359 0.275591,
        3.794262 1.122047 0.275591,
        4.210326 0.826772 0.275591,
        4.881890 1.122047 0.275591,
        4.842519 0.826772 0.275591,
        4.881890 -1.122047 0.275591,
        4.842519 -0.826772 0.275591,
        3.794262 -1.122047 0.275591,
        4.210326 -0.826772 0.275591,
        1.019095 -3.823201 0.275591,
        1.498230 -3.662066 0.275591,
        2.759739 -2.835359 0.275591,
        3.098720 -2.460356 0.275591,
        3.387122 -2.045196 0.275591,
        3.620238 -1.596652 0.275591,
        1.952909 -3.441157 0.275591,
        2.375713 -3.164080 0.275591,
        0.128575 1.949000 0.275591,
        0.190817 -3.944821 0.275591,
        0.190817 1.949000 0.275591,
        0.222565 -3.942635 0.275591,
        0.222565 1.949000 0.275591,
        0.297809 -3.937456 0.275591,
        0.297809 1.949000 0.275591,
        0.350078 -3.933858 0.275591,
        0.350078 1.949000 0.275591,
        0.393105 -3.930896 0.275591,
        0.393105 1.949000 0.275591,
        0.520619 -3.922118 0.275591,
        0.523326 -3.921931 0.275591,
        -0.485605 -3.926781 0.275591,
        -0.125909 -3.948070 0.275591,
        -0.125909 1.949000 0.275591,
        0.005169 -3.955828 0.275591,
        0.005169 1.949000 0.275591,
        0.013333 -3.956311 0.275591,
        0.013333 1.949000 0.275591,
        0.019016 -3.956647 0.275591,
        0.128575 -3.949105 0.275591,
        -0.982300 -3.832820 0.275591,
        0.466152 3.269359 0.275591,
        0.444817 3.271785 0.275591,
        0.405968 3.271785 0.275591,
        0.393105 3.253439 0.275591,
        0.405968 3.253439 0.275591,
        0.405968 3.135604 0.275591,
        0.513214 3.181062 0.275591,
        0.506563 3.166945 0.275591,
        0.501691 3.248407 0.275591,
        0.509971 3.236349 0.275591,
        0.482515 3.263242 0.275591,
        0.496303 3.253752 0.275591,
        0.496619 3.253439 0.275591,
        0.496303 3.154680 0.275591,
        0.492980 3.151775 0.275591,
        0.479470 3.143155 0.275591,
        0.463308 3.137638 0.275591,
        0.443425 3.135604 0.275591,
        0.393105 3.134455 0.275591,
        0.514830 3.223178 0.275591,
        0.516841 3.205435 0.275591,
        0.516460 3.197053 0.275591,
        0.239744 3.159763 0.275591,
        0.241833 3.151756 0.275591,
        0.242286 3.151756 0.275591,
        0.297809 3.253439 0.275591,
        0.222565 3.253439 0.275591,
        0.270935 3.232866 0.275591,
        0.222565 3.209182 0.275591,
        0.244374 3.159623 0.275591,
        0.243069 3.155089 0.275591,
        0.222565 3.163397 0.275591,
        0.195256 3.232866 0.275591,
        0.222565 3.134455 0.275591,
        0.232834 3.134455 0.275591,
        0.233409 3.135812 0.275591,
        0.222565 3.111981 0.275591,
        0.222588 3.112006 0.275591,
        0.225924 3.118128 0.275591,
        0.190817 3.080510 0.275591,
        0.198772 3.091185 0.275591,
        0.198772 3.106362 0.275591,
        0.208449 3.104413 0.275591,
        0.212545 3.104872 0.275591,
        0.222565 3.092833 0.275591,
        0.216663 3.090584 0.275591,
        0.222565 3.080510 0.275591,
        0.209772 3.089792 0.275591,
        0.206007 3.089927 0.275591,
        0.216280 3.106272 0.275591,
        0.219411 3.108446 0.275591,
        0.244479 3.120913 0.275591,
        0.236757 3.105875 0.275591,
        0.297809 3.080510 0.275591,
        0.230515 3.098379 0.275591,
        0.229352 3.097312 0.275591,
        0.223394 3.093148 0.275591,
        0.190817 3.253439 0.275591,
        0.181714 3.230778 0.275591,
        0.181714 3.214207 0.275591,
        0.180670 3.178143 0.275591,
        0.183854 3.173444 0.275591,
        0.131726 3.227366 0.275591,
        0.136733 3.230362 0.275591,
        0.183473 3.149801 0.275591,
        0.180294 3.145302 0.275591,
        0.126669 3.222820 0.275591,
        0.128575 3.224533 0.275591,
        0.185674 3.168415 0.275591,
        0.186379 3.162060 0.275591,
        0.185568 3.155206 0.275591,
        0.146077 3.233718 0.275591,
        0.158669 3.235094 0.275591,
        0.168073 3.234452 0.275591,
        0.214332 3.232866 0.275591,
        0.175413 3.141034 0.275591,
        0.170477 3.138098 0.275591,
        0.156998 3.221239 0.275591,
        0.151949 3.220860 0.275591,
        0.138374 3.208150 0.275591,
        0.147386 3.219652 0.275591,
        0.143561 3.217619 0.275591,
        0.138530 3.205881 0.275591,
        0.139207 3.203231 0.275591,
        0.140435 3.200930 0.275591,
        0.142099 3.199099 0.275591,
        0.148113 3.195339 0.275591,
        0.168200 3.219966 0.275591,
        0.158669 3.190744 0.275591,
        0.177820 3.216438 0.275591,
        0.165274 3.188072 0.275591,
        0.176603 3.181771 0.275591,
        0.140987 3.215344 0.275591,
        0.139525 3.213173 0.275591,
        0.138683 3.210870 0.275591,
        0.138054 3.148480 0.275591,
        0.146625 3.178352 0.275591,
        0.136457 3.183012 0.275591,
        0.148748 3.147231 0.275591,
        0.149502 3.147235 0.275591,
        0.157825 3.173661 0.275591,
        0.158246 3.148215 0.275591,
        0.168869 3.160389 0.275591,
        0.168702 3.162511 0.275591,
        0.162647 3.149826 0.275591,
        0.164202 3.150770 0.275591,
        0.166159 3.152507 0.275591,
        0.167649 3.154709 0.275591,
        0.168516 3.157135 0.275591,
        0.167927 3.165174 0.275591,
        0.166608 3.167436 0.275591,
        0.164483 3.169649 0.275591,
        0.120690 3.139015 0.275591,
        0.097576 3.135604 0.275591,
        0.128575 3.136263 0.275591,
        0.128575 3.134455 0.275591,
        0.132895 3.134756 0.275591,
        0.135838 3.134455 0.275591,
        0.147077 3.133306 0.275591,
        0.202261 3.105219 0.275591,
        -0.211311 3.350493 0.275591,
        -0.125909 3.350493 0.275591,
        -0.217801 3.359519 0.275591,
        -0.244088 3.381707 0.275591,
        -0.352062 3.488972 0.275591,
        -0.329814 3.474014 0.275591,
        -0.297796 3.436976 0.275591,
        -0.277530 3.397523 0.275591,
        -0.272915 3.395974 0.275591,
        -0.554056 3.501238 0.275591,
        -0.573855 3.488972 0.275591,
        -0.577682 3.486600 0.275591,
        -0.777233 3.369531 0.275591,
        -0.753901 3.399459 0.275591,
        -0.680754 3.441208 0.275591,
        -0.642554 3.445935 0.275591,
        -0.600436 3.467115 0.275591,
        -0.631419 3.445330 0.275591,
        -0.620285 3.443998 0.275591,
        -0.747407 3.405609 0.275591,
        -0.716617 3.427269 0.275591,
        -0.794694 3.251039 0.275591,
        -0.794992 3.253439 0.275591,
        -1.354428 3.253439 0.275591,
        -0.799408 3.289080 0.275591,
        -0.799141 3.298268 0.275591,
        -0.693609 3.140759 0.275591,
        -0.728592 3.157821 0.275591,
        -0.758743 3.183543 0.275591,
        -0.780793 3.215000 0.275591,
        -2.090041 3.350493 0.275591,
        -0.615769 3.074827 0.275591,
        -0.629345 3.080510 0.275591,
        -1.354428 3.080510 0.275591,
        -0.638123 3.084184 0.275591,
        -0.681283 3.137068 0.275591,
        -0.680060 3.134455 0.275591,
        -0.671509 3.116189 0.275591,
        -0.657083 3.098435 0.275591,
        -2.407509 3.134455 0.275591,
        -0.549233 3.080510 0.275591,
        -0.565763 3.074140 0.275591,
        -0.589301 3.071228 0.275591,
        -0.592902 3.071293 0.275591,
        -0.498618 3.134455 0.275591,
        -0.498784 3.133765 0.275591,
        -0.125909 3.080510 0.275591,
        -0.510306 3.112233 0.275591,
        -0.524904 3.095902 0.275591,
        -0.544177 3.082458 0.275591,
        -0.125909 3.253439 0.275591,
        -0.183884 3.253439 0.275591,
        -0.186090 3.236232 0.275591,
        -0.374944 3.191575 0.275591,
        -0.368301 3.194199 0.275591,
        -0.356925 3.249383 0.275591,
        -0.217499 3.178702 0.275591,
        -0.243789 3.156436 0.275591,
        -0.125909 3.134455 0.275591,
        -0.380898 3.187355 0.275591,
        -0.360798 3.195161 0.275591,
        -0.359856 3.195094 0.275591,
        -0.356951 3.194450 0.275591,
        -0.198230 3.205567 0.275591,
        -0.390813 3.165146 0.275591,
        -0.390567 3.168968 0.275591,
        -0.492478 3.177733 0.275591,
        -0.388623 3.176337 0.275591,
        -0.384899 3.182943 0.275591,
        -0.368189 3.136010 0.275591,
        -0.374593 3.138531 0.275591,
        -0.380873 3.142996 0.275591,
        -0.383124 3.145287 0.275591,
        -0.387344 3.151369 0.275591,
        -0.389894 3.157935 0.275591,
        -0.493037 3.157646 0.275591,
        -0.492478 3.168051 0.275591,
        -0.273326 3.141965 0.275591,
        -0.305608 3.135131 0.275591,
        -0.362734 3.135131 0.275591,
        -0.354989 3.194194 0.275591,
        -0.311418 3.194194 0.275591,
        -0.299059 3.196122 0.275591,
        -0.260232 3.219772 0.275591,
        -0.249926 3.235099 0.275591,
        -0.281416 3.202847 0.275591,
        -0.266274 3.213571 0.275591,
        -0.577621 3.265156 0.275591,
        -0.554240 3.259376 0.275591,
        -0.326135 3.350493 0.275591,
        -0.589301 3.265843 0.275591,
        -0.324973 3.345238 0.275591,
        -0.386940 3.300700 0.275591,
        -0.317227 3.345238 0.275591,
        -0.359297 3.253439 0.275591,
        -0.243637 3.252497 0.275591,
        -0.243531 3.253439 0.275591,
        -0.241705 3.269716 0.275591,
        -0.242117 3.277626 0.275591,
        -0.612538 3.262965 0.275591,
        -0.717168 3.350493 0.275591,
        -0.633916 3.254756 0.275591,
        -0.727179 3.336142 0.275591,
        -0.735497 3.314555 0.275591,
        -0.730578 3.253439 0.275591,
        -0.635806 3.253439 0.275591,
        -0.737203 3.275787 0.275591,
        -0.738409 3.291017 0.275591,
        -0.268042 3.326976 0.275591,
        -0.283237 3.337145 0.275591,
        -0.300251 3.343313 0.275591,
        -0.246523 3.296263 0.275591,
        -0.255427 3.313073 0.275591,
        -0.543136 3.253439 0.275591,
        -0.730188 3.252125 0.275591,
        -0.669683 3.222652 0.275591,
        -0.653696 3.240977 0.275591,
        -0.718834 3.232848 0.275591,
        -0.701490 3.214996 0.275591,
        -0.680315 3.201939 0.275591,
        -0.346036 3.403701 0.275591,
        -0.367941 3.429733 0.275591,
        -0.590269 3.373317 0.275591,
        -0.370041 3.431642 0.275591,
        -0.397231 3.450545 0.275591,
        -0.575435 3.404011 0.275591,
        -0.596814 3.376913 0.275591,
        -0.331015 3.372546 0.275591,
        -0.618512 3.384937 0.275591,
        -0.641586 3.387841 0.275591,
        -0.651991 3.387281 0.275591,
        -0.553703 3.429943 0.275591,
        -0.427585 3.462205 0.275591,
        -0.527872 3.448817 0.275591,
        -0.460526 3.466267 0.275591,
        -0.496256 3.461654 0.275591,
        -0.675872 3.381534 0.275591,
        -0.697404 3.370012 0.275591,
        -0.713735 3.355414 0.275591,
        -0.198009 3.331994 0.275591,
        -0.186141 3.302431 0.275591,
        -0.181674 3.270684 0.275591,
        0.324579 3.196941 0.275591,
        0.324579 3.151129 0.275591,
        0.350078 3.151129 0.275591,
        0.380243 3.151129 0.275591,
        0.380243 3.135604 0.275591,
        0.350078 3.134455 0.275591,
        0.373280 3.196941 0.275591,
        0.350078 3.196941 0.275591,
        0.324579 3.253439 0.275591,
        0.324579 3.212536 0.275591,
        0.350078 3.212536 0.275591,
        0.324579 3.256120 0.275591,
        0.350078 3.253439 0.275591,
        0.373280 3.212536 0.275591,
        0.307000 3.135604 0.275591,
        0.307000 3.253439 0.275591,
        0.307000 3.271785 0.275591,
        0.350078 3.135604 0.275591,
        -0.052565 3.253439 0.275591,
        -0.052565 3.212536 0.275591,
        0.005169 3.253439 0.275591,
        -0.003864 3.212536 0.275591,
        -0.052565 3.196941 0.275591,
        -0.052565 3.151129 0.275591,
        -0.003864 3.196941 0.275591,
        0.003098 3.151129 0.275591,
        0.005169 3.134455 0.275591,
        0.003098 3.135604 0.275591,
        -0.070144 3.135604 0.275591,
        -0.070144 3.271785 0.275591,
        -0.070144 3.253439 0.275591,
        -0.052565 3.256120 0.275591,
        0.000000 3.256120 0.275591,
        0.000000 3.271785 0.275591,
        -0.070144 3.351641 0.275591,
        -0.070144 3.487823 0.275591,
        0.001671 3.351641 0.275591,
        0.350078 3.271785 0.275591,
        0.377144 3.271785 0.275591,
        0.377144 3.256120 0.275591,
        0.350078 3.256120 0.275591,
        0.350078 3.080510 0.275591,
        0.393105 3.080510 0.275591,
        2.375713 3.164080 0.275591,
        0.602050 3.253439 0.275591,
        2.239357 3.253439 0.275591,
        2.091258 3.350493 0.275591,
        1.952909 3.441157 0.275591,
        1.854497 3.488972 0.275591,
        0.005169 3.080510 0.275591,
      ]
    }
    coordIndex [
      0, 1, 2, -1,
      3, 4, 5, -1,
      6, 7, 8, -1,
      9, 10, 11, -1,
      12, 13, 14, -1,
      15, 16, 17, -1,
      18, 19, 20, -1,
      20, 19, 21, -1,
      22, 23, 24, -1,
      24, 23, 25, -1,
      18, 20, 26, -1,
      26, 20, 27, -1,
      26, 27, 28, -1,
      28, 27, 29, -1,
      28, 29, 30, -1,
      29, 31, 30, -1,
      30, 31, 32, -1,
      30, 32, 33, -1,
      34, 35, 36, -1,
      24, 29, 22, -1,
      22, 29, 27, -1,
      22, 27, 37, -1,
      37, 27, 38, -1,
      37, 38, 36, -1,
      36, 38, 39, -1,
      36, 39, 34, -1,
      25, 23, 40, -1,
      40, 23, 41, -1,
      40, 41, 34, -1,
      42, 43, 44, -1,
      45, 46, 44, -1,
      44, 46, 47, -1,
      44, 47, 42, -1,
      46, 48, 47, -1,
      47, 48, 49, -1,
      47, 49, 50, -1,
      50, 49, 51, -1,
      50, 51, 52, -1,
      52, 51, 53, -1,
      52, 53, 54, -1,
      54, 53, 55, -1,
      54, 55, 56, -1,
      43, 42, 56, -1,
      56, 42, 57, -1,
      56, 57, 54, -1,
      58, 59, 41, -1,
      41, 59, 60, -1,
      61, 62, 35, -1,
      62, 63, 35, -1,
      35, 63, 64, -1,
      35, 64, 65, -1,
      61, 66, 67, -1,
      61, 68, 69, -1,
      69, 68, 70, -1,
      67, 71, 61, -1,
      61, 71, 72, -1,
      61, 72, 68, -1,
      73, 74, 61, -1,
      61, 74, 75, -1,
      61, 75, 76, -1,
      77, 78, 79, -1,
      80, 81, 68, -1,
      68, 81, 82, -1,
      68, 82, 70, -1,
      34, 41, 35, -1,
      35, 41, 60, -1,
      35, 60, 61, -1,
      61, 60, 83, -1,
      61, 83, 73, -1,
      76, 84, 61, -1,
      61, 84, 85, -1,
      61, 85, 66, -1,
      77, 79, 68, -1,
      68, 79, 86, -1,
      68, 86, 80, -1,
      87, 88, 89, -1,
      89, 88, 90, -1,
      91, 92, 88, -1,
      88, 92, 93, -1,
      88, 93, 90, -1,
      94, 95, 88, -1,
      88, 95, 96, -1,
      88, 96, 91, -1,
      97, 98, 99, -1,
      99, 98, 100, -1,
      99, 100, 94, -1,
      94, 100, 101, -1,
      94, 101, 95, -1,
      102, 103, 104, -1,
      103, 105, 104, -1,
      104, 105, 106, -1,
      104, 106, 107, -1,
      102, 104, 108, -1,
      108, 104, 109, -1,
      108, 109, 110, -1,
      110, 109, 111, -1,
      111, 109, 112, -1,
      111, 112, 65, -1,
      113, 114, 50, -1,
      50, 114, 115, -1,
      116, 117, 52, -1,
      52, 117, 118, -1,
      119, 120, 121, -1,
      121, 120, 50, -1,
      121, 50, 122, -1,
      122, 50, 115, -1,
      118, 123, 52, -1,
      52, 123, 124, -1,
      52, 124, 125, -1,
      125, 126, 52, -1,
      52, 126, 127, -1,
      52, 127, 50, -1,
      50, 127, 128, -1,
      50, 128, 113, -1,
      22, 129, 116, -1,
      116, 129, 130, -1,
      116, 130, 117, -1,
      119, 131, 120, -1,
      120, 131, 132, -1,
      120, 132, 37, -1,
      37, 132, 133, -1,
      37, 133, 22, -1,
      22, 133, 134, -1,
      22, 134, 129, -1,
      135, 136, 137, -1,
      135, 137, 138, -1,
      139, 140, 141, -1,
      141, 142, 143, -1,
      144, 145, 109, -1,
      109, 145, 146, -1,
      109, 146, 147, -1,
      148, 149, 144, -1,
      144, 149, 150, -1,
      144, 150, 151, -1,
      151, 150, 152, -1,
      153, 154, 152, -1,
      152, 154, 155, -1,
      152, 155, 151, -1,
      140, 156, 141, -1,
      141, 156, 157, -1,
      141, 157, 142, -1,
      158, 159, 137, -1,
      137, 159, 160, -1,
      137, 160, 138, -1,
      143, 161, 141, -1,
      141, 161, 162, -1,
      141, 162, 109, -1,
      109, 162, 163, -1,
      109, 163, 144, -1,
      144, 163, 164, -1,
      144, 164, 148, -1,
      165, 166, 167, -1,
      167, 166, 168, -1,
      167, 168, 169, -1,
      169, 168, 170, -1,
      169, 170, 171, -1,
      172, 173, 152, -1,
      152, 173, 174, -1,
      152, 174, 175, -1,
      176, 177, 178, -1,
      178, 177, 179, -1,
      178, 179, 180, -1,
      181, 182, 183, -1,
      183, 182, 184, -1,
      183, 184, 171, -1,
      171, 184, 185, -1,
      171, 185, 169, -1,
      147, 186, 109, -1,
      109, 186, 187, -1,
      109, 187, 165, -1,
      175, 188, 152, -1,
      152, 188, 189, -1,
      152, 189, 153, -1,
      136, 190, 191, -1,
      191, 190, 192, -1,
      192, 190, 193, -1,
      192, 193, 194, -1,
      195, 196, 197, -1,
      195, 197, 198, -1,
      199, 200, 201, -1,
      202, 203, 204, -1,
      205, 206, 200, -1,
      200, 206, 207, -1,
      200, 207, 208, -1,
      209, 210, 211, -1,
      211, 210, 198, -1,
      211, 198, 212, -1,
      212, 198, 197, -1,
      204, 213, 202, -1,
      202, 213, 214, -1,
      202, 214, 201, -1,
      201, 214, 215, -1,
      201, 215, 199, -1,
      208, 216, 200, -1,
      200, 216, 217, -1,
      200, 217, 201, -1,
      218, 213, 219, -1,
      219, 213, 204, -1,
      219, 204, 220, -1,
      220, 204, 209, -1,
      220, 209, 221, -1,
      221, 209, 211, -1,
      222, 223, 224, -1,
      196, 195, 225, -1,
      225, 195, 224, -1,
      225, 224, 226, -1,
      226, 224, 223, -1,
      226, 223, 227, -1,
      228, 229, 230, -1,
      231, 232, 8, -1,
      8, 232, 233, -1,
      234, 235, 231, -1,
      231, 235, 236, -1,
      231, 236, 232, -1,
      237, 238, 239, -1,
      239, 238, 240, -1,
      239, 240, 241, -1,
      241, 240, 242, -1,
      237, 243, 238, -1,
      238, 243, 94, -1,
      238, 94, 244, -1,
      244, 94, 88, -1,
      244, 88, 245, -1,
      245, 88, 87, -1,
      245, 87, 246, -1,
      246, 87, 247, -1,
      246, 247, 248, -1,
      248, 247, 249, -1,
      248, 249, 250, -1,
      57, 251, 54, -1,
      54, 251, 252, -1,
      54, 252, 52, -1,
      52, 252, 253, -1,
      52, 253, 116, -1,
      116, 253, 254, -1,
      116, 254, 22, -1,
      22, 254, 255, -1,
      22, 255, 23, -1,
      23, 255, 248, -1,
      23, 248, 41, -1,
      41, 248, 250, -1,
      41, 250, 58, -1,
      57, 256, 257, -1,
      257, 258, 57, -1,
      57, 258, 259, -1,
      57, 259, 251, -1,
      42, 260, 261, -1,
      260, 42, 262, -1,
      262, 42, 263, -1,
      262, 263, 264, -1,
      264, 263, 265, -1,
      264, 265, 266, -1,
      267, 268, 269, -1,
      269, 266, 267, -1,
      267, 266, 265, -1,
      267, 265, 270, -1,
      271, 272, 273, -1,
      16, 274, 17, -1,
      17, 274, 275, -1,
      17, 275, 276, -1,
      277, 278, 279, -1,
      279, 278, 280, -1,
      279, 280, 281, -1,
      281, 280, 282, -1,
      281, 282, 283, -1,
      282, 284, 283, -1,
      283, 284, 278, -1,
      283, 278, 17, -1,
      17, 278, 277, -1,
      17, 277, 15, -1,
      285, 286, 17, -1,
      287, 288, 17, -1,
      288, 289, 17, -1,
      17, 289, 290, -1,
      17, 290, 283, -1,
      286, 291, 17, -1,
      17, 291, 292, -1,
      17, 292, 287, -1,
      293, 294, 295, -1,
      295, 294, 296, -1,
      295, 296, 297, -1,
      297, 296, 298, -1,
      297, 298, 299, -1,
      299, 298, 300, -1,
      299, 300, 301, -1,
      301, 300, 302, -1,
      301, 302, 303, -1,
      303, 302, 304, -1,
      303, 304, 17, -1,
      17, 304, 305, -1,
      17, 305, 285, -1,
      306, 307, 308, -1,
      308, 307, 309, -1,
      308, 309, 310, -1,
      310, 309, 311, -1,
      310, 311, 312, -1,
      312, 311, 313, -1,
      312, 313, 293, -1,
      293, 313, 314, -1,
      293, 314, 294, -1,
      195, 201, 224, -1,
      224, 201, 217, -1,
      224, 217, 308, -1,
      308, 217, 315, -1,
      308, 315, 306, -1,
      316, 42, 317, -1,
      317, 42, 47, -1,
      317, 47, 318, -1,
      318, 47, 319, -1,
      318, 319, 320, -1,
      320, 319, 321, -1,
      322, 323, 265, -1,
      324, 325, 263, -1,
      316, 326, 42, -1,
      42, 326, 327, -1,
      42, 327, 263, -1,
      263, 327, 328, -1,
      263, 328, 324, -1,
      323, 329, 265, -1,
      265, 329, 330, -1,
      265, 330, 331, -1,
      331, 332, 265, -1,
      265, 332, 333, -1,
      265, 333, 334, -1,
      325, 335, 263, -1,
      263, 335, 336, -1,
      263, 336, 265, -1,
      265, 336, 337, -1,
      265, 337, 322, -1,
      338, 339, 340, -1,
      341, 342, 343, -1,
      343, 342, 344, -1,
      343, 344, 345, -1,
      345, 344, 338, -1,
      345, 338, 346, -1,
      346, 338, 340, -1,
      347, 348, 11, -1,
      11, 349, 347, -1,
      347, 349, 350, -1,
      347, 350, 351, -1,
      352, 353, 349, -1,
      349, 353, 354, -1,
      349, 354, 350, -1,
      355, 356, 357, -1,
      349, 358, 359, -1,
      360, 361, 362, -1,
      362, 361, 363, -1,
      362, 363, 355, -1,
      355, 363, 364, -1,
      355, 364, 356, -1,
      359, 365, 349, -1,
      349, 365, 366, -1,
      349, 366, 352, -1,
      367, 368, 369, -1,
      367, 369, 13, -1,
      368, 370, 369, -1,
      369, 370, 371, -1,
      369, 371, 362, -1,
      362, 371, 372, -1,
      362, 372, 360, -1,
      373, 374, 375, -1,
      376, 377, 375, -1,
      378, 379, 112, -1,
      11, 380, 381, -1,
      165, 167, 109, -1,
      109, 167, 382, -1,
      109, 382, 112, -1,
      112, 382, 383, -1,
      112, 383, 378, -1,
      384, 385, 11, -1,
      11, 385, 386, -1,
      11, 386, 380, -1,
      379, 387, 112, -1,
      112, 387, 388, -1,
      112, 388, 373, -1,
      373, 388, 389, -1,
      373, 389, 374, -1,
      377, 384, 375, -1,
      375, 384, 11, -1,
      375, 11, 373, -1,
      373, 11, 348, -1,
      373, 348, 342, -1,
      342, 348, 390, -1,
      342, 390, 344, -1,
      381, 391, 11, -1,
      11, 391, 392, -1,
      11, 392, 9, -1,
      393, 394, 395, -1,
      395, 394, 396, -1,
      395, 396, 397, -1,
      395, 398, 393, -1,
      393, 398, 399, -1,
      393, 399, 400, -1,
      400, 401, 393, -1,
      393, 401, 402, -1,
      393, 402, 403, -1,
      403, 402, 404, -1,
      403, 404, 405, -1,
      405, 404, 406, -1,
      405, 406, 375, -1,
      375, 406, 407, -1,
      375, 407, 376, -1,
      408, 409, 397, -1,
      397, 409, 410, -1,
      397, 410, 395, -1,
      411, 412, 180, -1,
      180, 412, 413, -1,
      180, 413, 178, -1,
      411, 414, 412, -1,
      412, 414, 415, -1,
      412, 415, 416, -1,
      416, 415, 417, -1,
      416, 418, 419, -1,
      417, 420, 416, -1,
      416, 420, 421, -1,
      416, 421, 422, -1,
      422, 423, 416, -1,
      416, 423, 424, -1,
      416, 424, 418, -1,
      419, 425, 416, -1,
      416, 425, 426, -1,
      416, 426, 427, -1,
      176, 181, 177, -1,
      177, 181, 183, -1,
      177, 183, 428, -1,
      428, 183, 429, -1,
      428, 429, 430, -1,
      430, 429, 431, -1,
      430, 431, 432, -1,
      432, 431, 433, -1,
      434, 433, 191, -1,
      191, 433, 431, -1,
      191, 431, 136, -1,
      136, 431, 429, -1,
      136, 429, 137, -1,
      434, 191, 10, -1,
      10, 191, 355, -1,
      10, 355, 11, -1,
      11, 355, 357, -1,
      11, 357, 349, -1,
      349, 357, 435, -1,
      349, 435, 358, -1,
      436, 437, 438, -1,
      438, 437, 243, -1,
      438, 243, 439, -1,
      237, 440, 243, -1,
      243, 440, 441, -1,
      243, 441, 442, -1,
      442, 443, 243, -1,
      243, 443, 444, -1,
      243, 444, 439, -1,
      242, 240, 445, -1,
      445, 240, 234, -1,
      445, 234, 446, -1,
      446, 234, 231, -1,
      446, 231, 447, -1,
      8, 7, 231, -1,
      231, 7, 448, -1,
      231, 448, 449, -1,
      231, 450, 447, -1,
      447, 450, 451, -1,
      447, 451, 452, -1,
      452, 451, 453, -1,
      452, 453, 454, -1,
      449, 455, 231, -1,
      231, 455, 456, -1,
      231, 456, 450, -1,
      457, 458, 459, -1,
      459, 458, 460, -1,
      459, 460, 8, -1,
      8, 460, 461, -1,
      8, 461, 6, -1,
      462, 463, 230, -1,
      230, 463, 464, -1,
      230, 464, 465, -1,
      465, 457, 230, -1,
      230, 457, 459, -1,
      230, 459, 228, -1,
      228, 459, 8, -1,
      228, 8, 466, -1,
      466, 8, 233, -1,
      467, 468, 469, -1,
      469, 468, 470, -1,
      471, 462, 472, -1,
      472, 462, 230, -1,
      472, 230, 473, -1,
      473, 230, 469, -1,
      473, 469, 474, -1,
      474, 469, 470, -1,
      229, 475, 230, -1,
      230, 475, 222, -1,
      230, 222, 469, -1,
      469, 222, 224, -1,
      469, 224, 467, -1,
      476, 477, 308, -1,
      308, 477, 478, -1,
      308, 478, 224, -1,
      224, 478, 479, -1,
      224, 479, 467, -1,
      480, 481, 482, -1,
      482, 481, 483, -1,
      483, 484, 482, -1,
      482, 484, 485, -1,
      482, 485, 476, -1,
      486, 487, 488, -1,
      489, 490, 491, -1,
      492, 493, 494, -1,
      489, 491, 495, -1,
      490, 496, 491, -1,
      491, 496, 497, -1,
      491, 497, 498, -1,
      486, 488, 494, -1,
      494, 488, 499, -1,
      494, 499, 492, -1,
      500, 501, 502, -1,
      502, 501, 503, -1,
      502, 503, 491, -1,
      491, 503, 504, -1,
      491, 504, 495, -1,
      505, 506, 480, -1,
      480, 506, 507, -1,
      480, 507, 508, -1,
      508, 509, 480, -1,
      480, 509, 510, -1,
      480, 510, 511, -1,
      511, 510, 500, -1,
      511, 500, 512, -1,
      512, 500, 502, -1,
      493, 513, 494, -1,
      494, 513, 514, -1,
      494, 514, 480, -1,
      480, 514, 515, -1,
      480, 515, 505, -1,
      498, 516, 491, -1,
      491, 516, 517, -1,
      491, 517, 518, -1,
      491, 519, 520, -1,
      518, 521, 491, -1,
      491, 521, 522, -1,
      491, 522, 519, -1,
      523, 524, 525, -1,
      523, 525, 526, -1,
      527, 528, 529, -1,
      529, 528, 530, -1,
      520, 531, 491, -1,
      491, 531, 532, -1,
      491, 532, 530, -1,
      530, 532, 533, -1,
      530, 533, 534, -1,
      535, 536, 537, -1,
      537, 536, 538, -1,
      537, 538, 539, -1,
      540, 541, 542, -1,
      542, 541, 537, -1,
      542, 537, 543, -1,
      543, 537, 539, -1,
      544, 545, 530, -1,
      530, 545, 546, -1,
      530, 546, 529, -1,
      534, 547, 530, -1,
      530, 547, 548, -1,
      530, 548, 544, -1,
      527, 525, 528, -1,
      528, 525, 524, -1,
      528, 524, 5, -1,
      5, 524, 549, -1,
      5, 549, 3, -1,
      550, 551, 540, -1,
      540, 551, 552, -1,
      540, 552, 541, -1,
      550, 553, 551, -1,
      551, 553, 554, -1,
      551, 554, 555, -1,
      556, 557, 558, -1,
      557, 559, 558, -1,
      558, 559, 560, -1,
      558, 560, 561, -1,
      536, 558, 562, -1,
      535, 526, 536, -1,
      536, 526, 525, -1,
      536, 525, 558, -1,
      558, 525, 563, -1,
      558, 563, 556, -1,
      562, 564, 536, -1,
      536, 564, 565, -1,
      536, 565, 566, -1,
      561, 560, 567, -1,
      567, 560, 568, -1,
      567, 568, 569, -1,
      569, 568, 570, -1,
      569, 570, 571, -1,
      572, 573, 566, -1,
      566, 573, 574, -1,
      566, 574, 536, -1,
      436, 575, 437, -1,
      437, 575, 576, -1,
      437, 576, 486, -1,
      486, 576, 577, -1,
      486, 577, 487, -1,
      578, 579, 580, -1,
      581, 582, 334, -1,
      334, 582, 583, -1,
      333, 321, 334, -1,
      334, 321, 319, -1,
      334, 319, 581, -1,
      581, 319, 584, -1,
      581, 584, 580, -1,
      580, 584, 585, -1,
      580, 585, 578, -1,
      586, 587, 588, -1,
      589, 586, 590, -1,
      590, 586, 588, -1,
      590, 588, 319, -1,
      319, 588, 591, -1,
      319, 591, 584, -1,
      592, 593, 341, -1,
      341, 593, 594, -1,
      582, 595, 583, -1,
      583, 595, 592, -1,
      583, 592, 14, -1,
      14, 592, 341, -1,
      14, 341, 12, -1,
      12, 341, 343, -1,
      596, 597, 598, -1,
      598, 597, 599, -1,
      600, 601, 602, -1,
      602, 601, 603, -1,
      599, 602, 598, -1,
      598, 602, 603, -1,
      598, 603, 604, -1,
      604, 603, 605, -1,
      604, 605, 606, -1,
      607, 437, 608, -1,
      608, 437, 486, -1,
      608, 486, 606, -1,
      606, 486, 494, -1,
      606, 494, 604, -1,
      609, 596, 610, -1,
      610, 596, 598, -1,
      610, 598, 611, -1,
      611, 598, 99, -1,
      611, 99, 607, -1,
      607, 99, 437, -1,
      437, 99, 612, -1,
      437, 612, 243, -1,
      612, 613, 243, -1,
      243, 613, 0, -1,
      243, 0, 94, -1,
      94, 0, 2, -1,
      94, 2, 99, -1,
      99, 2, 614, -1,
      99, 614, 612, -1,
      65, 112, 35, -1,
      35, 112, 373, -1,
      35, 373, 36, -1,
      36, 373, 342, -1,
      36, 342, 37, -1,
      37, 342, 341, -1,
      37, 341, 120, -1,
      120, 341, 594, -1,
      120, 594, 50, -1,
      50, 594, 615, -1,
      50, 615, 47, -1,
      47, 615, 616, -1,
      47, 616, 319, -1,
      319, 616, 617, -1,
      319, 617, 590, -1,
      590, 617, 618, -1,
      590, 618, 589, -1,
      107, 97, 104, -1,
      104, 97, 99, -1,
      104, 99, 109, -1,
      109, 99, 598, -1,
      109, 598, 141, -1,
      141, 598, 604, -1,
      13, 369, 14, -1,
      14, 369, 619, -1,
      14, 619, 583, -1,
      583, 619, 620, -1,
      583, 620, 334, -1,
      334, 620, 271, -1,
      334, 271, 265, -1,
      265, 271, 273, -1,
      265, 273, 270, -1,
      270, 273, 621, -1,
      270, 621, 622, -1,
      622, 621, 623, -1,
      622, 623, 261, -1,
      261, 623, 624, -1,
      261, 624, 42, -1,
      42, 624, 625, -1,
      42, 625, 57, -1,
      57, 625, 626, -1,
      57, 626, 256, -1,
      480, 482, 494, -1,
      494, 482, 627, -1,
      494, 627, 604, -1,
      604, 627, 192, -1,
      604, 192, 141, -1,
      141, 192, 194, -1,
      141, 194, 139, -1,
      476, 308, 482, -1,
      482, 308, 310, -1,
      482, 310, 627, -1,
      627, 310, 312, -1,
      627, 312, 192, -1,
      192, 312, 293, -1,
      192, 293, 191, -1,
      191, 293, 295, -1,
      191, 295, 355, -1,
      355, 295, 297, -1,
      355, 297, 362, -1,
      362, 297, 299, -1,
      362, 299, 369, -1,
      369, 299, 301, -1,
      369, 301, 619, -1,
      619, 301, 303, -1,
      619, 303, 620, -1,
      620, 303, 17, -1,
      620, 17, 271, -1,
      271, 17, 276, -1,
      271, 276, 272, -1,
    ]
  }
}

Shape {
  appearance Appearance {
    material Material {
      diffuseColor 0.6667 0.6667 0.6667
      specularColor 0.4667 0.4667 0.4667
      ambientIntensity 0.2
      transparency 0.0000
      shininess 0.5
    }
  }
  geometry IndexedFaceSet {
    ccw TRUE
    solid FALSE
    coord DEF co Coordinate {
      point [
        -1.909449 0.531496 0.275591,
        -1.909449 -0.531496 0.275591,
        1.359987 -0.531496 2.401575,
        1.574803 -0.531496 2.401575,
        1.359987 -0.177165 2.401575,
        1.574803 -0.177165 2.401575,
        1.574803 0.531496 2.401575,
        1.359987 0.531496 2.401575,
        1.574803 0.177165 2.401575,
        1.359987 0.177165 2.401575,
        1.574803 -0.177165 2.322835,
        1.574803 -0.531496 2.322835,
        1.574803 0.177165 2.322835,
        1.574803 0.531496 2.322835,
        1.359987 -0.177165 2.322835,
        1.359987 -0.531496 2.322835,
        1.359987 0.177165 2.322835,
        1.359987 0.531496 2.322835,
        1.325039 -0.177165 2.318908,
        1.325039 -0.531496 2.318908,
        1.291835 -0.177165 2.307324,
        1.291835 -0.531496 2.307324,
        1.262029 -0.177165 2.288660,
        1.262029 -0.531496 2.288660,
        1.237108 -0.177165 2.263848,
        1.237108 -0.531496 2.263848,
        1.218315 -0.177165 2.234123,
        1.218315 -0.531496 2.234123,
        1.325039 0.531496 2.318908,
        1.325039 0.177165 2.318908,
        1.291835 0.531496 2.307324,
        1.291835 0.177165 2.307324,
        1.262029 0.531496 2.288660,
        1.262029 0.177165 2.288660,
        1.237108 0.531496 2.263848,
        1.237108 0.177165 2.263848,
        1.218315 0.531496 2.234123,
        1.218315 0.177165 2.234123,
        -1.665991 0.171129 0.284125,
        -1.688011 0.163648 0.282650,
        -1.708720 0.153430 0.281390,
        -1.727951 0.140584 0.280331,
        -1.745412 0.125275 0.279463,
        -1.760635 0.107926 0.278777,
        -1.773567 0.088583 0.278247,
        -1.783818 0.067795 0.277861,
        -1.791266 0.045854 0.277600,
        -1.795799 0.023031 0.277448,
        -1.797303 0.000000 0.277400,
        -1.795783 -0.023157 0.277449,
        -1.791266 -0.045854 0.277600,
        -1.783851 -0.067715 0.277860,
        -1.773567 -0.088583 0.278247,
        -1.760721 -0.107814 0.278773,
        -1.745412 -0.125275 0.279463,
        -1.727935 -0.140596 0.280332,
        -1.708720 -0.153430 0.281390,
        -1.687853 -0.163714 0.282659,
        -1.665991 -0.171129 0.284125,
        -1.478325 -0.531496 0.302424,
        -1.620137 -0.177165 0.287649,
        -1.620137 0.177165 0.287649,
        -1.478325 0.531496 0.302424,
        -1.478325 0.177165 0.302424,
        -1.053856 0.531496 0.382510,
        -1.053856 0.177165 0.382510,
        -0.642593 0.531496 0.514613,
        -0.642593 0.177165 0.514613,
        -0.250886 0.531496 0.696693,
        -0.250886 0.177165 0.696693,
        0.115220 0.531496 0.925940,
        0.115220 0.177165 0.925940,
        0.450074 0.531496 1.198816,
        0.450074 0.177165 1.198816,
        0.748507 0.531496 1.511107,
        0.748507 0.177165 1.511107,
        1.005911 0.531496 1.857994,
        1.005911 0.177165 1.857994,
        -1.478325 -0.177165 0.302424,
        -1.053856 -0.177165 0.382510,
        -1.053856 -0.531496 0.382510,
        -0.642593 -0.177165 0.514613,
        -0.642593 -0.531496 0.514613,
        -0.250886 -0.177165 0.696693,
        -0.250886 -0.531496 0.696693,
        0.115220 -0.177165 0.925940,
        0.115220 -0.531496 0.925940,
        0.450074 -0.177165 1.198816,
        0.450074 -0.531496 1.198816,
        0.748507 -0.177165 1.511107,
        0.748507 -0.531496 1.511107,
        1.005911 -0.177165 1.857994,
        1.005911 -0.531496 1.857994,
        -1.909449 -0.531496 0.354331,
        -1.435743 -0.531496 0.387511,
        -1.620137 -0.177165 0.366669,
        -1.665991 -0.171129 0.363063,
        -1.687853 -0.163714 0.361564,
        -1.708720 -0.153430 0.360265,
        -1.727935 -0.140596 0.359182,
        -1.745412 -0.125275 0.358293,
        -1.760721 -0.107814 0.357587,
        -1.773567 -0.088583 0.357049,
        -1.783851 -0.067715 0.356653,
        -1.791266 -0.045854 0.356387,
        -1.795783 -0.023157 0.356232,
        -1.797303 0.000000 0.356182,
        -1.909449 0.531496 0.354331,
        -1.795799 0.023031 0.356232,
        -1.791266 0.045854 0.356387,
        -1.783818 0.067795 0.356654,
        -1.773567 0.088583 0.357049,
        -1.760634 0.107926 0.357591,
        -1.745412 0.125275 0.358293,
        -1.727950 0.140584 0.359181,
        -1.708720 0.153430 0.360265,
        -1.688011 0.163648 0.361554,
        -1.665991 0.171129 0.363063,
        -1.435743 0.531496 0.387511,
        1.147479 0.177165 2.268507,
        1.147479 0.531496 2.268507,
        0.910771 0.177165 1.856844,
        0.910771 0.531496 1.856844,
        0.618986 0.177165 1.482198,
        0.618986 0.531496 1.482198,
        0.277822 0.177165 1.151887,
        0.277822 0.531496 1.151887,
        -0.106057 0.177165 0.872362,
        -0.106057 0.531496 0.872362,
        -0.525156 0.177165 0.649081,
        -0.525156 0.531496 0.649081,
        -0.971289 0.177165 0.486405,
        -0.971289 0.531496 0.486405,
        -1.435743 0.177165 0.387511,
        -1.620137 0.177165 0.366669,
        1.147479 -0.531496 2.268507,
        1.147479 -0.177165 2.268507,
        0.910771 -0.531496 1.856844,
        0.910771 -0.177165 1.856844,
        0.618986 -0.531496 1.482198,
        0.618986 -0.177165 1.482198,
        0.277822 -0.531496 1.151887,
        0.277822 -0.177165 1.151887,
        -0.106057 -0.531496 0.872362,
        -0.106057 -0.177165 0.872362,
        -0.525156 -0.531496 0.649081,
        -0.525156 -0.177165 0.649081,
        -0.971289 -0.531496 0.486405,
        -0.971289 -0.177165 0.486405,
        -1.435743 -0.177165 0.387511,
        1.175669 -0.531496 2.313094,
        1.175669 -0.177165 2.313094,
        1.213050 -0.531496 2.350313,
        1.213050 -0.177165 2.350313,
        1.257759 -0.531496 2.378309,
        1.257759 -0.177165 2.378309,
        1.307566 -0.531496 2.395685,
        1.307566 -0.177165 2.395685,
        1.175669 0.177165 2.313094,
        1.175669 0.531496 2.313094,
        1.213050 0.177165 2.350313,
        1.213050 0.531496 2.350313,
        1.257759 0.177165 2.378309,
        1.257759 0.531496 2.378309,
        1.307566 0.177165 2.395685,
        1.307566 0.531496 2.395685,
      ]
    }
    coordIndex [
      2, 3, 4, -1,
      4, 3, 5, -1,
      6, 7, 8, -1,
      8, 7, 9, -1,
      5, 3, 10, -1,
      10, 3, 11, -1,
      12, 13, 8, -1,
      8, 13, 6, -1,
      10, 11, 14, -1,
      14, 11, 15, -1,
      16, 17, 12, -1,
      12, 17, 13, -1,
      14, 15, 18, -1,
      18, 15, 19, -1,
      18, 19, 20, -1,
      20, 19, 21, -1,
      20, 21, 22, -1,
      22, 21, 23, -1,
      22, 23, 24, -1,
      24, 23, 25, -1,
      24, 25, 26, -1,
      26, 25, 27, -1,
      17, 16, 28, -1,
      28, 16, 29, -1,
      28, 29, 30, -1,
      30, 29, 31, -1,
      30, 31, 32, -1,
      32, 31, 33, -1,
      32, 33, 34, -1,
      34, 33, 35, -1,
      34, 35, 36, -1,
      36, 35, 37, -1,
      38, 39, 0, -1,
      0, 39, 40, -1,
      40, 41, 0, -1,
      0, 41, 42, -1,
      0, 42, 43, -1,
      43, 44, 0, -1,
      0, 44, 45, -1,
      0, 45, 46, -1,
      46, 47, 0, -1,
      0, 47, 48, -1,
      0, 48, 1, -1,
      1, 48, 49, -1,
      1, 49, 50, -1,
      50, 51, 1, -1,
      1, 51, 52, -1,
      1, 52, 53, -1,
      53, 54, 1, -1,
      1, 54, 55, -1,
      1, 55, 56, -1,
      56, 57, 1, -1,
      1, 57, 58, -1,
      1, 58, 59, -1,
      59, 58, 60, -1,
      38, 0, 61, -1,
      61, 0, 62, -1,
      61, 62, 63, -1,
      63, 62, 64, -1,
      63, 64, 65, -1,
      65, 64, 66, -1,
      65, 66, 67, -1,
      67, 66, 68, -1,
      67, 68, 69, -1,
      69, 68, 70, -1,
      69, 70, 71, -1,
      71, 70, 72, -1,
      71, 72, 73, -1,
      73, 72, 74, -1,
      73, 74, 75, -1,
      75, 74, 76, -1,
      75, 76, 77, -1,
      77, 76, 36, -1,
      77, 36, 37, -1,
      60, 78, 59, -1,
      59, 78, 79, -1,
      59, 79, 80, -1,
      80, 79, 81, -1,
      80, 81, 82, -1,
      82, 81, 83, -1,
      82, 83, 84, -1,
      84, 83, 85, -1,
      84, 85, 86, -1,
      86, 85, 87, -1,
      86, 87, 88, -1,
      88, 87, 89, -1,
      88, 89, 90, -1,
      90, 89, 91, -1,
      90, 91, 92, -1,
      92, 91, 26, -1,
      92, 26, 27, -1,
      93, 94, 95, -1,
      95, 96, 93, -1,
      93, 96, 97, -1,
      93, 97, 98, -1,
      98, 99, 93, -1,
      93, 99, 100, -1,
      93, 100, 101, -1,
      101, 102, 93, -1,
      93, 102, 103, -1,
      93, 103, 104, -1,
      104, 105, 93, -1,
      93, 105, 106, -1,
      93, 106, 107, -1,
      107, 106, 108, -1,
      107, 108, 109, -1,
      109, 110, 107, -1,
      107, 110, 111, -1,
      107, 111, 112, -1,
      112, 113, 107, -1,
      107, 113, 114, -1,
      107, 114, 115, -1,
      115, 116, 107, -1,
      107, 116, 117, -1,
      107, 117, 118, -1,
      119, 120, 121, -1,
      121, 120, 122, -1,
      121, 122, 123, -1,
      123, 122, 124, -1,
      123, 124, 125, -1,
      125, 124, 126, -1,
      125, 126, 127, -1,
      127, 126, 128, -1,
      127, 128, 129, -1,
      129, 128, 130, -1,
      129, 130, 131, -1,
      131, 130, 132, -1,
      131, 132, 133, -1,
      133, 132, 118, -1,
      133, 118, 134, -1,
      134, 118, 117, -1,
      135, 136, 137, -1,
      137, 136, 138, -1,
      137, 138, 139, -1,
      139, 138, 140, -1,
      139, 140, 141, -1,
      141, 140, 142, -1,
      141, 142, 143, -1,
      143, 142, 144, -1,
      143, 144, 145, -1,
      145, 144, 146, -1,
      145, 146, 147, -1,
      147, 146, 148, -1,
      147, 148, 94, -1,
      94, 148, 149, -1,
      94, 149, 95, -1,
      136, 135, 150, -1,
      136, 150, 151, -1,
      151, 150, 152, -1,
      151, 152, 153, -1,
      153, 152, 154, -1,
      153, 154, 155, -1,
      155, 154, 156, -1,
      155, 156, 157, -1,
      157, 156, 2, -1,
      157, 2, 4, -1,
      120, 119, 158, -1,
      120, 158, 159, -1,
      159, 158, 160, -1,
      159, 160, 161, -1,
      161, 160, 162, -1,
      161, 162, 163, -1,
      163, 162, 164, -1,
      163, 164, 165, -1,
      165, 164, 9, -1,
      165, 9, 7, -1,
    ]
  }
}

Shape {
  appearance Appearance {
    material Material {
      diffuseColor 0.2078 0.2078 0.2078
      specularColor 0.0157 0.0157 0.0157
      ambientIntensity 0.2
      transparency 0.0000
      shininess 0.5
    }
  }
  geometry IndexedFaceSet {
    ccw TRUE
    solid FALSE
    coord DEF co Coordinate {
      point [
        -2.970813 1.820517 0.275591,
        -3.183022 1.417173 0.275591,
        -2.970813 -1.820517 0.275591,
        -2.707772 -2.192711 0.275591,
        -3.074928 -2.490028 0.275591,
        -3.441355 0.545057 0.275591,
        -3.340770 0.989581 0.275591,
        -3.441355 -0.545057 0.275591,
        -3.340770 -0.989581 0.275591,
        -3.183022 -1.417173 0.275591,
        -3.907980 -0.618963 0.275591,
        -3.907980 0.618963 0.275591,
        -2.707772 2.192711 0.275591,
        -3.074928 2.490028 0.275591,
        3.794262 1.122047 0.275591,
        4.881890 1.122047 0.275591,
        4.881890 -1.122047 0.275591,
        3.794262 -1.122047 0.275591,
        -3.441355 -0.545057 0.000000,
        -3.907980 -0.618963 0.000000,
        -4.342003 -0.270068 0.000000,
        3.877725 -1.972100 0.000000,
        3.603457 -2.437421 0.000000,
        3.273642 -2.865169 0.000000,
        -3.149606 0.137795 0.000000,
        -3.907980 0.618963 0.000000,
        -3.441355 0.545057 0.000000,
        4.092217 -1.476378 0.000000,
        2.893363 -3.248750 0.000000,
        2.468483 -3.582250 0.000000,
        2.005550 -3.860530 0.000000,
        1.511701 -4.079300 0.000000,
        0.994549 -4.235186 0.000000,
        0.462066 -4.325785 0.000000,
        -3.070866 -0.137795 0.000000,
        4.685040 -0.137795 0.000000,
        -3.070866 0.137795 0.000000,
        4.685040 0.137795 0.000000,
        -2.970813 1.820517 0.000000,
        -2.707772 2.192711 0.000000,
        0.462066 4.325785 0.000000,
        -0.077539 -4.349702 0.000000,
        -0.615950 -4.306569 0.000000,
        -2.707772 -2.192711 0.000000,
        -1.144865 -4.197048 0.000000,
        -1.656133 -4.022828 0.000000,
        -2.141870 -3.786597 0.000000,
        -2.594591 -3.491994 0.000000,
        -3.074928 -2.490028 0.000000,
        -3.007315 -3.143562 0.000000,
        -3.153086 -2.390286 0.000000,
        -3.373681 -2.746671 0.000000,
        -3.435814 -1.962296 0.000000,
        -3.688041 -2.307440 0.000000,
        -3.660797 -1.501327 0.000000,
        -3.945550 -1.832639 0.000000,
        -3.824257 -1.015126 0.000000,
        -4.142236 -1.329587 0.000000,
        -4.275070 -0.806040 0.000000,
        -2.970813 -1.820517 0.000000,
        -4.342003 0.270068 0.000000,
        -3.149606 -0.137795 0.000000,
        -3.340770 -0.989581 0.000000,
        -3.183022 -1.417173 0.000000,
        4.092217 1.476378 0.000000,
        3.877725 1.972100 0.000000,
        0.994549 4.235186 0.000000,
        2.893363 3.248750 0.000000,
        3.273642 2.865169 0.000000,
        2.468483 3.582250 0.000000,
        2.005550 3.860530 0.000000,
        1.511701 4.079300 0.000000,
        3.603457 2.437421 0.000000,
        -3.340770 0.989581 0.000000,
        -3.183022 1.417173 0.000000,
        -2.594591 3.491994 0.000000,
        -3.007315 3.143562 0.000000,
        -3.074928 2.490028 0.000000,
        -3.373681 2.746671 0.000000,
        -3.153086 2.390286 0.000000,
        -3.688041 2.307440 0.000000,
        -3.435814 1.962296 0.000000,
        -3.945550 1.832639 0.000000,
        -3.660797 1.501327 0.000000,
        -4.142236 1.329587 0.000000,
        -3.824257 1.015126 0.000000,
        -4.275070 0.806040 0.000000,
        -2.141870 3.786597 0.000000,
        -1.656133 4.022828 0.000000,
        -1.144865 4.197048 0.000000,
        4.842519 0.137795 0.000000,
        5.295276 1.476378 0.000000,
        4.842519 -0.137795 0.000000,
        5.295276 -1.476378 0.000000,
        -0.615950 4.306569 0.000000,
        -0.077539 4.349702 0.000000,
        -1.988189 3.420895 1.692913,
        -2.010317 3.407938 1.715042,
        -2.010317 3.407938 0.275591,
        -3.280247 -2.212555 2.519685,
        -3.435814 -1.962296 2.519685,
        -3.660797 -1.501327 2.519685,
        -3.824257 -1.015126 2.519685,
        -3.839162 -0.957211 2.519685,
        -3.923444 -0.511864 0.275591,
        -3.839162 0.957211 2.519685,
        -3.839162 0.957211 2.952756,
        -3.923444 0.511864 2.952756,
        -3.248031 2.259582 2.952756,
        -3.280247 2.212555 2.952756,
        -3.148946 2.387076 2.853670,
        -3.280247 2.212555 2.519685,
        -2.817367 2.778104 0.275591,
        -2.817367 2.778104 2.522091,
        -3.923444 0.511864 0.275591,
        -3.824257 1.015126 2.519685,
        -3.660797 1.501327 2.519685,
        -3.435814 1.962296 2.519685,
        -2.991517 2.589641 2.696242,
        -2.434298 3.119233 0.275591,
        -2.226991 3.270463 1.931716,
        -2.434298 3.119233 2.139022,
        -2.631366 2.954883 2.336091,
        -1.552551 3.639369 1.692913,
        -1.552551 3.639369 0.275591,
        -1.068692 3.809635 1.692913,
        -1.068692 3.809635 0.275591,
        -0.566872 3.915875 1.692913,
        -0.566872 3.915875 0.275591,
        -0.055524 3.956303 1.692913,
        -0.055524 3.956303 0.275591,
        0.456756 3.930241 1.692913,
        0.456756 3.930241 0.275591,
        0.961360 3.838125 1.692913,
        0.961360 3.838125 0.275591,
        1.449807 3.681505 1.692913,
        1.449807 3.681505 0.275591,
        1.913888 3.463012 1.692913,
        1.913888 3.463012 0.275591,
        2.345803 3.186319 1.692913,
        2.345803 3.186319 0.275591,
        2.738294 2.856075 1.692913,
        2.738294 2.856075 0.275591,
        2.973844 2.609917 1.692913,
        3.084765 2.477831 0.275591,
        3.084765 2.477831 1.851324,
        3.238889 2.272667 2.071437,
        3.379391 2.057943 0.275591,
        3.379391 2.057943 2.272095,
        3.505680 1.834565 2.452453,
        3.617223 1.603470 0.275591,
        3.617223 1.603470 2.611754,
        3.713553 1.365630 2.749326,
        3.794262 1.122047 2.864592,
        -3.956693 0.000000 0.275591,
        -3.956693 0.000000 2.952756,
        -3.923444 -0.511864 2.952756,
        -3.839162 -0.957211 2.952756,
        -3.153086 -2.390286 2.857811,
        -2.991517 -2.589641 2.696242,
        -2.817367 -2.778104 0.275591,
        -3.280247 -2.212555 2.952756,
        -3.248031 -2.259582 2.952756,
        -2.817367 -2.778104 2.522091,
        -2.631366 -2.954883 2.336091,
        -2.434298 -3.119233 0.275591,
        -2.434298 -3.119233 2.139022,
        -2.226991 -3.270463 1.931716,
        -2.010317 -3.407938 0.275591,
        -2.009877 -3.407233 1.714602,
        -1.988189 -3.420895 1.692913,
        -1.552551 -3.639369 0.275591,
        -1.552551 -3.639369 1.692913,
        -1.068692 -3.809635 0.275591,
        -1.068692 -3.809635 1.692913,
        -0.566872 -3.915875 0.275591,
        -0.566872 -3.915875 1.692913,
        -0.055524 -3.956303 0.275591,
        -0.055524 -3.956303 1.692913,
        0.456756 -3.930241 0.275591,
        0.456756 -3.930241 1.692913,
        0.961360 -3.838125 0.275591,
        0.961360 -3.838125 1.692913,
        1.449807 -3.681505 0.275591,
        1.449807 -3.681505 1.692913,
        1.913888 -3.463012 0.275591,
        1.913888 -3.463012 1.692913,
        2.345803 -3.186319 0.275591,
        2.345803 -3.186319 1.692913,
        2.738294 -2.856075 0.275591,
        2.738294 -2.856075 1.692913,
        3.084765 -2.477831 0.275591,
        2.973844 -2.609917 1.692913,
        3.084765 -2.477831 1.851324,
        3.379391 -2.057943 0.275591,
        3.238889 -2.272667 2.071437,
        3.379391 -2.057943 2.272095,
        3.617223 -1.603470 0.275591,
        3.505680 -1.834565 2.452453,
        3.794262 -1.122047 2.864592,
        3.713553 -1.365630 2.749326,
        3.617223 -1.603470 2.611754,
        -4.275070 0.806040 2.952756,
        -4.342003 0.270068 2.952756,
        -4.342003 -0.270068 2.952756,
        -4.275070 -0.806040 2.952756,
        -4.142236 1.329587 2.952756,
        -3.702078 1.396438 2.952756,
        -3.945550 1.832639 2.952756,
        -3.514929 1.816781 2.952756,
        -3.688041 2.307440 2.952756,
        -3.373681 2.746671 2.952756,
        -3.248031 2.894169 2.952756,
        -3.702078 -1.396438 2.952756,
        -4.142236 -1.329587 2.952756,
        -3.514929 -1.816781 2.952756,
        -3.945550 -1.832639 2.952756,
        -3.688041 -2.307440 2.952756,
        -3.373681 -2.746671 2.952756,
        -3.248031 -2.894169 2.952756,
        3.735723 2.229417 2.780989,
        3.855996 2.014255 2.952756,
        3.877725 1.972100 2.952756,
        -2.594591 -3.491994 2.299315,
        -3.007315 -3.143562 2.712039,
        -2.806366 -3.324190 2.511090,
        -1.656133 -4.022828 1.692913,
        -1.988189 -3.869500 1.692913,
        -2.141870 -3.786597 1.846595,
        -2.372807 -3.646328 2.077531,
        2.468483 -3.582250 1.692913,
        2.005550 -3.860530 1.692913,
        1.511701 -4.079300 1.692913,
        0.994549 -4.235186 1.692913,
        0.462066 -4.325785 1.692913,
        -0.077539 -4.349702 1.692913,
        -0.615950 -4.306569 1.692913,
        -1.144865 -4.197048 1.692913,
        3.273642 -2.865169 2.121069,
        3.127589 -3.023924 1.912483,
        2.973844 -3.175244 1.692913,
        2.893363 -3.248750 1.692913,
        3.445194 -2.656419 2.366071,
        3.603457 -2.437421 2.592094,
        3.735723 -2.229417 2.780989,
        3.855996 -2.014255 2.952756,
        3.603457 2.437421 2.592094,
        2.893363 3.248750 1.692913,
        2.973844 3.175244 1.692913,
        3.127589 3.023924 1.912483,
        3.273642 2.865169 2.121069,
        3.445194 2.656419 2.366071,
        -1.144865 4.197048 1.692913,
        -0.615950 4.306569 1.692913,
        -0.077539 4.349702 1.692913,
        0.462066 4.325785 1.692913,
        0.994549 4.235186 1.692913,
        1.511701 4.079300 1.692913,
        2.005550 3.860530 1.692913,
        2.468483 3.582250 1.692913,
        -1.988189 3.869500 1.692913,
        -1.656133 4.022828 1.692913,
        -2.372807 3.646328 2.077531,
        -2.139156 3.781902 1.843881,
        -2.806366 3.324190 2.511090,
        -2.594591 3.491994 2.299315,
        4.092217 1.476378 2.952756,
        -3.007315 3.143562 2.712039,
        3.877725 -1.972100 2.952756,
        4.092217 -1.476378 2.952756,
        3.855996 1.122047 2.952756,
        3.855996 -1.122047 2.952756,
        4.881890 -1.122047 2.952756,
        5.295276 -1.476378 2.952756,
        4.881890 1.122047 2.952756,
        5.295276 1.476378 2.952756,
        -3.019133 2.036431 2.519685,
        -3.019133 2.036431 2.637795,
        -3.235133 1.672161 2.519685,
        -3.235133 1.672161 2.637795,
        -3.407385 1.285279 2.519685,
        -3.407385 1.285279 2.637795,
        -3.533557 0.881015 2.519685,
        -3.533557 0.881015 2.637795,
        -3.533557 -0.881015 2.519685,
        -3.533557 -0.881015 2.637795,
        -3.407385 -1.285279 2.519685,
        -3.407385 -1.285279 2.637795,
        -3.235133 -1.672161 2.519685,
        -3.235133 -1.672161 2.637795,
        -3.019133 -2.036431 2.519685,
        -3.019133 -2.036431 2.637795,
      ]
    }
    coordIndex [
      18, 19, 20, -1,
      21, 22, 23, -1,
      24, 25, 26, -1,
      21, 23, 27, -1,
      27, 23, 28, -1,
      27, 28, 29, -1,
      29, 30, 27, -1,
      27, 30, 31, -1,
      27, 31, 32, -1,
      33, 34, 35, -1,
      35, 34, 36, -1,
      35, 36, 37, -1,
      38, 39, 40, -1,
      41, 42, 43, -1,
      43, 42, 44, -1,
      43, 44, 45, -1,
      45, 46, 43, -1,
      43, 46, 47, -1,
      43, 47, 48, -1,
      48, 47, 49, -1,
      48, 49, 50, -1,
      50, 49, 51, -1,
      50, 51, 52, -1,
      52, 51, 53, -1,
      52, 53, 54, -1,
      54, 53, 55, -1,
      54, 55, 56, -1,
      56, 55, 57, -1,
      56, 57, 19, -1,
      19, 57, 58, -1,
      19, 58, 20, -1,
      59, 34, 43, -1,
      43, 34, 33, -1,
      43, 33, 41, -1,
      20, 60, 18, -1,
      18, 60, 61, -1,
      18, 61, 62, -1,
      62, 61, 34, -1,
      62, 34, 63, -1,
      63, 34, 59, -1,
      64, 40, 65, -1,
      65, 40, 66, -1,
      67, 68, 69, -1,
      69, 68, 70, -1,
      66, 71, 65, -1,
      65, 71, 70, -1,
      65, 70, 72, -1,
      72, 70, 68, -1,
      24, 26, 36, -1,
      36, 26, 73, -1,
      36, 73, 74, -1,
      75, 39, 76, -1,
      76, 39, 77, -1,
      76, 77, 78, -1,
      78, 77, 79, -1,
      78, 79, 80, -1,
      80, 79, 81, -1,
      80, 81, 82, -1,
      82, 81, 83, -1,
      82, 83, 84, -1,
      84, 83, 85, -1,
      84, 85, 86, -1,
      86, 85, 25, -1,
      86, 25, 60, -1,
      60, 25, 24, -1,
      60, 24, 61, -1,
      75, 87, 39, -1,
      39, 87, 88, -1,
      39, 88, 89, -1,
      74, 38, 36, -1,
      36, 38, 40, -1,
      36, 40, 37, -1,
      37, 40, 64, -1,
      37, 64, 90, -1,
      90, 64, 91, -1,
      90, 91, 92, -1,
      92, 91, 93, -1,
      92, 93, 35, -1,
      35, 93, 27, -1,
      35, 27, 33, -1,
      33, 27, 32, -1,
      89, 94, 39, -1,
      39, 94, 95, -1,
      39, 95, 40, -1,
      96, 97, 98, -1,
      11, 25, 85, -1,
      99, 50, 100, -1,
      100, 50, 52, -1,
      100, 52, 101, -1,
      101, 52, 54, -1,
      101, 54, 102, -1,
      56, 19, 10, -1,
      54, 56, 102, -1,
      102, 56, 10, -1,
      102, 10, 103, -1,
      103, 10, 104, -1,
      105, 106, 107, -1,
      108, 109, 110, -1,
      110, 109, 111, -1,
      79, 77, 13, -1,
      13, 112, 113, -1,
      114, 11, 115, -1,
      115, 11, 85, -1,
      115, 85, 116, -1,
      116, 85, 83, -1,
      116, 83, 117, -1,
      117, 83, 81, -1,
      117, 81, 111, -1,
      111, 81, 79, -1,
      111, 79, 110, -1,
      110, 79, 13, -1,
      110, 13, 118, -1,
      118, 13, 113, -1,
      98, 97, 119, -1,
      97, 120, 119, -1,
      119, 120, 121, -1,
      119, 121, 112, -1,
      112, 121, 122, -1,
      112, 122, 113, -1,
      96, 98, 123, -1,
      123, 98, 124, -1,
      123, 124, 125, -1,
      125, 124, 126, -1,
      125, 126, 127, -1,
      127, 126, 128, -1,
      127, 128, 129, -1,
      129, 128, 130, -1,
      129, 130, 131, -1,
      131, 130, 132, -1,
      131, 132, 133, -1,
      133, 132, 134, -1,
      133, 134, 135, -1,
      135, 134, 136, -1,
      135, 136, 137, -1,
      137, 136, 138, -1,
      137, 138, 139, -1,
      139, 138, 140, -1,
      139, 140, 141, -1,
      141, 140, 142, -1,
      141, 142, 143, -1,
      143, 142, 144, -1,
      143, 144, 145, -1,
      145, 144, 146, -1,
      146, 144, 147, -1,
      146, 147, 148, -1,
      148, 147, 149, -1,
      149, 147, 150, -1,
      149, 150, 151, -1,
      151, 150, 152, -1,
      152, 150, 14, -1,
      152, 14, 153, -1,
      115, 105, 114, -1,
      114, 105, 107, -1,
      114, 107, 154, -1,
      154, 107, 155, -1,
      154, 155, 104, -1,
      104, 155, 156, -1,
      104, 156, 103, -1,
      103, 156, 157, -1,
      4, 158, 159, -1,
      4, 159, 160, -1,
      161, 162, 99, -1,
      99, 162, 158, -1,
      99, 158, 50, -1,
      50, 158, 4, -1,
      50, 4, 48, -1,
      159, 163, 160, -1,
      160, 163, 164, -1,
      160, 164, 165, -1,
      164, 166, 165, -1,
      165, 166, 167, -1,
      165, 167, 168, -1,
      167, 169, 168, -1,
      168, 169, 170, -1,
      168, 170, 171, -1,
      171, 170, 172, -1,
      171, 172, 173, -1,
      173, 172, 174, -1,
      173, 174, 175, -1,
      175, 174, 176, -1,
      175, 176, 177, -1,
      177, 176, 178, -1,
      177, 178, 179, -1,
      179, 178, 180, -1,
      179, 180, 181, -1,
      181, 180, 182, -1,
      181, 182, 183, -1,
      183, 182, 184, -1,
      183, 184, 185, -1,
      185, 184, 186, -1,
      185, 186, 187, -1,
      187, 186, 188, -1,
      187, 188, 189, -1,
      189, 188, 190, -1,
      189, 190, 191, -1,
      190, 192, 191, -1,
      191, 192, 193, -1,
      191, 193, 194, -1,
      193, 195, 194, -1,
      194, 195, 196, -1,
      194, 196, 197, -1,
      197, 196, 198, -1,
      199, 17, 200, -1,
      200, 17, 197, -1,
      200, 197, 201, -1,
      201, 197, 198, -1,
      202, 203, 155, -1,
      155, 203, 204, -1,
      155, 204, 156, -1,
      156, 204, 205, -1,
      156, 205, 157, -1,
      155, 107, 202, -1,
      202, 107, 106, -1,
      202, 106, 206, -1,
      206, 106, 207, -1,
      206, 207, 208, -1,
      208, 207, 209, -1,
      208, 209, 210, -1,
      210, 209, 109, -1,
      210, 109, 211, -1,
      211, 109, 108, -1,
      211, 108, 212, -1,
      157, 205, 213, -1,
      213, 205, 214, -1,
      213, 214, 215, -1,
      215, 214, 216, -1,
      215, 216, 161, -1,
      161, 216, 217, -1,
      161, 217, 162, -1,
      162, 217, 218, -1,
      162, 218, 219, -1,
      220, 221, 222, -1,
      49, 47, 223, -1,
      219, 51, 224, -1,
      224, 51, 49, -1,
      224, 49, 225, -1,
      225, 49, 223, -1,
      226, 227, 46, -1,
      46, 227, 228, -1,
      46, 228, 47, -1,
      47, 228, 229, -1,
      47, 229, 223, -1,
      28, 230, 29, -1,
      29, 230, 231, -1,
      29, 231, 30, -1,
      30, 231, 232, -1,
      30, 232, 31, -1,
      31, 232, 233, -1,
      31, 233, 32, -1,
      32, 233, 234, -1,
      32, 234, 33, -1,
      33, 234, 235, -1,
      33, 235, 41, -1,
      41, 235, 236, -1,
      41, 236, 42, -1,
      42, 236, 237, -1,
      42, 237, 44, -1,
      44, 237, 226, -1,
      44, 226, 45, -1,
      45, 226, 46, -1,
      238, 239, 23, -1,
      23, 239, 240, -1,
      23, 240, 28, -1,
      28, 240, 241, -1,
      28, 241, 230, -1,
      238, 23, 242, -1,
      242, 23, 22, -1,
      242, 22, 243, -1,
      243, 22, 244, -1,
      244, 22, 21, -1,
      244, 21, 245, -1,
      72, 246, 65, -1,
      65, 246, 220, -1,
      247, 248, 68, -1,
      248, 249, 68, -1,
      68, 249, 250, -1,
      68, 250, 72, -1,
      72, 250, 251, -1,
      72, 251, 246, -1,
      88, 252, 89, -1,
      89, 252, 253, -1,
      89, 253, 94, -1,
      94, 253, 254, -1,
      94, 254, 95, -1,
      95, 254, 255, -1,
      95, 255, 40, -1,
      40, 255, 256, -1,
      40, 256, 66, -1,
      66, 256, 257, -1,
      66, 257, 71, -1,
      71, 257, 258, -1,
      71, 258, 70, -1,
      70, 258, 259, -1,
      70, 259, 69, -1,
      69, 259, 247, -1,
      69, 247, 67, -1,
      67, 247, 68, -1,
      87, 260, 88, -1,
      88, 260, 261, -1,
      88, 261, 252, -1,
      75, 262, 87, -1,
      87, 262, 263, -1,
      87, 263, 260, -1,
      76, 264, 75, -1,
      75, 264, 265, -1,
      75, 265, 262, -1,
      220, 222, 65, -1,
      65, 222, 266, -1,
      65, 266, 64, -1,
      219, 218, 51, -1,
      51, 218, 217, -1,
      51, 217, 53, -1,
      53, 217, 216, -1,
      53, 216, 55, -1,
      55, 216, 214, -1,
      55, 214, 57, -1,
      57, 214, 205, -1,
      57, 205, 58, -1,
      58, 205, 204, -1,
      58, 204, 20, -1,
      20, 204, 203, -1,
      20, 203, 60, -1,
      60, 203, 202, -1,
      60, 202, 86, -1,
      86, 202, 206, -1,
      86, 206, 84, -1,
      84, 206, 208, -1,
      84, 208, 82, -1,
      82, 208, 210, -1,
      82, 210, 80, -1,
      80, 210, 211, -1,
      80, 211, 78, -1,
      78, 211, 212, -1,
      78, 212, 76, -1,
      76, 212, 267, -1,
      76, 267, 264, -1,
      245, 21, 268, -1,
      268, 21, 27, -1,
      268, 27, 269, -1,
      222, 221, 270, -1,
      245, 268, 271, -1,
      271, 268, 269, -1,
      271, 269, 272, -1,
      272, 269, 273, -1,
      272, 273, 274, -1,
      274, 273, 275, -1,
      274, 275, 270, -1,
      270, 275, 266, -1,
      270, 266, 222, -1,
      275, 273, 91, -1,
      91, 273, 93, -1,
      266, 275, 64, -1,
      64, 275, 91, -1,
      273, 269, 93, -1,
      93, 269, 27, -1,
      14, 15, 153, -1,
      153, 15, 274, -1,
      153, 274, 270, -1,
      272, 274, 16, -1,
      16, 274, 15, -1,
      271, 272, 199, -1,
      199, 272, 16, -1,
      199, 16, 17, -1,
      245, 271, 199, -1,
      199, 200, 245, -1,
      245, 200, 201, -1,
      245, 201, 244, -1,
      244, 201, 198, -1,
      244, 198, 243, -1,
      243, 198, 196, -1,
      243, 196, 242, -1,
      242, 196, 195, -1,
      242, 195, 238, -1,
      238, 195, 193, -1,
      238, 193, 239, -1,
      239, 193, 192, -1,
      239, 192, 240, -1,
      188, 241, 190, -1,
      190, 241, 240, -1,
      190, 240, 192, -1,
      170, 227, 172, -1,
      172, 227, 226, -1,
      172, 226, 174, -1,
      174, 226, 237, -1,
      174, 237, 176, -1,
      176, 237, 236, -1,
      176, 236, 178, -1,
      178, 236, 235, -1,
      178, 235, 180, -1,
      180, 235, 234, -1,
      180, 234, 182, -1,
      182, 234, 233, -1,
      182, 233, 184, -1,
      184, 233, 232, -1,
      184, 232, 186, -1,
      186, 232, 231, -1,
      186, 231, 188, -1,
      188, 231, 230, -1,
      188, 230, 241, -1,
      158, 162, 219, -1,
      227, 170, 228, -1,
      228, 170, 169, -1,
      228, 169, 229, -1,
      229, 169, 167, -1,
      229, 167, 223, -1,
      223, 167, 166, -1,
      223, 166, 225, -1,
      225, 166, 164, -1,
      225, 164, 224, -1,
      224, 164, 163, -1,
      224, 163, 219, -1,
      219, 163, 159, -1,
      219, 159, 158, -1,
      96, 260, 97, -1,
      97, 260, 263, -1,
      97, 263, 120, -1,
      120, 263, 262, -1,
      120, 262, 121, -1,
      121, 262, 265, -1,
      121, 265, 122, -1,
      122, 265, 264, -1,
      122, 264, 113, -1,
      113, 264, 267, -1,
      113, 267, 118, -1,
      118, 267, 212, -1,
      118, 212, 110, -1,
      110, 212, 108, -1,
      143, 248, 141, -1,
      141, 248, 247, -1,
      141, 247, 139, -1,
      139, 247, 259, -1,
      139, 259, 137, -1,
      137, 259, 258, -1,
      137, 258, 135, -1,
      135, 258, 257, -1,
      135, 257, 133, -1,
      133, 257, 256, -1,
      133, 256, 131, -1,
      131, 256, 255, -1,
      131, 255, 129, -1,
      129, 255, 254, -1,
      129, 254, 127, -1,
      127, 254, 253, -1,
      127, 253, 125, -1,
      125, 253, 252, -1,
      125, 252, 123, -1,
      123, 252, 261, -1,
      123, 261, 96, -1,
      96, 261, 260, -1,
      153, 270, 152, -1,
      152, 270, 221, -1,
      152, 221, 151, -1,
      248, 143, 249, -1,
      249, 143, 145, -1,
      151, 221, 149, -1,
      149, 221, 220, -1,
      149, 220, 148, -1,
      148, 220, 246, -1,
      148, 246, 146, -1,
      146, 246, 251, -1,
      146, 251, 145, -1,
      145, 251, 250, -1,
      145, 250, 249, -1,
      276, 277, 278, -1,
      278, 277, 279, -1,
      278, 279, 280, -1,
      280, 279, 281, -1,
      280, 281, 282, -1,
      282, 281, 283, -1,
      106, 105, 283, -1,
      283, 105, 282, -1,
      277, 276, 109, -1,
      109, 276, 111, -1,
      111, 276, 117, -1,
      117, 276, 278, -1,
      117, 278, 116, -1,
      116, 278, 280, -1,
      116, 280, 115, -1,
      115, 280, 282, -1,
      115, 282, 105, -1,
      277, 109, 279, -1,
      279, 109, 209, -1,
      279, 209, 281, -1,
      281, 209, 207, -1,
      281, 207, 283, -1,
      283, 207, 106, -1,
      26, 5, 6, -1,
      26, 6, 73, -1,
      73, 6, 1, -1,
      73, 1, 74, -1,
      74, 1, 0, -1,
      74, 0, 38, -1,
      38, 0, 12, -1,
      38, 12, 39, -1,
      11, 5, 25, -1,
      25, 5, 26, -1,
      12, 13, 39, -1,
      39, 13, 77, -1,
      284, 285, 286, -1,
      286, 285, 287, -1,
      286, 287, 288, -1,
      288, 287, 289, -1,
      288, 289, 290, -1,
      290, 289, 291, -1,
      161, 99, 291, -1,
      291, 99, 290, -1,
      285, 284, 157, -1,
      157, 284, 103, -1,
      103, 284, 102, -1,
      102, 284, 286, -1,
      290, 99, 288, -1,
      288, 99, 100, -1,
      288, 100, 286, -1,
      286, 100, 101, -1,
      286, 101, 102, -1,
      285, 157, 287, -1,
      287, 157, 213, -1,
      287, 213, 289, -1,
      289, 213, 215, -1,
      289, 215, 291, -1,
      291, 215, 161, -1,
      43, 3, 2, -1,
      43, 2, 59, -1,
      59, 2, 9, -1,
      59, 9, 63, -1,
      63, 9, 8, -1,
      63, 8, 62, -1,
      62, 8, 7, -1,
      62, 7, 18, -1,
      3, 43, 4, -1,
      4, 43, 48, -1,
      10, 19, 7, -1,
      7, 19, 18, -1,
    ]
  }
}

Shape {
  appearance Appearance {
    material Material {
      diffuseColor 0.6667 0.6667 0.6667
      specularColor 0.4667 0.4667 0.4667
      ambientIntensity 0.2
      transparency 0.0000
      shininess 0.5
    }
  }
  geometry IndexedFaceSet {
    ccw TRUE
    solid FALSE
    coord DEF co Coordinate {
      point [
        -1.909449 0.531496 0.275591,
        -2.696850 0.531496 0.275591,
        -1.909449 -0.531496 0.275591,
        -2.696850 -0.531496 0.275591,
        -2.696850 -0.137795 0.275591,
        -3.128508 -0.137795 0.275591,
        -3.128508 0.137795 0.275591,
        -2.696850 0.137795 0.275591,
        4.210326 0.826772 0.275591,
        4.842519 0.826772 0.275591,
        4.842519 -0.826772 0.275591,
        4.210326 -0.826772 0.275591,
        1.359987 -0.531496 2.401575,
        1.574803 -0.531496 2.401575,
        1.359987 -0.177165 2.401575,
        1.574803 -0.177165 2.401575,
        1.574803 0.531496 2.401575,
        1.359987 0.531496 2.401575,
        1.574803 0.177165 2.401575,
        1.359987 0.177165 2.401575,
        1.574803 -0.177165 2.322835,
        1.574803 -0.531496 2.322835,
        1.574803 0.177165 2.322835,
        1.574803 0.531496 2.322835,
        1.359987 -0.177165 2.322835,
        1.359987 -0.531496 2.322835,
        1.359987 0.177165 2.322835,
        1.359987 0.531496 2.322835,
        1.325039 -0.177165 2.318908,
        1.325039 -0.531496 2.318908,
        1.291835 -0.177165 2.307324,
        1.291835 -0.531496 2.307324,
        1.262029 -0.177165 2.288660,
        1.262029 -0.531496 2.288660,
        1.237108 -0.177165 2.263848,
        1.237108 -0.531496 2.263848,
        1.218315 -0.177165 2.234123,
        1.218315 -0.531496 2.234123,
        1.325039 0.531496 2.318908,
        1.325039 0.177165 2.318908,
        1.291835 0.531496 2.307324,
        1.291835 0.177165 2.307324,
        1.262029 0.531496 2.288660,
        1.262029 0.177165 2.288660,
        1.237108 0.531496 2.263848,
        1.237108 0.177165 2.263848,
        1.218315 0.531496 2.234123,
        1.218315 0.177165 2.234123,
        -1.665991 0.171129 0.284125,
        -1.688011 0.163648 0.282650,
        -1.708720 0.153430 0.281390,
        -1.727951 0.140584 0.280331,
        -1.745412 0.125275 0.279463,
        -1.760635 0.107926 0.278777,
        -1.773567 0.088583 0.278247,
        -1.783818 0.067795 0.277861,
        -1.791266 0.045854 0.277600,
        -1.795799 0.023031 0.277448,
        -1.797303 0.000000 0.277400,
        -1.795783 -0.023157 0.277449,
        -1.791266 -0.045854 0.277600,
        -1.783851 -0.067715 0.277860,
        -1.773567 -0.088583 0.278247,
        -1.760721 -0.107814 0.278773,
        -1.745412 -0.125275 0.279463,
        -1.727935 -0.140596 0.280332,
        -1.708720 -0.153430 0.281390,
        -1.687853 -0.163714 0.282659,
        -1.665991 -0.171129 0.284125,
        -1.478325 -0.531496 0.302424,
        -1.620137 -0.177165 0.287649,
        -1.620137 0.177165 0.287649,
        -1.478325 0.531496 0.302424,
        -1.478325 0.177165 0.302424,
        -1.053856 0.531496 0.382510,
        -1.053856 0.177165 0.382510,
        -0.642593 0.531496 0.514613,
        -0.642593 0.177165 0.514613,
        -0.250886 0.531496 0.696693,
        -0.250886 0.177165 0.696693,
        0.115220 0.531496 0.925940,
        0.115220 0.177165 0.925940,
        0.450074 0.531496 1.198816,
        0.450074 0.177165 1.198816,
        0.748507 0.531496 1.511107,
        0.748507 0.177165 1.511107,
        1.005911 0.531496 1.857994,
        1.005911 0.177165 1.857994,
        -1.478325 -0.177165 0.302424,
        -1.053856 -0.177165 0.382510,
        -1.053856 -0.531496 0.382510,
        -0.642593 -0.177165 0.514613,
        -0.642593 -0.531496 0.514613,
        -0.250886 -0.177165 0.696693,
        -0.250886 -0.531496 0.696693,
        0.115220 -0.177165 0.925940,
        0.115220 -0.531496 0.925940,
        0.450074 -0.177165 1.198816,
        0.450074 -0.531496 1.198816,
        0.748507 -0.177165 1.511107,
        0.748507 -0.531496 1.511107,
        1.005911 -0.177165 1.857994,
        1.005911 -0.531496 1.857994,
        -1.909449 -0.531496 0.354331,
        -1.435743 -0.531496 0.387511,
        -1.620137 -0.177165 0.366669,
        -1.665991 -0.171129 0.363063,
        -1.687853 -0.163714 0.361564,
        -1.708720 -0.153430 0.360265,
        -1.727935 -0.140596 0.359182,
        -1.745412 -0.125275 0.358293,
        -1.760721 -0.107814 0.357587,
        -1.773567 -0.088583 0.357049,
        -1.783851 -0.067715 0.356653,
        -1.791266 -0.045854 0.356387,
        -1.795783 -0.023157 0.356232,
        -1.797303 0.000000 0.356182,
        -1.909449 0.531496 0.354331,
        -1.795799 0.023031 0.356232,
        -1.791266 0.045854 0.356387,
        -1.783818 0.067795 0.356654,
        -1.773567 0.088583 0.357049,
        -1.760634 0.107926 0.357591,
        -1.745412 0.125275 0.358293,
        -1.727950 0.140584 0.359181,
        -1.708720 0.153430 0.360265,
        -1.688011 0.163648 0.361554,
        -1.665991 0.171129 0.363063,
        -1.435743 0.531496 0.387511,
        1.147479 0.177165 2.268507,
        1.147479 0.531496 2.268507,
        0.910771 0.177165 1.856844,
        0.910771 0.531496 1.856844,
        0.618986 0.177165 1.482198,
        0.618986 0.531496 1.482198,
        0.277822 0.177165 1.151887,
        0.277822 0.531496 1.151887,
        -0.106057 0.177165 0.872362,
        -0.106057 0.531496 0.872362,
        -0.525156 0.177165 0.649081,
        -0.525156 0.531496 0.649081,
        -0.971289 0.177165 0.486405,
        -0.971289 0.531496 0.486405,
        -1.435743 0.177165 0.387511,
        -1.620137 0.177165 0.366669,
        1.147479 -0.531496 2.268507,
        1.147479 -0.177165 2.268507,
        0.910771 -0.531496 1.856844,
        0.910771 -0.177165 1.856844,
        0.618986 -0.531496 1.482198,
        0.618986 -0.177165 1.482198,
        0.277822 -0.531496 1.151887,
        0.277822 -0.177165 1.151887,
        -0.106057 -0.531496 0.872362,
        -0.106057 -0.177165 0.872362,
        -0.525156 -0.531496 0.649081,
        -0.525156 -0.177165 0.649081,
        -0.971289 -0.531496 0.486405,
        -0.971289 -0.177165 0.486405,
        -1.435743 -0.177165 0.387511,
        1.175669 -0.531496 2.313094,
        1.175669 -0.177165 2.313094,
        1.213050 -0.531496 2.350313,
        1.213050 -0.177165 2.350313,
        1.257759 -0.531496 2.378309,
        1.257759 -0.177165 2.378309,
        1.307566 -0.531496 2.395685,
        1.307566 -0.177165 2.395685,
        1.175669 0.177165 2.313094,
        1.175669 0.531496 2.313094,
        1.213050 0.177165 2.350313,
        1.213050 0.531496 2.350313,
        1.257759 0.177165 2.378309,
        1.257759 0.531496 2.378309,
        1.307566 0.177165 2.395685,
        1.307566 0.531496 2.395685,
        -3.149606 0.137795 0.000000,
        -3.070866 -0.137795 0.000000,
        4.685040 -0.137795 0.000000,
        -3.070866 0.137795 0.000000,
        4.685040 0.137795 0.000000,
        -3.149606 -0.137795 0.000000,
        4.842519 0.137795 0.000000,
        4.842519 -0.137795 0.000000,
        -3.149606 0.137795 -1.181102,
        -3.070866 0.137795 -1.181102,
        -3.149606 -0.137795 -1.181102,
        -3.070866 -0.137795 -1.181102,
        -3.109157 -0.137795 0.302225,
        -3.109157 0.137795 0.302225,
        -3.084691 -0.137795 0.324255,
        -3.084691 0.137795 0.324255,
        -3.056179 -0.137795 0.340716,
        -3.056179 0.137795 0.340716,
        -3.024868 -0.137795 0.350889,
        -3.024868 0.137795 0.350889,
        -2.992126 -0.137795 0.354331,
        -2.992126 0.137795 0.354331,
        -2.696850 -0.137795 0.354331,
        -2.696850 -0.531496 0.354331,
        -2.696850 0.531496 0.354331,
        -2.696850 0.137795 0.354331,
        4.685040 0.137795 -1.181102,
        4.842519 0.137795 -1.181102,
        4.685040 -0.137795 -1.181102,
        4.842519 -0.137795 -1.181102,
        4.140241 -0.826772 0.283487,
        4.140241 0.826772 0.283487,
        4.073670 -0.826772 0.306781,
        4.073670 0.826772 0.306781,
        4.013951 -0.826772 0.344305,
        4.013951 0.826772 0.344305,
        3.964080 -0.826772 0.394176,
        3.964080 0.826772 0.394176,
        3.926557 -0.826772 0.453895,
        3.926557 0.826772 0.453895,
        3.903263 -0.826772 0.520466,
        3.903263 0.826772 0.520466,
        3.895366 -0.826772 0.590551,
        3.895366 0.826772 0.590551,
        3.895366 0.826772 3.149606,
        3.895366 -0.826772 3.149606,
        4.052846 0.826772 3.149606,
        4.052846 -0.826772 3.149606,
        4.052846 0.826772 0.590551,
        4.052846 -0.826772 0.590551,
        4.056794 0.826772 0.555509,
        4.056794 -0.826772 0.555509,
        4.068441 0.826772 0.522223,
        4.068441 -0.826772 0.522223,
        4.087203 0.826772 0.492364,
        4.087203 -0.826772 0.492364,
        4.112139 0.826772 0.467428,
        4.112139 -0.826772 0.467428,
        4.141998 0.826772 0.448666,
        4.141998 -0.826772 0.448666,
        4.175284 0.826772 0.437019,
        4.175284 -0.826772 0.437019,
        4.210326 0.826772 0.433071,
        4.210326 -0.826772 0.433071,
        4.685040 0.826772 0.433071,
        4.685040 -0.826772 0.433071,
        4.725798 -0.826772 0.427705,
        4.725798 0.826772 0.427705,
        4.763780 -0.826772 0.411972,
        4.763780 0.826772 0.411972,
        4.796395 -0.826772 0.386946,
        4.796395 0.826772 0.386946,
        4.821421 -0.826772 0.354331,
        4.821421 0.826772 0.354331,
        4.837154 -0.826772 0.316350,
        4.837154 0.826772 0.316350,
      ]
    }
    coordIndex [
      184, 185, 186, -1,
      186, 185, 187, -1,
      186, 187, 181, -1,
      181, 187, 177, -1,
      179, 185, 176, -1,
      176, 185, 184, -1,
      184, 186, 176, -1,
      176, 186, 181, -1,
      177, 187, 179, -1,
      179, 187, 185, -1,
      6, 5, 188, -1,
      6, 188, 189, -1,
      189, 188, 190, -1,
      189, 190, 191, -1,
      191, 190, 192, -1,
      191, 192, 193, -1,
      193, 192, 194, -1,
      193, 194, 195, -1,
      195, 194, 196, -1,
      195, 196, 197, -1,
      198, 199, 103, -1,
      117, 200, 201, -1,
      197, 196, 201, -1,
      201, 196, 198, -1,
      201, 198, 117, -1,
      117, 198, 103, -1,
      197, 201, 7, -1,
      189, 191, 193, -1,
      7, 6, 197, -1,
      197, 6, 189, -1,
      197, 189, 195, -1,
      195, 189, 193, -1,
      192, 190, 188, -1,
      4, 198, 5, -1,
      5, 198, 196, -1,
      5, 196, 188, -1,
      188, 196, 194, -1,
      188, 194, 192, -1,
      200, 1, 201, -1,
      201, 1, 7, -1,
      4, 3, 198, -1,
      198, 3, 199, -1,
      1, 200, 0, -1,
      0, 200, 117, -1,
      0, 117, 72, -1,
      72, 117, 128, -1,
      72, 128, 74, -1,
      74, 128, 142, -1,
      74, 142, 76, -1,
      76, 142, 140, -1,
      76, 140, 78, -1,
      78, 140, 138, -1,
      16, 23, 17, -1,
      17, 23, 27, -1,
      17, 27, 175, -1,
      175, 27, 38, -1,
      175, 38, 173, -1,
      173, 38, 40, -1,
      173, 40, 171, -1,
      171, 40, 42, -1,
      171, 42, 169, -1,
      169, 42, 44, -1,
      169, 44, 130, -1,
      130, 44, 46, -1,
      130, 46, 132, -1,
      132, 46, 86, -1,
      132, 86, 134, -1,
      134, 86, 84, -1,
      134, 84, 136, -1,
      136, 84, 82, -1,
      136, 82, 138, -1,
      138, 82, 80, -1,
      138, 80, 78, -1,
      199, 3, 103, -1,
      103, 3, 2, -1,
      103, 2, 104, -1,
      104, 2, 69, -1,
      104, 69, 157, -1,
      157, 69, 90, -1,
      157, 90, 155, -1,
      155, 90, 92, -1,
      155, 92, 153, -1,
      21, 13, 25, -1,
      25, 13, 12, -1,
      25, 12, 29, -1,
      29, 12, 166, -1,
      29, 166, 31, -1,
      31, 166, 164, -1,
      31, 164, 33, -1,
      33, 164, 162, -1,
      33, 162, 35, -1,
      35, 162, 160, -1,
      35, 160, 37, -1,
      37, 160, 145, -1,
      37, 145, 102, -1,
      102, 145, 147, -1,
      102, 147, 100, -1,
      100, 147, 149, -1,
      100, 149, 98, -1,
      98, 149, 151, -1,
      98, 151, 96, -1,
      96, 151, 153, -1,
      96, 153, 94, -1,
      94, 153, 92, -1,
      144, 127, 71, -1,
      71, 127, 48, -1,
      48, 127, 49, -1,
      49, 127, 126, -1,
      49, 126, 50, -1,
      50, 126, 125, -1,
      50, 125, 51, -1,
      51, 125, 124, -1,
      51, 124, 52, -1,
      52, 124, 123, -1,
      52, 123, 53, -1,
      53, 123, 122, -1,
      53, 122, 54, -1,
      54, 122, 121, -1,
      54, 121, 55, -1,
      55, 121, 120, -1,
      55, 120, 56, -1,
      56, 120, 119, -1,
      56, 119, 57, -1,
      57, 119, 118, -1,
      57, 118, 58, -1,
      58, 118, 116, -1,
      58, 116, 59, -1,
      59, 116, 115, -1,
      59, 115, 60, -1,
      60, 115, 114, -1,
      60, 114, 61, -1,
      61, 114, 113, -1,
      61, 113, 62, -1,
      62, 113, 112, -1,
      62, 112, 63, -1,
      63, 112, 111, -1,
      63, 111, 64, -1,
      64, 111, 110, -1,
      64, 110, 65, -1,
      65, 110, 109, -1,
      65, 109, 66, -1,
      66, 109, 108, -1,
      66, 108, 67, -1,
      67, 108, 107, -1,
      67, 107, 68, -1,
      107, 106, 68, -1,
      68, 106, 105, -1,
      68, 105, 70, -1,
      70, 105, 88, -1,
      88, 105, 159, -1,
      88, 159, 89, -1,
      89, 159, 158, -1,
      89, 158, 91, -1,
      91, 158, 156, -1,
      91, 156, 93, -1,
      93, 156, 154, -1,
      15, 20, 14, -1,
      14, 20, 24, -1,
      14, 24, 167, -1,
      167, 24, 28, -1,
      167, 28, 165, -1,
      165, 28, 30, -1,
      165, 30, 163, -1,
      163, 30, 32, -1,
      163, 32, 161, -1,
      161, 32, 34, -1,
      161, 34, 146, -1,
      146, 34, 36, -1,
      146, 36, 148, -1,
      148, 36, 101, -1,
      148, 101, 150, -1,
      150, 101, 99, -1,
      150, 99, 152, -1,
      152, 99, 97, -1,
      152, 97, 154, -1,
      154, 97, 95, -1,
      154, 95, 93, -1,
      144, 71, 143, -1,
      143, 71, 73, -1,
      143, 73, 141, -1,
      141, 73, 75, -1,
      141, 75, 139, -1,
      139, 75, 77, -1,
      139, 77, 137, -1,
      22, 18, 26, -1,
      26, 18, 19, -1,
      26, 19, 39, -1,
      39, 19, 174, -1,
      39, 174, 41, -1,
      41, 174, 172, -1,
      41, 172, 43, -1,
      43, 172, 170, -1,
      43, 170, 45, -1,
      45, 170, 168, -1,
      45, 168, 47, -1,
      47, 168, 129, -1,
      47, 129, 87, -1,
      87, 129, 131, -1,
      87, 131, 85, -1,
      85, 131, 133, -1,
      85, 133, 83, -1,
      83, 133, 135, -1,
      83, 135, 81, -1,
      81, 135, 137, -1,
      81, 137, 79, -1,
      79, 137, 77, -1,
      202, 203, 204, -1,
      204, 203, 205, -1,
      180, 202, 178, -1,
      178, 202, 204, -1,
      205, 203, 183, -1,
      183, 203, 182, -1,
      8, 11, 206, -1,
      8, 206, 207, -1,
      207, 206, 208, -1,
      207, 208, 209, -1,
      209, 208, 210, -1,
      209, 210, 211, -1,
      211, 210, 212, -1,
      211, 212, 213, -1,
      213, 212, 214, -1,
      213, 214, 215, -1,
      215, 214, 216, -1,
      215, 216, 217, -1,
      217, 216, 218, -1,
      217, 218, 219, -1,
      220, 219, 221, -1,
      221, 219, 218, -1,
      222, 220, 223, -1,
      223, 220, 221, -1,
      224, 222, 225, -1,
      225, 222, 223, -1,
      224, 225, 226, -1,
      226, 225, 227, -1,
      226, 227, 228, -1,
      228, 227, 229, -1,
      228, 229, 230, -1,
      230, 229, 231, -1,
      230, 231, 232, -1,
      232, 231, 233, -1,
      232, 233, 234, -1,
      234, 233, 235, -1,
      234, 235, 236, -1,
      236, 235, 237, -1,
      236, 237, 238, -1,
      238, 237, 239, -1,
      240, 238, 241, -1,
      241, 238, 239, -1,
      240, 241, 242, -1,
      240, 242, 243, -1,
      243, 242, 244, -1,
      243, 244, 245, -1,
      245, 244, 246, -1,
      245, 246, 247, -1,
      247, 246, 248, -1,
      247, 248, 249, -1,
      249, 248, 250, -1,
      249, 250, 251, -1,
      251, 250, 10, -1,
      251, 10, 9, -1,
      220, 222, 219, -1,
      219, 222, 224, -1,
      219, 224, 217, -1,
      217, 224, 226, -1,
      217, 226, 215, -1,
      215, 226, 228, -1,
      215, 228, 213, -1,
      213, 228, 230, -1,
      213, 230, 211, -1,
      211, 230, 232, -1,
      211, 232, 209, -1,
      209, 232, 234, -1,
      209, 234, 207, -1,
      207, 234, 236, -1,
      207, 236, 8, -1,
      8, 236, 238, -1,
      8, 238, 9, -1,
      9, 238, 240, -1,
      9, 240, 251, -1,
      245, 247, 249, -1,
      251, 240, 249, -1,
      249, 240, 243, -1,
      249, 243, 245, -1,
      250, 248, 241, -1,
      223, 221, 225, -1,
      225, 221, 218, -1,
      225, 218, 227, -1,
      227, 218, 216, -1,
      227, 216, 229, -1,
      229, 216, 214, -1,
      229, 214, 231, -1,
      231, 214, 212, -1,
      231, 212, 233, -1,
      233, 212, 210, -1,
      233, 210, 235, -1,
      235, 210, 208, -1,
      235, 208, 237, -1,
      237, 208, 206, -1,
      237, 206, 239, -1,
      239, 206, 11, -1,
      239, 11, 241, -1,
      241, 11, 10, -1,
      241, 10, 250, -1,
      246, 244, 248, -1,
      248, 244, 242, -1,
      248, 242, 241, -1,
      202, 180, 203, -1,
      203, 180, 182, -1,
      205, 183, 204, -1,
      204, 183, 178, -1,
    ]
  }
}

Shape {
  appearance Appearance {
    material Material {
      diffuseColor 1.0000 1.0000 1.0000
      specularColor 0.5020 0.5020 0.5020
      ambientIntensity 0.2
      transparency 0.0000
      shininess 0.5
    }
  }
  geometry IndexedFaceSet {
    ccw TRUE
    solid FALSE
    coord DEF co Coordinate {
      point [
        0.466152 3.269359 0.275591,
        0.444817 3.271785 0.275591,
        0.405968 3.271785 0.275591,
        0.405968 3.253439 0.275591,
        0.405968 3.135604 0.275591,
        0.513214 3.181062 0.275591,
        0.506563 3.166945 0.275591,
        0.501691 3.248407 0.275591,
        0.509971 3.236349 0.275591,
        0.482515 3.263242 0.275591,
        0.496303 3.253752 0.275591,
        0.496619 3.253439 0.275591,
        0.496303 3.154680 0.275591,
        0.492980 3.151775 0.275591,
        0.479470 3.143155 0.275591,
        0.463308 3.137638 0.275591,
        0.443425 3.135604 0.275591,
        0.514830 3.223178 0.275591,
        0.516841 3.205435 0.275591,
        0.516460 3.197053 0.275591,
        0.487237 3.239547 0.279528,
        0.501691 3.248407 0.279528,
        0.483422 3.243309 0.279528,
        0.496303 3.253752 0.279528,
        0.472953 3.250178 0.279528,
        0.482515 3.263242 0.279528,
        0.461030 3.254331 0.279528,
        0.466152 3.269359 0.279528,
        0.444121 3.256120 0.279528,
        0.444817 3.271785 0.279528,
        0.423548 3.256120 0.279528,
        0.405968 3.271785 0.279528,
        0.423548 3.151129 0.279528,
        0.405968 3.135604 0.279528,
        0.443320 3.151129 0.279528,
        0.443425 3.135604 0.279528,
        0.461269 3.153148 0.279528,
        0.463308 3.137638 0.279528,
        0.472749 3.157389 0.279528,
        0.479470 3.143155 0.279528,
        0.481672 3.163374 0.279528,
        0.492980 3.151775 0.279528,
        0.483806 3.165332 0.279528,
        0.496303 3.154680 0.279528,
        0.490919 3.174294 0.279528,
        0.506563 3.166945 0.279528,
        0.495485 3.184527 0.279528,
        0.513214 3.181062 0.279528,
        0.497997 3.197205 0.279528,
        0.516460 3.197053 0.279528,
        0.498357 3.204948 0.279528,
        0.516841 3.205435 0.279528,
        0.496346 3.221956 0.279528,
        0.514830 3.223178 0.279528,
        0.492511 3.231909 0.279528,
        0.509971 3.236349 0.279528,
        0.483422 3.243309 0.275591,
        0.487237 3.239547 0.275591,
        0.492511 3.231909 0.275591,
        0.496346 3.221956 0.275591,
        0.498357 3.204948 0.275591,
        0.444121 3.256120 0.275591,
        0.461030 3.254331 0.275591,
        0.472953 3.250178 0.275591,
        0.423548 3.256120 0.275591,
        0.423548 3.151129 0.275591,
        0.443320 3.151129 0.275591,
        0.483806 3.165332 0.275591,
        0.481672 3.163374 0.275591,
        0.472749 3.157389 0.275591,
        0.461269 3.153148 0.275591,
        0.497997 3.197205 0.275591,
        0.495485 3.184527 0.275591,
        0.490919 3.174294 0.275591,
      ]
    }
    coordIndex [
      20, 21, 22, -1,
      22, 21, 23, -1,
      22, 23, 24, -1,
      24, 23, 25, -1,
      24, 25, 26, -1,
      26, 25, 27, -1,
      26, 27, 28, -1,
      28, 27, 29, -1,
      28, 29, 30, -1,
      30, 29, 31, -1,
      30, 31, 32, -1,
      32, 31, 33, -1,
      32, 33, 34, -1,
      34, 33, 35, -1,
      34, 35, 36, -1,
      36, 35, 37, -1,
      36, 37, 38, -1,
      38, 37, 39, -1,
      38, 39, 40, -1,
      40, 39, 41, -1,
      40, 41, 42, -1,
      42, 41, 43, -1,
      42, 43, 44, -1,
      44, 43, 45, -1,
      44, 45, 46, -1,
      46, 45, 47, -1,
      46, 47, 48, -1,
      48, 47, 49, -1,
      48, 49, 50, -1,
      50, 49, 51, -1,
      50, 51, 52, -1,
      52, 51, 53, -1,
      52, 53, 54, -1,
      54, 53, 55, -1,
      54, 55, 20, -1,
      20, 55, 21, -1,
      43, 12, 6, -1,
      43, 6, 45, -1,
      45, 6, 5, -1,
      45, 5, 47, -1,
      47, 5, 19, -1,
      47, 19, 49, -1,
      49, 19, 18, -1,
      49, 18, 51, -1,
      10, 23, 11, -1,
      11, 23, 21, -1,
      11, 21, 7, -1,
      7, 21, 55, -1,
      7, 55, 8, -1,
      8, 55, 53, -1,
      8, 53, 17, -1,
      17, 53, 51, -1,
      17, 51, 18, -1,
      23, 10, 9, -1,
      23, 9, 25, -1,
      25, 9, 0, -1,
      25, 0, 27, -1,
      27, 0, 1, -1,
      27, 1, 29, -1,
      31, 29, 2, -1,
      2, 29, 1, -1,
      4, 33, 3, -1,
      3, 33, 31, -1,
      3, 31, 2, -1,
      35, 33, 16, -1,
      16, 33, 4, -1,
      35, 16, 15, -1,
      35, 15, 37, -1,
      37, 15, 14, -1,
      37, 14, 39, -1,
      39, 14, 13, -1,
      39, 13, 41, -1,
      41, 13, 12, -1,
      41, 12, 43, -1,
      22, 56, 57, -1,
      22, 57, 20, -1,
      20, 57, 58, -1,
      20, 58, 54, -1,
      54, 58, 59, -1,
      54, 59, 52, -1,
      52, 59, 60, -1,
      52, 60, 50, -1,
      28, 61, 62, -1,
      28, 62, 26, -1,
      26, 62, 63, -1,
      26, 63, 24, -1,
      24, 63, 56, -1,
      24, 56, 22, -1,
      28, 30, 61, -1,
      61, 30, 64, -1,
      30, 32, 64, -1,
      64, 32, 65, -1,
      32, 34, 65, -1,
      65, 34, 66, -1,
      42, 67, 68, -1,
      42, 68, 40, -1,
      40, 68, 69, -1,
      40, 69, 38, -1,
      38, 69, 70, -1,
      38, 70, 36, -1,
      36, 70, 66, -1,
      36, 66, 34, -1,
      50, 60, 71, -1,
      50, 71, 48, -1,
      48, 71, 72, -1,
      48, 72, 46, -1,
      46, 72, 73, -1,
      46, 73, 44, -1,
      44, 73, 67, -1,
      44, 67, 42, -1,
    ]
  }
}

Shape {
  appearance Appearance {
    material Material {
      diffuseColor 0.2078 0.2078 0.2078
      specularColor 0.0157 0.0157 0.0157
      ambientIntensity 0.2
      transparency 0.0000
      shininess 0.5
    }
  }
  geometry IndexedFaceSet {
    ccw TRUE
    solid FALSE
    coord DEF co Coordinate {
      point [
        0.483422 3.243309 0.275591,
        0.487237 3.239547 0.275591,
        0.492511 3.231909 0.275591,
        0.496346 3.221956 0.275591,
        0.498357 3.204948 0.275591,
        0.444121 3.256120 0.275591,
        0.461030 3.254331 0.275591,
        0.472953 3.250178 0.275591,
        0.423548 3.256120 0.275591,
        0.423548 3.151129 0.275591,
        0.443320 3.151129 0.275591,
        0.483806 3.165332 0.275591,
        0.481672 3.163374 0.275591,
        0.472749 3.157389 0.275591,
        0.461269 3.153148 0.275591,
        0.497997 3.197205 0.275591,
        0.495485 3.184527 0.275591,
        0.490919 3.174294 0.275591,
      ]
    }
    coordIndex [
      8, 9, 5, -1,
      5, 9, 10, -1,
      5, 12, 11, -1,
      10, 14, 5, -1,
      5, 14, 13, -1,
      5, 13, 12, -1,
      11, 17, 5, -1,
      5, 17, 16, -1,
      5, 16, 15, -1,
      15, 4, 5, -1,
      5, 4, 3, -1,
      5, 3, 2, -1,
      2, 1, 5, -1,
      5, 1, 0, -1,
      5, 0, 6, -1,
      6, 0, 7, -1,
    ]
  }
}

Shape {
  appearance Appearance {
    material Material {
      diffuseColor 1.0000 1.0000 1.0000
      specularColor 0.5020 0.5020 0.5020
      ambientIntensity 0.2
      transparency 0.0000
      shininess 0.5
    }
  }
  geometry IndexedFaceSet {
    ccw TRUE
    solid FALSE
    coord DEF co Coordinate {
      point [
        0.161193 3.134815 0.275591,
        0.157826 3.134455 0.275591,
        0.288619 3.232866 0.275591,
        0.249818 3.134455 0.275591,
        0.065978 3.136778 0.275591,
        0.059548 3.134455 0.275591,
        0.080518 3.135604 0.275591,
        0.072021 3.140796 0.275591,
        0.040063 3.134491 0.275591,
        0.033524 3.136957 0.275591,
        0.022328 3.148140 0.275591,
        0.020265 3.153910 0.275591,
        0.028928 3.209473 0.275591,
        0.028928 3.226043 0.275591,
        0.032736 3.228234 0.275591,
        0.045473 3.233084 0.275591,
        0.026359 3.182021 0.275591,
        0.031612 3.186545 0.275591,
        0.038924 3.190262 0.275591,
        0.039858 3.216476 0.275591,
        0.051694 3.193390 0.275591,
        0.066594 3.220633 0.275591,
        0.060815 3.221239 0.275591,
        0.050517 3.220153 0.275591,
        0.027779 3.140965 0.275591,
        0.025872 3.142898 0.275591,
        0.080518 3.150642 0.275591,
        0.080066 3.150642 0.275591,
        0.077408 3.146597 0.275591,
        0.019425 3.161642 0.275591,
        0.019477 3.163804 0.275591,
        0.020580 3.171144 0.275591,
        0.022936 3.177148 0.275591,
        0.079856 3.231995 0.275591,
        0.085528 3.228761 0.275591,
        0.123499 3.218209 0.275591,
        0.090081 3.224416 0.275591,
        0.121468 3.212717 0.275591,
        0.093573 3.218909 0.275591,
        0.096247 3.211158 0.275591,
        0.080518 3.197428 0.275591,
        0.079925 3.204970 0.275591,
        0.078161 3.211044 0.275591,
        0.076157 3.214557 0.275591,
        0.128424 3.188313 0.275591,
        0.120690 3.156629 0.275591,
        0.128575 3.188214 0.275591,
        0.127359 3.152505 0.275591,
        0.128575 3.152048 0.275591,
        0.125633 3.191232 0.275591,
        0.123409 3.194787 0.275591,
        0.097576 3.198194 0.275591,
        0.121528 3.199995 0.275591,
        0.120795 3.206619 0.275591,
        0.062417 3.235094 0.275591,
        0.072657 3.234173 0.275591,
        0.073578 3.217300 0.275591,
        0.070550 3.219252 0.275591,
        0.059062 3.134280 0.275591,
        0.050267 3.133306 0.275591,
        0.040375 3.134455 0.275591,
        0.239744 3.159763 0.275591,
        0.241833 3.151756 0.275591,
        0.242286 3.151756 0.275591,
        0.270935 3.232866 0.275591,
        0.222565 3.209182 0.275591,
        0.244374 3.159623 0.275591,
        0.243069 3.155089 0.275591,
        0.222565 3.163397 0.275591,
        0.195256 3.232866 0.275591,
        0.232834 3.134455 0.275591,
        0.233409 3.135812 0.275591,
        0.222565 3.111981 0.275591,
        0.222588 3.112006 0.275591,
        0.225924 3.118128 0.275591,
        0.198772 3.091185 0.275591,
        0.198772 3.106362 0.275591,
        0.208449 3.104413 0.275591,
        0.212545 3.104872 0.275591,
        0.222565 3.092833 0.275591,
        0.216663 3.090584 0.275591,
        0.209772 3.089792 0.275591,
        0.206007 3.089927 0.275591,
        0.216280 3.106272 0.275591,
        0.219411 3.108446 0.275591,
        0.244479 3.120913 0.275591,
        0.236757 3.105875 0.275591,
        0.230515 3.098379 0.275591,
        0.229352 3.097312 0.275591,
        0.223394 3.093148 0.275591,
        0.181714 3.230778 0.275591,
        0.181714 3.214207 0.275591,
        0.180670 3.178143 0.275591,
        0.183854 3.173444 0.275591,
        0.131726 3.227366 0.275591,
        0.136733 3.230362 0.275591,
        0.183473 3.149801 0.275591,
        0.180294 3.145302 0.275591,
        0.126669 3.222820 0.275591,
        0.128575 3.224533 0.275591,
        0.185674 3.168415 0.275591,
        0.186379 3.162060 0.275591,
        0.185568 3.155206 0.275591,
        0.146077 3.233718 0.275591,
        0.158669 3.235094 0.275591,
        0.168073 3.234452 0.275591,
        0.214332 3.232866 0.275591,
        0.175413 3.141034 0.275591,
        0.170477 3.138098 0.275591,
        0.156998 3.221239 0.275591,
        0.151949 3.220860 0.275591,
        0.138374 3.208150 0.275591,
        0.147386 3.219652 0.275591,
        0.143561 3.217619 0.275591,
        0.138530 3.205881 0.275591,
        0.139207 3.203231 0.275591,
        0.140435 3.200930 0.275591,
        0.142099 3.199099 0.275591,
        0.148113 3.195339 0.275591,
        0.168200 3.219966 0.275591,
        0.158669 3.190744 0.275591,
        0.177820 3.216438 0.275591,
        0.165274 3.188072 0.275591,
        0.176603 3.181771 0.275591,
        0.140987 3.215344 0.275591,
        0.139525 3.213173 0.275591,
        0.138683 3.210870 0.275591,
        0.138054 3.148480 0.275591,
        0.146625 3.178352 0.275591,
        0.136457 3.183012 0.275591,
        0.148748 3.147231 0.275591,
        0.149502 3.147235 0.275591,
        0.157825 3.173661 0.275591,
        0.158246 3.148215 0.275591,
        0.168869 3.160389 0.275591,
        0.168702 3.162511 0.275591,
        0.162647 3.149826 0.275591,
        0.164202 3.150770 0.275591,
        0.166159 3.152507 0.275591,
        0.167649 3.154709 0.275591,
        0.168516 3.157135 0.275591,
        0.167927 3.165174 0.275591,
        0.166608 3.167436 0.275591,
        0.164483 3.169649 0.275591,
        0.120690 3.139015 0.275591,
        0.097576 3.135604 0.275591,
        0.128575 3.136263 0.275591,
        0.132895 3.134756 0.275591,
        0.135838 3.134455 0.275591,
        0.147077 3.133306 0.275591,
        0.202261 3.105219 0.275591,
        0.244374 3.159623 0.279528,
        0.243069 3.155089 0.279528,
        0.242286 3.151756 0.279528,
        0.241833 3.151756 0.279528,
        0.239744 3.159763 0.279528,
        0.214332 3.232866 0.279528,
        0.195256 3.232866 0.279528,
        0.233409 3.135812 0.279528,
        0.225924 3.118128 0.279528,
        0.222588 3.112006 0.279528,
        0.219411 3.108446 0.279528,
        0.216280 3.106272 0.279528,
        0.212545 3.104872 0.279528,
        0.208449 3.104413 0.279528,
        0.202261 3.105219 0.279528,
        0.198772 3.106362 0.279528,
        0.198772 3.091185 0.279528,
        0.206007 3.089927 0.279528,
        0.209772 3.089792 0.279528,
        0.216663 3.090584 0.279528,
        0.223394 3.093148 0.279528,
        0.229352 3.097312 0.279528,
        0.230515 3.098379 0.279528,
        0.236757 3.105875 0.279528,
        0.244479 3.120913 0.279528,
        0.288619 3.232866 0.279528,
        0.270935 3.232866 0.279528,
        0.147077 3.133306 0.279528,
        0.161193 3.134815 0.279528,
        0.170477 3.138098 0.279528,
        0.175413 3.141034 0.279528,
        0.180294 3.145302 0.279528,
        0.183473 3.149801 0.279528,
        0.185568 3.155206 0.279528,
        0.186379 3.162060 0.279528,
        0.185674 3.168415 0.279528,
        0.183854 3.173444 0.279528,
        0.180670 3.178143 0.279528,
        0.176603 3.181771 0.279528,
        0.165274 3.188072 0.279528,
        0.158669 3.190744 0.279528,
        0.148113 3.195339 0.279528,
        0.142099 3.199099 0.279528,
        0.140435 3.200930 0.279528,
        0.139207 3.203231 0.279528,
        0.138530 3.205881 0.279528,
        0.138374 3.208150 0.279528,
        0.138683 3.210870 0.279528,
        0.139525 3.213173 0.279528,
        0.140987 3.215344 0.279528,
        0.143561 3.217619 0.279528,
        0.147386 3.219652 0.279528,
        0.151949 3.220860 0.279528,
        0.156998 3.221239 0.279528,
        0.168200 3.219966 0.279528,
        0.177820 3.216438 0.279528,
        0.181714 3.214207 0.279528,
        0.181714 3.230778 0.279528,
        0.168073 3.234452 0.279528,
        0.158669 3.235094 0.279528,
        0.146077 3.233718 0.279528,
        0.136733 3.230362 0.279528,
        0.131726 3.227366 0.279528,
        0.126669 3.222820 0.279528,
        0.123499 3.218209 0.279528,
        0.121468 3.212717 0.279528,
        0.120795 3.206619 0.279528,
        0.121528 3.199995 0.279528,
        0.123409 3.194787 0.279528,
        0.125633 3.191232 0.279528,
        0.146625 3.178352 0.279528,
        0.136457 3.183012 0.279528,
        0.128424 3.188313 0.279528,
        0.157825 3.173661 0.279528,
        0.164483 3.169649 0.279528,
        0.166608 3.167436 0.279528,
        0.167927 3.165174 0.279528,
        0.168702 3.162511 0.279528,
        0.168869 3.160389 0.279528,
        0.168516 3.157135 0.279528,
        0.167649 3.154709 0.279528,
        0.166159 3.152507 0.279528,
        0.164202 3.150770 0.279528,
        0.162647 3.149826 0.279528,
        0.158246 3.148215 0.279528,
        0.149502 3.147235 0.279528,
        0.148748 3.147231 0.279528,
        0.120690 3.156629 0.279528,
        0.127359 3.152505 0.279528,
        0.138054 3.148480 0.279528,
        0.120690 3.139015 0.279528,
        0.132895 3.134756 0.279528,
        0.080518 3.135604 0.279528,
        0.097576 3.135604 0.279528,
        0.080518 3.150642 0.279528,
        0.097576 3.198194 0.279528,
        0.080518 3.197428 0.279528,
        0.043883 3.177311 0.279528,
        0.048205 3.179226 0.279528,
        0.057752 3.181346 0.279528,
        0.080518 3.184409 0.279528,
        0.080518 3.175080 0.279528,
        0.080066 3.150642 0.279528,
        0.071069 3.153146 0.279528,
        0.077408 3.146597 0.279528,
        0.066248 3.149894 0.279528,
        0.080502 3.173948 0.279528,
        0.079404 3.166337 0.279528,
        0.076902 3.160251 0.279528,
        0.073208 3.155237 0.279528,
        0.079925 3.204970 0.279528,
        0.096247 3.211158 0.279528,
        0.078161 3.211044 0.279528,
        0.093573 3.218909 0.279528,
        0.076157 3.214557 0.279528,
        0.090081 3.224416 0.279528,
        0.073578 3.217300 0.279528,
        0.085528 3.228761 0.279528,
        0.070550 3.219252 0.279528,
        0.079856 3.231995 0.279528,
        0.066594 3.220633 0.279528,
        0.072657 3.234173 0.279528,
        0.060815 3.221239 0.279528,
        0.062417 3.235094 0.279528,
        0.050517 3.220153 0.279528,
        0.045473 3.233084 0.279528,
        0.039858 3.216476 0.279528,
        0.032736 3.228234 0.279528,
        0.028928 3.209473 0.279528,
        0.028928 3.226043 0.279528,
        0.040219 3.153144 0.279528,
        0.027779 3.140965 0.279528,
        0.041669 3.151686 0.279528,
        0.033524 3.136957 0.279528,
        0.045068 3.149365 0.279528,
        0.040063 3.134491 0.279528,
        0.048927 3.147949 0.279528,
        0.050267 3.133306 0.279528,
        0.054688 3.147300 0.279528,
        0.059062 3.134280 0.279528,
        0.061073 3.148014 0.279528,
        0.065978 3.136778 0.279528,
        0.072021 3.140796 0.279528,
        0.036870 3.165742 0.279528,
        0.019477 3.163804 0.279528,
        0.036726 3.163035 0.279528,
        0.019425 3.161642 0.279528,
        0.037159 3.159119 0.279528,
        0.020265 3.153910 0.279528,
        0.038280 3.156020 0.279528,
        0.022328 3.148140 0.279528,
        0.025872 3.142898 0.279528,
        0.051694 3.193390 0.279528,
        0.038924 3.190262 0.279528,
        0.041251 3.175358 0.279528,
        0.031612 3.186545 0.279528,
        0.039209 3.172830 0.279528,
        0.026359 3.182021 0.279528,
        0.037713 3.169648 0.279528,
        0.022936 3.177148 0.279528,
        0.020580 3.171144 0.279528,
        0.073208 3.155237 0.275591,
        0.071069 3.153146 0.275591,
        0.066248 3.149894 0.275591,
        0.061073 3.148014 0.275591,
        0.054688 3.147300 0.275591,
        0.080518 3.175080 0.275591,
        0.080502 3.173948 0.275591,
        0.079404 3.166337 0.275591,
        0.076902 3.160251 0.275591,
        0.080518 3.184409 0.275591,
        0.057752 3.181346 0.275591,
        0.041251 3.175358 0.275591,
        0.043883 3.177311 0.275591,
        0.048205 3.179226 0.275591,
        0.036726 3.163035 0.275591,
        0.036870 3.165742 0.275591,
        0.037713 3.169648 0.275591,
        0.039209 3.172830 0.275591,
        0.041669 3.151686 0.275591,
        0.040219 3.153144 0.275591,
        0.038280 3.156020 0.275591,
        0.037159 3.159119 0.275591,
        0.048927 3.147949 0.275591,
        0.045068 3.149365 0.275591,
      ]
    }
    coordIndex [
      151, 66, 67, -1,
      151, 67, 152, -1,
      152, 67, 63, -1,
      152, 63, 153, -1,
      154, 153, 62, -1,
      62, 153, 63, -1,
      155, 154, 61, -1,
      61, 154, 62, -1,
      106, 156, 65, -1,
      65, 156, 155, -1,
      65, 155, 61, -1,
      157, 156, 69, -1,
      69, 156, 106, -1,
      71, 158, 68, -1,
      68, 158, 157, -1,
      68, 157, 69, -1,
      74, 159, 70, -1,
      70, 159, 158, -1,
      70, 158, 71, -1,
      159, 74, 73, -1,
      159, 73, 160, -1,
      160, 73, 72, -1,
      160, 72, 161, -1,
      72, 84, 161, -1,
      161, 84, 83, -1,
      161, 83, 162, -1,
      162, 83, 78, -1,
      162, 78, 163, -1,
      163, 78, 77, -1,
      163, 77, 164, -1,
      164, 77, 150, -1,
      164, 150, 165, -1,
      165, 150, 76, -1,
      165, 76, 166, -1,
      167, 166, 75, -1,
      75, 166, 76, -1,
      167, 75, 82, -1,
      167, 82, 168, -1,
      168, 82, 81, -1,
      168, 81, 169, -1,
      169, 81, 80, -1,
      169, 80, 170, -1,
      170, 80, 79, -1,
      170, 79, 171, -1,
      79, 89, 171, -1,
      171, 89, 88, -1,
      171, 88, 172, -1,
      172, 88, 87, -1,
      172, 87, 173, -1,
      173, 87, 86, -1,
      173, 86, 174, -1,
      174, 86, 85, -1,
      174, 85, 175, -1,
      2, 176, 3, -1,
      3, 176, 175, -1,
      3, 175, 85, -1,
      177, 176, 64, -1,
      64, 176, 2, -1,
      151, 177, 66, -1,
      66, 177, 64, -1,
      152, 153, 175, -1,
      176, 177, 175, -1,
      175, 177, 151, -1,
      175, 151, 152, -1,
      156, 157, 155, -1,
      155, 157, 158, -1,
      155, 158, 154, -1,
      174, 160, 173, -1,
      173, 160, 161, -1,
      166, 167, 165, -1,
      165, 167, 168, -1,
      165, 168, 164, -1,
      164, 168, 169, -1,
      164, 169, 163, -1,
      163, 169, 170, -1,
      163, 170, 162, -1,
      162, 170, 171, -1,
      162, 171, 161, -1,
      161, 171, 172, -1,
      161, 172, 173, -1,
      153, 154, 175, -1,
      175, 154, 158, -1,
      175, 158, 174, -1,
      174, 158, 159, -1,
      174, 159, 160, -1,
      178, 149, 179, -1,
      179, 149, 1, -1,
      1, 0, 179, -1,
      179, 0, 108, -1,
      179, 108, 180, -1,
      180, 108, 107, -1,
      180, 107, 181, -1,
      181, 107, 97, -1,
      181, 97, 182, -1,
      182, 97, 96, -1,
      182, 96, 183, -1,
      183, 96, 102, -1,
      183, 102, 184, -1,
      184, 102, 101, -1,
      184, 101, 185, -1,
      185, 101, 100, -1,
      185, 100, 186, -1,
      186, 100, 93, -1,
      186, 93, 187, -1,
      187, 93, 92, -1,
      187, 92, 188, -1,
      188, 92, 123, -1,
      188, 123, 189, -1,
      189, 123, 122, -1,
      189, 122, 190, -1,
      190, 122, 120, -1,
      190, 120, 191, -1,
      191, 120, 118, -1,
      191, 118, 192, -1,
      192, 118, 117, -1,
      192, 117, 193, -1,
      193, 117, 116, -1,
      193, 116, 194, -1,
      194, 116, 115, -1,
      194, 115, 195, -1,
      195, 115, 114, -1,
      195, 114, 196, -1,
      196, 114, 111, -1,
      196, 111, 197, -1,
      197, 111, 126, -1,
      197, 126, 198, -1,
      198, 126, 125, -1,
      198, 125, 199, -1,
      199, 125, 124, -1,
      199, 124, 200, -1,
      200, 124, 113, -1,
      200, 113, 201, -1,
      201, 113, 112, -1,
      201, 112, 202, -1,
      202, 112, 110, -1,
      202, 110, 203, -1,
      203, 110, 109, -1,
      203, 109, 204, -1,
      204, 109, 119, -1,
      204, 119, 205, -1,
      205, 119, 121, -1,
      205, 121, 206, -1,
      206, 121, 91, -1,
      206, 91, 207, -1,
      208, 207, 90, -1,
      90, 207, 91, -1,
      208, 90, 105, -1,
      208, 105, 209, -1,
      209, 105, 104, -1,
      209, 104, 210, -1,
      210, 104, 103, -1,
      210, 103, 211, -1,
      211, 103, 95, -1,
      211, 95, 212, -1,
      212, 95, 94, -1,
      212, 94, 213, -1,
      213, 94, 214, -1,
      214, 94, 99, -1,
      99, 98, 214, -1,
      214, 98, 35, -1,
      214, 35, 215, -1,
      215, 35, 37, -1,
      215, 37, 216, -1,
      216, 37, 53, -1,
      216, 53, 217, -1,
      217, 53, 52, -1,
      217, 52, 218, -1,
      218, 52, 50, -1,
      218, 50, 219, -1,
      219, 50, 49, -1,
      219, 49, 220, -1,
      128, 221, 222, -1,
      220, 49, 44, -1,
      220, 44, 223, -1,
      223, 44, 46, -1,
      223, 46, 222, -1,
      222, 46, 129, -1,
      222, 129, 128, -1,
      221, 128, 132, -1,
      221, 132, 224, -1,
      224, 132, 143, -1,
      224, 143, 225, -1,
      225, 143, 142, -1,
      225, 142, 226, -1,
      226, 142, 141, -1,
      226, 141, 227, -1,
      227, 141, 135, -1,
      227, 135, 228, -1,
      228, 135, 134, -1,
      228, 134, 229, -1,
      229, 134, 140, -1,
      229, 140, 230, -1,
      230, 140, 139, -1,
      230, 139, 231, -1,
      231, 139, 138, -1,
      231, 138, 232, -1,
      232, 138, 137, -1,
      232, 137, 233, -1,
      233, 137, 136, -1,
      233, 136, 234, -1,
      234, 136, 133, -1,
      234, 133, 235, -1,
      235, 133, 131, -1,
      235, 131, 236, -1,
      236, 131, 130, -1,
      236, 130, 237, -1,
      45, 238, 239, -1,
      237, 130, 127, -1,
      237, 127, 240, -1,
      240, 127, 48, -1,
      240, 48, 239, -1,
      239, 48, 47, -1,
      239, 47, 45, -1,
      241, 238, 144, -1,
      144, 238, 45, -1,
      241, 144, 242, -1,
      242, 144, 146, -1,
      149, 178, 148, -1,
      148, 178, 242, -1,
      148, 242, 147, -1,
      147, 242, 146, -1,
      200, 201, 212, -1,
      212, 201, 211, -1,
      224, 191, 221, -1,
      221, 191, 192, -1,
      180, 181, 232, -1,
      232, 181, 182, -1,
      232, 182, 231, -1,
      231, 182, 183, -1,
      231, 183, 230, -1,
      230, 183, 184, -1,
      230, 184, 229, -1,
      229, 184, 185, -1,
      229, 185, 228, -1,
      228, 185, 186, -1,
      228, 186, 227, -1,
      227, 186, 187, -1,
      227, 187, 226, -1,
      226, 187, 188, -1,
      226, 188, 225, -1,
      225, 188, 189, -1,
      225, 189, 224, -1,
      224, 189, 190, -1,
      224, 190, 191, -1,
      178, 237, 242, -1,
      242, 237, 240, -1,
      242, 240, 241, -1,
      241, 240, 239, -1,
      241, 239, 238, -1,
      201, 202, 211, -1,
      211, 202, 203, -1,
      211, 203, 210, -1,
      210, 203, 204, -1,
      210, 204, 209, -1,
      209, 204, 205, -1,
      209, 205, 208, -1,
      208, 205, 206, -1,
      208, 206, 207, -1,
      232, 233, 180, -1,
      180, 233, 234, -1,
      180, 234, 179, -1,
      179, 234, 235, -1,
      179, 235, 178, -1,
      178, 235, 236, -1,
      178, 236, 237, -1,
      212, 213, 200, -1,
      200, 213, 214, -1,
      200, 214, 199, -1,
      199, 214, 215, -1,
      199, 215, 198, -1,
      198, 215, 216, -1,
      198, 216, 197, -1,
      197, 216, 217, -1,
      197, 217, 196, -1,
      196, 217, 218, -1,
      196, 218, 195, -1,
      195, 218, 219, -1,
      195, 219, 194, -1,
      194, 219, 220, -1,
      194, 220, 193, -1,
      193, 220, 223, -1,
      193, 223, 192, -1,
      192, 223, 222, -1,
      192, 222, 221, -1,
      243, 244, 245, -1,
      245, 244, 246, -1,
      247, 248, 249, -1,
      250, 251, 246, -1,
      246, 251, 252, -1,
      253, 254, 255, -1,
      255, 254, 256, -1,
      252, 257, 246, -1,
      246, 257, 258, -1,
      246, 258, 245, -1,
      245, 258, 259, -1,
      245, 259, 253, -1,
      253, 259, 260, -1,
      253, 260, 254, -1,
      249, 250, 247, -1,
      247, 250, 246, -1,
      247, 246, 261, -1,
      261, 246, 262, -1,
      261, 262, 263, -1,
      263, 262, 264, -1,
      263, 264, 265, -1,
      265, 264, 266, -1,
      265, 266, 267, -1,
      267, 266, 268, -1,
      267, 268, 269, -1,
      269, 268, 270, -1,
      269, 270, 271, -1,
      271, 270, 272, -1,
      271, 272, 273, -1,
      273, 272, 274, -1,
      273, 274, 275, -1,
      275, 274, 276, -1,
      275, 276, 277, -1,
      277, 276, 278, -1,
      277, 278, 279, -1,
      279, 278, 280, -1,
      281, 282, 283, -1,
      283, 282, 284, -1,
      283, 284, 285, -1,
      285, 284, 286, -1,
      285, 286, 287, -1,
      287, 286, 288, -1,
      287, 288, 289, -1,
      289, 288, 290, -1,
      289, 290, 291, -1,
      291, 290, 292, -1,
      291, 292, 256, -1,
      256, 292, 293, -1,
      256, 293, 255, -1,
      294, 295, 296, -1,
      296, 295, 297, -1,
      296, 297, 298, -1,
      298, 297, 299, -1,
      298, 299, 300, -1,
      300, 299, 301, -1,
      300, 301, 281, -1,
      281, 301, 302, -1,
      281, 302, 282, -1,
      247, 303, 248, -1,
      248, 303, 304, -1,
      248, 304, 305, -1,
      305, 304, 306, -1,
      305, 306, 307, -1,
      307, 306, 308, -1,
      307, 308, 309, -1,
      309, 308, 310, -1,
      309, 310, 294, -1,
      294, 310, 311, -1,
      294, 311, 295, -1,
      273, 22, 21, -1,
      273, 21, 271, -1,
      271, 21, 57, -1,
      271, 57, 269, -1,
      269, 57, 56, -1,
      269, 56, 267, -1,
      267, 56, 43, -1,
      267, 43, 265, -1,
      265, 43, 42, -1,
      265, 42, 263, -1,
      263, 42, 41, -1,
      263, 41, 261, -1,
      261, 41, 40, -1,
      261, 40, 247, -1,
      303, 247, 20, -1,
      20, 247, 40, -1,
      303, 20, 18, -1,
      303, 18, 304, -1,
      304, 18, 17, -1,
      304, 17, 306, -1,
      306, 17, 16, -1,
      306, 16, 308, -1,
      308, 16, 32, -1,
      308, 32, 310, -1,
      310, 32, 31, -1,
      310, 31, 311, -1,
      311, 31, 30, -1,
      311, 30, 295, -1,
      295, 30, 29, -1,
      295, 29, 297, -1,
      297, 29, 11, -1,
      297, 11, 299, -1,
      299, 11, 10, -1,
      299, 10, 301, -1,
      301, 10, 25, -1,
      301, 25, 302, -1,
      302, 25, 24, -1,
      302, 24, 282, -1,
      59, 288, 60, -1,
      60, 288, 286, -1,
      60, 286, 8, -1,
      8, 286, 284, -1,
      8, 284, 9, -1,
      9, 284, 282, -1,
      9, 282, 24, -1,
      288, 59, 58, -1,
      288, 58, 290, -1,
      290, 58, 5, -1,
      290, 5, 292, -1,
      5, 4, 292, -1,
      292, 4, 7, -1,
      292, 7, 293, -1,
      293, 7, 28, -1,
      293, 28, 255, -1,
      255, 28, 27, -1,
      255, 27, 253, -1,
      245, 253, 26, -1,
      26, 253, 27, -1,
      243, 245, 6, -1,
      6, 245, 26, -1,
      244, 243, 145, -1,
      145, 243, 6, -1,
      246, 244, 51, -1,
      51, 244, 145, -1,
      246, 51, 39, -1,
      246, 39, 262, -1,
      262, 39, 38, -1,
      262, 38, 264, -1,
      264, 38, 36, -1,
      264, 36, 266, -1,
      266, 36, 34, -1,
      266, 34, 268, -1,
      268, 34, 33, -1,
      268, 33, 270, -1,
      270, 33, 55, -1,
      270, 55, 272, -1,
      272, 55, 54, -1,
      272, 54, 274, -1,
      274, 54, 15, -1,
      274, 15, 276, -1,
      276, 15, 14, -1,
      276, 14, 278, -1,
      278, 14, 13, -1,
      278, 13, 280, -1,
      279, 280, 12, -1,
      12, 280, 13, -1,
      279, 12, 19, -1,
      279, 19, 277, -1,
      277, 19, 23, -1,
      277, 23, 275, -1,
      275, 23, 22, -1,
      275, 22, 273, -1,
      260, 312, 313, -1,
      260, 313, 254, -1,
      254, 313, 314, -1,
      254, 314, 256, -1,
      256, 314, 315, -1,
      256, 315, 291, -1,
      291, 315, 316, -1,
      291, 316, 289, -1,
      252, 317, 318, -1,
      252, 318, 257, -1,
      257, 318, 319, -1,
      257, 319, 258, -1,
      258, 319, 320, -1,
      258, 320, 259, -1,
      259, 320, 312, -1,
      259, 312, 260, -1,
      252, 251, 317, -1,
      317, 251, 321, -1,
      251, 250, 321, -1,
      321, 250, 322, -1,
      305, 323, 324, -1,
      305, 324, 248, -1,
      248, 324, 325, -1,
      248, 325, 249, -1,
      249, 325, 322, -1,
      249, 322, 250, -1,
      296, 326, 327, -1,
      296, 327, 294, -1,
      294, 327, 328, -1,
      294, 328, 309, -1,
      309, 328, 329, -1,
      309, 329, 307, -1,
      307, 329, 323, -1,
      307, 323, 305, -1,
      283, 330, 331, -1,
      283, 331, 281, -1,
      281, 331, 332, -1,
      281, 332, 300, -1,
      300, 332, 333, -1,
      300, 333, 298, -1,
      298, 333, 326, -1,
      298, 326, 296, -1,
      289, 316, 334, -1,
      289, 334, 287, -1,
      287, 334, 335, -1,
      287, 335, 285, -1,
      285, 335, 330, -1,
      285, 330, 283, -1,
    ]
  }
}

Shape {
  appearance Appearance {
    material Material {
      diffuseColor 0.2078 0.2078 0.2078
      specularColor 0.0157 0.0157 0.0157
      ambientIntensity 0.2
      transparency 0.0000
      shininess 0.5
    }
  }
  geometry IndexedFaceSet {
    ccw TRUE
    solid FALSE
    coord DEF co Coordinate {
      point [
        0.073208 3.155237 0.275591,
        0.071069 3.153146 0.275591,
        0.066248 3.149894 0.275591,
        0.061073 3.148014 0.275591,
        0.054688 3.147300 0.275591,
        0.080518 3.175080 0.275591,
        0.080502 3.173948 0.275591,
        0.079404 3.166337 0.275591,
        0.076902 3.160251 0.275591,
        0.080518 3.184409 0.275591,
        0.057752 3.181346 0.275591,
        0.041251 3.175358 0.275591,
        0.043883 3.177311 0.275591,
        0.048205 3.179226 0.275591,
        0.036726 3.163035 0.275591,
        0.036870 3.165742 0.275591,
        0.037713 3.169648 0.275591,
        0.039209 3.172830 0.275591,
        0.041669 3.151686 0.275591,
        0.040219 3.153144 0.275591,
        0.038280 3.156020 0.275591,
        0.037159 3.159119 0.275591,
        0.048927 3.147949 0.275591,
        0.045068 3.149365 0.275591,
      ]
    }
    coordIndex [
      9, 10, 5, -1,
      5, 10, 13, -1,
      13, 12, 5, -1,
      5, 12, 11, -1,
      5, 11, 6, -1,
      6, 11, 7, -1,
      7, 11, 17, -1,
      7, 17, 8, -1,
      19, 18, 1, -1,
      19, 1, 20, -1,
      2, 1, 3, -1,
      3, 1, 4, -1,
      17, 16, 8, -1,
      8, 16, 15, -1,
      8, 15, 0, -1,
      0, 15, 14, -1,
      0, 14, 1, -1,
      1, 14, 21, -1,
      1, 21, 20, -1,
      18, 23, 1, -1,
      1, 23, 22, -1,
      1, 22, 4, -1,
    ]
  }
}

Shape {
  appearance Appearance {
    material Material {
      diffuseColor 1.0000 1.0000 1.0000
      specularColor 0.5020 0.5020 0.5020
      ambientIntensity 0.2
      transparency 0.0000
      shininess 0.5
    }
  }
  geometry IndexedFaceSet {
    ccw TRUE
    solid FALSE
    coord DEF co Coordinate {
      point [
        -0.533680 3.248383 0.275591,
        -0.516683 3.232923 0.275591,
        -0.477409 3.253439 0.275591,
        -0.792663 3.334660 0.275591,
        -0.785657 3.350493 0.275591,
        -0.372997 3.503047 0.275591,
        -0.421586 3.520169 0.275591,
        -0.461494 3.524362 0.275591,
        -0.509410 3.518458 0.275591,
        -0.211311 3.350493 0.275591,
        -0.217801 3.359519 0.275591,
        -0.244088 3.381707 0.275591,
        -0.352062 3.488972 0.275591,
        -0.329814 3.474014 0.275591,
        -0.297796 3.436976 0.275591,
        -0.277530 3.397523 0.275591,
        -0.272915 3.395974 0.275591,
        -0.554056 3.501238 0.275591,
        -0.573855 3.488972 0.275591,
        -0.577682 3.486600 0.275591,
        -0.777233 3.369531 0.275591,
        -0.753901 3.399459 0.275591,
        -0.680754 3.441208 0.275591,
        -0.642554 3.445935 0.275591,
        -0.600436 3.467115 0.275591,
        -0.631419 3.445330 0.275591,
        -0.620285 3.443998 0.275591,
        -0.747407 3.405609 0.275591,
        -0.716617 3.427269 0.275591,
        -0.794694 3.251039 0.275591,
        -0.794992 3.253439 0.275591,
        -0.799408 3.289080 0.275591,
        -0.799141 3.298268 0.275591,
        -0.693609 3.140759 0.275591,
        -0.728592 3.157821 0.275591,
        -0.758743 3.183543 0.275591,
        -0.780793 3.215000 0.275591,
        -0.615769 3.074827 0.275591,
        -0.629345 3.080510 0.275591,
        -0.638123 3.084184 0.275591,
        -0.681283 3.137068 0.275591,
        -0.680060 3.134455 0.275591,
        -0.671509 3.116189 0.275591,
        -0.657083 3.098435 0.275591,
        -0.549233 3.080510 0.275591,
        -0.565763 3.074140 0.275591,
        -0.589301 3.071228 0.275591,
        -0.592902 3.071293 0.275591,
        -0.498618 3.134455 0.275591,
        -0.498784 3.133765 0.275591,
        -0.510306 3.112233 0.275591,
        -0.524904 3.095902 0.275591,
        -0.544177 3.082458 0.275591,
        -0.183884 3.253439 0.275591,
        -0.186090 3.236232 0.275591,
        -0.374944 3.191575 0.275591,
        -0.368301 3.194199 0.275591,
        -0.356925 3.249383 0.275591,
        -0.217499 3.178702 0.275591,
        -0.243789 3.156436 0.275591,
        -0.380898 3.187355 0.275591,
        -0.360798 3.195161 0.275591,
        -0.359856 3.195094 0.275591,
        -0.356951 3.194450 0.275591,
        -0.198230 3.205567 0.275591,
        -0.390813 3.165146 0.275591,
        -0.390567 3.168968 0.275591,
        -0.492478 3.177733 0.275591,
        -0.388623 3.176337 0.275591,
        -0.384899 3.182943 0.275591,
        -0.368189 3.136010 0.275591,
        -0.374593 3.138531 0.275591,
        -0.380873 3.142996 0.275591,
        -0.383124 3.145287 0.275591,
        -0.387344 3.151369 0.275591,
        -0.389894 3.157935 0.275591,
        -0.493037 3.157646 0.275591,
        -0.492478 3.168051 0.275591,
        -0.273326 3.141965 0.275591,
        -0.305608 3.135131 0.275591,
        -0.362734 3.135131 0.275591,
        -0.354989 3.194194 0.275591,
        -0.311418 3.194194 0.275591,
        -0.299059 3.196122 0.275591,
        -0.260232 3.219772 0.275591,
        -0.249926 3.235099 0.275591,
        -0.281416 3.202847 0.275591,
        -0.266274 3.213571 0.275591,
        -0.577621 3.265156 0.275591,
        -0.554240 3.259376 0.275591,
        -0.326135 3.350493 0.275591,
        -0.589301 3.265843 0.275591,
        -0.324973 3.345238 0.275591,
        -0.386940 3.300700 0.275591,
        -0.317227 3.345238 0.275591,
        -0.359297 3.253439 0.275591,
        -0.243637 3.252497 0.275591,
        -0.243531 3.253439 0.275591,
        -0.241705 3.269716 0.275591,
        -0.242117 3.277626 0.275591,
        -0.612538 3.262965 0.275591,
        -0.717168 3.350493 0.275591,
        -0.633916 3.254756 0.275591,
        -0.727179 3.336142 0.275591,
        -0.735497 3.314555 0.275591,
        -0.730578 3.253439 0.275591,
        -0.635806 3.253439 0.275591,
        -0.737203 3.275787 0.275591,
        -0.738409 3.291017 0.275591,
        -0.268042 3.326976 0.275591,
        -0.283237 3.337145 0.275591,
        -0.300251 3.343313 0.275591,
        -0.246523 3.296263 0.275591,
        -0.255427 3.313073 0.275591,
        -0.543136 3.253439 0.275591,
        -0.730188 3.252125 0.275591,
        -0.669683 3.222652 0.275591,
        -0.653696 3.240977 0.275591,
        -0.718834 3.232848 0.275591,
        -0.701490 3.214996 0.275591,
        -0.680315 3.201939 0.275591,
        -0.346036 3.403701 0.275591,
        -0.367941 3.429733 0.275591,
        -0.590269 3.373317 0.275591,
        -0.370041 3.431642 0.275591,
        -0.397231 3.450545 0.275591,
        -0.575435 3.404011 0.275591,
        -0.596814 3.376913 0.275591,
        -0.331015 3.372546 0.275591,
        -0.618512 3.384937 0.275591,
        -0.641586 3.387841 0.275591,
        -0.651991 3.387281 0.275591,
        -0.553703 3.429943 0.275591,
        -0.427585 3.462205 0.275591,
        -0.527872 3.448817 0.275591,
        -0.460526 3.466267 0.275591,
        -0.496256 3.461654 0.275591,
        -0.675872 3.381534 0.275591,
        -0.697404 3.370012 0.275591,
        -0.713735 3.355414 0.275591,
        -0.198009 3.331994 0.275591,
        -0.186141 3.302431 0.275591,
        -0.181674 3.270684 0.275591,
        -0.671509 3.116189 0.279528,
        -0.657083 3.098435 0.279528,
        -0.680315 3.201939 0.279528,
        -0.697404 3.370012 0.279528,
        -0.675872 3.381534 0.279528,
        -0.680754 3.441208 0.279528,
        -0.620285 3.443998 0.279528,
        -0.590269 3.373317 0.279528,
        -0.575435 3.404011 0.279528,
        -0.701490 3.214996 0.279528,
        -0.693609 3.140759 0.279528,
        -0.681283 3.137068 0.279528,
        -0.642554 3.445935 0.279528,
        -0.582209 3.203969 0.279528,
        -0.573217 3.200750 0.279528,
        -0.492478 3.177733 0.279528,
        -0.565428 3.195492 0.279528,
        -0.559190 3.188530 0.279528,
        -0.356925 3.249383 0.279528,
        -0.386940 3.300700 0.279528,
        -0.516683 3.232923 0.279528,
        -0.590269 3.204844 0.279528,
        -0.599739 3.203630 0.279528,
        -0.612538 3.262965 0.279528,
        -0.608194 3.200292 0.279528,
        -0.633916 3.254756 0.279528,
        -0.615764 3.194909 0.279528,
        -0.653696 3.240977 0.279528,
        -0.619592 3.190862 0.279528,
        -0.669683 3.222652 0.279528,
        -0.624596 3.182853 0.279528,
        -0.627450 3.173741 0.279528,
        -0.627931 3.164304 0.279528,
        -0.554240 3.259376 0.279528,
        -0.577621 3.265156 0.279528,
        -0.589301 3.265843 0.279528,
        -0.554985 3.180580 0.279528,
        -0.552774 3.171602 0.279528,
        -0.492478 3.168051 0.279528,
        -0.552760 3.162743 0.279528,
        -0.493037 3.157646 0.279528,
        -0.283237 3.337145 0.279528,
        -0.268042 3.326976 0.279528,
        -0.217801 3.359519 0.279528,
        -0.255427 3.313073 0.279528,
        -0.198009 3.331994 0.279528,
        -0.246523 3.296263 0.279528,
        -0.186141 3.302431 0.279528,
        -0.181674 3.270684 0.279528,
        -0.600436 3.467115 0.279528,
        -0.553703 3.429943 0.279528,
        -0.577682 3.486600 0.279528,
        -0.527872 3.448817 0.279528,
        -0.554056 3.501238 0.279528,
        -0.651991 3.387281 0.279528,
        -0.641586 3.387841 0.279528,
        -0.631419 3.445330 0.279528,
        -0.618512 3.384937 0.279528,
        -0.596814 3.376913 0.279528,
        -0.533680 3.248383 0.279528,
        -0.324973 3.345238 0.279528,
        -0.317227 3.345238 0.279528,
        -0.277530 3.397523 0.279528,
        -0.300251 3.343313 0.279528,
        -0.272915 3.395974 0.279528,
        -0.244088 3.381707 0.279528,
        -0.217499 3.178702 0.279528,
        -0.266274 3.213571 0.279528,
        -0.243789 3.156436 0.279528,
        -0.281416 3.202847 0.279528,
        -0.273326 3.141965 0.279528,
        -0.299059 3.196122 0.279528,
        -0.305608 3.135131 0.279528,
        -0.311418 3.194194 0.279528,
        -0.362734 3.135131 0.279528,
        -0.354989 3.194194 0.279528,
        -0.368189 3.136010 0.279528,
        -0.626138 3.155224 0.279528,
        -0.622306 3.147085 0.279528,
        -0.242117 3.277626 0.279528,
        -0.241705 3.269716 0.279528,
        -0.186090 3.236232 0.279528,
        -0.243637 3.252497 0.279528,
        -0.198230 3.205567 0.279528,
        -0.249926 3.235099 0.279528,
        -0.260232 3.219772 0.279528,
        -0.329814 3.474014 0.279528,
        -0.367941 3.429733 0.279528,
        -0.297796 3.436976 0.279528,
        -0.346036 3.403701 0.279528,
        -0.331015 3.372546 0.279528,
        -0.735497 3.314555 0.279528,
        -0.799141 3.298268 0.279528,
        -0.738409 3.291017 0.279528,
        -0.799408 3.289080 0.279528,
        -0.737203 3.275787 0.279528,
        -0.794694 3.251039 0.279528,
        -0.730188 3.252125 0.279528,
        -0.780793 3.215000 0.279528,
        -0.718834 3.232848 0.279528,
        -0.758743 3.183543 0.279528,
        -0.728592 3.157821 0.279528,
        -0.716617 3.427269 0.279528,
        -0.747407 3.405609 0.279528,
        -0.713735 3.355414 0.279528,
        -0.753901 3.399459 0.279528,
        -0.727179 3.336142 0.279528,
        -0.777233 3.369531 0.279528,
        -0.792663 3.334660 0.279528,
        -0.498784 3.133765 0.279528,
        -0.555072 3.153451 0.279528,
        -0.510306 3.112233 0.279528,
        -0.559574 3.145134 0.279528,
        -0.524904 3.095902 0.279528,
        -0.564830 3.139197 0.279528,
        -0.544177 3.082458 0.279528,
        -0.572185 3.133923 0.279528,
        -0.565763 3.074140 0.279528,
        -0.580571 3.130572 0.279528,
        -0.589301 3.071228 0.279528,
        -0.590269 3.129322 0.279528,
        -0.592902 3.071293 0.279528,
        -0.591919 3.129358 0.279528,
        -0.615769 3.074827 0.279528,
        -0.600611 3.130775 0.279528,
        -0.638123 3.084184 0.279528,
        -0.609364 3.134534 0.279528,
        -0.616775 3.140215 0.279528,
        -0.509410 3.518458 0.279528,
        -0.496256 3.461654 0.279528,
        -0.461494 3.524362 0.279528,
        -0.460526 3.466267 0.279528,
        -0.421586 3.520169 0.279528,
        -0.427585 3.462205 0.279528,
        -0.372997 3.503047 0.279528,
        -0.397231 3.450545 0.279528,
        -0.370041 3.431642 0.279528,
        -0.359856 3.195094 0.279528,
        -0.383124 3.145287 0.279528,
        -0.380873 3.142996 0.279528,
        -0.356951 3.194450 0.279528,
        -0.374593 3.138531 0.279528,
        -0.390813 3.165146 0.279528,
        -0.389894 3.157935 0.279528,
        -0.387344 3.151369 0.279528,
        -0.368301 3.194199 0.279528,
        -0.374944 3.191575 0.279528,
        -0.390567 3.168968 0.279528,
        -0.380898 3.187355 0.279528,
        -0.384899 3.182943 0.279528,
        -0.388623 3.176337 0.279528,
        -0.360798 3.195161 0.279528,
        -0.590269 3.204844 0.275591,
        -0.582209 3.203969 0.275591,
        -0.573217 3.200750 0.275591,
        -0.565428 3.195492 0.275591,
        -0.559190 3.188530 0.275591,
        -0.554985 3.180580 0.275591,
        -0.552774 3.171602 0.275591,
        -0.552760 3.162743 0.275591,
        -0.555072 3.153451 0.275591,
        -0.559574 3.145134 0.275591,
        -0.564830 3.139197 0.275591,
        -0.572185 3.133923 0.275591,
        -0.580571 3.130572 0.275591,
        -0.590269 3.129322 0.275591,
        -0.591919 3.129358 0.275591,
        -0.600611 3.130775 0.275591,
        -0.609364 3.134534 0.275591,
        -0.616775 3.140215 0.275591,
        -0.622306 3.147085 0.275591,
        -0.626138 3.155224 0.275591,
        -0.627931 3.164304 0.275591,
        -0.627450 3.173741 0.275591,
        -0.624596 3.182853 0.275591,
        -0.619592 3.190862 0.275591,
        -0.615764 3.194909 0.275591,
        -0.608194 3.200292 0.275591,
        -0.599739 3.203630 0.275591,
      ]
    }
    coordIndex [
      143, 144, 145, -1,
      146, 147, 148, -1,
      149, 150, 151, -1,
      152, 153, 145, -1,
      145, 153, 154, -1,
      145, 154, 143, -1,
      148, 147, 155, -1,
      156, 157, 158, -1,
      158, 157, 159, -1,
      158, 159, 160, -1,
      161, 162, 158, -1,
      158, 162, 163, -1,
      158, 163, 156, -1,
      156, 163, 164, -1,
      165, 166, 167, -1,
      167, 166, 168, -1,
      167, 168, 169, -1,
      169, 168, 170, -1,
      169, 170, 171, -1,
      171, 170, 172, -1,
      171, 172, 173, -1,
      173, 172, 145, -1,
      173, 145, 174, -1,
      174, 145, 175, -1,
      176, 177, 165, -1,
      165, 177, 178, -1,
      165, 178, 166, -1,
      160, 179, 158, -1,
      158, 179, 180, -1,
      158, 180, 181, -1,
      181, 180, 182, -1,
      181, 182, 183, -1,
      184, 185, 186, -1,
      186, 185, 187, -1,
      186, 187, 188, -1,
      188, 187, 189, -1,
      188, 189, 190, -1,
      190, 189, 191, -1,
      149, 151, 192, -1,
      192, 151, 193, -1,
      192, 193, 194, -1,
      194, 193, 195, -1,
      194, 195, 196, -1,
      147, 197, 155, -1,
      155, 197, 198, -1,
      155, 198, 199, -1,
      199, 198, 200, -1,
      199, 200, 149, -1,
      149, 200, 201, -1,
      149, 201, 150, -1,
      164, 163, 165, -1,
      165, 163, 202, -1,
      165, 202, 176, -1,
      203, 204, 205, -1,
      205, 204, 206, -1,
      205, 206, 207, -1,
      207, 206, 184, -1,
      207, 184, 208, -1,
      208, 184, 186, -1,
      209, 210, 211, -1,
      211, 210, 212, -1,
      211, 212, 213, -1,
      213, 212, 214, -1,
      213, 214, 215, -1,
      215, 214, 216, -1,
      215, 216, 217, -1,
      217, 216, 218, -1,
      217, 218, 219, -1,
      175, 145, 220, -1,
      220, 145, 144, -1,
      220, 144, 221, -1,
      189, 222, 191, -1,
      191, 222, 223, -1,
      191, 223, 224, -1,
      224, 223, 225, -1,
      224, 225, 226, -1,
      226, 225, 227, -1,
      226, 227, 209, -1,
      209, 227, 228, -1,
      209, 228, 210, -1,
      229, 230, 231, -1,
      231, 230, 232, -1,
      231, 232, 205, -1,
      205, 232, 233, -1,
      205, 233, 203, -1,
      234, 235, 236, -1,
      236, 235, 237, -1,
      236, 237, 238, -1,
      238, 237, 239, -1,
      238, 239, 240, -1,
      240, 239, 241, -1,
      240, 241, 242, -1,
      242, 241, 243, -1,
      242, 243, 152, -1,
      152, 243, 244, -1,
      152, 244, 153, -1,
      148, 245, 146, -1,
      146, 245, 246, -1,
      146, 246, 247, -1,
      247, 246, 248, -1,
      247, 248, 249, -1,
      249, 248, 250, -1,
      249, 250, 234, -1,
      234, 250, 251, -1,
      234, 251, 235, -1,
      183, 182, 252, -1,
      252, 182, 253, -1,
      252, 253, 254, -1,
      254, 253, 255, -1,
      254, 255, 256, -1,
      256, 255, 257, -1,
      256, 257, 258, -1,
      258, 257, 259, -1,
      258, 259, 260, -1,
      260, 259, 261, -1,
      260, 261, 262, -1,
      262, 261, 263, -1,
      262, 263, 264, -1,
      264, 263, 265, -1,
      264, 265, 266, -1,
      266, 265, 267, -1,
      266, 267, 268, -1,
      268, 267, 269, -1,
      268, 269, 144, -1,
      144, 269, 270, -1,
      144, 270, 221, -1,
      196, 195, 271, -1,
      271, 195, 272, -1,
      271, 272, 273, -1,
      273, 272, 274, -1,
      273, 274, 275, -1,
      275, 274, 276, -1,
      275, 276, 277, -1,
      277, 276, 278, -1,
      277, 278, 229, -1,
      229, 278, 279, -1,
      229, 279, 230, -1,
      280, 281, 282, -1,
      218, 283, 219, -1,
      219, 283, 280, -1,
      219, 280, 284, -1,
      284, 280, 282, -1,
      285, 286, 280, -1,
      280, 286, 287, -1,
      280, 287, 281, -1,
      288, 289, 290, -1,
      289, 291, 290, -1,
      290, 291, 292, -1,
      290, 292, 293, -1,
      285, 280, 290, -1,
      290, 280, 294, -1,
      290, 294, 288, -1,
      140, 190, 141, -1,
      141, 190, 191, -1,
      141, 191, 142, -1,
      9, 186, 140, -1,
      140, 186, 188, -1,
      140, 188, 190, -1,
      9, 10, 186, -1,
      186, 10, 11, -1,
      186, 11, 208, -1,
      208, 11, 16, -1,
      208, 16, 207, -1,
      207, 16, 15, -1,
      207, 15, 205, -1,
      205, 15, 14, -1,
      205, 14, 231, -1,
      231, 14, 13, -1,
      231, 13, 229, -1,
      277, 229, 12, -1,
      12, 229, 13, -1,
      12, 5, 277, -1,
      277, 5, 6, -1,
      277, 6, 275, -1,
      275, 6, 7, -1,
      275, 7, 273, -1,
      273, 7, 8, -1,
      273, 8, 271, -1,
      271, 8, 17, -1,
      271, 17, 196, -1,
      196, 17, 194, -1,
      194, 17, 18, -1,
      194, 18, 19, -1,
      194, 19, 24, -1,
      194, 24, 192, -1,
      192, 24, 26, -1,
      192, 26, 149, -1,
      149, 26, 25, -1,
      149, 25, 199, -1,
      199, 25, 23, -1,
      199, 23, 155, -1,
      155, 23, 22, -1,
      155, 22, 148, -1,
      148, 22, 28, -1,
      148, 28, 245, -1,
      245, 28, 27, -1,
      245, 27, 246, -1,
      246, 27, 21, -1,
      246, 21, 248, -1,
      248, 21, 20, -1,
      248, 20, 250, -1,
      250, 20, 4, -1,
      250, 4, 251, -1,
      4, 3, 251, -1,
      251, 3, 32, -1,
      251, 32, 235, -1,
      235, 32, 31, -1,
      235, 31, 237, -1,
      237, 31, 239, -1,
      239, 31, 30, -1,
      30, 29, 239, -1,
      239, 29, 36, -1,
      239, 36, 241, -1,
      241, 36, 35, -1,
      241, 35, 243, -1,
      243, 35, 34, -1,
      243, 34, 244, -1,
      244, 34, 33, -1,
      244, 33, 153, -1,
      153, 33, 40, -1,
      153, 40, 154, -1,
      154, 40, 41, -1,
      154, 41, 143, -1,
      41, 42, 143, -1,
      143, 42, 43, -1,
      143, 43, 144, -1,
      144, 43, 39, -1,
      144, 39, 268, -1,
      268, 39, 38, -1,
      268, 38, 266, -1,
      38, 37, 266, -1,
      266, 37, 47, -1,
      266, 47, 264, -1,
      264, 47, 46, -1,
      264, 46, 262, -1,
      77, 181, 183, -1,
      262, 46, 45, -1,
      44, 258, 45, -1,
      45, 258, 260, -1,
      45, 260, 262, -1,
      44, 52, 258, -1,
      258, 52, 51, -1,
      258, 51, 256, -1,
      256, 51, 50, -1,
      256, 50, 254, -1,
      254, 50, 49, -1,
      254, 49, 252, -1,
      252, 49, 48, -1,
      252, 48, 183, -1,
      183, 48, 76, -1,
      183, 76, 77, -1,
      158, 181, 67, -1,
      67, 181, 77, -1,
      161, 158, 57, -1,
      57, 158, 67, -1,
      93, 162, 95, -1,
      95, 162, 161, -1,
      95, 161, 57, -1,
      1, 163, 2, -1,
      2, 163, 162, -1,
      2, 162, 93, -1,
      163, 1, 0, -1,
      163, 0, 202, -1,
      202, 0, 114, -1,
      202, 114, 176, -1,
      114, 89, 176, -1,
      176, 89, 88, -1,
      176, 88, 177, -1,
      177, 88, 91, -1,
      177, 91, 178, -1,
      178, 91, 100, -1,
      178, 100, 166, -1,
      166, 100, 102, -1,
      166, 102, 168, -1,
      168, 102, 106, -1,
      168, 106, 170, -1,
      106, 117, 170, -1,
      170, 117, 116, -1,
      170, 116, 172, -1,
      172, 116, 120, -1,
      172, 120, 145, -1,
      108, 236, 238, -1,
      145, 120, 119, -1,
      145, 119, 152, -1,
      152, 119, 118, -1,
      152, 118, 242, -1,
      242, 118, 115, -1,
      242, 115, 240, -1,
      240, 115, 105, -1,
      240, 105, 238, -1,
      238, 105, 107, -1,
      238, 107, 108, -1,
      103, 234, 104, -1,
      104, 234, 236, -1,
      104, 236, 108, -1,
      101, 247, 103, -1,
      103, 247, 249, -1,
      103, 249, 234, -1,
      101, 139, 247, -1,
      247, 139, 138, -1,
      247, 138, 146, -1,
      146, 138, 137, -1,
      146, 137, 147, -1,
      147, 137, 131, -1,
      147, 131, 197, -1,
      197, 131, 130, -1,
      197, 130, 198, -1,
      198, 130, 129, -1,
      198, 129, 200, -1,
      200, 129, 127, -1,
      200, 127, 201, -1,
      201, 127, 123, -1,
      201, 123, 150, -1,
      150, 123, 126, -1,
      150, 126, 151, -1,
      151, 126, 132, -1,
      151, 132, 193, -1,
      193, 132, 134, -1,
      193, 134, 195, -1,
      195, 134, 136, -1,
      195, 136, 272, -1,
      272, 136, 135, -1,
      272, 135, 274, -1,
      274, 135, 133, -1,
      274, 133, 276, -1,
      276, 133, 125, -1,
      276, 125, 278, -1,
      278, 125, 124, -1,
      278, 124, 279, -1,
      279, 124, 122, -1,
      279, 122, 230, -1,
      230, 122, 121, -1,
      230, 121, 232, -1,
      232, 121, 128, -1,
      232, 128, 233, -1,
      233, 128, 203, -1,
      203, 128, 90, -1,
      203, 90, 92, -1,
      204, 203, 94, -1,
      94, 203, 92, -1,
      204, 94, 111, -1,
      204, 111, 206, -1,
      206, 111, 110, -1,
      206, 110, 184, -1,
      184, 110, 109, -1,
      184, 109, 185, -1,
      185, 109, 113, -1,
      185, 113, 187, -1,
      187, 113, 112, -1,
      187, 112, 189, -1,
      189, 112, 99, -1,
      189, 99, 222, -1,
      222, 99, 98, -1,
      222, 98, 223, -1,
      98, 97, 223, -1,
      223, 97, 225, -1,
      97, 96, 225, -1,
      225, 96, 85, -1,
      225, 85, 227, -1,
      227, 85, 84, -1,
      227, 84, 228, -1,
      228, 84, 87, -1,
      228, 87, 210, -1,
      210, 87, 86, -1,
      210, 86, 212, -1,
      212, 86, 83, -1,
      212, 83, 214, -1,
      214, 83, 82, -1,
      214, 82, 216, -1,
      218, 216, 81, -1,
      81, 216, 82, -1,
      218, 81, 63, -1,
      218, 63, 283, -1,
      283, 63, 62, -1,
      283, 62, 280, -1,
      280, 62, 61, -1,
      280, 61, 294, -1,
      294, 61, 56, -1,
      294, 56, 288, -1,
      288, 56, 55, -1,
      288, 55, 289, -1,
      289, 55, 60, -1,
      289, 60, 291, -1,
      291, 60, 69, -1,
      291, 69, 292, -1,
      292, 69, 68, -1,
      292, 68, 293, -1,
      293, 68, 66, -1,
      293, 66, 290, -1,
      290, 66, 65, -1,
      290, 65, 285, -1,
      285, 65, 75, -1,
      285, 75, 286, -1,
      286, 75, 74, -1,
      286, 74, 287, -1,
      287, 74, 73, -1,
      287, 73, 281, -1,
      281, 73, 72, -1,
      281, 72, 282, -1,
      282, 72, 71, -1,
      282, 71, 284, -1,
      284, 71, 70, -1,
      284, 70, 219, -1,
      219, 70, 80, -1,
      219, 80, 217, -1,
      215, 217, 79, -1,
      79, 217, 80, -1,
      215, 79, 78, -1,
      215, 78, 213, -1,
      213, 78, 59, -1,
      213, 59, 211, -1,
      211, 59, 58, -1,
      211, 58, 209, -1,
      142, 191, 53, -1,
      53, 191, 224, -1,
      53, 224, 54, -1,
      54, 224, 226, -1,
      54, 226, 64, -1,
      64, 226, 209, -1,
      64, 209, 58, -1,
      164, 295, 296, -1,
      164, 296, 156, -1,
      156, 296, 297, -1,
      156, 297, 157, -1,
      157, 297, 298, -1,
      157, 298, 159, -1,
      159, 298, 299, -1,
      159, 299, 160, -1,
      160, 299, 300, -1,
      160, 300, 179, -1,
      179, 300, 301, -1,
      179, 301, 180, -1,
      180, 301, 302, -1,
      180, 302, 182, -1,
      182, 302, 303, -1,
      182, 303, 253, -1,
      253, 303, 304, -1,
      253, 304, 255, -1,
      255, 304, 305, -1,
      255, 305, 257, -1,
      257, 305, 306, -1,
      257, 306, 259, -1,
      259, 306, 307, -1,
      259, 307, 261, -1,
      261, 307, 308, -1,
      261, 308, 263, -1,
      263, 308, 309, -1,
      263, 309, 265, -1,
      265, 309, 310, -1,
      265, 310, 267, -1,
      267, 310, 311, -1,
      267, 311, 269, -1,
      269, 311, 312, -1,
      269, 312, 270, -1,
      270, 312, 313, -1,
      270, 313, 221, -1,
      221, 313, 314, -1,
      221, 314, 220, -1,
      220, 314, 315, -1,
      220, 315, 175, -1,
      175, 315, 316, -1,
      175, 316, 174, -1,
      174, 316, 317, -1,
      174, 317, 173, -1,
      173, 317, 318, -1,
      173, 318, 171, -1,
      171, 318, 319, -1,
      171, 319, 169, -1,
      169, 319, 320, -1,
      169, 320, 167, -1,
      167, 320, 321, -1,
      167, 321, 165, -1,
      165, 321, 295, -1,
      165, 295, 164, -1,
    ]
  }
}

Shape {
  appearance Appearance {
    material Material {
      diffuseColor 0.2078 0.2078 0.2078
      specularColor 0.0157 0.0157 0.0157
      ambientIntensity 0.2
      transparency 0.0000
      shininess 0.5
    }
  }
  geometry IndexedFaceSet {
    ccw TRUE
    solid FALSE
    coord DEF co Coordinate {
      point [
        -0.590269 3.204844 0.275591,
        -0.582209 3.203969 0.275591,
        -0.573217 3.200750 0.275591,
        -0.565428 3.195492 0.275591,
        -0.559190 3.188530 0.275591,
        -0.554985 3.180580 0.275591,
        -0.552774 3.171602 0.275591,
        -0.552760 3.162743 0.275591,
        -0.555072 3.153451 0.275591,
        -0.559574 3.145134 0.275591,
        -0.564830 3.139197 0.275591,
        -0.572185 3.133923 0.275591,
        -0.580571 3.130572 0.275591,
        -0.590269 3.129322 0.275591,
        -0.591919 3.129358 0.275591,
        -0.600611 3.130775 0.275591,
        -0.609364 3.134534 0.275591,
        -0.616775 3.140215 0.275591,
        -0.622306 3.147085 0.275591,
        -0.626138 3.155224 0.275591,
        -0.627931 3.164304 0.275591,
        -0.627450 3.173741 0.275591,
        -0.624596 3.182853 0.275591,
        -0.619592 3.190862 0.275591,
        -0.615764 3.194909 0.275591,
        -0.608194 3.200292 0.275591,
        -0.599739 3.203630 0.275591,
      ]
    }
    coordIndex [
      14, 24, 23, -1,
      12, 11, 1, -1,
      0, 26, 14, -1,
      14, 26, 25, -1,
      14, 25, 24, -1,
      19, 18, 23, -1,
      23, 18, 17, -1,
      0, 14, 1, -1,
      1, 14, 13, -1,
      1, 13, 12, -1,
      22, 21, 23, -1,
      23, 21, 20, -1,
      23, 20, 19, -1,
      17, 16, 23, -1,
      23, 16, 15, -1,
      23, 15, 14, -1,
      11, 10, 1, -1,
      1, 10, 9, -1,
      1, 9, 8, -1,
      8, 7, 1, -1,
      1, 7, 6, -1,
      1, 6, 5, -1,
      5, 4, 1, -1,
      1, 4, 3, -1,
      1, 3, 2, -1,
    ]
  }
}

Shape {
  appearance Appearance {
    material Material {
      diffuseColor 1.0000 1.0000 1.0000
      specularColor 0.5020 0.5020 0.5020
      ambientIntensity 0.2
      transparency 0.0000
      shininess 0.5
    }
  }
  geometry IndexedFaceSet {
    ccw TRUE
    solid FALSE
    coord DEF co Coordinate {
      point [
        0.342674 3.397100 0.275591,
        0.336024 3.382983 0.275591,
        0.325763 3.370719 0.275591,
        0.297809 3.484575 0.275591,
        0.311974 3.479280 0.275591,
        0.297809 3.355397 0.275591,
        0.308931 3.359193 0.275591,
        0.322440 3.367813 0.275591,
        0.325763 3.469791 0.275591,
        0.331152 3.464445 0.275591,
        0.339431 3.452387 0.275591,
        0.344290 3.439216 0.275591,
        0.346302 3.421472 0.275591,
        0.345920 3.413091 0.275591,
        0.274277 3.487823 0.275591,
        0.295612 3.485397 0.275591,
        0.292768 3.353676 0.275591,
        0.272885 3.351641 0.275591,
        0.235428 3.351641 0.275591,
        0.235428 3.487823 0.275591,
        0.316698 3.455585 0.279528,
        0.331152 3.464445 0.279528,
        0.312883 3.459347 0.279528,
        0.325763 3.469791 0.279528,
        0.302413 3.466216 0.279528,
        0.311974 3.479280 0.279528,
        0.290491 3.470369 0.279528,
        0.295612 3.485397 0.279528,
        0.273581 3.472158 0.279528,
        0.274277 3.487823 0.279528,
        0.253007 3.472158 0.279528,
        0.235428 3.487823 0.279528,
        0.253007 3.367168 0.279528,
        0.235428 3.351641 0.279528,
        0.272780 3.367168 0.279528,
        0.272885 3.351641 0.279528,
        0.290729 3.369187 0.279528,
        0.292768 3.353676 0.279528,
        0.302209 3.373426 0.279528,
        0.308931 3.359193 0.279528,
        0.311132 3.379413 0.279528,
        0.322440 3.367813 0.279528,
        0.313266 3.381370 0.279528,
        0.325763 3.370719 0.279528,
        0.320379 3.390332 0.279528,
        0.336024 3.382983 0.279528,
        0.324945 3.400565 0.279528,
        0.342674 3.397100 0.279528,
        0.327457 3.413243 0.279528,
        0.345920 3.413091 0.279528,
        0.327817 3.420985 0.279528,
        0.346302 3.421472 0.279528,
        0.325806 3.437994 0.279528,
        0.344290 3.439216 0.279528,
        0.321972 3.447947 0.279528,
        0.339431 3.452387 0.279528,
        0.312883 3.459347 0.275591,
        0.316698 3.455585 0.275591,
        0.321972 3.447947 0.275591,
        0.325806 3.437994 0.275591,
        0.327817 3.420985 0.275591,
        0.273581 3.472158 0.275591,
        0.290491 3.470369 0.275591,
        0.302413 3.466216 0.275591,
        0.253007 3.472158 0.275591,
        0.253007 3.367168 0.275591,
        0.272780 3.367168 0.275591,
        0.313266 3.381370 0.275591,
        0.311132 3.379413 0.275591,
        0.302209 3.373426 0.275591,
        0.290729 3.369187 0.275591,
        0.327457 3.413243 0.275591,
        0.324945 3.400565 0.275591,
        0.320379 3.390332 0.275591,
      ]
    }
    coordIndex [
      20, 21, 22, -1,
      22, 21, 23, -1,
      22, 23, 24, -1,
      24, 23, 25, -1,
      24, 25, 26, -1,
      26, 25, 27, -1,
      26, 27, 28, -1,
      28, 27, 29, -1,
      28, 29, 30, -1,
      30, 29, 31, -1,
      30, 31, 32, -1,
      32, 31, 33, -1,
      32, 33, 34, -1,
      34, 33, 35, -1,
      34, 35, 36, -1,
      36, 35, 37, -1,
      36, 37, 38, -1,
      38, 37, 39, -1,
      38, 39, 40, -1,
      40, 39, 41, -1,
      40, 41, 42, -1,
      42, 41, 43, -1,
      42, 43, 44, -1,
      44, 43, 45, -1,
      44, 45, 46, -1,
      46, 45, 47, -1,
      46, 47, 48, -1,
      48, 47, 49, -1,
      48, 49, 50, -1,
      50, 49, 51, -1,
      50, 51, 52, -1,
      52, 51, 53, -1,
      52, 53, 54, -1,
      54, 53, 55, -1,
      54, 55, 20, -1,
      20, 55, 21, -1,
      43, 2, 1, -1,
      43, 1, 45, -1,
      45, 1, 0, -1,
      45, 0, 47, -1,
      47, 0, 13, -1,
      47, 13, 49, -1,
      49, 13, 12, -1,
      49, 12, 51, -1,
      51, 12, 11, -1,
      51, 11, 53, -1,
      53, 11, 10, -1,
      53, 10, 55, -1,
      55, 10, 9, -1,
      55, 9, 21, -1,
      21, 9, 8, -1,
      21, 8, 23, -1,
      23, 8, 4, -1,
      3, 27, 4, -1,
      4, 27, 25, -1,
      4, 25, 23, -1,
      3, 15, 27, -1,
      27, 15, 14, -1,
      27, 14, 29, -1,
      31, 29, 19, -1,
      19, 29, 14, -1,
      33, 31, 18, -1,
      18, 31, 19, -1,
      35, 33, 17, -1,
      17, 33, 18, -1,
      35, 17, 16, -1,
      35, 16, 37, -1,
      37, 16, 5, -1,
      37, 5, 39, -1,
      5, 6, 39, -1,
      39, 6, 7, -1,
      39, 7, 41, -1,
      41, 7, 2, -1,
      41, 2, 43, -1,
      22, 56, 57, -1,
      22, 57, 20, -1,
      20, 57, 58, -1,
      20, 58, 54, -1,
      54, 58, 59, -1,
      54, 59, 52, -1,
      52, 59, 60, -1,
      52, 60, 50, -1,
      28, 61, 62, -1,
      28, 62, 26, -1,
      26, 62, 63, -1,
      26, 63, 24, -1,
      24, 63, 56, -1,
      24, 56, 22, -1,
      28, 30, 61, -1,
      61, 30, 64, -1,
      30, 32, 64, -1,
      64, 32, 65, -1,
      32, 34, 65, -1,
      65, 34, 66, -1,
      42, 67, 68, -1,
      42, 68, 40, -1,
      40, 68, 69, -1,
      40, 69, 38, -1,
      38, 69, 70, -1,
      38, 70, 36, -1,
      36, 70, 66, -1,
      36, 66, 34, -1,
      50, 60, 71, -1,
      50, 71, 48, -1,
      48, 71, 72, -1,
      48, 72, 46, -1,
      46, 72, 73, -1,
      46, 73, 44, -1,
      44, 73, 67, -1,
      44, 67, 42, -1,
    ]
  }
}

Shape {
  appearance Appearance {
    material Material {
      diffuseColor 0.2078 0.2078 0.2078
      specularColor 0.0157 0.0157 0.0157
      ambientIntensity 0.2
      transparency 0.0000
      shininess 0.5
    }
  }
  geometry IndexedFaceSet {
    ccw TRUE
    solid FALSE
    coord DEF co Coordinate {
      point [
        0.312883 3.459347 0.275591,
        0.316698 3.455585 0.275591,
        0.321972 3.447947 0.275591,
        0.325806 3.437994 0.275591,
        0.327817 3.420985 0.275591,
        0.273581 3.472158 0.275591,
        0.290491 3.470369 0.275591,
        0.302413 3.466216 0.275591,
        0.253007 3.472158 0.275591,
        0.253007 3.367168 0.275591,
        0.272780 3.367168 0.275591,
        0.313266 3.381370 0.275591,
        0.311132 3.379413 0.275591,
        0.302209 3.373426 0.275591,
        0.290729 3.369187 0.275591,
        0.327457 3.413243 0.275591,
        0.324945 3.400565 0.275591,
        0.320379 3.390332 0.275591,
      ]
    }
    coordIndex [
      8, 9, 5, -1,
      5, 9, 10, -1,
      5, 12, 11, -1,
      10, 14, 5, -1,
      5, 14, 13, -1,
      5, 13, 12, -1,
      11, 17, 5, -1,
      5, 17, 16, -1,
      5, 16, 15, -1,
      15, 4, 5, -1,
      5, 4, 3, -1,
      5, 3, 2, -1,
      2, 1, 5, -1,
      5, 1, 0, -1,
      5, 0, 6, -1,
      6, 0, 7, -1,
    ]
  }
}

Shape {
  appearance Appearance {
    material Material {
      diffuseColor 1.0000 1.0000 1.0000
      specularColor 0.5020 0.5020 0.5020
      ambientIntensity 0.2
      transparency 0.0000
      shininess 0.5
    }
  }
  geometry IndexedFaceSet {
    ccw TRUE
    solid FALSE
    coord DEF co Coordinate {
      point [
        0.095797 3.488534 0.275591,
        0.109203 3.484551 0.275591,
        0.109203 3.466170 0.275591,
        0.109203 3.374130 0.275591,
        0.109203 3.357281 0.275591,
        0.107083 3.356219 0.275591,
        0.092540 3.351388 0.275591,
        0.083325 3.350493 0.275591,
        0.038591 3.457574 0.275591,
        0.032137 3.447984 0.275591,
        0.025700 3.416929 0.275591,
        0.095263 3.367948 0.275591,
        0.079757 3.365199 0.275591,
        0.027707 3.436018 0.275591,
        0.025691 3.418201 0.275591,
        0.093925 3.472231 0.275591,
        0.077107 3.474246 0.275591,
        0.071075 3.473969 0.275591,
        0.059333 3.471543 0.275591,
        0.027841 3.400211 0.275591,
        0.032126 3.389115 0.275591,
        0.039058 3.379351 0.275591,
        0.051447 3.369991 0.275591,
        0.061320 3.366419 0.275591,
        0.074043 3.365009 0.275591,
        0.107733 3.466964 0.275591,
        0.048699 3.466427 0.275591,
        0.039998 3.459139 0.275591,
        0.042377 3.376130 0.275591,
        0.066580 3.488972 0.275591,
        0.058765 3.488104 0.275591,
        0.044298 3.482870 0.275591,
        0.017051 3.457197 0.275591,
        0.026909 3.470069 0.275591,
        0.030895 3.473829 0.275591,
        0.010577 3.442074 0.275591,
        0.013333 3.448511 0.275591,
        0.013333 3.385952 0.275591,
        0.009272 3.397666 0.275591,
        0.007241 3.417156 0.275591,
        0.007483 3.424302 0.275591,
        0.047774 3.353023 0.275591,
        0.035025 3.359249 0.275591,
        0.024716 3.367933 0.275591,
        0.022124 3.370870 0.275591,
        0.014403 3.382864 0.275591,
        0.059332 3.350493 0.275591,
        0.062381 3.349825 0.275591,
        0.071502 3.349344 0.275591,
        0.076933 3.490120 0.275591,
        0.078183 3.490115 0.275591,
        0.090917 3.488972 0.275591,
        0.576264 3.271785 0.275591,
        0.595062 3.271785 0.275591,
        0.569277 3.253439 0.275591,
        0.524395 3.135604 0.275591,
        0.543820 3.135604 0.275591,
        0.627506 3.135604 0.275591,
        0.613617 3.172852 0.275591,
        0.556909 3.172852 0.275591,
        0.646931 3.135604 0.275591,
        0.602050 3.253439 0.275591,
        0.074043 3.365009 0.279528,
        0.061320 3.366419 0.279528,
        0.051447 3.369991 0.279528,
        0.042377 3.376130 0.279528,
        0.039058 3.379351 0.279528,
        0.032126 3.389115 0.279528,
        0.027841 3.400211 0.279528,
        0.025700 3.416929 0.279528,
        0.025691 3.418201 0.279528,
        0.027707 3.436018 0.279528,
        0.032137 3.447984 0.279528,
        0.038591 3.457574 0.279528,
        0.039998 3.459139 0.279528,
        0.048699 3.466427 0.279528,
        0.059333 3.471543 0.279528,
        0.071075 3.473969 0.279528,
        0.077107 3.474246 0.279528,
        0.093925 3.472231 0.279528,
        0.107733 3.466964 0.279528,
        0.109203 3.466170 0.279528,
        0.109203 3.484551 0.279528,
        0.076933 3.490120 0.279528,
        0.078183 3.490115 0.279528,
        0.095797 3.488534 0.279528,
        0.058765 3.488104 0.279528,
        0.044298 3.482870 0.279528,
        0.030895 3.473829 0.279528,
        0.026909 3.470069 0.279528,
        0.010577 3.442074 0.279528,
        0.017051 3.457197 0.279528,
        0.007483 3.424302 0.279528,
        0.007241 3.417156 0.279528,
        0.014403 3.382864 0.279528,
        0.009272 3.397666 0.279528,
        0.022124 3.370870 0.279528,
        0.024716 3.367933 0.279528,
        0.035025 3.359249 0.279528,
        0.062381 3.349825 0.279528,
        0.047774 3.353023 0.279528,
        0.071502 3.349344 0.279528,
        0.092540 3.351388 0.279528,
        0.107083 3.356219 0.279528,
        0.109203 3.357281 0.279528,
        0.109203 3.374130 0.279528,
        0.095263 3.367948 0.279528,
        0.079757 3.365199 0.279528,
        0.562479 3.188238 0.279528,
        0.556909 3.172852 0.279528,
        0.608186 3.188238 0.279528,
        0.613617 3.172852 0.279528,
        0.582843 3.244841 0.279528,
        0.576264 3.271785 0.279528,
        0.524395 3.135604 0.279528,
        0.543820 3.135604 0.279528,
        0.584022 3.248905 0.279528,
        0.585071 3.254379 0.279528,
        0.595062 3.271785 0.279528,
        0.585489 3.254379 0.279528,
        0.586590 3.248618 0.279528,
        0.587613 3.244841 0.279528,
        0.646931 3.135604 0.279528,
        0.627506 3.135604 0.279528,
        0.582843 3.244841 0.275591,
        0.584022 3.248905 0.275591,
        0.585071 3.254379 0.275591,
        0.562479 3.188238 0.275591,
        0.608186 3.188238 0.275591,
        0.587613 3.244841 0.275591,
        0.585489 3.254379 0.275591,
        0.586590 3.248618 0.275591,
      ]
    }
    coordIndex [
      62, 24, 23, -1,
      62, 23, 63, -1,
      63, 23, 22, -1,
      63, 22, 64, -1,
      64, 22, 28, -1,
      64, 28, 65, -1,
      65, 28, 21, -1,
      65, 21, 66, -1,
      66, 21, 20, -1,
      66, 20, 67, -1,
      67, 20, 19, -1,
      67, 19, 68, -1,
      68, 19, 10, -1,
      68, 10, 69, -1,
      69, 10, 14, -1,
      69, 14, 70, -1,
      70, 14, 13, -1,
      70, 13, 71, -1,
      71, 13, 9, -1,
      71, 9, 72, -1,
      72, 9, 8, -1,
      72, 8, 73, -1,
      73, 8, 27, -1,
      73, 27, 74, -1,
      74, 27, 26, -1,
      74, 26, 75, -1,
      75, 26, 18, -1,
      75, 18, 76, -1,
      76, 18, 17, -1,
      76, 17, 77, -1,
      77, 17, 16, -1,
      77, 16, 78, -1,
      78, 16, 15, -1,
      78, 15, 79, -1,
      79, 15, 25, -1,
      79, 25, 80, -1,
      80, 25, 2, -1,
      80, 2, 81, -1,
      82, 81, 1, -1,
      1, 81, 2, -1,
      49, 83, 84, -1,
      82, 1, 0, -1,
      82, 0, 85, -1,
      85, 0, 51, -1,
      85, 51, 84, -1,
      84, 51, 50, -1,
      84, 50, 49, -1,
      83, 49, 86, -1,
      86, 49, 29, -1,
      29, 30, 86, -1,
      86, 30, 31, -1,
      86, 31, 87, -1,
      87, 31, 34, -1,
      87, 34, 88, -1,
      88, 34, 33, -1,
      88, 33, 89, -1,
      89, 33, 32, -1,
      36, 90, 32, -1,
      32, 90, 91, -1,
      32, 91, 89, -1,
      36, 35, 90, -1,
      90, 35, 40, -1,
      90, 40, 92, -1,
      92, 40, 39, -1,
      92, 39, 93, -1,
      93, 39, 38, -1,
      37, 94, 38, -1,
      38, 94, 95, -1,
      38, 95, 93, -1,
      37, 45, 94, -1,
      94, 45, 44, -1,
      94, 44, 96, -1,
      96, 44, 43, -1,
      96, 43, 97, -1,
      41, 98, 42, -1,
      42, 98, 97, -1,
      42, 97, 43, -1,
      46, 99, 41, -1,
      41, 99, 100, -1,
      41, 100, 98, -1,
      46, 47, 99, -1,
      99, 47, 48, -1,
      99, 48, 101, -1,
      101, 48, 102, -1,
      102, 48, 7, -1,
      7, 6, 102, -1,
      102, 6, 5, -1,
      102, 5, 103, -1,
      103, 5, 4, -1,
      103, 4, 104, -1,
      105, 104, 3, -1,
      3, 104, 4, -1,
      105, 3, 11, -1,
      105, 11, 106, -1,
      106, 11, 12, -1,
      106, 12, 107, -1,
      107, 12, 24, -1,
      107, 24, 62, -1,
      80, 81, 82, -1,
      67, 68, 95, -1,
      95, 68, 93, -1,
      89, 74, 88, -1,
      88, 74, 75, -1,
      80, 82, 79, -1,
      79, 82, 85, -1,
      79, 85, 78, -1,
      78, 85, 84, -1,
      78, 84, 77, -1,
      77, 84, 83, -1,
      77, 83, 76, -1,
      76, 83, 86, -1,
      76, 86, 75, -1,
      75, 86, 87, -1,
      75, 87, 88, -1,
      104, 105, 103, -1,
      103, 105, 106, -1,
      103, 106, 102, -1,
      102, 106, 101, -1,
      68, 69, 93, -1,
      93, 69, 70, -1,
      93, 70, 92, -1,
      92, 70, 71, -1,
      92, 71, 90, -1,
      90, 71, 91, -1,
      91, 71, 72, -1,
      91, 72, 89, -1,
      89, 72, 73, -1,
      89, 73, 74, -1,
      95, 94, 67, -1,
      67, 94, 96, -1,
      67, 96, 66, -1,
      66, 96, 97, -1,
      66, 97, 65, -1,
      65, 97, 98, -1,
      65, 98, 64, -1,
      64, 98, 100, -1,
      64, 100, 63, -1,
      63, 100, 99, -1,
      63, 99, 62, -1,
      62, 99, 101, -1,
      62, 101, 107, -1,
      107, 101, 106, -1,
      108, 109, 110, -1,
      110, 109, 111, -1,
      112, 113, 108, -1,
      108, 113, 114, -1,
      108, 114, 109, -1,
      109, 114, 115, -1,
      112, 116, 113, -1,
      113, 116, 117, -1,
      113, 117, 118, -1,
      118, 117, 119, -1,
      118, 119, 120, -1,
      120, 121, 118, -1,
      118, 121, 110, -1,
      118, 110, 122, -1,
      122, 110, 111, -1,
      122, 111, 123, -1,
      113, 118, 52, -1,
      52, 118, 53, -1,
      55, 114, 54, -1,
      54, 114, 113, -1,
      54, 113, 52, -1,
      115, 114, 56, -1,
      56, 114, 55, -1,
      109, 115, 59, -1,
      59, 115, 56, -1,
      111, 109, 58, -1,
      58, 109, 59, -1,
      123, 111, 57, -1,
      57, 111, 58, -1,
      122, 123, 60, -1,
      60, 123, 57, -1,
      53, 118, 61, -1,
      61, 118, 122, -1,
      61, 122, 60, -1,
      112, 124, 125, -1,
      112, 125, 116, -1,
      116, 125, 126, -1,
      116, 126, 117, -1,
      112, 108, 124, -1,
      124, 108, 127, -1,
      108, 110, 127, -1,
      127, 110, 128, -1,
      110, 121, 128, -1,
      128, 121, 129, -1,
      119, 130, 131, -1,
      119, 131, 120, -1,
      120, 131, 129, -1,
      120, 129, 121, -1,
      119, 117, 130, -1,
      130, 117, 126, -1,
    ]
  }
}

Shape {
  appearance Appearance {
    material Material {
      diffuseColor 0.2078 0.2078 0.2078
      specularColor 0.0157 0.0157 0.0157
      ambientIntensity 0.2
      transparency 0.0000
      shininess 0.5
    }
  }
  geometry IndexedFaceSet {
    ccw TRUE
    solid FALSE
    coord DEF co Coordinate {
      point [
        0.582843 3.244841 0.275591,
        0.584022 3.248905 0.275591,
        0.585071 3.254379 0.275591,
        0.562479 3.188238 0.275591,
        0.608186 3.188238 0.275591,
        0.587613 3.244841 0.275591,
        0.585489 3.254379 0.275591,
        0.586590 3.248618 0.275591,
      ]
    }
    coordIndex [
      6, 2, 7, -1,
      7, 2, 1, -1,
      7, 1, 5, -1,
      5, 1, 0, -1,
      5, 0, 4, -1,
      4, 0, 3, -1,
    ]
  }
}

Shape {
  appearance Appearance {
    material Material {
      diffuseColor 1.0000 1.0000 1.0000
      specularColor 0.5020 0.5020 0.5020
      ambientIntensity 0.2
      transparency 0.0000
      shininess 0.5
    }
  }
  geometry IndexedFaceSet {
    ccw TRUE
    solid FALSE
    coord DEF co Coordinate {
      point [
        0.476391 3.351641 0.275591,
        0.456966 3.351641 0.275591,
        0.443076 3.388890 0.275591,
        0.393105 3.388890 0.275591,
        0.386369 3.388890 0.275591,
        0.373280 3.351641 0.275591,
        0.353856 3.351641 0.275591,
        0.393105 3.454692 0.275591,
        0.405724 3.487823 0.275591,
        0.424522 3.487823 0.275591,
        0.324579 3.196941 0.275591,
        0.324579 3.151129 0.275591,
        0.350078 3.151129 0.275591,
        0.380243 3.151129 0.275591,
        0.380243 3.135604 0.275591,
        0.373280 3.196941 0.275591,
        0.350078 3.196941 0.275591,
        0.324579 3.253439 0.275591,
        0.324579 3.212536 0.275591,
        0.350078 3.212536 0.275591,
        0.324579 3.256120 0.275591,
        0.373280 3.212536 0.275591,
        0.307000 3.135604 0.275591,
        0.307000 3.253439 0.275591,
        0.307000 3.271785 0.275591,
        0.350078 3.135604 0.275591,
        -0.052565 3.253439 0.275591,
        -0.052565 3.212536 0.275591,
        -0.003864 3.212536 0.275591,
        -0.052565 3.196941 0.275591,
        -0.052565 3.151129 0.275591,
        -0.003864 3.196941 0.275591,
        0.003098 3.151129 0.275591,
        0.003098 3.135604 0.275591,
        -0.070144 3.135604 0.275591,
        -0.070144 3.271785 0.275591,
        -0.070144 3.253439 0.275591,
        -0.052565 3.256120 0.275591,
        0.000000 3.256120 0.275591,
        0.000000 3.271785 0.275591,
        0.350078 3.271785 0.275591,
        0.377144 3.271785 0.275591,
        0.377144 3.256120 0.275591,
        0.350078 3.256120 0.275591,
        0.324579 3.151129 0.279528,
        0.380243 3.151129 0.279528,
        0.324579 3.196941 0.279528,
        0.373280 3.196941 0.279528,
        0.373280 3.212536 0.279528,
        0.324579 3.212536 0.279528,
        0.324579 3.256120 0.279528,
        0.377144 3.256120 0.279528,
        0.377144 3.271785 0.279528,
        0.307000 3.271785 0.279528,
        0.307000 3.135604 0.279528,
        0.380243 3.135604 0.279528,
        -0.052565 3.151129 0.279528,
        0.003098 3.151129 0.279528,
        -0.052565 3.196941 0.279528,
        -0.003864 3.196941 0.279528,
        -0.003864 3.212536 0.279528,
        -0.052565 3.212536 0.279528,
        -0.052565 3.256120 0.279528,
        0.000000 3.256120 0.279528,
        0.000000 3.271785 0.279528,
        -0.070144 3.271785 0.279528,
        -0.070144 3.135604 0.279528,
        0.003098 3.135604 0.279528,
        0.391939 3.404276 0.279528,
        0.386369 3.388890 0.279528,
        0.437646 3.404276 0.279528,
        0.443076 3.388890 0.279528,
        0.412304 3.460879 0.279528,
        0.405724 3.487823 0.279528,
        0.353856 3.351641 0.279528,
        0.373280 3.351641 0.279528,
        0.413483 3.464943 0.279528,
        0.414531 3.470417 0.279528,
        0.424522 3.487823 0.279528,
        0.414949 3.470417 0.279528,
        0.416050 3.464656 0.279528,
        0.417072 3.460879 0.279528,
        0.476391 3.351641 0.279528,
        0.456966 3.351641 0.279528,
        0.412304 3.460879 0.275591,
        0.413483 3.464943 0.275591,
        0.414531 3.470417 0.275591,
        0.391939 3.404276 0.275591,
        0.437646 3.404276 0.275591,
        0.417072 3.460879 0.275591,
        0.414949 3.470417 0.275591,
        0.416050 3.464656 0.275591,
      ]
    }
    coordIndex [
      11, 44, 12, -1,
      12, 44, 45, -1,
      12, 45, 13, -1,
      46, 44, 10, -1,
      10, 44, 11, -1,
      15, 47, 16, -1,
      16, 47, 46, -1,
      16, 46, 10, -1,
      48, 47, 21, -1,
      21, 47, 15, -1,
      18, 49, 19, -1,
      19, 49, 48, -1,
      19, 48, 21, -1,
      49, 18, 50, -1,
      50, 18, 17, -1,
      50, 17, 20, -1,
      42, 51, 43, -1,
      43, 51, 50, -1,
      43, 50, 20, -1,
      52, 51, 41, -1,
      41, 51, 42, -1,
      24, 53, 40, -1,
      40, 53, 52, -1,
      40, 52, 41, -1,
      22, 54, 23, -1,
      23, 54, 53, -1,
      23, 53, 24, -1,
      14, 55, 25, -1,
      25, 55, 54, -1,
      25, 54, 22, -1,
      45, 55, 13, -1,
      13, 55, 14, -1,
      54, 55, 45, -1,
      45, 44, 54, -1,
      54, 44, 46, -1,
      54, 46, 53, -1,
      51, 52, 50, -1,
      50, 52, 53, -1,
      50, 53, 49, -1,
      49, 53, 46, -1,
      49, 46, 48, -1,
      48, 46, 47, -1,
      56, 57, 30, -1,
      30, 57, 32, -1,
      58, 56, 29, -1,
      29, 56, 30, -1,
      59, 58, 31, -1,
      31, 58, 29, -1,
      60, 59, 28, -1,
      28, 59, 31, -1,
      61, 60, 27, -1,
      27, 60, 28, -1,
      61, 27, 62, -1,
      62, 27, 26, -1,
      62, 26, 37, -1,
      63, 62, 38, -1,
      38, 62, 37, -1,
      64, 63, 39, -1,
      39, 63, 38, -1,
      65, 64, 35, -1,
      35, 64, 39, -1,
      34, 66, 36, -1,
      36, 66, 65, -1,
      36, 65, 35, -1,
      67, 66, 33, -1,
      33, 66, 34, -1,
      57, 67, 32, -1,
      32, 67, 33, -1,
      66, 67, 57, -1,
      57, 56, 66, -1,
      66, 56, 58, -1,
      66, 58, 65, -1,
      63, 64, 62, -1,
      62, 64, 65, -1,
      62, 65, 61, -1,
      61, 65, 58, -1,
      61, 58, 60, -1,
      60, 58, 59, -1,
      68, 69, 70, -1,
      70, 69, 71, -1,
      72, 73, 68, -1,
      68, 73, 74, -1,
      68, 74, 69, -1,
      69, 74, 75, -1,
      72, 76, 73, -1,
      73, 76, 77, -1,
      73, 77, 78, -1,
      78, 77, 79, -1,
      78, 79, 80, -1,
      80, 81, 78, -1,
      78, 81, 70, -1,
      78, 70, 82, -1,
      82, 70, 71, -1,
      82, 71, 83, -1,
      73, 78, 8, -1,
      8, 78, 9, -1,
      6, 74, 7, -1,
      7, 74, 73, -1,
      7, 73, 8, -1,
      75, 74, 5, -1,
      5, 74, 6, -1,
      69, 75, 4, -1,
      4, 75, 5, -1,
      2, 71, 3, -1,
      3, 71, 69, -1,
      3, 69, 4, -1,
      83, 71, 1, -1,
      1, 71, 2, -1,
      82, 83, 0, -1,
      0, 83, 1, -1,
      78, 82, 9, -1,
      9, 82, 0, -1,
      72, 84, 85, -1,
      72, 85, 76, -1,
      76, 85, 86, -1,
      76, 86, 77, -1,
      72, 68, 84, -1,
      84, 68, 87, -1,
      68, 70, 87, -1,
      87, 70, 88, -1,
      70, 81, 88, -1,
      88, 81, 89, -1,
      79, 90, 91, -1,
      79, 91, 80, -1,
      80, 91, 89, -1,
      80, 89, 81, -1,
      79, 77, 90, -1,
      90, 77, 86, -1,
    ]
  }
}

Shape {
  appearance Appearance {
    material Material {
      diffuseColor 0.2078 0.2078 0.2078
      specularColor 0.0157 0.0157 0.0157
      ambientIntensity 0.2
      transparency 0.0000
      shininess 0.5
    }
  }
  geometry IndexedFaceSet {
    ccw TRUE
    solid FALSE
    coord DEF co Coordinate {
      point [
        0.412304 3.460879 0.275591,
        0.413483 3.464943 0.275591,
        0.414531 3.470417 0.275591,
        0.391939 3.404276 0.275591,
        0.437646 3.404276 0.275591,
        0.417072 3.460879 0.275591,
        0.414949 3.470417 0.275591,
        0.416050 3.464656 0.275591,
      ]
    }
    coordIndex [
      6, 2, 7, -1,
      7, 2, 1, -1,
      7, 1, 5, -1,
      5, 1, 0, -1,
      5, 0, 4, -1,
      4, 0, 3, -1,
    ]
  }
}

Shape {
  appearance Appearance {
    material Material {
      diffuseColor 1.0000 1.0000 1.0000
      specularColor 0.5020 0.5020 0.5020
      ambientIntensity 0.2
      transparency 0.0000
      shininess 0.5
    }
  }
  geometry IndexedFaceSet {
    ccw TRUE
    solid FALSE
    coord DEF co Coordinate {
      point [
        -0.052565 3.487823 0.275591,
        -0.052565 3.367168 0.275591,
        0.001671 3.367168 0.275591,
        0.190817 3.412979 0.275591,
        0.154039 3.412979 0.275591,
        0.190817 3.367168 0.275591,
        0.154039 3.367168 0.275591,
        0.206604 3.487823 0.275591,
        0.190817 3.487823 0.275591,
        0.202740 3.412979 0.275591,
        0.209702 3.367168 0.275591,
        0.202740 3.428574 0.275591,
        0.206604 3.472158 0.275591,
        0.190817 3.428574 0.275591,
        0.190817 3.472158 0.275591,
        0.154039 3.472158 0.275591,
        0.154039 3.428574 0.275591,
        0.136460 3.351641 0.275591,
        0.209702 3.351641 0.275591,
        0.190817 3.351641 0.275591,
        0.136460 3.487823 0.275591,
        -0.070144 3.351641 0.275591,
        -0.070144 3.487823 0.275591,
        0.001671 3.351641 0.275591,
        0.154039 3.367168 0.279528,
        0.209702 3.367168 0.279528,
        0.154039 3.412979 0.279528,
        0.202740 3.412979 0.279528,
        0.202740 3.428574 0.279528,
        0.154039 3.428574 0.279528,
        0.154039 3.472158 0.279528,
        0.206604 3.472158 0.279528,
        0.206604 3.487823 0.279528,
        0.136460 3.487823 0.279528,
        0.136460 3.351641 0.279528,
        0.209702 3.351641 0.279528,
        -0.052565 3.367168 0.279528,
        0.001671 3.367168 0.279528,
        -0.052565 3.487823 0.279528,
        -0.070144 3.487823 0.279528,
        -0.070144 3.351641 0.279528,
        0.001671 3.351641 0.279528,
      ]
    }
    coordIndex [
      6, 24, 5, -1,
      5, 24, 25, -1,
      5, 25, 10, -1,
      26, 24, 4, -1,
      4, 24, 6, -1,
      26, 4, 27, -1,
      27, 4, 3, -1,
      27, 3, 9, -1,
      28, 27, 11, -1,
      11, 27, 9, -1,
      16, 29, 13, -1,
      13, 29, 28, -1,
      13, 28, 11, -1,
      30, 29, 15, -1,
      15, 29, 16, -1,
      12, 31, 14, -1,
      14, 31, 30, -1,
      14, 30, 15, -1,
      32, 31, 7, -1,
      7, 31, 12, -1,
      20, 33, 8, -1,
      8, 33, 32, -1,
      8, 32, 7, -1,
      34, 33, 17, -1,
      17, 33, 20, -1,
      18, 35, 19, -1,
      19, 35, 34, -1,
      19, 34, 17, -1,
      25, 35, 10, -1,
      10, 35, 18, -1,
      34, 35, 25, -1,
      25, 24, 34, -1,
      34, 24, 26, -1,
      34, 26, 33, -1,
      31, 32, 30, -1,
      30, 32, 33, -1,
      30, 33, 29, -1,
      29, 33, 26, -1,
      29, 26, 28, -1,
      28, 26, 27, -1,
      36, 37, 1, -1,
      1, 37, 2, -1,
      38, 36, 0, -1,
      0, 36, 1, -1,
      39, 38, 22, -1,
      22, 38, 0, -1,
      40, 39, 21, -1,
      21, 39, 22, -1,
      41, 40, 23, -1,
      23, 40, 21, -1,
      37, 41, 2, -1,
      2, 41, 23, -1,
      38, 39, 36, -1,
      36, 39, 40, -1,
      36, 40, 37, -1,
      37, 40, 41, -1,
    ]
  }
}
