#VRML V2.0 utf8

Shape {
  appearance Appearance {
    material Material {
      diffuseColor 0.0000 0.4902 1.0000
      specularColor 0.0000 0.2431 0.5020
      ambientIntensity 0.2
      transparency 0.0000
      shininess 0.5
    }
  }
  geometry IndexedFaceSet {
    ccw TRUE
    solid FALSE
    coord DEF co Coordinate {
      point [
        -1.023436 -0.144552 0.129921,
        -1.007397 -0.146664 0.129921,
        -1.224409 -0.146664 0.129921,
        -0.023436 1.030379 0.129921,
        -0.024486 1.029944 0.129921,
        -0.024486 1.320866 0.129921,
        0.061936 1.008549 0.129921,
        0.061936 1.320866 0.129921,
        0.064030 1.006943 0.129921,
        0.166363 1.320866 0.129921,
        0.078420 0.988189 0.129921,
        0.166363 0.442913 0.129921,
        0.087466 0.919477 0.129921,
        0.090551 0.942913 0.129921,
        0.087466 0.966350 0.129921,
        0.061936 0.877278 0.129921,
        0.064030 0.878884 0.129921,
        0.078420 0.897638 0.129921,
        -0.000000 0.852362 0.129921,
        0.023436 0.855448 0.129921,
        0.061936 0.442913 0.129921,
        0.045276 0.864494 0.129921,
        -0.064030 1.006943 0.129921,
        -0.078420 0.988189 0.129921,
        -0.135394 1.320866 0.129921,
        -0.045276 1.021333 0.129921,
        -0.078420 0.897638 0.129921,
        -0.064030 0.878884 0.129921,
        -0.135394 0.442913 0.129921,
        -0.045276 0.864494 0.129921,
        -0.024486 0.442913 0.129921,
        -0.024486 0.855883 0.129921,
        -0.023436 0.855448 0.129921,
        -0.087466 0.966350 0.129921,
        -0.090551 0.942913 0.129921,
        -0.087466 0.919477 0.129921,
        0.045276 1.021333 0.129921,
        0.023436 1.030379 0.129921,
        0.000000 1.033465 0.129921,
        1.045276 -0.135506 0.129921,
        1.064030 -0.121116 0.129921,
        1.358268 -0.146664 0.129921,
        1.078420 -0.102362 0.129921,
        1.087466 -0.080523 0.129921,
        1.358268 -0.027113 0.129921,
        1.090551 -0.057087 0.129921,
        0.992603 -0.146664 0.129921,
        1.000000 -0.147638 0.129921,
        1.358268 -0.734252 0.129921,
        1.007397 -0.146664 0.129921,
        1.023436 -0.144552 0.129921,
        0.912534 -0.080523 0.129921,
        0.570674 -0.146664 0.129921,
        0.909449 -0.057087 0.129921,
        0.570674 -0.027113 0.129921,
        0.912534 -0.033650 0.129921,
        0.921580 -0.102362 0.129921,
        0.935971 -0.121116 0.129921,
        0.954724 -0.135506 0.129921,
        1.087466 -0.033650 0.129921,
        1.084758 -0.027113 0.129921,
        1.358268 0.442913 0.129921,
        1.078420 -0.011811 0.129921,
        1.064030 0.006943 0.129921,
        1.045276 0.021333 0.129921,
        0.954724 0.021333 0.129921,
        0.935971 0.006943 0.129921,
        0.570674 0.442913 0.129921,
        0.921580 -0.011811 0.129921,
        0.915242 -0.027113 0.129921,
        1.023436 0.030379 0.129921,
        1.000000 0.033465 0.129921,
        0.976564 0.030379 0.129921,
        -0.577876 -0.146664 0.129921,
        -0.992603 -0.146664 0.129921,
        -0.976564 -0.144552 0.129921,
        -0.909449 -0.057087 0.129921,
        -0.577876 -0.027113 0.129921,
        -0.912534 -0.080523 0.129921,
        -0.921580 -0.102362 0.129921,
        -0.954724 -0.135506 0.129921,
        -0.935971 -0.121116 0.129921,
        -1.224409 -0.734252 0.129921,
        -1.084758 -0.027113 0.129921,
        -1.087466 -0.033650 0.129921,
        -1.224409 -0.027113 0.129921,
        -1.090551 -0.057087 0.129921,
        -1.087466 -0.080523 0.129921,
        -1.078420 -0.102362 0.129921,
        -1.064030 -0.121116 0.129921,
        -1.045276 -0.135506 0.129921,
        -0.912534 -0.033650 0.129921,
        -0.915242 -0.027113 0.129921,
        -0.577876 0.442913 0.129921,
        -0.921580 -0.011811 0.129921,
        -0.935971 0.006943 0.129921,
        -0.954724 0.021333 0.129921,
        -0.976564 0.030379 0.129921,
        -1.224409 0.442913 0.129921,
        -1.000000 0.033465 0.129921,
        -1.023436 0.030379 0.129921,
        -1.045276 0.021333 0.129921,
        -1.064030 0.006943 0.129921,
        -1.078420 -0.011811 0.129921,
        0.976564 -0.144552 0.129921,
        0.570674 -0.734252 0.129921,
        1.358268 -0.942913 0.129921,
        1.118110 -0.942913 0.129921,
        1.118110 -1.139764 0.129921,
        0.881890 -1.139764 0.129921,
        1.358268 1.124016 0.129921,
        1.118110 1.124016 0.129921,
        1.118110 1.320866 0.129921,
        0.570674 1.320866 0.129921,
        -1.118110 1.320866 0.129921,
        -0.577876 1.320866 0.129921,
        -1.118110 1.124016 0.129921,
        -1.224409 1.124016 0.129921,
        -1.358268 1.124016 0.129921,
        -0.577876 -1.320866 0.129921,
        -0.881890 -1.320866 0.129921,
        -0.577876 -0.734252 0.129921,
        -0.881890 -1.139764 0.129921,
        -1.224409 -0.942913 0.129921,
        -1.118110 -0.942913 0.129921,
        -1.118110 -1.139764 0.129921,
        -0.118110 -1.139764 0.129921,
        -0.135394 -0.734252 0.129921,
        -0.024486 -1.139764 0.129921,
        -0.024486 -0.734252 0.129921,
        0.061936 -1.139764 0.129921,
        0.061936 -0.734252 0.129921,
        0.118110 -1.139764 0.129921,
        0.061936 -0.027113 0.129921,
        0.073459 -0.126859 0.129921,
        0.061936 -0.146664 0.129921,
        0.073459 -0.139822 0.129921,
        0.086049 -0.144992 0.129921,
        0.090817 -0.027113 0.129921,
        0.087114 -0.027369 0.129921,
        0.101119 -0.039356 0.129921,
        0.075576 -0.128031 0.129921,
        0.086763 -0.041222 0.129921,
        0.073459 -0.046919 0.129921,
        0.073459 -0.031074 0.129921,
        0.112748 -0.040659 0.129921,
        0.121542 -0.043838 0.129921,
        0.129910 -0.049448 0.129921,
        0.137010 -0.057361 0.129921,
        0.141830 -0.066496 0.129921,
        0.144954 -0.079284 0.129921,
        0.145477 -0.088149 0.129921,
        0.144283 -0.100926 0.129921,
        0.141077 -0.111085 0.129921,
        0.103774 -0.134421 0.129921,
        0.130675 -0.125083 0.129921,
        0.114735 -0.133198 0.129921,
        0.123422 -0.130006 0.129921,
        0.136167 -0.119289 0.129921,
        0.088096 -0.132681 0.129921,
        0.109594 -0.027113 0.129921,
        0.101254 -0.026393 0.129921,
        0.131959 -0.141946 0.129921,
        0.141548 -0.135794 0.129921,
        0.166363 -0.146664 0.129921,
        0.148030 -0.047709 0.129921,
        0.137723 -0.037797 0.129921,
        0.166363 -0.027113 0.129921,
        0.126683 -0.031361 0.129921,
        0.161321 -0.089117 0.129921,
        0.159624 -0.072348 0.129921,
        0.155079 -0.058893 0.129921,
        0.113726 -0.027470 0.129921,
        0.150193 -0.126687 0.129921,
        0.156500 -0.115571 0.129921,
        0.160161 -0.102898 0.129921,
        0.097983 -0.146664 0.129921,
        0.102728 -0.147329 0.129921,
        0.166363 -0.734252 0.129921,
        0.166363 -1.320866 0.129921,
        0.118110 -1.320866 0.129921,
        0.105957 -0.147384 0.129921,
        0.112904 -0.146664 0.129921,
        0.120490 -0.145877 0.129921,
        0.566929 -1.320866 0.129921,
        0.570674 -1.320866 0.129921,
        0.881890 -1.320866 0.129921,
        -0.566929 -1.320866 0.129921,
        -0.135394 -1.320866 0.129921,
        -0.118110 -1.320866 0.129921,
        -1.000000 -0.147638 0.129921,
        -0.135394 -0.146664 0.129921,
        -0.024486 -0.146664 0.129921,
        0.171404 -0.132980 0.129921,
        0.171404 -0.145944 0.129921,
        0.231899 -0.145944 0.129921,
        0.231899 -0.027833 0.129921,
        0.216056 -0.027833 0.129921,
        0.216056 -0.132980 0.129921,
        -0.010083 -0.027833 0.129921,
        -0.024486 -0.027113 0.129921,
        -0.010083 -0.040797 0.129921,
        -0.012963 -0.132980 0.129921,
        -0.012963 -0.145944 0.129921,
        0.050413 -0.145944 0.129921,
        0.050413 -0.027833 0.129921,
        0.034569 -0.092650 0.129921,
        0.034569 -0.132980 0.129921,
        -0.007202 -0.092650 0.129921,
        -0.007202 -0.079687 0.129921,
        0.034569 -0.079687 0.129921,
        0.034569 -0.040797 0.129921,
        -0.125193 -0.113517 0.129921,
        -0.118567 -0.123934 0.129921,
        -0.108913 -0.133267 0.129921,
        -0.096686 -0.140467 0.129921,
        -0.135394 -0.027113 0.129921,
        -0.100230 -0.034509 0.129921,
        -0.111930 -0.042123 0.129921,
        -0.069340 -0.027833 0.129921,
        -0.086404 -0.029657 0.129921,
        -0.116517 -0.046376 0.129921,
        -0.123599 -0.055625 0.129921,
        -0.128572 -0.067089 0.129921,
        -0.130848 -0.079566 0.129921,
        -0.131074 -0.085403 0.129921,
        -0.129419 -0.101208 0.129921,
        -0.083090 -0.144603 0.129921,
        -0.068125 -0.145944 0.129921,
        -0.036009 -0.145944 0.129921,
        -0.036009 -0.027833 0.129921,
        -0.157000 -0.145944 0.129921,
        -0.139716 -0.145944 0.129921,
        -0.229019 -0.145944 0.129921,
        -0.217068 -0.112815 0.129921,
        -0.168276 -0.112815 0.129921,
        -0.184367 -0.027833 0.129921,
        -0.200211 -0.027833 0.129921,
        -1.358268 0.442913 0.129921,
        -1.358268 -0.027113 0.129921,
        -1.358268 -0.146664 0.129921,
        -1.358268 -0.734252 0.129921,
        -1.358268 -0.942913 0.129921,
        -0.246303 -0.145944 0.129921,
        1.358268 -1.320866 1.850394,
        1.358268 -1.193086 1.850394,
        1.079330 -1.193086 1.850394,
        0.563223 -1.017293 1.850394,
        0.563223 -1.053017 1.850394,
        0.644360 -1.053017 1.850394,
        0.503131 -0.794082 1.850394,
        0.503444 -0.791203 1.850394,
        0.294354 -0.791203 1.850394,
        -0.572343 -0.291677 1.850394,
        -0.616123 -0.207369 1.850394,
        -0.742816 -0.248534 1.850394,
        0.435948 0.569485 1.850394,
        0.503638 0.502832 1.850394,
        0.644360 0.605072 1.850394,
        0.080571 -0.779807 1.850394,
        0.077572 -0.791203 1.850394,
        0.181000 -0.705213 1.850394,
        1.358268 -1.053017 1.850394,
        1.172418 -1.023867 1.850394,
        1.161409 -1.033350 1.850394,
        1.185911 -0.986677 1.850394,
        1.184109 -1.001891 1.850394,
        1.179740 -1.013375 1.850394,
        1.358268 -0.791203 1.850394,
        1.179574 -0.963035 1.850394,
        1.183861 -0.972490 1.850394,
        1.115843 -1.045529 1.850394,
        1.079330 -1.053017 1.850394,
        1.129211 -1.044744 1.850394,
        1.148103 -1.040202 1.850394,
        1.169341 -0.862859 1.850394,
        1.174454 -0.870830 1.850394,
        1.161431 -0.855235 1.850394,
        1.185773 -0.982723 1.850394,
        1.138499 -0.939490 1.850394,
        1.138499 -0.939977 1.850394,
        1.142850 -0.938198 1.850394,
        1.153029 -0.942963 1.850394,
        1.157150 -0.931685 1.850394,
        1.164068 -0.947919 1.850394,
        1.165551 -0.925188 1.850394,
        1.168784 -0.921630 1.850394,
        1.177660 -0.880115 1.850394,
        1.178709 -0.890502 1.850394,
        1.177463 -0.902996 1.850394,
        1.079330 -0.791203 1.850394,
        1.093086 -0.849822 1.850394,
        1.109260 -0.845020 1.850394,
        1.173413 -0.955235 1.850394,
        1.174083 -0.913173 1.850394,
        1.123007 -0.843878 1.850394,
        1.138879 -0.845378 1.850394,
        1.151552 -0.849359 1.850394,
        1.070681 -1.008920 1.850394,
        1.079330 -1.013918 1.850394,
        1.079330 -0.879484 1.850394,
        1.065266 -0.791203 1.850394,
        1.077883 -0.858881 1.850394,
        1.079330 -0.858020 1.850394,
        1.077883 -0.880487 1.850394,
        1.065266 -1.053017 1.850394,
        1.070681 -1.035327 1.850394,
        1.092554 -1.043407 1.850394,
        1.079330 -1.039150 1.850394,
        1.075620 -1.037957 1.850394,
        1.086840 -1.018259 1.850394,
        1.106203 -0.951906 1.850394,
        1.089887 -0.951906 1.850394,
        1.103604 -1.022990 1.850394,
        1.115843 -1.023924 1.850394,
        1.124822 -0.953259 1.850394,
        1.139165 -0.957204 1.850394,
        1.121513 -0.929067 1.850394,
        1.102672 -0.867247 1.850394,
        1.105378 -0.930300 1.850394,
        1.088810 -0.872911 1.850394,
        1.089887 -0.930300 1.850394,
        1.152281 -0.897481 1.850394,
        1.152302 -0.896616 1.850394,
        1.128779 -1.022776 1.850394,
        1.159504 -0.988215 1.850394,
        1.158598 -0.979327 1.850394,
        1.156306 -0.972600 1.850394,
        1.138797 -1.019702 1.850394,
        1.145972 -1.015585 1.850394,
        1.158733 -0.996042 1.850394,
        1.151728 -1.010351 1.850394,
        1.156246 -1.003584 1.850394,
        1.132581 -0.926133 1.850394,
        1.140459 -0.921933 1.850394,
        1.145344 -0.917555 1.850394,
        1.148806 -0.912525 1.850394,
        1.151119 -0.906409 1.850394,
        1.139587 -0.870580 1.850394,
        1.132644 -0.867577 1.850394,
        1.151598 -0.888515 1.850394,
        1.121239 -0.865620 1.850394,
        1.116481 -0.865483 1.850394,
        1.152500 -0.966671 1.850394,
        1.147265 -0.961745 1.850394,
        1.143131 -0.873070 1.850394,
        1.149725 -0.882169 1.850394,
        1.146981 -0.877228 1.850394,
        -0.421453 -1.053017 1.850394,
        -0.424627 -1.054652 1.850394,
        -0.313002 -1.193086 1.850394,
        -0.462411 -1.063735 1.850394,
        -0.489147 -1.065306 1.850394,
        -0.742816 -1.193086 1.850394,
        -0.535726 -1.061061 1.850394,
        -0.560717 -1.053017 1.850394,
        -0.361353 -1.000996 1.850394,
        -0.375998 -1.021980 1.850394,
        -0.313002 -1.053017 1.850394,
        -0.398015 -1.040946 1.850394,
        -0.349287 -0.939693 1.850394,
        -0.349011 -0.947600 1.850394,
        -0.352615 -0.978029 1.850394,
        -0.361684 -0.900317 1.850394,
        -0.353110 -0.919226 1.850394,
        -0.313002 -0.791203 1.850394,
        -0.372667 -0.800593 1.850394,
        -0.383265 -0.817507 1.850394,
        -0.392696 -0.870083 1.850394,
        -0.374006 -0.884717 1.850394,
        -0.443835 -0.853226 1.850394,
        -0.443835 -0.854201 1.850394,
        -0.435132 -0.850642 1.850394,
        -0.414775 -0.860173 1.850394,
        -0.406533 -0.837616 1.850394,
        -0.389730 -0.824622 1.850394,
        -0.565066 -0.735221 1.850394,
        -0.420159 -0.791203 1.850394,
        -0.418594 -0.787064 1.850394,
        -0.382151 -0.699964 1.850394,
        -0.371924 -0.715906 1.850394,
        -0.313002 -0.534145 1.850394,
        -0.416270 -0.769208 1.850394,
        -0.416228 -0.767479 1.850394,
        -0.543213 -0.720069 1.850394,
        -0.515487 -0.708742 1.850394,
        -0.363415 -0.755251 1.850394,
        -0.365907 -0.780239 1.850394,
        -0.369549 -0.791203 1.850394,
        -0.441659 -0.715406 1.850394,
        -0.455545 -0.709400 1.850394,
        -0.417636 -0.751276 1.850394,
        -0.478355 -0.705487 1.850394,
        -0.487871 -0.705213 1.850394,
        -0.365513 -0.734477 1.850394,
        -0.434569 -0.720386 1.850394,
        -0.421382 -0.738586 1.850394,
        -0.426870 -0.728704 1.850394,
        -0.428016 -0.458045 1.850394,
        -0.534660 -0.673890 1.850394,
        -0.502313 -0.664288 1.850394,
        -0.474818 -0.662002 1.850394,
        -0.443074 -0.665003 1.850394,
        -0.318351 -0.531912 1.850394,
        -0.417728 -0.672965 1.850394,
        -0.397971 -0.684717 1.850394,
        -0.541060 -0.878057 1.850394,
        -0.541060 -0.834846 1.850394,
        -0.742816 -0.791203 1.850394,
        -0.565066 -0.692010 1.850394,
        -0.708499 -0.738528 1.850394,
        -0.510077 -0.834846 1.850394,
        -0.569593 -1.050160 1.850394,
        -0.742816 -1.053017 1.850394,
        -0.579470 -1.044900 1.850394,
        -0.579470 -0.992087 1.850394,
        -0.547153 -1.010765 1.850394,
        -0.508427 -0.878057 1.850394,
        -0.513624 -1.020227 1.850394,
        -0.489147 -1.022094 1.850394,
        -0.471189 -0.880764 1.850394,
        -0.442503 -0.888654 1.850394,
        -0.455669 -0.826513 1.850394,
        -0.439914 -0.818112 1.850394,
        -0.430144 -0.809356 1.850394,
        -0.477807 -0.832381 1.850394,
        -0.423222 -0.799297 1.850394,
        -0.463275 -1.019798 1.850394,
        -0.401824 -0.950676 1.850394,
        -0.403636 -0.932900 1.850394,
        -0.408220 -0.919446 1.850394,
        -0.443239 -1.013651 1.850394,
        -0.428889 -1.005416 1.850394,
        -0.403365 -0.966330 1.850394,
        -0.417376 -0.994948 1.850394,
        -0.408341 -0.981414 1.850394,
        -0.415833 -0.907589 1.850394,
        -0.426304 -0.897737 1.850394,
        -0.258239 -1.053017 1.850394,
        -0.233248 -1.061061 1.850394,
        -0.118976 -1.053017 1.850394,
        -0.122150 -1.054652 1.850394,
        -0.015326 -1.193086 1.850394,
        -0.159933 -1.063735 1.850394,
        -0.186669 -1.065306 1.850394,
        -0.050138 -0.978029 1.850394,
        -0.058875 -1.000996 1.850394,
        -0.015326 -1.053017 1.850394,
        -0.073520 -1.021980 1.850394,
        -0.095538 -1.040946 1.850394,
        -0.059207 -0.900317 1.850394,
        -0.015326 -0.791203 1.850394,
        -0.071528 -0.884717 1.850394,
        -0.090219 -0.870083 1.850394,
        -0.050633 -0.919226 1.850394,
        -0.046809 -0.939693 1.850394,
        -0.046533 -0.947600 1.850394,
        -0.067071 -0.791203 1.850394,
        -0.070190 -0.800593 1.850394,
        -0.080788 -0.817507 1.850394,
        -0.141358 -0.853226 1.850394,
        -0.141358 -0.854201 1.850394,
        -0.132655 -0.850642 1.850394,
        -0.112298 -0.860173 1.850394,
        -0.104055 -0.837616 1.850394,
        -0.087253 -0.824622 1.850394,
        -0.079673 -0.699964 1.850394,
        -0.069447 -0.715906 1.850394,
        -0.015326 -0.608928 1.850394,
        -0.116117 -0.787064 1.850394,
        -0.113793 -0.769208 1.850394,
        -0.262589 -0.735221 1.850394,
        -0.113751 -0.767479 1.850394,
        -0.240735 -0.720069 1.850394,
        -0.213010 -0.708742 1.850394,
        -0.139182 -0.715406 1.850394,
        -0.153068 -0.709400 1.850394,
        -0.115159 -0.751276 1.850394,
        -0.175878 -0.705487 1.850394,
        -0.185394 -0.705213 1.850394,
        -0.132092 -0.720386 1.850394,
        -0.118905 -0.738586 1.850394,
        -0.124393 -0.728704 1.850394,
        -0.262589 -0.692010 1.850394,
        -0.232182 -0.673890 1.850394,
        -0.196335 -0.582850 1.850394,
        -0.066702 -0.608883 1.850394,
        -0.115251 -0.672965 1.850394,
        -0.095493 -0.684717 1.850394,
        -0.063035 -0.734477 1.850394,
        -0.060937 -0.755251 1.850394,
        -0.063430 -0.780239 1.850394,
        -0.199835 -0.664288 1.850394,
        -0.172341 -0.662002 1.850394,
        -0.140597 -0.665003 1.850394,
        -0.267115 -1.050160 1.850394,
        -0.276993 -1.044900 1.850394,
        -0.276993 -0.992087 1.850394,
        -0.238583 -0.878057 1.850394,
        -0.238583 -0.834846 1.850394,
        -0.207600 -0.834846 1.850394,
        -0.175329 -0.832381 1.850394,
        -0.244676 -1.010765 1.850394,
        -0.205949 -0.878057 1.850394,
        -0.211147 -1.020227 1.850394,
        -0.186669 -1.022094 1.850394,
        -0.168712 -0.880764 1.850394,
        -0.140025 -0.888654 1.850394,
        -0.153192 -0.826513 1.850394,
        -0.137437 -0.818112 1.850394,
        -0.127667 -0.809356 1.850394,
        -0.120744 -0.799297 1.850394,
        -0.117682 -0.791203 1.850394,
        -0.160798 -1.019798 1.850394,
        -0.099347 -0.950676 1.850394,
        -0.101158 -0.932900 1.850394,
        -0.105743 -0.919446 1.850394,
        -0.140761 -1.013651 1.850394,
        -0.126411 -1.005416 1.850394,
        -0.100888 -0.966330 1.850394,
        -0.114899 -0.994948 1.850394,
        -0.105863 -0.981414 1.850394,
        -0.113355 -0.907589 1.850394,
        -0.123826 -0.897737 1.850394,
        0.236925 -0.672404 1.850394,
        0.246342 -0.677606 1.850394,
        0.294354 -0.542008 1.850394,
        0.134981 -0.715646 1.850394,
        0.115528 -0.728852 1.850394,
        0.096400 -0.750320 1.850394,
        0.246342 -0.720817 1.850394,
        0.214589 -0.709163 1.850394,
        0.029724 -0.791203 1.850394,
        0.036883 -0.765859 1.850394,
        0.155625 -0.708079 1.850394,
        0.062897 -0.720394 1.850394,
        0.088596 -0.693532 1.850394,
        0.065520 -0.608999 1.850394,
        0.116010 -0.675928 1.850394,
        0.195200 -0.583196 1.850394,
        0.148893 -0.664973 1.850394,
        0.180024 -0.662002 1.850394,
        0.214348 -0.665147 1.850394,
        0.090345 -1.053017 1.850394,
        0.087611 -1.051943 1.850394,
        0.066201 -1.036732 1.850394,
        0.048690 -1.016824 1.850394,
        0.031847 -0.985363 1.850394,
        0.019085 -0.935448 1.850394,
        0.015883 -0.886985 1.850394,
        0.021157 -0.821526 1.850394,
        0.294354 -1.193086 1.850394,
        0.294354 -1.053017 1.850394,
        0.200685 -1.053017 1.850394,
        0.110986 -1.061124 1.850394,
        0.198030 -1.054609 1.850394,
        0.171128 -1.062960 1.850394,
        0.144766 -1.065306 1.850394,
        0.065620 -0.866955 1.850394,
        0.066896 -0.866955 1.850394,
        0.068651 -0.825107 1.850394,
        0.081301 -0.844619 1.850394,
        0.097206 -0.829241 1.850394,
        0.116016 -0.818441 1.850394,
        0.210065 -0.822120 1.850394,
        0.231730 -0.836634 1.850394,
        0.248697 -0.855654 1.850394,
        0.261260 -0.879395 1.850394,
        0.256603 -0.997143 1.850394,
        0.240861 -1.021495 1.850394,
        0.220689 -1.041020 1.850394,
        0.136606 -0.812543 1.850394,
        0.157069 -0.810840 1.850394,
        0.186616 -0.813975 1.850394,
        0.269039 -0.911046 1.850394,
        0.270348 -0.932971 1.850394,
        0.266607 -0.968571 1.850394,
        0.434640 -0.662002 1.850394,
        0.468079 -0.665151 1.850394,
        0.427101 -0.458801 1.850394,
        0.494590 -0.673613 1.850394,
        0.644360 -0.618974 1.850394,
        0.518437 -0.688409 1.850394,
        0.534341 -0.704766 1.850394,
        0.373350 -0.721079 1.850394,
        0.346108 -0.740267 1.850394,
        0.332764 -0.753076 1.850394,
        0.332764 -0.704913 1.850394,
        0.359643 -0.682367 1.850394,
        0.317306 -0.532474 1.850394,
        0.386283 -0.669351 1.850394,
        0.417351 -0.662787 1.850394,
        0.505608 -0.771305 1.850394,
        0.503842 -0.754244 1.850394,
        0.499344 -0.741185 1.850394,
        0.471092 -0.713567 1.850394,
        0.452578 -0.707371 1.850394,
        0.429839 -0.705213 1.850394,
        0.400311 -0.709574 1.850394,
        0.545039 -0.723033 1.850394,
        0.551510 -0.744000 1.850394,
        0.644360 -0.791203 1.850394,
        0.553620 -0.767479 1.850394,
        0.551081 -0.791203 1.850394,
        0.492381 -0.730163 1.850394,
        0.483264 -0.721244 1.850394,
        0.882531 -0.161463 1.850394,
        0.843599 -0.281281 1.850394,
        0.983006 -0.791203 1.850394,
        0.655054 -0.087551 1.850394,
        0.669191 0.006389 1.850394,
        0.983006 0.042936 1.850394,
        0.669473 0.042936 1.850394,
        0.644360 -0.216544 1.850394,
        0.644360 -0.462452 1.850394,
        0.828623 -0.598299 1.850394,
        0.753863 -0.699704 1.850394,
        0.616123 -0.207369 1.850394,
        0.572413 -0.291564 1.850394,
        0.517269 -0.368756 1.850394,
        0.725497 0.747874 1.850394,
        0.859331 1.141575 1.850394,
        0.644360 1.320866 1.850394,
        0.983006 1.320866 1.850394,
        0.669924 0.101383 1.850394,
        0.906162 0.138800 1.850394,
        0.886454 0.263233 1.850394,
        0.771193 0.541497 1.850394,
        0.644360 0.449347 1.850394,
        0.650216 0.225817 1.850394,
        0.644360 0.243377 1.850394,
        0.620163 0.315935 1.850394,
        0.577690 0.400909 1.850394,
        0.965482 0.795224 1.850394,
        0.928847 0.769400 1.850394,
        0.886020 0.752969 1.850394,
        0.842452 0.747874 1.850394,
        0.697141 0.643420 1.850394,
        0.062992 0.727353 1.850394,
        0.156702 0.711768 1.850394,
        0.294354 1.320866 1.850394,
        0.359527 0.625915 1.850394,
        0.470735 0.844173 1.850394,
        0.358483 0.901369 1.850394,
        0.294354 0.775509 1.850394,
        0.247274 0.683111 1.850394,
        -0.156702 0.711768 1.850394,
        -0.062992 0.727353 1.850394,
        -0.062992 1.124016 1.850394,
        -0.313002 1.320866 1.850394,
        -0.313002 0.812107 1.850394,
        -0.247274 0.683111 1.850394,
        -0.015326 1.320866 1.850394,
        -0.015326 1.124016 1.850394,
        0.062992 1.124016 1.850394,
        -0.742816 1.320866 1.850394,
        -0.697141 0.643420 1.850394,
        -0.503638 0.502832 1.850394,
        -0.435948 0.569485 1.850394,
        -0.359527 0.625915 1.850394,
        -0.465493 0.833883 1.850394,
        -0.353239 0.891079 1.850394,
        -0.742816 0.042936 1.850394,
        -0.742816 0.112928 1.850394,
        -0.992015 0.042936 1.850394,
        -0.906162 0.138800 1.850394,
        -0.886454 0.263233 1.850394,
        -0.742816 0.240483 1.850394,
        -0.742816 0.520880 1.850394,
        -0.992015 1.320866 1.850394,
        -0.771193 0.541497 1.850394,
        -0.742816 0.580555 1.850394,
        -0.650216 0.225817 1.850394,
        -0.620163 0.315935 1.850394,
        -0.577690 0.400909 1.850394,
        -0.742816 -0.116067 1.850394,
        -0.655054 -0.087551 1.850394,
        -0.669924 0.101383 1.850394,
        -0.669473 0.042936 1.850394,
        -0.669191 0.006389 1.850394,
        -0.742816 -0.704211 1.850394,
        -0.797583 -0.649444 1.850394,
        -0.992015 -0.791203 1.850394,
        -0.517100 -0.368961 1.850394,
        -0.742816 -0.594676 1.850394,
        -0.843599 -0.281281 1.850394,
        -0.882531 -0.161463 1.850394,
        0.318360 -1.053017 1.850394,
        0.318360 -1.040999 1.850394,
        0.321745 -1.003863 1.850394,
        0.331505 -0.974793 1.850394,
        0.347463 -0.949943 1.850394,
        0.379711 -0.917828 1.850394,
        0.420986 -0.886615 1.850394,
        0.425262 -0.883609 1.850394,
        0.480430 -0.837216 1.850394,
        0.495398 -0.815587 1.850394,
        0.318360 -1.060504 1.850394,
        0.563223 -1.060504 1.850394,
        0.644360 -1.193086 1.850394,
        0.549747 -0.803663 1.850394,
        0.538731 -0.833749 1.850394,
        0.522904 -0.857498 1.850394,
        0.485332 -0.893164 1.850394,
        0.465623 -0.907615 1.850394,
        0.404172 -0.952596 1.850394,
        0.385201 -0.971332 1.850394,
        0.376523 -0.984693 1.850394,
        0.371765 -0.998761 1.850394,
        0.369973 -1.017293 1.850394,
        1.065266 0.042936 1.850394,
        0.990175 0.823527 1.850394,
        0.983006 0.815310 1.850394,
        1.053372 1.106404 1.850394,
        1.057712 1.095293 1.850394,
        1.065266 1.320866 1.850394,
        1.059544 1.081789 1.850394,
        1.020815 1.133920 1.850394,
        1.035596 1.126031 1.850394,
        1.046215 1.116639 1.850394,
        1.012259 0.916255 1.850394,
        1.037743 1.018280 1.850394,
        1.005946 0.929364 1.850394,
        1.011585 0.989322 1.850394,
        0.973060 1.141575 1.850394,
        0.983006 1.140848 1.850394,
        0.998724 1.139700 1.850394,
        1.057621 1.063030 1.850394,
        1.054231 1.051102 1.850394,
        1.015152 0.901710 1.850394,
        1.014291 0.882676 1.850394,
        1.008994 0.861528 1.850394,
        0.983006 0.948926 1.850394,
        0.986972 0.947192 1.850394,
        0.997871 0.939024 1.850394,
        0.980735 0.968680 1.850394,
        0.954456 0.958378 1.850394,
        0.954080 0.957328 1.850394,
        0.983006 0.970199 1.850394,
        0.972633 0.953459 1.850394,
        1.196707 1.042183 1.850394,
        1.184118 1.031181 1.850394,
        1.358268 0.042936 1.850394,
        1.358268 1.320866 1.850394,
        1.207924 1.104531 1.850394,
        1.211332 1.090854 1.850394,
        1.211850 1.082437 1.850394,
        1.209841 1.066283 1.850394,
        1.204891 1.053739 1.850394,
        1.079330 1.320866 1.850394,
        1.089987 1.098589 1.850394,
        1.094947 1.111131 1.850394,
        1.178939 1.136776 1.850394,
        1.190497 1.128807 1.850394,
        1.201676 1.116377 1.850394,
        1.103046 1.122612 1.850394,
        1.115567 1.133575 1.850394,
        1.127730 1.139826 1.850394,
        1.133670 1.023188 1.850394,
        1.120853 1.028069 1.850394,
        1.079330 0.042936 1.850394,
        1.109118 1.036149 1.850394,
        1.098337 1.048140 1.850394,
        1.141756 1.143183 1.850394,
        1.150026 1.143652 1.850394,
        1.166269 1.141661 1.850394,
        1.172003 1.024995 1.850394,
        1.158062 1.021675 1.850394,
        1.149959 1.021221 1.850394,
        1.092047 1.059924 1.850394,
        1.088555 1.073551 1.850394,
        1.087978 1.082437 1.850394,
        -1.252877 1.320866 1.850394,
        -1.252877 0.042936 1.850394,
        -1.252877 -0.791203 1.850394,
        0.983006 -1.053017 1.850394,
        -0.992015 -1.053017 1.850394,
        -1.252877 -1.053017 1.850394,
        -1.101875 -1.043129 1.850394,
        -1.077869 -1.043129 1.850394,
        -1.077869 -0.843878 1.850394,
        -1.087208 -0.843878 1.850394,
        -1.115872 -0.862320 1.850394,
        -1.101875 -0.875911 1.850394,
        -1.120059 -0.888120 1.850394,
        -1.143800 -0.898086 1.850394,
        -1.147486 -0.899092 1.850394,
        -1.147486 -0.875086 1.850394,
        0.983006 -1.193086 1.850394,
        1.065266 -1.193086 1.850394,
        -0.992015 -1.193086 1.850394,
        -1.252877 -1.193086 1.850394,
        -1.358268 1.320866 1.850394,
        -1.358268 0.042936 1.850394,
        -1.358268 -0.791203 1.850394,
        -1.358268 -1.053017 1.850394,
        -1.358268 -1.193086 1.850394,
        1.079330 -1.320866 1.850394,
        1.065266 -1.320866 1.850394,
        0.983006 -1.320866 1.850394,
        0.644360 -1.320866 1.850394,
        0.294354 -1.320866 1.850394,
        -0.015326 -1.320866 1.850394,
        -0.313002 -1.320866 1.850394,
        -0.742816 -1.320866 1.850394,
        -0.992015 -1.320866 1.850394,
        -1.252877 -1.320866 1.850394,
        -1.358268 -1.320866 1.850394,
      ]
    }
    coordIndex [
      0, 1, 2, -1,
      3, 4, 5, -1,
      6, 7, 8, -1,
      8, 7, 9, -1,
      8, 9, 10, -1,
      11, 12, 13, -1,
      11, 13, 9, -1,
      9, 13, 14, -1,
      9, 14, 10, -1,
      15, 16, 11, -1,
      11, 16, 17, -1,
      11, 17, 12, -1,
      18, 19, 20, -1,
      20, 19, 21, -1,
      22, 23, 24, -1,
      5, 4, 24, -1,
      24, 4, 25, -1,
      24, 25, 22, -1,
      26, 27, 28, -1,
      28, 27, 29, -1,
      28, 29, 30, -1,
      30, 29, 31, -1,
      30, 31, 20, -1,
      20, 31, 32, -1,
      20, 32, 18, -1,
      23, 33, 24, -1,
      24, 33, 34, -1,
      24, 34, 28, -1,
      28, 34, 35, -1,
      28, 35, 26, -1,
      6, 36, 7, -1,
      7, 36, 37, -1,
      7, 37, 5, -1,
      5, 37, 38, -1,
      5, 38, 3, -1,
      39, 40, 41, -1,
      40, 42, 41, -1,
      41, 42, 43, -1,
      41, 43, 44, -1,
      44, 43, 45, -1,
      46, 47, 48, -1,
      48, 47, 49, -1,
      48, 49, 41, -1,
      41, 49, 50, -1,
      41, 50, 39, -1,
      51, 52, 53, -1,
      53, 52, 54, -1,
      53, 54, 55, -1,
      51, 56, 52, -1,
      52, 56, 57, -1,
      52, 57, 58, -1,
      45, 59, 44, -1,
      44, 59, 60, -1,
      44, 60, 61, -1,
      60, 62, 61, -1,
      61, 62, 63, -1,
      61, 63, 64, -1,
      65, 66, 67, -1,
      67, 66, 68, -1,
      67, 68, 54, -1,
      54, 68, 69, -1,
      54, 69, 55, -1,
      64, 70, 61, -1,
      61, 70, 71, -1,
      61, 71, 67, -1,
      67, 71, 72, -1,
      67, 72, 65, -1,
      73, 74, 75, -1,
      76, 77, 78, -1,
      78, 77, 73, -1,
      78, 73, 79, -1,
      75, 80, 73, -1,
      73, 80, 81, -1,
      73, 81, 79, -1,
      2, 1, 82, -1,
      83, 84, 85, -1,
      85, 84, 86, -1,
      85, 86, 2, -1,
      2, 86, 87, -1,
      2, 87, 88, -1,
      88, 89, 2, -1,
      2, 89, 90, -1,
      2, 90, 0, -1,
      76, 91, 77, -1,
      77, 91, 92, -1,
      77, 92, 93, -1,
      93, 92, 94, -1,
      93, 94, 95, -1,
      95, 96, 93, -1,
      93, 96, 97, -1,
      93, 97, 98, -1,
      98, 97, 99, -1,
      98, 99, 100, -1,
      100, 101, 98, -1,
      98, 101, 102, -1,
      98, 102, 85, -1,
      85, 102, 103, -1,
      85, 103, 83, -1,
      58, 104, 52, -1,
      52, 104, 46, -1,
      52, 46, 105, -1,
      105, 46, 48, -1,
      105, 48, 106, -1,
      106, 107, 105, -1,
      105, 107, 108, -1,
      105, 108, 109, -1,
      110, 61, 111, -1,
      111, 61, 67, -1,
      111, 67, 112, -1,
      112, 67, 113, -1,
      114, 115, 116, -1,
      116, 115, 93, -1,
      116, 93, 117, -1,
      117, 93, 98, -1,
      117, 98, 118, -1,
      119, 120, 121, -1,
      121, 120, 122, -1,
      123, 82, 124, -1,
      124, 82, 121, -1,
      124, 121, 125, -1,
      125, 121, 122, -1,
      126, 127, 128, -1,
      128, 127, 129, -1,
      128, 129, 130, -1,
      130, 129, 131, -1,
      130, 131, 132, -1,
      133, 134, 135, -1,
      135, 134, 136, -1,
      135, 136, 137, -1,
      133, 138, 139, -1,
      140, 141, 142, -1,
      142, 141, 134, -1,
      142, 134, 143, -1,
      143, 134, 133, -1,
      143, 133, 144, -1,
      144, 133, 139, -1,
      140, 145, 141, -1,
      141, 145, 146, -1,
      141, 146, 147, -1,
      147, 148, 141, -1,
      141, 148, 149, -1,
      141, 149, 150, -1,
      150, 151, 141, -1,
      141, 151, 152, -1,
      141, 152, 153, -1,
      154, 155, 156, -1,
      156, 155, 157, -1,
      153, 158, 141, -1,
      141, 158, 155, -1,
      141, 155, 159, -1,
      159, 155, 154, -1,
      160, 161, 20, -1,
      162, 163, 164, -1,
      165, 166, 167, -1,
      167, 166, 168, -1,
      169, 170, 167, -1,
      167, 170, 171, -1,
      167, 171, 165, -1,
      21, 15, 20, -1,
      20, 15, 11, -1,
      20, 11, 160, -1,
      160, 11, 167, -1,
      160, 167, 172, -1,
      172, 167, 168, -1,
      163, 173, 164, -1,
      164, 173, 174, -1,
      164, 174, 175, -1,
      176, 177, 131, -1,
      131, 177, 178, -1,
      131, 178, 132, -1,
      132, 178, 179, -1,
      132, 179, 180, -1,
      177, 181, 178, -1,
      178, 181, 182, -1,
      178, 182, 164, -1,
      164, 182, 183, -1,
      164, 183, 162, -1,
      184, 105, 185, -1,
      185, 105, 109, -1,
      185, 109, 186, -1,
      119, 121, 187, -1,
      187, 121, 127, -1,
      187, 127, 188, -1,
      188, 127, 126, -1,
      188, 126, 189, -1,
      1, 190, 82, -1,
      82, 190, 74, -1,
      82, 74, 121, -1,
      121, 74, 73, -1,
      121, 73, 127, -1,
      127, 73, 191, -1,
      127, 191, 129, -1,
      129, 191, 192, -1,
      129, 192, 131, -1,
      131, 192, 135, -1,
      131, 135, 176, -1,
      176, 135, 137, -1,
      193, 194, 164, -1,
      164, 194, 195, -1,
      196, 197, 167, -1,
      196, 54, 195, -1,
      195, 54, 52, -1,
      195, 52, 164, -1,
      164, 52, 105, -1,
      164, 105, 178, -1,
      178, 105, 184, -1,
      178, 184, 179, -1,
      175, 169, 164, -1,
      164, 169, 167, -1,
      164, 167, 193, -1,
      193, 167, 197, -1,
      193, 197, 198, -1,
      199, 200, 133, -1,
      199, 201, 200, -1,
      200, 201, 202, -1,
      200, 202, 192, -1,
      192, 202, 203, -1,
      192, 203, 135, -1,
      135, 203, 204, -1,
      135, 204, 133, -1,
      133, 204, 205, -1,
      133, 205, 199, -1,
      206, 207, 208, -1,
      208, 207, 202, -1,
      208, 202, 209, -1,
      209, 202, 201, -1,
      209, 201, 210, -1,
      210, 201, 211, -1,
      212, 213, 191, -1,
      191, 213, 214, -1,
      191, 214, 215, -1,
      216, 217, 218, -1,
      200, 219, 216, -1,
      216, 219, 220, -1,
      216, 220, 217, -1,
      218, 221, 216, -1,
      216, 221, 222, -1,
      216, 222, 223, -1,
      223, 224, 216, -1,
      216, 224, 225, -1,
      216, 225, 191, -1,
      191, 225, 226, -1,
      191, 226, 212, -1,
      215, 227, 191, -1,
      191, 227, 228, -1,
      191, 228, 192, -1,
      192, 228, 229, -1,
      192, 229, 200, -1,
      200, 229, 230, -1,
      200, 230, 219, -1,
      231, 232, 191, -1,
      233, 234, 235, -1,
      191, 232, 216, -1,
      216, 232, 236, -1,
      216, 236, 237, -1,
      216, 28, 200, -1,
      200, 28, 30, -1,
      200, 30, 133, -1,
      133, 30, 20, -1,
      133, 20, 138, -1,
      138, 20, 161, -1,
      118, 98, 238, -1,
      238, 98, 85, -1,
      238, 85, 239, -1,
      239, 85, 2, -1,
      239, 2, 240, -1,
      240, 2, 82, -1,
      240, 82, 241, -1,
      241, 82, 123, -1,
      241, 123, 242, -1,
      196, 167, 54, -1,
      54, 167, 11, -1,
      54, 11, 67, -1,
      67, 11, 9, -1,
      67, 9, 113, -1,
      235, 231, 233, -1,
      233, 231, 191, -1,
      233, 191, 243, -1,
      243, 191, 73, -1,
      243, 73, 237, -1,
      237, 73, 77, -1,
      237, 77, 216, -1,
      216, 77, 93, -1,
      216, 93, 28, -1,
      28, 93, 115, -1,
      28, 115, 24, -1,
      244, 245, 246, -1,
      247, 248, 249, -1,
      250, 251, 252, -1,
      253, 254, 255, -1,
      256, 257, 258, -1,
      259, 260, 261, -1,
      262, 263, 264, -1,
      265, 266, 262, -1,
      262, 266, 267, -1,
      262, 267, 263, -1,
      268, 269, 270, -1,
      271, 272, 273, -1,
      273, 272, 262, -1,
      273, 262, 274, -1,
      274, 262, 264, -1,
      275, 276, 268, -1,
      275, 268, 277, -1,
      268, 270, 262, -1,
      262, 270, 278, -1,
      262, 278, 265, -1,
      279, 280, 281, -1,
      281, 280, 282, -1,
      281, 282, 283, -1,
      283, 282, 284, -1,
      283, 284, 285, -1,
      285, 284, 286, -1,
      276, 287, 268, -1,
      268, 287, 288, -1,
      268, 288, 289, -1,
      290, 291, 292, -1,
      269, 268, 293, -1,
      293, 268, 289, -1,
      293, 289, 284, -1,
      284, 289, 294, -1,
      284, 294, 286, -1,
      292, 295, 290, -1,
      290, 295, 296, -1,
      290, 296, 268, -1,
      268, 296, 297, -1,
      268, 297, 277, -1,
      298, 299, 300, -1,
      301, 302, 290, -1,
      290, 302, 303, -1,
      290, 303, 291, -1,
      300, 304, 298, -1,
      298, 304, 305, -1,
      298, 305, 306, -1,
      271, 307, 272, -1,
      272, 307, 308, -1,
      272, 308, 305, -1,
      305, 308, 309, -1,
      305, 309, 306, -1,
      310, 311, 312, -1,
      310, 313, 311, -1,
      311, 313, 314, -1,
      311, 314, 315, -1,
      315, 314, 316, -1,
      317, 318, 319, -1,
      319, 318, 320, -1,
      319, 320, 321, -1,
      321, 320, 300, -1,
      321, 300, 312, -1,
      312, 300, 299, -1,
      312, 299, 310, -1,
      318, 322, 323, -1,
      324, 325, 314, -1,
      314, 325, 326, -1,
      314, 326, 327, -1,
      324, 328, 325, -1,
      325, 328, 329, -1,
      325, 329, 330, -1,
      330, 329, 331, -1,
      330, 331, 332, -1,
      317, 333, 318, -1,
      318, 333, 334, -1,
      318, 334, 335, -1,
      335, 336, 318, -1,
      318, 336, 337, -1,
      318, 337, 322, -1,
      338, 339, 340, -1,
      340, 339, 341, -1,
      340, 341, 323, -1,
      323, 341, 342, -1,
      323, 342, 318, -1,
      327, 343, 314, -1,
      314, 343, 344, -1,
      314, 344, 316, -1,
      338, 340, 345, -1,
      345, 340, 346, -1,
      345, 346, 347, -1,
      348, 349, 350, -1,
      349, 351, 350, -1,
      350, 351, 352, -1,
      350, 352, 353, -1,
      353, 352, 354, -1,
      353, 354, 355, -1,
      356, 357, 358, -1,
      358, 357, 359, -1,
      360, 361, 358, -1,
      358, 361, 362, -1,
      358, 362, 356, -1,
      363, 364, 365, -1,
      365, 364, 360, -1,
      365, 366, 367, -1,
      367, 368, 365, -1,
      365, 368, 369, -1,
      365, 369, 363, -1,
      370, 371, 372, -1,
      372, 371, 373, -1,
      372, 373, 374, -1,
      374, 373, 368, -1,
      374, 368, 375, -1,
      375, 368, 367, -1,
      376, 377, 378, -1,
      379, 380, 381, -1,
      378, 382, 376, -1,
      376, 382, 383, -1,
      376, 383, 384, -1,
      384, 383, 385, -1,
      386, 387, 365, -1,
      365, 387, 388, -1,
      365, 388, 366, -1,
      389, 390, 391, -1,
      391, 390, 392, -1,
      391, 392, 383, -1,
      383, 392, 393, -1,
      383, 393, 385, -1,
      381, 380, 365, -1,
      365, 380, 394, -1,
      365, 394, 386, -1,
      389, 391, 395, -1,
      395, 391, 396, -1,
      395, 396, 397, -1,
      398, 399, 400, -1,
      400, 401, 398, -1,
      398, 401, 402, -1,
      398, 402, 403, -1,
      403, 402, 404, -1,
      403, 404, 381, -1,
      381, 404, 405, -1,
      381, 405, 379, -1,
      406, 407, 408, -1,
      399, 398, 409, -1,
      409, 398, 410, -1,
      409, 410, 376, -1,
      376, 410, 408, -1,
      376, 408, 377, -1,
      377, 408, 407, -1,
      377, 407, 411, -1,
      355, 412, 413, -1,
      413, 412, 414, -1,
      413, 414, 408, -1,
      408, 414, 415, -1,
      408, 415, 406, -1,
      406, 415, 416, -1,
      406, 416, 417, -1,
      416, 418, 417, -1,
      417, 418, 419, -1,
      417, 419, 420, -1,
      420, 419, 421, -1,
      422, 423, 424, -1,
      411, 425, 377, -1,
      377, 425, 422, -1,
      377, 422, 426, -1,
      426, 422, 424, -1,
      427, 428, 419, -1,
      419, 428, 429, -1,
      419, 429, 430, -1,
      427, 431, 428, -1,
      428, 431, 432, -1,
      428, 432, 433, -1,
      433, 432, 434, -1,
      433, 434, 435, -1,
      430, 436, 419, -1,
      419, 436, 437, -1,
      419, 437, 421, -1,
      359, 348, 358, -1,
      358, 348, 350, -1,
      358, 350, 438, -1,
      438, 350, 439, -1,
      440, 441, 442, -1,
      442, 441, 443, -1,
      442, 443, 350, -1,
      350, 443, 444, -1,
      350, 444, 439, -1,
      445, 446, 447, -1,
      446, 448, 447, -1,
      447, 448, 449, -1,
      447, 449, 440, -1,
      450, 451, 452, -1,
      452, 451, 453, -1,
      450, 454, 451, -1,
      451, 454, 455, -1,
      451, 455, 447, -1,
      447, 455, 456, -1,
      447, 456, 445, -1,
      457, 458, 451, -1,
      451, 458, 459, -1,
      451, 459, 453, -1,
      460, 461, 462, -1,
      462, 461, 463, -1,
      462, 463, 464, -1,
      464, 463, 453, -1,
      464, 453, 465, -1,
      465, 453, 459, -1,
      466, 467, 468, -1,
      469, 470, 471, -1,
      471, 470, 472, -1,
      471, 472, 473, -1,
      473, 472, 474, -1,
      475, 476, 477, -1,
      477, 476, 478, -1,
      477, 478, 472, -1,
      472, 478, 479, -1,
      472, 479, 474, -1,
      475, 477, 480, -1,
      480, 477, 481, -1,
      480, 481, 482, -1,
      469, 471, 365, -1,
      365, 471, 483, -1,
      365, 483, 381, -1,
      381, 483, 484, -1,
      381, 484, 485, -1,
      486, 487, 468, -1,
      468, 487, 488, -1,
      468, 488, 466, -1,
      489, 490, 451, -1,
      451, 490, 491, -1,
      451, 491, 457, -1,
      484, 492, 485, -1,
      485, 492, 493, -1,
      485, 493, 486, -1,
      486, 493, 494, -1,
      486, 494, 487, -1,
      438, 495, 358, -1,
      358, 495, 496, -1,
      358, 496, 497, -1,
      498, 499, 365, -1,
      365, 499, 500, -1,
      365, 500, 501, -1,
      360, 358, 365, -1,
      365, 358, 497, -1,
      365, 497, 498, -1,
      498, 497, 502, -1,
      498, 502, 503, -1,
      502, 504, 503, -1,
      503, 504, 505, -1,
      503, 505, 506, -1,
      506, 505, 507, -1,
      501, 508, 365, -1,
      365, 508, 509, -1,
      365, 509, 510, -1,
      510, 511, 365, -1,
      365, 511, 512, -1,
      365, 512, 469, -1,
      513, 514, 505, -1,
      505, 514, 515, -1,
      505, 515, 516, -1,
      513, 517, 514, -1,
      514, 517, 518, -1,
      514, 518, 519, -1,
      519, 518, 520, -1,
      519, 520, 521, -1,
      516, 522, 505, -1,
      505, 522, 523, -1,
      505, 523, 507, -1,
      524, 525, 526, -1,
      527, 528, 529, -1,
      526, 525, 252, -1,
      252, 525, 530, -1,
      252, 530, 260, -1,
      260, 530, 531, -1,
      260, 531, 261, -1,
      532, 533, 451, -1,
      451, 533, 468, -1,
      451, 468, 489, -1,
      489, 468, 467, -1,
      259, 261, 529, -1,
      529, 261, 534, -1,
      529, 534, 527, -1,
      533, 535, 468, -1,
      468, 535, 536, -1,
      468, 536, 537, -1,
      537, 536, 538, -1,
      537, 538, 539, -1,
      538, 540, 539, -1,
      539, 540, 541, -1,
      539, 541, 526, -1,
      526, 541, 542, -1,
      526, 542, 524, -1,
      447, 543, 544, -1,
      544, 545, 447, -1,
      447, 545, 546, -1,
      447, 546, 547, -1,
      547, 548, 447, -1,
      447, 548, 549, -1,
      447, 549, 451, -1,
      451, 549, 550, -1,
      451, 550, 532, -1,
      551, 552, 553, -1,
      440, 442, 447, -1,
      447, 442, 554, -1,
      447, 554, 543, -1,
      553, 555, 551, -1,
      551, 555, 556, -1,
      551, 556, 442, -1,
      442, 556, 557, -1,
      442, 557, 554, -1,
      558, 559, 560, -1,
      560, 559, 561, -1,
      560, 561, 260, -1,
      260, 561, 562, -1,
      260, 562, 563, -1,
      564, 565, 252, -1,
      252, 565, 566, -1,
      252, 566, 567, -1,
      568, 569, 552, -1,
      552, 569, 570, -1,
      552, 570, 553, -1,
      563, 571, 260, -1,
      260, 571, 572, -1,
      260, 572, 252, -1,
      252, 572, 573, -1,
      252, 573, 564, -1,
      567, 574, 252, -1,
      252, 574, 575, -1,
      252, 575, 552, -1,
      552, 575, 576, -1,
      552, 576, 568, -1,
      577, 578, 579, -1,
      579, 578, 580, -1,
      579, 580, 581, -1,
      581, 580, 582, -1,
      581, 582, 583, -1,
      584, 585, 251, -1,
      251, 585, 586, -1,
      251, 586, 252, -1,
      252, 586, 587, -1,
      252, 587, 526, -1,
      526, 587, 588, -1,
      526, 588, 589, -1,
      589, 588, 590, -1,
      589, 590, 579, -1,
      579, 590, 591, -1,
      579, 591, 577, -1,
      251, 592, 584, -1,
      584, 592, 593, -1,
      584, 593, 594, -1,
      595, 596, 584, -1,
      584, 596, 597, -1,
      584, 597, 598, -1,
      599, 600, 601, -1,
      601, 600, 602, -1,
      601, 602, 603, -1,
      594, 604, 584, -1,
      584, 604, 605, -1,
      584, 605, 595, -1,
      606, 607, 608, -1,
      609, 606, 610, -1,
      610, 606, 611, -1,
      610, 611, 612, -1,
      613, 614, 607, -1,
      607, 614, 615, -1,
      607, 615, 608, -1,
      608, 615, 616, -1,
      608, 616, 601, -1,
      601, 616, 581, -1,
      601, 581, 599, -1,
      599, 581, 583, -1,
      613, 617, 614, -1,
      614, 617, 618, -1,
      614, 618, 619, -1,
      620, 621, 622, -1,
      622, 621, 623, -1,
      624, 612, 625, -1,
      625, 612, 611, -1,
      625, 611, 626, -1,
      626, 611, 627, -1,
      626, 627, 628, -1,
      629, 626, 630, -1,
      630, 626, 628, -1,
      630, 628, 631, -1,
      631, 628, 632, -1,
      633, 634, 611, -1,
      611, 634, 635, -1,
      611, 635, 627, -1,
      627, 635, 636, -1,
      627, 636, 637, -1,
      637, 636, 620, -1,
      637, 620, 258, -1,
      258, 620, 622, -1,
      258, 622, 256, -1,
      638, 639, 640, -1,
      641, 256, 642, -1,
      642, 256, 622, -1,
      642, 622, 643, -1,
      643, 622, 640, -1,
      643, 640, 644, -1,
      644, 640, 639, -1,
      644, 639, 645, -1,
      646, 647, 648, -1,
      649, 650, 651, -1,
      651, 646, 649, -1,
      649, 646, 648, -1,
      649, 648, 652, -1,
      652, 648, 653, -1,
      652, 653, 640, -1,
      640, 653, 654, -1,
      640, 654, 638, -1,
      655, 656, 657, -1,
      658, 659, 660, -1,
      657, 658, 655, -1,
      655, 658, 660, -1,
      655, 660, 649, -1,
      649, 660, 661, -1,
      649, 661, 650, -1,
      662, 663, 664, -1,
      664, 663, 665, -1,
      664, 665, 666, -1,
      666, 667, 668, -1,
      669, 670, 655, -1,
      655, 670, 671, -1,
      655, 671, 656, -1,
      667, 672, 668, -1,
      668, 672, 673, -1,
      668, 673, 674, -1,
      662, 675, 676, -1,
      677, 663, 678, -1,
      678, 663, 662, -1,
      678, 662, 679, -1,
      679, 662, 676, -1,
      680, 681, 682, -1,
      683, 253, 684, -1,
      684, 253, 255, -1,
      684, 255, 681, -1,
      681, 255, 685, -1,
      681, 685, 682, -1,
      682, 685, 686, -1,
      687, 688, 552, -1,
      552, 688, 689, -1,
      552, 689, 252, -1,
      252, 689, 690, -1,
      252, 690, 691, -1,
      691, 692, 252, -1,
      252, 692, 693, -1,
      252, 693, 694, -1,
      694, 695, 252, -1,
      252, 695, 696, -1,
      252, 696, 250, -1,
      687, 552, 697, -1,
      697, 552, 551, -1,
      697, 551, 698, -1,
      698, 551, 699, -1,
      698, 699, 248, -1,
      603, 700, 601, -1,
      601, 700, 701, -1,
      601, 701, 247, -1,
      247, 701, 702, -1,
      247, 702, 703, -1,
      703, 704, 247, -1,
      247, 704, 705, -1,
      247, 705, 706, -1,
      706, 707, 247, -1,
      247, 707, 708, -1,
      247, 708, 709, -1,
      710, 711, 611, -1,
      611, 711, 712, -1,
      611, 712, 633, -1,
      713, 714, 715, -1,
      715, 714, 716, -1,
      717, 718, 715, -1,
      715, 718, 719, -1,
      715, 719, 713, -1,
      720, 721, 722, -1,
      722, 721, 723, -1,
      621, 724, 623, -1,
      623, 724, 725, -1,
      623, 725, 715, -1,
      715, 725, 726, -1,
      715, 726, 717, -1,
      716, 727, 710, -1,
      710, 727, 728, -1,
      710, 728, 721, -1,
      720, 729, 721, -1,
      721, 729, 730, -1,
      721, 730, 710, -1,
      710, 730, 731, -1,
      710, 731, 711, -1,
      732, 733, 723, -1,
      723, 733, 734, -1,
      723, 734, 722, -1,
      735, 736, 737, -1,
      723, 738, 732, -1,
      732, 738, 735, -1,
      732, 735, 739, -1,
      739, 735, 737, -1,
      740, 741, 742, -1,
      743, 744, 745, -1,
      745, 746, 743, -1,
      743, 746, 747, -1,
      743, 747, 742, -1,
      742, 747, 748, -1,
      742, 748, 740, -1,
      749, 750, 751, -1,
      752, 753, 743, -1,
      743, 753, 754, -1,
      743, 754, 744, -1,
      751, 755, 749, -1,
      749, 755, 756, -1,
      749, 756, 757, -1,
      758, 759, 760, -1,
      760, 759, 761, -1,
      760, 761, 762, -1,
      757, 763, 749, -1,
      749, 763, 764, -1,
      749, 764, 743, -1,
      743, 764, 765, -1,
      743, 765, 752, -1,
      741, 766, 742, -1,
      742, 766, 767, -1,
      742, 767, 760, -1,
      760, 767, 768, -1,
      760, 768, 758, -1,
      762, 769, 760, -1,
      760, 769, 770, -1,
      760, 770, 771, -1,
      716, 710, 715, -1,
      715, 710, 760, -1,
      715, 760, 749, -1,
      749, 760, 771, -1,
      749, 771, 750, -1,
      668, 670, 666, -1,
      666, 670, 669, -1,
      666, 669, 664, -1,
      664, 669, 772, -1,
      664, 772, 773, -1,
      606, 608, 611, -1,
      611, 608, 301, -1,
      611, 301, 710, -1,
      710, 301, 290, -1,
      710, 290, 760, -1,
      760, 290, 268, -1,
      760, 268, 742, -1,
      675, 662, 686, -1,
      686, 662, 664, -1,
      686, 664, 682, -1,
      682, 664, 773, -1,
      682, 773, 774, -1,
      247, 249, 601, -1,
      601, 249, 775, -1,
      601, 775, 608, -1,
      608, 775, 305, -1,
      608, 305, 301, -1,
      301, 305, 304, -1,
      301, 304, 302, -1,
      410, 680, 408, -1,
      408, 680, 682, -1,
      408, 682, 413, -1,
      413, 682, 776, -1,
      777, 776, 778, -1,
      778, 776, 779, -1,
      779, 776, 780, -1,
      780, 776, 682, -1,
      780, 682, 781, -1,
      781, 682, 774, -1,
      781, 774, 782, -1,
      783, 784, 778, -1,
      778, 784, 785, -1,
      778, 785, 777, -1,
      777, 785, 786, -1,
      777, 786, 774, -1,
      774, 786, 787, -1,
      774, 787, 782, -1,
      248, 699, 249, -1,
      249, 699, 788, -1,
      249, 788, 775, -1,
      775, 788, 789, -1,
      775, 789, 305, -1,
      305, 789, 246, -1,
      305, 246, 272, -1,
      272, 246, 245, -1,
      272, 245, 262, -1,
      355, 413, 353, -1,
      353, 413, 776, -1,
      353, 776, 790, -1,
      790, 776, 777, -1,
      790, 777, 791, -1,
      772, 792, 773, -1,
      773, 792, 793, -1,
      773, 793, 774, -1,
      774, 793, 794, -1,
      774, 794, 777, -1,
      777, 794, 795, -1,
      777, 795, 791, -1,
      791, 795, 796, -1,
      244, 246, 797, -1,
      797, 246, 789, -1,
      797, 789, 798, -1,
      798, 789, 788, -1,
      798, 788, 799, -1,
      799, 788, 699, -1,
      799, 699, 800, -1,
      800, 699, 551, -1,
      800, 551, 801, -1,
      801, 551, 442, -1,
      801, 442, 802, -1,
      802, 442, 350, -1,
      802, 350, 803, -1,
      803, 350, 353, -1,
      803, 353, 804, -1,
      804, 353, 790, -1,
      804, 790, 805, -1,
      805, 790, 791, -1,
      805, 791, 806, -1,
      806, 791, 796, -1,
      806, 796, 807, -1,
    ]
  }
}

Shape {
  appearance Appearance {
    material Material {
      diffuseColor 1.0000 1.0000 1.0000
      specularColor 0.5020 0.5020 0.5020
      ambientIntensity 0.2
      transparency 0.0000
      shininess 0.5
    }
  }
  geometry IndexedFaceSet {
    ccw TRUE
    solid FALSE
    coord DEF co Coordinate {
      point [
        -0.530522 -0.066929 1.881890,
        -0.530522 -0.066929 1.751969,
        -0.490027 -0.180108 1.751969,
        -0.490027 -0.180108 1.881890,
        -0.425718 -0.281665 1.751969,
        -0.425718 -0.281665 1.881890,
        -0.340720 -0.366663 1.751969,
        -0.340720 -0.366663 1.881890,
        -0.239163 -0.430972 1.751969,
        -0.239163 -0.430972 1.881890,
        -0.125984 -0.471467 1.751969,
        -0.125984 -0.471467 1.881890,
        -0.125984 0.589577 1.881890,
        -0.125984 0.589577 1.751969,
        -0.239163 0.549082 1.751969,
        -0.239163 0.549082 1.881890,
        -0.340720 0.484773 1.751969,
        -0.340720 0.484773 1.881890,
        -0.425718 0.399775 1.751969,
        -0.425718 0.399775 1.881890,
        -0.490027 0.298219 1.751969,
        -0.490027 0.298219 1.881890,
        -0.530522 0.185039 1.751969,
        -0.530522 0.185039 1.881890,
        0.530522 0.185039 1.881890,
        0.530522 0.185039 1.751969,
        0.490027 0.298219 1.751969,
        0.490027 0.298219 1.881890,
        0.425718 0.399775 1.751969,
        0.425718 0.399775 1.881890,
        0.340720 0.484773 1.751969,
        0.340720 0.484773 1.881890,
        0.239163 0.549082 1.751969,
        0.239163 0.549082 1.881890,
        0.125984 0.589577 1.751969,
        0.125984 0.589577 1.881890,
        0.125984 -0.471467 1.881890,
        0.239163 -0.430972 1.881890,
        0.125984 -0.066929 1.881890,
        0.340720 -0.366663 1.881890,
        0.425718 -0.281665 1.881890,
        0.490027 -0.180108 1.881890,
        0.530522 -0.066929 1.881890,
        -0.125984 -0.066929 1.881890,
        -0.267747 0.240754 1.881890,
        -0.280793 0.250764 1.881890,
        -0.181698 0.263810 1.881890,
        -0.191709 0.250764 1.881890,
        -0.125984 0.185039 1.881890,
        -0.204755 0.240754 1.881890,
        -0.204755 0.349859 1.881890,
        -0.191709 0.339848 1.881890,
        -0.181698 0.326802 1.881890,
        -0.175406 0.311610 1.881890,
        -0.173259 0.295306 1.881890,
        -0.175406 0.279003 1.881890,
        -0.297097 0.311610 1.881890,
        -0.219948 0.234461 1.881890,
        -0.236251 0.232314 1.881890,
        -0.252555 0.234461 1.881890,
        -0.290804 0.263810 1.881890,
        -0.297097 0.279003 1.881890,
        -0.299243 0.295306 1.881890,
        -0.236251 0.358298 1.881890,
        -0.219948 0.356152 1.881890,
        -0.290804 0.326802 1.881890,
        -0.280793 0.339848 1.881890,
        -0.267747 0.349859 1.881890,
        -0.252555 0.356152 1.881890,
      ]
    }
    coordIndex [
      0, 1, 2, -1,
      0, 2, 3, -1,
      3, 2, 4, -1,
      3, 4, 5, -1,
      5, 4, 6, -1,
      5, 6, 7, -1,
      7, 6, 8, -1,
      7, 8, 9, -1,
      9, 8, 10, -1,
      9, 10, 11, -1,
      12, 13, 14, -1,
      12, 14, 15, -1,
      15, 14, 16, -1,
      15, 16, 17, -1,
      17, 16, 18, -1,
      17, 18, 19, -1,
      19, 18, 20, -1,
      19, 20, 21, -1,
      21, 20, 22, -1,
      21, 22, 23, -1,
      24, 25, 26, -1,
      24, 26, 27, -1,
      27, 26, 28, -1,
      27, 28, 29, -1,
      29, 28, 30, -1,
      29, 30, 31, -1,
      31, 30, 32, -1,
      31, 32, 33, -1,
      33, 32, 34, -1,
      33, 34, 35, -1,
      36, 37, 38, -1,
      38, 37, 39, -1,
      39, 40, 38, -1,
      38, 40, 41, -1,
      38, 41, 42, -1,
      9, 11, 43, -1,
      43, 0, 3, -1,
      3, 5, 43, -1,
      43, 5, 7, -1,
      43, 7, 9, -1,
      44, 45, 23, -1,
      46, 47, 48, -1,
      48, 47, 49, -1,
      50, 51, 12, -1,
      12, 51, 52, -1,
      52, 53, 12, -1,
      12, 53, 54, -1,
      12, 54, 48, -1,
      48, 54, 55, -1,
      48, 55, 46, -1,
      19, 21, 56, -1,
      49, 57, 48, -1,
      48, 57, 58, -1,
      48, 58, 23, -1,
      23, 58, 59, -1,
      23, 59, 44, -1,
      45, 60, 23, -1,
      23, 60, 61, -1,
      23, 61, 21, -1,
      21, 61, 62, -1,
      21, 62, 56, -1,
      15, 63, 12, -1,
      12, 63, 64, -1,
      12, 64, 50, -1,
      56, 65, 19, -1,
      19, 65, 66, -1,
      19, 66, 17, -1,
      17, 66, 67, -1,
      17, 67, 15, -1,
      15, 67, 68, -1,
      15, 68, 63, -1,
    ]
  }
}

Shape {
  appearance Appearance {
    material Material {
      diffuseColor 0.0000 0.4902 1.0000
      specularColor 0.0000 0.2431 0.5020
      ambientIntensity 0.2
      transparency 0.0000
      shininess 0.5
    }
  }
  geometry IndexedFaceSet {
    ccw TRUE
    solid FALSE
    coord DEF co Coordinate {
      point [
        1.358268 -0.942913 0.129921,
        1.118110 -0.942913 0.129921,
        1.118110 -1.139764 0.129921,
        0.881890 -1.139764 0.129921,
        1.358268 1.124016 0.129921,
        1.118110 1.124016 0.129921,
        1.118110 1.320866 0.129921,
        -1.118110 1.320866 0.129921,
        -1.118110 1.124016 0.129921,
        -1.358268 1.124016 0.129921,
        -0.881890 -1.320866 0.129921,
        -0.881890 -1.139764 0.129921,
        -1.118110 -0.942913 0.129921,
        -1.118110 -1.139764 0.129921,
        -0.118110 -1.139764 0.129921,
        0.118110 -1.139764 0.129921,
        0.118110 -1.320866 0.129921,
        0.566929 -1.320866 0.129921,
        0.881890 -1.320866 0.129921,
        -0.566929 -1.320866 0.129921,
        -0.118110 -1.320866 0.129921,
        -1.358268 -0.942913 0.129921,
        1.358268 -1.320866 1.850394,
        1.358268 -1.193086 1.850394,
        1.358268 -1.053017 1.850394,
        1.358268 -0.791203 1.850394,
        0.644360 1.320866 1.850394,
        0.983006 1.320866 1.850394,
        0.294354 1.320866 1.850394,
        -0.313002 1.320866 1.850394,
        -0.015326 1.320866 1.850394,
        -0.742816 1.320866 1.850394,
        -0.992015 1.320866 1.850394,
        1.065266 1.320866 1.850394,
        1.358268 0.042936 1.850394,
        1.358268 1.320866 1.850394,
        1.079330 1.320866 1.850394,
        -1.252877 1.320866 1.850394,
        -1.358268 1.320866 1.850394,
        -1.358268 0.042936 1.850394,
        -1.358268 -0.791203 1.850394,
        -1.358268 -1.053017 1.850394,
        -1.358268 -1.193086 1.850394,
        1.079330 -1.320866 1.850394,
        1.065266 -1.320866 1.850394,
        0.983006 -1.320866 1.850394,
        0.644360 -1.320866 1.850394,
        0.294354 -1.320866 1.850394,
        -0.015326 -1.320866 1.850394,
        -0.313002 -1.320866 1.850394,
        -0.742816 -1.320866 1.850394,
        -0.992015 -1.320866 1.850394,
        -1.252877 -1.320866 1.850394,
        -1.358268 -1.320866 1.850394,
        -0.566929 -1.320866 0.000000,
        -0.566929 -1.474409 0.000000,
        -0.881890 -1.320866 0.000000,
        -0.881890 -1.474409 0.000000,
        0.881890 -1.320866 0.000000,
        0.881890 -1.474409 0.000000,
        0.566929 -1.320866 0.000000,
        0.566929 -1.474409 0.000000,
        1.118110 -1.139764 0.000000,
        1.118110 -0.942913 0.000000,
        1.358268 -1.139764 0.000000,
        1.358268 -0.942913 0.000000,
        1.118110 1.124016 0.000000,
        1.118110 1.320866 0.000000,
        1.358268 1.124016 0.000000,
        1.358268 1.320866 0.000000,
        -1.118110 1.124016 0.000000,
        -1.358268 1.124016 0.000000,
        -1.118110 1.320866 0.000000,
        -1.358268 1.320866 0.000000,
        -1.358268 -1.320866 0.129921,
        -1.118110 -1.320866 0.129921,
        -1.118110 -1.320866 1.692913,
        -0.881890 -1.320866 1.692913,
        -0.566929 -1.320866 1.692913,
        -0.118110 -1.320866 1.692913,
        0.118110 -1.320866 1.692913,
        0.566929 -1.320866 1.692913,
        1.118110 -1.320866 0.129921,
        1.358268 -1.320866 0.129921,
        1.118110 -1.320866 1.692913,
        0.881890 -1.320866 1.692913,
        1.358268 -1.139764 0.129921,
        -1.358268 -1.139764 0.129921,
        -1.358268 -1.139764 0.000000,
        -1.358268 -0.942913 0.000000,
        -1.118110 -0.942913 0.000000,
        -1.118110 -1.139764 0.000000,
        0.881890 -1.474409 1.692913,
        0.881890 -1.139764 1.692913,
        1.118110 -1.139764 1.692913,
        0.118110 -1.139764 1.692913,
        -0.118110 -1.139764 1.692913,
        -1.118110 -1.139764 1.692913,
        -0.881890 -1.139764 1.692913,
        -0.881890 -1.474409 1.692913,
        -0.566929 -1.474409 1.692913,
        0.566929 -1.474409 1.692913,
      ]
    }
    coordIndex [
      54, 55, 56, -1,
      56, 55, 57, -1,
      58, 59, 60, -1,
      60, 59, 61, -1,
      62, 63, 64, -1,
      64, 63, 65, -1,
      66, 67, 68, -1,
      68, 67, 69, -1,
      70, 71, 72, -1,
      72, 71, 73, -1,
      74, 75, 53, -1,
      53, 75, 76, -1,
      77, 78, 49, -1,
      49, 78, 79, -1,
      79, 78, 19, -1,
      79, 19, 20, -1,
      49, 50, 77, -1,
      77, 50, 51, -1,
      77, 51, 76, -1,
      76, 51, 52, -1,
      76, 52, 53, -1,
      80, 16, 17, -1,
      17, 81, 80, -1,
      80, 81, 47, -1,
      80, 47, 79, -1,
      79, 47, 48, -1,
      79, 48, 49, -1,
      82, 83, 84, -1,
      84, 83, 22, -1,
      22, 43, 84, -1,
      84, 43, 44, -1,
      84, 44, 85, -1,
      85, 44, 45, -1,
      85, 45, 81, -1,
      81, 45, 46, -1,
      81, 46, 47, -1,
      35, 34, 86, -1,
      86, 34, 25, -1,
      68, 69, 4, -1,
      4, 69, 35, -1,
      4, 35, 0, -1,
      0, 35, 86, -1,
      0, 86, 65, -1,
      65, 86, 64, -1,
      22, 83, 23, -1,
      23, 83, 86, -1,
      23, 86, 24, -1,
      24, 86, 25, -1,
      69, 67, 6, -1,
      72, 73, 7, -1,
      7, 73, 38, -1,
      38, 37, 7, -1,
      7, 37, 32, -1,
      7, 32, 31, -1,
      31, 29, 7, -1,
      7, 29, 30, -1,
      7, 30, 6, -1,
      6, 30, 28, -1,
      28, 26, 6, -1,
      6, 26, 27, -1,
      6, 27, 33, -1,
      33, 36, 6, -1,
      6, 36, 35, -1,
      6, 35, 69, -1,
      73, 71, 9, -1,
      53, 42, 21, -1,
      21, 42, 41, -1,
      74, 53, 87, -1,
      87, 53, 21, -1,
      87, 21, 88, -1,
      88, 21, 89, -1,
      41, 40, 21, -1,
      21, 40, 39, -1,
      21, 39, 9, -1,
      9, 39, 38, -1,
      9, 38, 73, -1,
      90, 91, 89, -1,
      89, 91, 88, -1,
      92, 59, 18, -1,
      18, 59, 58, -1,
      92, 18, 85, -1,
      85, 18, 3, -1,
      85, 3, 93, -1,
      93, 94, 85, -1,
      85, 94, 84, -1,
      82, 84, 2, -1,
      2, 84, 94, -1,
      94, 93, 2, -1,
      2, 93, 3, -1,
      16, 80, 15, -1,
      15, 80, 95, -1,
      14, 96, 20, -1,
      20, 96, 79, -1,
      96, 95, 79, -1,
      79, 95, 80, -1,
      95, 96, 15, -1,
      15, 96, 14, -1,
      13, 97, 75, -1,
      75, 97, 76, -1,
      97, 98, 76, -1,
      76, 98, 77, -1,
      10, 56, 57, -1,
      98, 11, 77, -1,
      77, 11, 10, -1,
      77, 10, 99, -1,
      99, 10, 57, -1,
      98, 97, 11, -1,
      11, 97, 13, -1,
      78, 100, 19, -1,
      19, 100, 55, -1,
      19, 55, 54, -1,
      99, 100, 77, -1,
      77, 100, 78, -1,
      55, 100, 57, -1,
      57, 100, 99, -1,
      101, 92, 81, -1,
      81, 92, 85, -1,
      101, 81, 61, -1,
      61, 81, 17, -1,
      61, 17, 60, -1,
      101, 61, 92, -1,
      92, 61, 59, -1,
      83, 82, 86, -1,
      86, 82, 2, -1,
      87, 13, 74, -1,
      74, 13, 75, -1,
      17, 18, 60, -1,
      60, 18, 58, -1,
      54, 56, 19, -1,
      19, 56, 10, -1,
      86, 2, 64, -1,
      64, 2, 62, -1,
      2, 1, 62, -1,
      62, 1, 63, -1,
      1, 0, 63, -1,
      63, 0, 65, -1,
      4, 5, 68, -1,
      68, 5, 66, -1,
      5, 6, 66, -1,
      66, 6, 67, -1,
      7, 8, 72, -1,
      72, 8, 70, -1,
      8, 9, 70, -1,
      70, 9, 71, -1,
      21, 12, 89, -1,
      89, 12, 90, -1,
      12, 13, 90, -1,
      90, 13, 91, -1,
      13, 87, 91, -1,
      91, 87, 88, -1,
    ]
  }
}

Shape {
  appearance Appearance {
    material Material {
      diffuseColor 0.7529 0.7529 0.7529
      specularColor 0.3765 0.3765 0.3765
      ambientIntensity 0.2
      transparency 0.0000
      shininess 0.5
    }
  }
  geometry IndexedFaceSet {
    ccw TRUE
    solid FALSE
    coord DEF co Coordinate {
      point [
        -1.023436 -0.144552 0.129921,
        -0.023436 1.030379 0.129921,
        0.064030 1.006943 0.129921,
        0.078420 0.988189 0.129921,
        0.087466 0.919477 0.129921,
        0.090551 0.942913 0.129921,
        0.087466 0.966350 0.129921,
        0.064030 0.878884 0.129921,
        0.078420 0.897638 0.129921,
        -0.000000 0.852362 0.129921,
        0.023436 0.855448 0.129921,
        0.045276 0.864494 0.129921,
        -0.064030 1.006943 0.129921,
        -0.078420 0.988189 0.129921,
        -0.045276 1.021333 0.129921,
        -0.078420 0.897638 0.129921,
        -0.064030 0.878884 0.129921,
        -0.045276 0.864494 0.129921,
        -0.023436 0.855448 0.129921,
        -0.087466 0.966350 0.129921,
        -0.090551 0.942913 0.129921,
        -0.087466 0.919477 0.129921,
        0.045276 1.021333 0.129921,
        0.023436 1.030379 0.129921,
        0.000000 1.033465 0.129921,
        1.045276 -0.135506 0.129921,
        1.064030 -0.121116 0.129921,
        1.078420 -0.102362 0.129921,
        1.087466 -0.080523 0.129921,
        1.090551 -0.057087 0.129921,
        1.000000 -0.147638 0.129921,
        1.023436 -0.144552 0.129921,
        0.912534 -0.080523 0.129921,
        0.909449 -0.057087 0.129921,
        0.912534 -0.033650 0.129921,
        0.921580 -0.102362 0.129921,
        0.935971 -0.121116 0.129921,
        0.954724 -0.135506 0.129921,
        1.087466 -0.033650 0.129921,
        1.078420 -0.011811 0.129921,
        1.064030 0.006943 0.129921,
        1.045276 0.021333 0.129921,
        0.954724 0.021333 0.129921,
        0.935971 0.006943 0.129921,
        0.921580 -0.011811 0.129921,
        1.023436 0.030379 0.129921,
        1.000000 0.033465 0.129921,
        0.976564 0.030379 0.129921,
        -0.976564 -0.144552 0.129921,
        -0.909449 -0.057087 0.129921,
        -0.912534 -0.080523 0.129921,
        -0.921580 -0.102362 0.129921,
        -0.954724 -0.135506 0.129921,
        -0.935971 -0.121116 0.129921,
        -1.087466 -0.033650 0.129921,
        -1.090551 -0.057087 0.129921,
        -1.087466 -0.080523 0.129921,
        -1.078420 -0.102362 0.129921,
        -1.064030 -0.121116 0.129921,
        -1.045276 -0.135506 0.129921,
        -0.912534 -0.033650 0.129921,
        -0.921580 -0.011811 0.129921,
        -0.935971 0.006943 0.129921,
        -0.954724 0.021333 0.129921,
        -0.976564 0.030379 0.129921,
        -1.000000 0.033465 0.129921,
        -1.023436 0.030379 0.129921,
        -1.045276 0.021333 0.129921,
        -1.064030 0.006943 0.129921,
        -1.078420 -0.011811 0.129921,
        0.976564 -0.144552 0.129921,
        -1.000000 -0.147638 0.129921,
        -1.090551 -0.057087 -2.279528,
        -1.087466 -0.033650 -2.279528,
        -1.078420 -0.011811 -2.279528,
        -1.064030 0.006943 -2.279528,
        -1.045276 0.021333 -2.279528,
        -1.023436 0.030379 -2.279528,
        -1.000000 0.033465 -2.279528,
        -0.976564 0.030379 -2.279528,
        -0.954724 0.021333 -2.279528,
        -0.935971 0.006943 -2.279528,
        -0.921580 -0.011811 -2.279528,
        -0.912534 -0.033650 -2.279528,
        -0.909449 -0.057087 -2.279528,
        -0.912534 -0.080523 -2.279528,
        -0.921580 -0.102362 -2.279528,
        -0.935971 -0.121116 -2.279528,
        -0.954724 -0.135506 -2.279528,
        -0.976564 -0.144552 -2.279528,
        -1.000000 -0.147638 -2.279528,
        -1.023436 -0.144552 -2.279528,
        -1.045276 -0.135506 -2.279528,
        -1.064030 -0.121116 -2.279528,
        -1.078420 -0.102362 -2.279528,
        -1.087466 -0.080523 -2.279528,
        -1.000000 -0.057087 -2.279528,
        0.909449 -0.057087 -2.279528,
        0.912534 -0.033650 -2.279528,
        0.921580 -0.011811 -2.279528,
        0.935971 0.006943 -2.279528,
        0.954724 0.021333 -2.279528,
        0.976564 0.030379 -2.279528,
        1.000000 0.033465 -2.279528,
        1.023436 0.030379 -2.279528,
        1.045276 0.021333 -2.279528,
        1.064030 0.006943 -2.279528,
        1.078420 -0.011811 -2.279528,
        1.087466 -0.033650 -2.279528,
        1.090551 -0.057087 -2.279528,
        1.087466 -0.080523 -2.279528,
        1.078420 -0.102362 -2.279528,
        1.064030 -0.121116 -2.279528,
        1.045276 -0.135506 -2.279528,
        1.023436 -0.144552 -2.279528,
        1.000000 -0.147638 -2.279528,
        0.976564 -0.144552 -2.279528,
        0.954724 -0.135506 -2.279528,
        0.935971 -0.121116 -2.279528,
        0.921580 -0.102362 -2.279528,
        0.912534 -0.080523 -2.279528,
        1.000000 -0.057087 -2.279528,
        -0.090551 0.942913 -2.279528,
        -0.087466 0.966350 -2.279528,
        -0.078420 0.988189 -2.279528,
        -0.064030 1.006943 -2.279528,
        -0.045276 1.021333 -2.279528,
        -0.023436 1.030379 -2.279528,
        -0.000000 1.033465 -2.279528,
        0.023436 1.030379 -2.279528,
        0.045276 1.021333 -2.279528,
        0.064030 1.006943 -2.279528,
        0.078420 0.988189 -2.279528,
        0.087466 0.966350 -2.279528,
        0.090551 0.942913 -2.279528,
        0.087466 0.919477 -2.279528,
        0.078420 0.897638 -2.279528,
        0.064030 0.878884 -2.279528,
        0.045276 0.864494 -2.279528,
        0.023436 0.855448 -2.279528,
        0.000000 0.852362 -2.279528,
        -0.023436 0.855448 -2.279528,
        -0.045276 0.864494 -2.279528,
        -0.064030 0.878884 -2.279528,
        -0.078420 0.897638 -2.279528,
        -0.087466 0.919477 -2.279528,
        0.000000 0.942913 -2.279528,
      ]
    }
    coordIndex [
      72, 54, 73, -1,
      73, 54, 69, -1,
      73, 69, 74, -1,
      74, 69, 68, -1,
      74, 68, 75, -1,
      75, 68, 67, -1,
      75, 67, 76, -1,
      76, 67, 66, -1,
      76, 66, 77, -1,
      77, 66, 65, -1,
      77, 65, 78, -1,
      78, 65, 64, -1,
      78, 64, 79, -1,
      79, 64, 63, -1,
      79, 63, 80, -1,
      80, 63, 62, -1,
      80, 62, 81, -1,
      81, 62, 61, -1,
      81, 61, 82, -1,
      82, 61, 60, -1,
      82, 60, 83, -1,
      83, 60, 49, -1,
      83, 49, 84, -1,
      84, 49, 50, -1,
      84, 50, 85, -1,
      85, 50, 51, -1,
      85, 51, 86, -1,
      86, 51, 53, -1,
      86, 53, 87, -1,
      87, 53, 52, -1,
      87, 52, 88, -1,
      88, 52, 48, -1,
      88, 48, 89, -1,
      89, 48, 71, -1,
      89, 71, 90, -1,
      90, 71, 0, -1,
      90, 0, 91, -1,
      91, 0, 59, -1,
      91, 59, 92, -1,
      92, 59, 58, -1,
      92, 58, 93, -1,
      93, 58, 57, -1,
      93, 57, 94, -1,
      94, 57, 56, -1,
      94, 56, 95, -1,
      95, 56, 55, -1,
      95, 55, 72, -1,
      72, 55, 54, -1,
      94, 95, 96, -1,
      96, 95, 72, -1,
      96, 72, 73, -1,
      91, 92, 96, -1,
      96, 92, 93, -1,
      96, 93, 94, -1,
      88, 89, 96, -1,
      96, 89, 90, -1,
      96, 90, 91, -1,
      85, 86, 96, -1,
      96, 86, 87, -1,
      96, 87, 88, -1,
      82, 83, 96, -1,
      96, 83, 84, -1,
      96, 84, 85, -1,
      79, 80, 96, -1,
      96, 80, 81, -1,
      96, 81, 82, -1,
      76, 77, 96, -1,
      96, 77, 78, -1,
      96, 78, 79, -1,
      73, 74, 96, -1,
      96, 74, 75, -1,
      96, 75, 76, -1,
      97, 34, 98, -1,
      98, 34, 44, -1,
      98, 44, 99, -1,
      99, 44, 43, -1,
      99, 43, 100, -1,
      100, 43, 42, -1,
      100, 42, 101, -1,
      101, 42, 47, -1,
      101, 47, 102, -1,
      102, 47, 46, -1,
      102, 46, 103, -1,
      103, 46, 45, -1,
      103, 45, 104, -1,
      104, 45, 41, -1,
      104, 41, 105, -1,
      105, 41, 40, -1,
      105, 40, 106, -1,
      106, 40, 39, -1,
      106, 39, 107, -1,
      107, 39, 38, -1,
      107, 38, 108, -1,
      108, 38, 29, -1,
      108, 29, 109, -1,
      109, 29, 28, -1,
      109, 28, 110, -1,
      110, 28, 27, -1,
      110, 27, 111, -1,
      111, 27, 26, -1,
      111, 26, 112, -1,
      112, 26, 25, -1,
      112, 25, 113, -1,
      113, 25, 31, -1,
      113, 31, 114, -1,
      114, 31, 30, -1,
      114, 30, 115, -1,
      115, 30, 70, -1,
      115, 70, 116, -1,
      116, 70, 37, -1,
      116, 37, 117, -1,
      117, 37, 36, -1,
      117, 36, 118, -1,
      118, 36, 35, -1,
      118, 35, 119, -1,
      119, 35, 32, -1,
      119, 32, 120, -1,
      120, 32, 33, -1,
      120, 33, 97, -1,
      97, 33, 34, -1,
      119, 120, 121, -1,
      121, 120, 97, -1,
      121, 97, 98, -1,
      116, 117, 121, -1,
      121, 117, 118, -1,
      121, 118, 119, -1,
      113, 114, 121, -1,
      121, 114, 115, -1,
      121, 115, 116, -1,
      110, 111, 121, -1,
      121, 111, 112, -1,
      121, 112, 113, -1,
      107, 108, 121, -1,
      121, 108, 109, -1,
      121, 109, 110, -1,
      104, 105, 121, -1,
      121, 105, 106, -1,
      121, 106, 107, -1,
      101, 102, 121, -1,
      121, 102, 103, -1,
      121, 103, 104, -1,
      98, 99, 121, -1,
      121, 99, 100, -1,
      121, 100, 101, -1,
      122, 19, 123, -1,
      123, 19, 13, -1,
      123, 13, 124, -1,
      124, 13, 12, -1,
      124, 12, 125, -1,
      125, 12, 14, -1,
      125, 14, 126, -1,
      126, 14, 1, -1,
      126, 1, 127, -1,
      127, 1, 24, -1,
      127, 24, 128, -1,
      128, 24, 23, -1,
      128, 23, 129, -1,
      129, 23, 22, -1,
      129, 22, 130, -1,
      130, 22, 2, -1,
      130, 2, 131, -1,
      131, 2, 3, -1,
      131, 3, 132, -1,
      132, 3, 6, -1,
      132, 6, 133, -1,
      133, 6, 5, -1,
      133, 5, 134, -1,
      134, 5, 4, -1,
      134, 4, 135, -1,
      135, 4, 8, -1,
      135, 8, 136, -1,
      136, 8, 7, -1,
      136, 7, 137, -1,
      137, 7, 11, -1,
      137, 11, 138, -1,
      138, 11, 10, -1,
      138, 10, 139, -1,
      139, 10, 9, -1,
      139, 9, 140, -1,
      140, 9, 18, -1,
      140, 18, 141, -1,
      141, 18, 17, -1,
      141, 17, 142, -1,
      142, 17, 16, -1,
      142, 16, 143, -1,
      143, 16, 15, -1,
      143, 15, 144, -1,
      144, 15, 21, -1,
      144, 21, 145, -1,
      145, 21, 20, -1,
      145, 20, 122, -1,
      122, 20, 19, -1,
      144, 145, 146, -1,
      146, 145, 122, -1,
      146, 122, 123, -1,
      141, 142, 146, -1,
      146, 142, 143, -1,
      146, 143, 144, -1,
      138, 139, 146, -1,
      146, 139, 140, -1,
      146, 140, 141, -1,
      135, 136, 146, -1,
      146, 136, 137, -1,
      146, 137, 138, -1,
      132, 133, 146, -1,
      146, 133, 134, -1,
      146, 134, 135, -1,
      129, 130, 146, -1,
      146, 130, 131, -1,
      146, 131, 132, -1,
      126, 127, 146, -1,
      146, 127, 128, -1,
      146, 128, 129, -1,
      123, 124, 146, -1,
      146, 124, 125, -1,
      146, 125, 126, -1,
    ]
  }
}

Shape {
  appearance Appearance {
    material Material {
      diffuseColor 0.0000 0.4902 1.0000
      specularColor 0.0000 0.2431 0.5020
      ambientIntensity 0.2
      transparency 0.0000
      shininess 0.5
    }
  }
  geometry IndexedFaceSet {
    ccw TRUE
    solid FALSE
    coord DEF co Coordinate {
      point [
        -0.572343 -0.291677 1.850394,
        -0.616123 -0.207369 1.850394,
        -0.742816 -0.248534 1.850394,
        0.435948 0.569485 1.850394,
        0.503638 0.502832 1.850394,
        0.644360 0.605072 1.850394,
        -0.313002 -0.534145 1.850394,
        -0.428016 -0.458045 1.850394,
        -0.318351 -0.531912 1.850394,
        -0.708499 -0.738528 1.850394,
        -0.015326 -0.608928 1.850394,
        -0.196335 -0.582850 1.850394,
        -0.066702 -0.608883 1.850394,
        0.294354 -0.542008 1.850394,
        0.065520 -0.608999 1.850394,
        0.195200 -0.583196 1.850394,
        0.427101 -0.458801 1.850394,
        0.644360 -0.618974 1.850394,
        0.317306 -0.532474 1.850394,
        0.882531 -0.161463 1.850394,
        0.843599 -0.281281 1.850394,
        0.655054 -0.087551 1.850394,
        0.669191 0.006389 1.850394,
        0.669473 0.042936 1.850394,
        0.644360 -0.216544 1.850394,
        0.644360 -0.462452 1.850394,
        0.828623 -0.598299 1.850394,
        0.753863 -0.699704 1.850394,
        0.616123 -0.207369 1.850394,
        0.572413 -0.291564 1.850394,
        0.517269 -0.368756 1.850394,
        0.669924 0.101383 1.850394,
        0.906162 0.138800 1.850394,
        0.886454 0.263233 1.850394,
        0.771193 0.541497 1.850394,
        0.644360 0.449347 1.850394,
        0.650216 0.225817 1.850394,
        0.644360 0.243377 1.850394,
        0.620163 0.315935 1.850394,
        0.577690 0.400909 1.850394,
        0.697141 0.643420 1.850394,
        0.062992 0.727353 1.850394,
        0.156702 0.711768 1.850394,
        0.359527 0.625915 1.850394,
        0.470735 0.844173 1.850394,
        0.358483 0.901369 1.850394,
        0.294354 0.775509 1.850394,
        0.247274 0.683111 1.850394,
        -0.156702 0.711768 1.850394,
        -0.062992 0.727353 1.850394,
        -0.062992 1.124016 1.850394,
        -0.313002 0.812107 1.850394,
        -0.247274 0.683111 1.850394,
        -0.015326 1.124016 1.850394,
        0.062992 1.124016 1.850394,
        -0.697141 0.643420 1.850394,
        -0.503638 0.502832 1.850394,
        -0.435948 0.569485 1.850394,
        -0.359527 0.625915 1.850394,
        -0.465493 0.833883 1.850394,
        -0.353239 0.891079 1.850394,
        -0.742816 0.112928 1.850394,
        -0.906162 0.138800 1.850394,
        -0.886454 0.263233 1.850394,
        -0.742816 0.240483 1.850394,
        -0.742816 0.520880 1.850394,
        -0.771193 0.541497 1.850394,
        -0.742816 0.580555 1.850394,
        -0.650216 0.225817 1.850394,
        -0.620163 0.315935 1.850394,
        -0.577690 0.400909 1.850394,
        -0.742816 -0.116067 1.850394,
        -0.655054 -0.087551 1.850394,
        -0.669924 0.101383 1.850394,
        -0.669473 0.042936 1.850394,
        -0.669191 0.006389 1.850394,
        -0.742816 -0.704211 1.850394,
        -0.797583 -0.649444 1.850394,
        -0.517100 -0.368961 1.850394,
        -0.742816 -0.594676 1.850394,
        -0.843599 -0.281281 1.850394,
        -0.882531 -0.161463 1.850394,
        -0.530522 -0.066929 1.751969,
        -0.490027 -0.180108 1.751969,
        -0.425718 -0.281665 1.751969,
        -0.340720 -0.366663 1.751969,
        -0.239163 -0.430972 1.751969,
        -0.125984 -0.471467 1.751969,
        -0.125984 0.589577 1.751969,
        -0.239163 0.549082 1.751969,
        -0.340720 0.484773 1.751969,
        -0.425718 0.399775 1.751969,
        -0.490027 0.298219 1.751969,
        -0.530522 0.185039 1.751969,
        0.530522 0.185039 1.751969,
        0.490027 0.298219 1.751969,
        0.425718 0.399775 1.751969,
        0.340720 0.484773 1.751969,
        0.239163 0.549082 1.751969,
        0.125984 0.589577 1.751969,
        -0.062992 1.124016 1.751969,
        -0.062992 0.727353 1.751969,
        0.062992 1.124016 1.751969,
        0.062992 0.727353 1.751969,
        0.843599 -0.281281 1.751969,
        0.882531 -0.161463 1.751969,
        0.616123 -0.207369 1.751969,
        0.655054 -0.087551 1.751969,
        0.572413 -0.291564 1.751969,
        0.517269 -0.368756 1.751969,
        -0.655054 -0.087551 1.751969,
        0.906162 0.138800 1.751969,
        0.886454 0.263233 1.751969,
        0.543630 0.101390 1.751969,
        0.650216 0.225817 1.751969,
        -0.517100 -0.368961 1.751969,
        0.577690 0.400909 1.751969,
        0.470735 0.844173 1.751969,
        0.358483 0.901369 1.751969,
        0.359527 0.625915 1.751969,
        0.247274 0.683111 1.751969,
        -0.882531 -0.161463 1.751969,
        -0.843599 -0.281281 1.751969,
        -0.616123 -0.207369 1.751969,
        -0.572343 -0.291677 1.751969,
        0.425718 -0.281665 1.751969,
        0.340720 -0.366663 1.751969,
        0.490027 -0.180108 1.751969,
        0.530522 -0.066929 1.751969,
        0.620163 0.315935 1.751969,
        0.771193 0.541497 1.751969,
        0.697141 0.643420 1.751969,
        0.503638 0.502832 1.751969,
        0.435948 0.569485 1.751969,
        -0.156702 0.711768 1.751969,
        -0.353239 0.891079 1.751969,
        -0.465493 0.833883 1.751969,
        -0.247274 0.683111 1.751969,
        -0.359527 0.625915 1.751969,
        -0.435948 0.569485 1.751969,
        -0.503638 0.502832 1.751969,
        -0.886454 0.263233 1.751969,
        -0.906162 0.138800 1.751969,
        -0.650216 0.225817 1.751969,
        -0.669924 0.101383 1.751969,
        -0.669191 0.006389 1.751969,
        -0.543630 0.016720 1.751969,
        -0.543630 0.101390 1.751969,
        0.239163 -0.430972 1.751969,
        0.427101 -0.458801 1.751969,
        0.828623 -0.598299 1.751969,
        0.753863 -0.699704 1.751969,
        -0.042335 0.602685 1.751969,
        0.042335 0.602685 1.751969,
        0.156702 0.711768 1.751969,
        -0.697141 0.643420 1.751969,
        -0.771193 0.541497 1.751969,
        -0.577690 0.400909 1.751969,
        -0.620163 0.315935 1.751969,
        0.543630 0.016720 1.751969,
        0.669191 0.006389 1.751969,
        0.669924 0.101383 1.751969,
        -0.797583 -0.649444 1.751969,
        -0.708499 -0.738528 1.751969,
        -0.428016 -0.458045 1.751969,
        -0.318351 -0.531912 1.751969,
        -0.196335 -0.582850 1.751969,
        -0.042335 -0.484574 1.751969,
        -0.066702 -0.608883 1.751969,
        0.042335 -0.484574 1.751969,
        0.065520 -0.608999 1.751969,
        0.125984 -0.471467 1.751969,
        0.195200 -0.583196 1.751969,
        0.317306 -0.532474 1.751969,
      ]
    }
    coordIndex [
      50, 49, 100, -1,
      100, 49, 101, -1,
      50, 100, 53, -1,
      53, 100, 102, -1,
      53, 102, 54, -1,
      54, 102, 41, -1,
      41, 102, 103, -1,
      104, 105, 106, -1,
      106, 105, 107, -1,
      106, 107, 108, -1,
      108, 107, 109, -1,
      110, 85, 84, -1,
      111, 112, 113, -1,
      113, 112, 114, -1,
      87, 86, 115, -1,
      115, 86, 85, -1,
      116, 97, 96, -1,
      117, 118, 119, -1,
      119, 118, 120, -1,
      119, 120, 97, -1,
      103, 89, 88, -1,
      121, 122, 110, -1,
      110, 122, 123, -1,
      110, 123, 85, -1,
      85, 123, 124, -1,
      85, 124, 115, -1,
      109, 125, 126, -1,
      125, 109, 127, -1,
      127, 109, 107, -1,
      127, 107, 128, -1,
      116, 96, 129, -1,
      129, 96, 95, -1,
      129, 95, 114, -1,
      114, 95, 94, -1,
      114, 94, 113, -1,
      130, 131, 116, -1,
      116, 131, 132, -1,
      116, 132, 97, -1,
      97, 132, 133, -1,
      97, 133, 119, -1,
      134, 89, 101, -1,
      101, 89, 103, -1,
      101, 103, 100, -1,
      100, 103, 102, -1,
      135, 136, 137, -1,
      137, 136, 138, -1,
      134, 137, 89, -1,
      89, 137, 138, -1,
      89, 138, 90, -1,
      90, 138, 139, -1,
      90, 139, 91, -1,
      91, 139, 140, -1,
      91, 140, 92, -1,
      141, 142, 143, -1,
      143, 142, 144, -1,
      143, 144, 92, -1,
      92, 144, 93, -1,
      84, 83, 110, -1,
      110, 83, 82, -1,
      110, 82, 145, -1,
      145, 82, 146, -1,
      145, 146, 144, -1,
      144, 146, 147, -1,
      144, 147, 93, -1,
      126, 148, 109, -1,
      109, 148, 149, -1,
      109, 149, 150, -1,
      150, 149, 151, -1,
      88, 152, 103, -1,
      103, 152, 153, -1,
      103, 153, 154, -1,
      154, 153, 99, -1,
      154, 99, 120, -1,
      120, 99, 98, -1,
      120, 98, 97, -1,
      155, 156, 140, -1,
      140, 156, 157, -1,
      140, 157, 92, -1,
      92, 157, 158, -1,
      92, 158, 143, -1,
      128, 107, 159, -1,
      159, 107, 160, -1,
      159, 160, 113, -1,
      113, 160, 161, -1,
      113, 161, 111, -1,
      162, 163, 115, -1,
      115, 163, 164, -1,
      115, 164, 87, -1,
      164, 165, 87, -1,
      87, 165, 166, -1,
      87, 166, 167, -1,
      167, 166, 168, -1,
      167, 168, 169, -1,
      169, 168, 170, -1,
      169, 170, 171, -1,
      171, 170, 172, -1,
      171, 172, 148, -1,
      148, 172, 173, -1,
      148, 173, 149, -1,
      131, 130, 40, -1,
      40, 130, 34, -1,
      112, 111, 33, -1,
      33, 111, 32, -1,
      105, 104, 19, -1,
      19, 104, 20, -1,
      150, 151, 26, -1,
      26, 151, 27, -1,
      9, 163, 76, -1,
      76, 163, 162, -1,
      76, 162, 77, -1,
      122, 121, 80, -1,
      80, 121, 81, -1,
      142, 141, 62, -1,
      62, 141, 63, -1,
      66, 156, 67, -1,
      67, 156, 155, -1,
      67, 155, 55, -1,
      136, 135, 59, -1,
      59, 135, 60, -1,
      118, 117, 45, -1,
      45, 117, 44, -1,
      44, 117, 43, -1,
      43, 117, 119, -1,
      4, 132, 5, -1,
      5, 132, 131, -1,
      5, 131, 40, -1,
      34, 130, 35, -1,
      35, 130, 116, -1,
      35, 116, 39, -1,
      33, 36, 112, -1,
      112, 36, 114, -1,
      32, 111, 31, -1,
      31, 111, 161, -1,
      19, 21, 105, -1,
      105, 21, 107, -1,
      20, 104, 24, -1,
      24, 104, 106, -1,
      24, 106, 28, -1,
      150, 26, 109, -1,
      109, 26, 25, -1,
      109, 25, 30, -1,
      149, 16, 151, -1,
      151, 16, 17, -1,
      151, 17, 27, -1,
      9, 7, 163, -1,
      163, 7, 164, -1,
      115, 78, 162, -1,
      162, 78, 79, -1,
      162, 79, 77, -1,
      1, 123, 2, -1,
      2, 123, 122, -1,
      2, 122, 80, -1,
      81, 121, 71, -1,
      71, 121, 110, -1,
      71, 110, 72, -1,
      142, 62, 144, -1,
      144, 62, 61, -1,
      144, 61, 73, -1,
      63, 141, 64, -1,
      64, 141, 143, -1,
      64, 143, 68, -1,
      70, 157, 65, -1,
      65, 157, 156, -1,
      65, 156, 66, -1,
      55, 155, 56, -1,
      56, 155, 140, -1,
      59, 58, 136, -1,
      136, 58, 138, -1,
      137, 52, 135, -1,
      135, 52, 51, -1,
      135, 51, 60, -1,
      118, 45, 120, -1,
      120, 45, 46, -1,
      120, 46, 47, -1,
      132, 4, 133, -1,
      133, 4, 3, -1,
      133, 3, 119, -1,
      119, 3, 43, -1,
      39, 116, 38, -1,
      38, 116, 129, -1,
      38, 129, 37, -1,
      37, 129, 114, -1,
      37, 114, 36, -1,
      160, 107, 21, -1,
      31, 161, 23, -1,
      23, 161, 160, -1,
      23, 160, 22, -1,
      22, 160, 21, -1,
      109, 30, 108, -1,
      108, 30, 29, -1,
      108, 29, 106, -1,
      106, 29, 28, -1,
      165, 164, 7, -1,
      7, 8, 165, -1,
      165, 8, 6, -1,
      165, 6, 166, -1,
      166, 6, 11, -1,
      166, 11, 168, -1,
      11, 12, 168, -1,
      168, 12, 10, -1,
      168, 10, 170, -1,
      170, 10, 14, -1,
      170, 14, 172, -1,
      14, 15, 172, -1,
      172, 15, 13, -1,
      172, 13, 173, -1,
      173, 13, 18, -1,
      173, 18, 149, -1,
      149, 18, 16, -1,
      123, 1, 124, -1,
      124, 1, 0, -1,
      124, 0, 115, -1,
      115, 0, 78, -1,
      72, 110, 75, -1,
      75, 110, 145, -1,
      75, 145, 74, -1,
      74, 145, 144, -1,
      74, 144, 73, -1,
      157, 70, 158, -1,
      158, 70, 69, -1,
      158, 69, 143, -1,
      143, 69, 68, -1,
      138, 58, 139, -1,
      139, 58, 57, -1,
      139, 57, 140, -1,
      140, 57, 56, -1,
      101, 49, 134, -1,
      134, 49, 48, -1,
      134, 48, 137, -1,
      137, 48, 52, -1,
      120, 47, 154, -1,
      154, 47, 42, -1,
      154, 42, 103, -1,
      103, 42, 41, -1,
    ]
  }
}

Shape {
  appearance Appearance {
    material Material {
      diffuseColor 1.0000 1.0000 1.0000
      specularColor 0.5020 0.5020 0.5020
      ambientIntensity 0.2
      transparency 0.0000
      shininess 0.5
    }
  }
  geometry IndexedFaceSet {
    ccw TRUE
    solid FALSE
    coord DEF co Coordinate {
      point [
        0.530522 0.185039 1.881890,
        0.490027 0.298219 1.881890,
        0.425718 0.399775 1.881890,
        0.340720 0.484773 1.881890,
        0.239163 0.549082 1.881890,
        0.125984 0.589577 1.881890,
        0.125984 -0.471467 1.881890,
        0.239163 -0.430972 1.881890,
        0.340720 -0.366663 1.881890,
        0.425718 -0.281665 1.881890,
        0.490027 -0.180108 1.881890,
        0.530522 -0.066929 1.881890,
        0.425718 -0.281665 1.751969,
        0.340720 -0.366663 1.751969,
        0.490027 -0.180108 1.751969,
        0.530522 -0.066929 1.751969,
        0.239163 -0.430972 1.751969,
        0.125984 -0.471467 1.751969,
        0.299243 0.295306 1.881890,
        0.297097 0.279003 1.881890,
        0.290804 0.263810 1.881890,
        0.280793 0.250764 1.881890,
        0.267747 0.240754 1.881890,
        0.252555 0.234461 1.881890,
        0.236251 0.232314 1.881890,
        0.125984 0.185039 1.881890,
        0.219948 0.234461 1.881890,
        0.252555 0.356152 1.881890,
        0.204755 0.240754 1.881890,
        0.191709 0.250764 1.881890,
        0.181698 0.263810 1.881890,
        0.181698 0.326802 1.881890,
        0.191709 0.339848 1.881890,
        0.267747 0.349859 1.881890,
        0.280793 0.339848 1.881890,
        0.290804 0.326802 1.881890,
        0.297097 0.311610 1.881890,
        0.175406 0.279003 1.881890,
        0.173259 0.295306 1.881890,
        0.175406 0.311610 1.881890,
        0.204755 0.349859 1.881890,
        0.219948 0.356152 1.881890,
        0.236251 0.358298 1.881890,
      ]
    }
    coordIndex [
      6, 17, 16, -1,
      6, 16, 7, -1,
      7, 16, 13, -1,
      7, 13, 8, -1,
      8, 13, 12, -1,
      8, 12, 9, -1,
      9, 12, 14, -1,
      9, 14, 10, -1,
      10, 14, 15, -1,
      10, 15, 11, -1,
      1, 18, 0, -1,
      0, 18, 19, -1,
      19, 20, 0, -1,
      0, 20, 21, -1,
      0, 21, 22, -1,
      22, 23, 0, -1,
      0, 23, 24, -1,
      0, 24, 25, -1,
      25, 24, 26, -1,
      3, 4, 27, -1,
      26, 28, 25, -1,
      25, 28, 29, -1,
      25, 29, 30, -1,
      5, 31, 32, -1,
      27, 33, 3, -1,
      3, 33, 34, -1,
      3, 34, 2, -1,
      2, 34, 35, -1,
      2, 35, 1, -1,
      1, 35, 36, -1,
      1, 36, 18, -1,
      30, 37, 25, -1,
      25, 37, 38, -1,
      25, 38, 5, -1,
      5, 38, 39, -1,
      5, 39, 31, -1,
      32, 40, 5, -1,
      5, 40, 41, -1,
      5, 41, 4, -1,
      4, 41, 42, -1,
      4, 42, 27, -1,
    ]
  }
}

Shape {
  appearance Appearance {
    material Material {
      diffuseColor 1.0000 1.0000 1.0000
      specularColor 0.8784 0.8784 0.8784
      ambientIntensity 0.2
      transparency 0.0000
      shininess 0.5
    }
  }
  geometry IndexedFaceSet {
    ccw TRUE
    solid FALSE
    coord DEF co Coordinate {
      point [
        -0.530522 -0.066929 1.881890,
        -0.530522 -0.066929 1.751969,
        -0.125984 -0.471467 1.751969,
        -0.125984 -0.471467 1.881890,
        -0.125984 0.589577 1.881890,
        -0.125984 0.589577 1.751969,
        -0.530522 0.185039 1.751969,
        -0.530522 0.185039 1.881890,
        0.530522 0.185039 1.881890,
        0.530522 0.185039 1.751969,
        0.125984 0.589577 1.751969,
        0.125984 0.589577 1.881890,
        0.125984 -0.471467 1.881890,
        0.125984 -0.066929 1.881890,
        0.530522 -0.066929 1.881890,
        -0.125984 -0.066929 1.881890,
        -0.267747 0.240754 1.881890,
        -0.280793 0.250764 1.881890,
        -0.181698 0.263810 1.881890,
        -0.191709 0.250764 1.881890,
        -0.125984 0.185039 1.881890,
        -0.204755 0.240754 1.881890,
        -0.204755 0.349859 1.881890,
        -0.191709 0.339848 1.881890,
        -0.181698 0.326802 1.881890,
        -0.175406 0.311610 1.881890,
        -0.173259 0.295306 1.881890,
        -0.175406 0.279003 1.881890,
        -0.297097 0.311610 1.881890,
        -0.219948 0.234461 1.881890,
        -0.236251 0.232314 1.881890,
        -0.252555 0.234461 1.881890,
        -0.290804 0.263810 1.881890,
        -0.297097 0.279003 1.881890,
        -0.299243 0.295306 1.881890,
        -0.236251 0.358298 1.881890,
        -0.219948 0.356152 1.881890,
        -0.290804 0.326802 1.881890,
        -0.280793 0.339848 1.881890,
        -0.267747 0.349859 1.881890,
        -0.252555 0.356152 1.881890,
        0.543630 0.101390 1.751969,
        0.530522 -0.066929 1.751969,
        -0.543630 0.016720 1.751969,
        -0.543630 0.101390 1.751969,
        -0.042335 0.602685 1.751969,
        0.042335 0.602685 1.751969,
        0.543630 0.016720 1.751969,
        -0.042335 -0.484574 1.751969,
        0.042335 -0.484574 1.751969,
        0.125984 -0.471467 1.751969,
        0.299243 0.295306 1.881890,
        0.297097 0.279003 1.881890,
        0.290804 0.263810 1.881890,
        0.280793 0.250764 1.881890,
        0.267747 0.240754 1.881890,
        0.252555 0.234461 1.881890,
        0.236251 0.232314 1.881890,
        0.125984 0.185039 1.881890,
        0.219948 0.234461 1.881890,
        0.252555 0.356152 1.881890,
        0.204755 0.240754 1.881890,
        0.191709 0.250764 1.881890,
        0.181698 0.263810 1.881890,
        0.181698 0.326802 1.881890,
        0.191709 0.339848 1.881890,
        0.267747 0.349859 1.881890,
        0.280793 0.339848 1.881890,
        0.290804 0.326802 1.881890,
        0.297097 0.311610 1.881890,
        0.175406 0.279003 1.881890,
        0.173259 0.295306 1.881890,
        0.175406 0.311610 1.881890,
        0.204755 0.349859 1.881890,
        0.219948 0.356152 1.881890,
        0.236251 0.358298 1.881890,
        0.125984 -0.066929 1.622047,
        0.125984 -0.471467 1.622047,
        -0.125984 -0.471467 1.622047,
        -0.042335 -0.484574 1.622047,
        0.042335 -0.484574 1.622047,
        -0.125984 -0.066929 1.622047,
        -0.042335 0.602685 1.622047,
        -0.125984 0.589577 1.622047,
        -0.125984 0.185039 1.622047,
        0.530522 0.185039 1.622047,
        0.125984 0.185039 1.622047,
        0.543630 0.101390 1.622047,
        0.543630 0.016720 1.622047,
        0.530522 -0.066929 1.622047,
        0.125984 0.589577 1.622047,
        0.042335 0.602685 1.622047,
        -0.530522 -0.066929 1.622047,
        -0.543630 0.016720 1.622047,
        -0.543630 0.101390 1.622047,
        -0.530522 0.185039 1.622047,
        0.299243 0.295306 1.842520,
        0.297097 0.311610 1.842520,
        0.290804 0.326802 1.842520,
        0.280793 0.339848 1.842520,
        0.267747 0.349859 1.842520,
        0.252555 0.356152 1.842520,
        0.236251 0.358298 1.842520,
        0.219948 0.356152 1.842520,
        0.204755 0.349859 1.842520,
        0.191709 0.339848 1.842520,
        0.181698 0.326802 1.842520,
        0.175406 0.311610 1.842520,
        0.173259 0.295306 1.842520,
        0.175406 0.279003 1.842520,
        0.181698 0.263810 1.842520,
        0.191709 0.250764 1.842520,
        0.204755 0.240754 1.842520,
        0.219948 0.234461 1.842520,
        0.236251 0.232314 1.842520,
        0.252555 0.234461 1.842520,
        0.267747 0.240754 1.842520,
        0.280793 0.250764 1.842520,
        0.290804 0.263810 1.842520,
        0.297097 0.279003 1.842520,
        0.236251 0.295306 1.842520,
        -0.173259 0.295306 1.842520,
        -0.175406 0.311610 1.842520,
        -0.181698 0.326802 1.842520,
        -0.191709 0.339848 1.842520,
        -0.204755 0.349859 1.842520,
        -0.219948 0.356152 1.842520,
        -0.236251 0.358298 1.842520,
        -0.252555 0.356152 1.842520,
        -0.267747 0.349859 1.842520,
        -0.280793 0.339848 1.842520,
        -0.290804 0.326802 1.842520,
        -0.297097 0.311610 1.842520,
        -0.299243 0.295306 1.842520,
        -0.297097 0.279003 1.842520,
        -0.290804 0.263810 1.842520,
        -0.280793 0.250764 1.842520,
        -0.267747 0.240754 1.842520,
        -0.252555 0.234461 1.842520,
        -0.236251 0.232314 1.842520,
        -0.219948 0.234461 1.842520,
        -0.204755 0.240754 1.842520,
        -0.191709 0.250764 1.842520,
        -0.181698 0.263810 1.842520,
        -0.175406 0.279003 1.842520,
        -0.236251 0.295306 1.842520,
      ]
    }
    coordIndex [
      12, 13, 50, -1,
      50, 13, 76, -1,
      50, 76, 77, -1,
      78, 2, 79, -1,
      79, 2, 48, -1,
      79, 48, 80, -1,
      80, 48, 49, -1,
      80, 49, 77, -1,
      77, 49, 50, -1,
      78, 81, 2, -1,
      2, 81, 15, -1,
      2, 15, 3, -1,
      82, 83, 84, -1,
      80, 77, 76, -1,
      81, 78, 79, -1,
      85, 86, 87, -1,
      87, 86, 76, -1,
      87, 76, 88, -1,
      88, 76, 89, -1,
      86, 90, 91, -1,
      92, 81, 93, -1,
      93, 81, 84, -1,
      93, 84, 94, -1,
      94, 84, 95, -1,
      91, 82, 86, -1,
      86, 82, 84, -1,
      86, 84, 76, -1,
      76, 84, 81, -1,
      76, 81, 80, -1,
      80, 81, 79, -1,
      90, 10, 91, -1,
      91, 10, 46, -1,
      91, 46, 82, -1,
      82, 46, 45, -1,
      82, 45, 83, -1,
      83, 45, 5, -1,
      90, 86, 10, -1,
      10, 86, 58, -1,
      10, 58, 11, -1,
      4, 20, 5, -1,
      5, 20, 84, -1,
      5, 84, 83, -1,
      89, 42, 88, -1,
      88, 42, 47, -1,
      88, 47, 87, -1,
      87, 47, 41, -1,
      87, 41, 85, -1,
      85, 41, 9, -1,
      89, 76, 42, -1,
      42, 76, 13, -1,
      42, 13, 14, -1,
      8, 58, 9, -1,
      9, 58, 86, -1,
      9, 86, 85, -1,
      0, 15, 1, -1,
      1, 15, 81, -1,
      1, 81, 92, -1,
      95, 6, 94, -1,
      94, 6, 44, -1,
      94, 44, 93, -1,
      93, 44, 43, -1,
      93, 43, 92, -1,
      92, 43, 1, -1,
      95, 84, 6, -1,
      6, 84, 20, -1,
      6, 20, 7, -1,
      96, 51, 97, -1,
      97, 51, 69, -1,
      97, 69, 98, -1,
      98, 69, 68, -1,
      98, 68, 99, -1,
      99, 68, 67, -1,
      99, 67, 100, -1,
      100, 67, 66, -1,
      100, 66, 101, -1,
      101, 66, 60, -1,
      101, 60, 102, -1,
      102, 60, 75, -1,
      102, 75, 103, -1,
      103, 75, 74, -1,
      103, 74, 104, -1,
      104, 74, 73, -1,
      104, 73, 105, -1,
      105, 73, 65, -1,
      105, 65, 106, -1,
      106, 65, 64, -1,
      106, 64, 107, -1,
      107, 64, 72, -1,
      107, 72, 108, -1,
      108, 72, 71, -1,
      108, 71, 109, -1,
      109, 71, 70, -1,
      109, 70, 110, -1,
      110, 70, 63, -1,
      110, 63, 111, -1,
      111, 63, 62, -1,
      111, 62, 112, -1,
      112, 62, 61, -1,
      112, 61, 113, -1,
      113, 61, 59, -1,
      113, 59, 114, -1,
      114, 59, 57, -1,
      114, 57, 115, -1,
      115, 57, 56, -1,
      115, 56, 116, -1,
      116, 56, 55, -1,
      116, 55, 117, -1,
      117, 55, 54, -1,
      117, 54, 118, -1,
      118, 54, 53, -1,
      118, 53, 119, -1,
      119, 53, 52, -1,
      119, 52, 96, -1,
      96, 52, 51, -1,
      118, 119, 120, -1,
      120, 119, 96, -1,
      120, 96, 97, -1,
      115, 116, 120, -1,
      120, 116, 117, -1,
      120, 117, 118, -1,
      112, 113, 120, -1,
      120, 113, 114, -1,
      120, 114, 115, -1,
      109, 110, 120, -1,
      120, 110, 111, -1,
      120, 111, 112, -1,
      106, 107, 120, -1,
      120, 107, 108, -1,
      120, 108, 109, -1,
      103, 104, 120, -1,
      120, 104, 105, -1,
      120, 105, 106, -1,
      100, 101, 120, -1,
      120, 101, 102, -1,
      120, 102, 103, -1,
      97, 98, 120, -1,
      120, 98, 99, -1,
      120, 99, 100, -1,
      121, 26, 122, -1,
      122, 26, 25, -1,
      122, 25, 123, -1,
      123, 25, 24, -1,
      123, 24, 124, -1,
      124, 24, 23, -1,
      124, 23, 125, -1,
      125, 23, 22, -1,
      125, 22, 126, -1,
      126, 22, 36, -1,
      126, 36, 127, -1,
      127, 36, 35, -1,
      127, 35, 128, -1,
      128, 35, 40, -1,
      128, 40, 129, -1,
      129, 40, 39, -1,
      129, 39, 130, -1,
      130, 39, 38, -1,
      130, 38, 131, -1,
      131, 38, 37, -1,
      131, 37, 132, -1,
      132, 37, 28, -1,
      132, 28, 133, -1,
      133, 28, 34, -1,
      133, 34, 134, -1,
      134, 34, 33, -1,
      134, 33, 135, -1,
      135, 33, 32, -1,
      135, 32, 136, -1,
      136, 32, 17, -1,
      136, 17, 137, -1,
      137, 17, 16, -1,
      137, 16, 138, -1,
      138, 16, 31, -1,
      138, 31, 139, -1,
      139, 31, 30, -1,
      139, 30, 140, -1,
      140, 30, 29, -1,
      140, 29, 141, -1,
      141, 29, 21, -1,
      141, 21, 142, -1,
      142, 21, 19, -1,
      142, 19, 143, -1,
      143, 19, 18, -1,
      143, 18, 144, -1,
      144, 18, 27, -1,
      144, 27, 121, -1,
      121, 27, 26, -1,
      143, 144, 145, -1,
      145, 144, 121, -1,
      145, 121, 122, -1,
      140, 141, 145, -1,
      145, 141, 142, -1,
      145, 142, 143, -1,
      137, 138, 145, -1,
      145, 138, 139, -1,
      145, 139, 140, -1,
      134, 135, 145, -1,
      145, 135, 136, -1,
      145, 136, 137, -1,
      131, 132, 145, -1,
      145, 132, 133, -1,
      145, 133, 134, -1,
      128, 129, 145, -1,
      145, 129, 130, -1,
      145, 130, 131, -1,
      125, 126, 145, -1,
      145, 126, 127, -1,
      145, 127, 128, -1,
      122, 123, 145, -1,
      145, 123, 124, -1,
      145, 124, 125, -1,
    ]
  }
}

Shape {
  appearance Appearance {
    material Material {
      diffuseColor 1.0000 1.0000 1.0000
      specularColor 0.5020 0.5020 0.5020
      ambientIntensity 0.2
      transparency 0.0000
      shininess 0.5
    }
  }
  geometry IndexedFaceSet {
    ccw TRUE
    solid FALSE
    coord DEF co Coordinate {
      point [
        0.563223 -1.017293 1.850394,
        0.563223 -1.053017 1.850394,
        0.503131 -0.794082 1.850394,
        0.503444 -0.791203 1.850394,
        0.080571 -0.779807 1.850394,
        0.077572 -0.791203 1.850394,
        0.181000 -0.705213 1.850394,
        -0.421453 -1.053017 1.850394,
        -0.424627 -1.054652 1.850394,
        -0.462411 -1.063735 1.850394,
        -0.489147 -1.065306 1.850394,
        -0.535726 -1.061061 1.850394,
        -0.560717 -1.053017 1.850394,
        -0.361353 -1.000996 1.850394,
        -0.375998 -1.021980 1.850394,
        -0.398015 -1.040946 1.850394,
        -0.349287 -0.939693 1.850394,
        -0.349011 -0.947600 1.850394,
        -0.352615 -0.978029 1.850394,
        -0.361684 -0.900317 1.850394,
        -0.353110 -0.919226 1.850394,
        -0.372667 -0.800593 1.850394,
        -0.383265 -0.817507 1.850394,
        -0.392696 -0.870083 1.850394,
        -0.374006 -0.884717 1.850394,
        -0.443835 -0.853226 1.850394,
        -0.443835 -0.854201 1.850394,
        -0.435132 -0.850642 1.850394,
        -0.414775 -0.860173 1.850394,
        -0.406533 -0.837616 1.850394,
        -0.389730 -0.824622 1.850394,
        -0.565066 -0.735221 1.850394,
        -0.420159 -0.791203 1.850394,
        -0.418594 -0.787064 1.850394,
        -0.382151 -0.699964 1.850394,
        -0.371924 -0.715906 1.850394,
        -0.416270 -0.769208 1.850394,
        -0.416228 -0.767479 1.850394,
        -0.543213 -0.720069 1.850394,
        -0.515487 -0.708742 1.850394,
        -0.363415 -0.755251 1.850394,
        -0.365907 -0.780239 1.850394,
        -0.369549 -0.791203 1.850394,
        -0.441659 -0.715406 1.850394,
        -0.455545 -0.709400 1.850394,
        -0.417636 -0.751276 1.850394,
        -0.478355 -0.705487 1.850394,
        -0.487871 -0.705213 1.850394,
        -0.365513 -0.734477 1.850394,
        -0.434569 -0.720386 1.850394,
        -0.421382 -0.738586 1.850394,
        -0.426870 -0.728704 1.850394,
        -0.534660 -0.673890 1.850394,
        -0.502313 -0.664288 1.850394,
        -0.474818 -0.662002 1.850394,
        -0.443074 -0.665003 1.850394,
        -0.417728 -0.672965 1.850394,
        -0.397971 -0.684717 1.850394,
        -0.541060 -0.878057 1.850394,
        -0.541060 -0.834846 1.850394,
        -0.565066 -0.692010 1.850394,
        -0.510077 -0.834846 1.850394,
        -0.569593 -1.050160 1.850394,
        -0.579470 -1.044900 1.850394,
        -0.579470 -0.992087 1.850394,
        -0.547153 -1.010765 1.850394,
        -0.508427 -0.878057 1.850394,
        -0.513624 -1.020227 1.850394,
        -0.489147 -1.022094 1.850394,
        -0.471189 -0.880764 1.850394,
        -0.442503 -0.888654 1.850394,
        -0.455669 -0.826513 1.850394,
        -0.439914 -0.818112 1.850394,
        -0.430144 -0.809356 1.850394,
        -0.477807 -0.832381 1.850394,
        -0.423222 -0.799297 1.850394,
        -0.463275 -1.019798 1.850394,
        -0.401824 -0.950676 1.850394,
        -0.403636 -0.932900 1.850394,
        -0.408220 -0.919446 1.850394,
        -0.443239 -1.013651 1.850394,
        -0.428889 -1.005416 1.850394,
        -0.403365 -0.966330 1.850394,
        -0.417376 -0.994948 1.850394,
        -0.408341 -0.981414 1.850394,
        -0.415833 -0.907589 1.850394,
        -0.426304 -0.897737 1.850394,
        -0.258239 -1.053017 1.850394,
        -0.233248 -1.061061 1.850394,
        -0.118976 -1.053017 1.850394,
        -0.122150 -1.054652 1.850394,
        -0.159933 -1.063735 1.850394,
        -0.186669 -1.065306 1.850394,
        -0.050138 -0.978029 1.850394,
        -0.058875 -1.000996 1.850394,
        -0.073520 -1.021980 1.850394,
        -0.095538 -1.040946 1.850394,
        -0.059207 -0.900317 1.850394,
        -0.071528 -0.884717 1.850394,
        -0.090219 -0.870083 1.850394,
        -0.050633 -0.919226 1.850394,
        -0.046809 -0.939693 1.850394,
        -0.046533 -0.947600 1.850394,
        -0.067071 -0.791203 1.850394,
        -0.070190 -0.800593 1.850394,
        -0.080788 -0.817507 1.850394,
        -0.141358 -0.853226 1.850394,
        -0.141358 -0.854201 1.850394,
        -0.132655 -0.850642 1.850394,
        -0.112298 -0.860173 1.850394,
        -0.104055 -0.837616 1.850394,
        -0.087253 -0.824622 1.850394,
        -0.079673 -0.699964 1.850394,
        -0.069447 -0.715906 1.850394,
        -0.116117 -0.787064 1.850394,
        -0.113793 -0.769208 1.850394,
        -0.262589 -0.735221 1.850394,
        -0.113751 -0.767479 1.850394,
        -0.240735 -0.720069 1.850394,
        -0.213010 -0.708742 1.850394,
        -0.139182 -0.715406 1.850394,
        -0.153068 -0.709400 1.850394,
        -0.115159 -0.751276 1.850394,
        -0.175878 -0.705487 1.850394,
        -0.185394 -0.705213 1.850394,
        -0.132092 -0.720386 1.850394,
        -0.118905 -0.738586 1.850394,
        -0.124393 -0.728704 1.850394,
        -0.262589 -0.692010 1.850394,
        -0.232182 -0.673890 1.850394,
        -0.115251 -0.672965 1.850394,
        -0.095493 -0.684717 1.850394,
        -0.063035 -0.734477 1.850394,
        -0.060937 -0.755251 1.850394,
        -0.063430 -0.780239 1.850394,
        -0.199835 -0.664288 1.850394,
        -0.172341 -0.662002 1.850394,
        -0.140597 -0.665003 1.850394,
        -0.267115 -1.050160 1.850394,
        -0.276993 -1.044900 1.850394,
        -0.276993 -0.992087 1.850394,
        -0.238583 -0.878057 1.850394,
        -0.238583 -0.834846 1.850394,
        -0.207600 -0.834846 1.850394,
        -0.175329 -0.832381 1.850394,
        -0.244676 -1.010765 1.850394,
        -0.205949 -0.878057 1.850394,
        -0.211147 -1.020227 1.850394,
        -0.186669 -1.022094 1.850394,
        -0.168712 -0.880764 1.850394,
        -0.140025 -0.888654 1.850394,
        -0.153192 -0.826513 1.850394,
        -0.137437 -0.818112 1.850394,
        -0.127667 -0.809356 1.850394,
        -0.120744 -0.799297 1.850394,
        -0.117682 -0.791203 1.850394,
        -0.160798 -1.019798 1.850394,
        -0.099347 -0.950676 1.850394,
        -0.101158 -0.932900 1.850394,
        -0.105743 -0.919446 1.850394,
        -0.140761 -1.013651 1.850394,
        -0.126411 -1.005416 1.850394,
        -0.100888 -0.966330 1.850394,
        -0.114899 -0.994948 1.850394,
        -0.105863 -0.981414 1.850394,
        -0.113355 -0.907589 1.850394,
        -0.123826 -0.897737 1.850394,
        0.236925 -0.672404 1.850394,
        0.246342 -0.677606 1.850394,
        0.134981 -0.715646 1.850394,
        0.115528 -0.728852 1.850394,
        0.096400 -0.750320 1.850394,
        0.246342 -0.720817 1.850394,
        0.214589 -0.709163 1.850394,
        0.029724 -0.791203 1.850394,
        0.036883 -0.765859 1.850394,
        0.155625 -0.708079 1.850394,
        0.062897 -0.720394 1.850394,
        0.088596 -0.693532 1.850394,
        0.116010 -0.675928 1.850394,
        0.148893 -0.664973 1.850394,
        0.180024 -0.662002 1.850394,
        0.214348 -0.665147 1.850394,
        0.090345 -1.053017 1.850394,
        0.087611 -1.051943 1.850394,
        0.066201 -1.036732 1.850394,
        0.048690 -1.016824 1.850394,
        0.031847 -0.985363 1.850394,
        0.019085 -0.935448 1.850394,
        0.015883 -0.886985 1.850394,
        0.021157 -0.821526 1.850394,
        0.200685 -1.053017 1.850394,
        0.110986 -1.061124 1.850394,
        0.198030 -1.054609 1.850394,
        0.171128 -1.062960 1.850394,
        0.144766 -1.065306 1.850394,
        0.065620 -0.866955 1.850394,
        0.066896 -0.866955 1.850394,
        0.068651 -0.825107 1.850394,
        0.081301 -0.844619 1.850394,
        0.097206 -0.829241 1.850394,
        0.116016 -0.818441 1.850394,
        0.210065 -0.822120 1.850394,
        0.231730 -0.836634 1.850394,
        0.248697 -0.855654 1.850394,
        0.261260 -0.879395 1.850394,
        0.256603 -0.997143 1.850394,
        0.240861 -1.021495 1.850394,
        0.220689 -1.041020 1.850394,
        0.136606 -0.812543 1.850394,
        0.157069 -0.810840 1.850394,
        0.186616 -0.813975 1.850394,
        0.269039 -0.911046 1.850394,
        0.270348 -0.932971 1.850394,
        0.266607 -0.968571 1.850394,
        0.434640 -0.662002 1.850394,
        0.468079 -0.665151 1.850394,
        0.494590 -0.673613 1.850394,
        0.518437 -0.688409 1.850394,
        0.534341 -0.704766 1.850394,
        0.373350 -0.721079 1.850394,
        0.346108 -0.740267 1.850394,
        0.332764 -0.753076 1.850394,
        0.332764 -0.704913 1.850394,
        0.359643 -0.682367 1.850394,
        0.386283 -0.669351 1.850394,
        0.417351 -0.662787 1.850394,
        0.505608 -0.771305 1.850394,
        0.503842 -0.754244 1.850394,
        0.499344 -0.741185 1.850394,
        0.471092 -0.713567 1.850394,
        0.452578 -0.707371 1.850394,
        0.429839 -0.705213 1.850394,
        0.400311 -0.709574 1.850394,
        0.545039 -0.723033 1.850394,
        0.551510 -0.744000 1.850394,
        0.553620 -0.767479 1.850394,
        0.551081 -0.791203 1.850394,
        0.492381 -0.730163 1.850394,
        0.483264 -0.721244 1.850394,
        0.318360 -1.053017 1.850394,
        0.318360 -1.040999 1.850394,
        0.321745 -1.003863 1.850394,
        0.331505 -0.974793 1.850394,
        0.347463 -0.949943 1.850394,
        0.379711 -0.917828 1.850394,
        0.420986 -0.886615 1.850394,
        0.425262 -0.883609 1.850394,
        0.480430 -0.837216 1.850394,
        0.495398 -0.815587 1.850394,
        0.318360 -1.060504 1.850394,
        0.563223 -1.060504 1.850394,
        0.549747 -0.803663 1.850394,
        0.538731 -0.833749 1.850394,
        0.522904 -0.857498 1.850394,
        0.485332 -0.893164 1.850394,
        0.465623 -0.907615 1.850394,
        0.404172 -0.952596 1.850394,
        0.385201 -0.971332 1.850394,
        0.376523 -0.984693 1.850394,
        0.371765 -0.998761 1.850394,
        0.369973 -1.017293 1.850394,
        0.505608 -0.771305 1.846457,
        0.503131 -0.794082 1.846457,
        0.495398 -0.815587 1.846457,
        0.480430 -0.837216 1.846457,
        0.425262 -0.883609 1.846457,
        0.429839 -0.705213 1.846457,
        0.452578 -0.707371 1.846457,
        0.471092 -0.713567 1.846457,
        0.483264 -0.721244 1.846457,
        0.492381 -0.730163 1.846457,
        0.499344 -0.741185 1.846457,
        0.503842 -0.754244 1.846457,
        0.332764 -0.753076 1.846457,
        0.346108 -0.740267 1.846457,
        0.373350 -0.721079 1.846457,
        0.400311 -0.709574 1.846457,
        0.332764 -0.704913 1.846457,
        0.434640 -0.662002 1.846457,
        0.417351 -0.662787 1.846457,
        0.386283 -0.669351 1.846457,
        0.359643 -0.682367 1.846457,
        0.553620 -0.767479 1.846457,
        0.551510 -0.744000 1.846457,
        0.545039 -0.723033 1.846457,
        0.534341 -0.704766 1.846457,
        0.518437 -0.688409 1.846457,
        0.494590 -0.673613 1.846457,
        0.468079 -0.665151 1.846457,
        0.549747 -0.803663 1.846457,
        0.538731 -0.833749 1.846457,
        0.522904 -0.857498 1.846457,
        0.485332 -0.893164 1.846457,
        0.465623 -0.907615 1.846457,
        0.369973 -1.017293 1.846457,
        0.371765 -0.998761 1.846457,
        0.376523 -0.984693 1.846457,
        0.385201 -0.971332 1.846457,
        0.404172 -0.952596 1.846457,
        0.563223 -1.017293 1.846457,
        0.563223 -1.060504 1.846457,
        0.318360 -1.060504 1.846457,
        0.318360 -1.040999 1.846457,
        0.420986 -0.886615 1.846457,
        0.379711 -0.917828 1.846457,
        0.347463 -0.949943 1.846457,
        0.331505 -0.974793 1.846457,
        0.321745 -1.003863 1.846457,
        0.246342 -0.677606 1.846457,
        0.246342 -0.720817 1.846457,
        0.181000 -0.705213 1.846457,
        0.214589 -0.709163 1.846457,
        0.065620 -0.866955 1.846457,
        0.080571 -0.779807 1.846457,
        0.068651 -0.825107 1.846457,
        0.096400 -0.750320 1.846457,
        0.115528 -0.728852 1.846457,
        0.134981 -0.715646 1.846457,
        0.155625 -0.708079 1.846457,
        0.066896 -0.866955 1.846457,
        0.157069 -0.810840 1.846457,
        0.136606 -0.812543 1.846457,
        0.116016 -0.818441 1.846457,
        0.097206 -0.829241 1.846457,
        0.081301 -0.844619 1.846457,
        0.270348 -0.932971 1.846457,
        0.269039 -0.911046 1.846457,
        0.261260 -0.879395 1.846457,
        0.248697 -0.855654 1.846457,
        0.231730 -0.836634 1.846457,
        0.210065 -0.822120 1.846457,
        0.186616 -0.813975 1.846457,
        0.144766 -1.065306 1.846457,
        0.171128 -1.062960 1.846457,
        0.198030 -1.054609 1.846457,
        0.220689 -1.041020 1.846457,
        0.240861 -1.021495 1.846457,
        0.256603 -0.997143 1.846457,
        0.266607 -0.968571 1.846457,
        0.110986 -1.061124 1.846457,
        0.015883 -0.886985 1.846457,
        0.019085 -0.935448 1.846457,
        0.031847 -0.985363 1.846457,
        0.048690 -1.016824 1.846457,
        0.066201 -1.036732 1.846457,
        0.087611 -1.051943 1.846457,
        0.021157 -0.821526 1.846457,
        0.180024 -0.662002 1.846457,
        0.148893 -0.664973 1.846457,
        0.116010 -0.675928 1.846457,
        0.088596 -0.693532 1.846457,
        0.062897 -0.720394 1.846457,
        0.036883 -0.765859 1.846457,
        0.236925 -0.672404 1.846457,
        0.214348 -0.665147 1.846457,
        0.069128 -0.920554 1.846457,
        0.073215 -0.902706 1.846457,
        0.103505 -1.009167 1.846457,
        0.092146 -0.998344 1.846457,
        0.079522 -0.979007 1.846457,
        0.071615 -0.956648 1.846457,
        0.068696 -0.929596 1.846457,
        0.082051 -0.885678 1.846457,
        0.094923 -0.871191 1.846457,
        0.109115 -0.861661 1.846457,
        0.124278 -0.856226 1.846457,
        0.143865 -0.854051 1.846457,
        0.156231 -0.854777 1.846457,
        0.171850 -0.858372 1.846457,
        0.184648 -0.864464 1.846457,
        0.195331 -0.873037 1.846457,
        0.201562 -0.880318 1.846457,
        0.209896 -0.895061 1.846457,
        0.215457 -0.914014 1.846457,
        0.217534 -0.938298 1.846457,
        0.215798 -0.958725 1.846457,
        0.210476 -0.977079 1.846457,
        0.201813 -0.992881 1.846457,
        0.189919 -1.005972 1.846457,
        0.177141 -1.014673 1.846457,
        0.163359 -1.019811 1.846457,
        0.144391 -1.022094 1.846457,
        0.130469 -1.020846 1.846457,
        0.116033 -1.016454 1.846457,
        0.068696 -0.929596 1.850394,
        0.069128 -0.920554 1.850394,
        0.073215 -0.902706 1.850394,
        0.082051 -0.885678 1.850394,
        0.094923 -0.871191 1.850394,
        0.109115 -0.861661 1.850394,
        0.124278 -0.856226 1.850394,
        0.143865 -0.854051 1.850394,
        0.156231 -0.854777 1.850394,
        0.171850 -0.858372 1.850394,
        0.184648 -0.864464 1.850394,
        0.195331 -0.873037 1.850394,
        0.201562 -0.880318 1.850394,
        0.209896 -0.895061 1.850394,
        0.215457 -0.914014 1.850394,
        0.217534 -0.938298 1.850394,
        0.215798 -0.958725 1.850394,
        0.210476 -0.977079 1.850394,
        0.201813 -0.992881 1.850394,
        0.189919 -1.005972 1.850394,
        0.177141 -1.014673 1.850394,
        0.163359 -1.019811 1.850394,
        0.144391 -1.022094 1.850394,
        0.130469 -1.020846 1.850394,
        0.116033 -1.016454 1.850394,
        0.103505 -1.009167 1.850394,
        0.092146 -0.998344 1.850394,
        0.079522 -0.979007 1.850394,
        0.071615 -0.956648 1.850394,
        -0.276993 -1.044900 1.846457,
        -0.276993 -0.992087 1.846457,
        -0.186669 -1.022094 1.846457,
        -0.211147 -1.020227 1.846457,
        -0.244676 -1.010765 1.846457,
        -0.099347 -0.950676 1.846457,
        -0.100888 -0.966330 1.846457,
        -0.105863 -0.981414 1.846457,
        -0.114899 -0.994948 1.846457,
        -0.126411 -1.005416 1.846457,
        -0.140761 -1.013651 1.846457,
        -0.160798 -1.019798 1.846457,
        -0.205949 -0.878057 1.846457,
        -0.168712 -0.880764 1.846457,
        -0.140025 -0.888654 1.846457,
        -0.123826 -0.897737 1.846457,
        -0.113355 -0.907589 1.846457,
        -0.105743 -0.919446 1.846457,
        -0.101158 -0.932900 1.846457,
        -0.238583 -0.878057 1.846457,
        -0.238583 -0.834846 1.846457,
        -0.207600 -0.834846 1.846457,
        -0.113751 -0.767479 1.846457,
        -0.113793 -0.769208 1.846457,
        -0.116117 -0.787064 1.846457,
        -0.120744 -0.799297 1.846457,
        -0.127667 -0.809356 1.846457,
        -0.137437 -0.818112 1.846457,
        -0.153192 -0.826513 1.846457,
        -0.175329 -0.832381 1.846457,
        -0.185394 -0.705213 1.846457,
        -0.175878 -0.705487 1.846457,
        -0.153068 -0.709400 1.846457,
        -0.139182 -0.715406 1.846457,
        -0.132092 -0.720386 1.846457,
        -0.124393 -0.728704 1.846457,
        -0.118905 -0.738586 1.846457,
        -0.115159 -0.751276 1.846457,
        -0.262589 -0.735221 1.846457,
        -0.240735 -0.720069 1.846457,
        -0.213010 -0.708742 1.846457,
        -0.262589 -0.692010 1.846457,
        -0.172341 -0.662002 1.846457,
        -0.199835 -0.664288 1.846457,
        -0.232182 -0.673890 1.846457,
        -0.060937 -0.755251 1.846457,
        -0.063035 -0.734477 1.846457,
        -0.069447 -0.715906 1.846457,
        -0.079673 -0.699964 1.846457,
        -0.095493 -0.684717 1.846457,
        -0.115251 -0.672965 1.846457,
        -0.140597 -0.665003 1.846457,
        -0.063430 -0.780239 1.846457,
        -0.141358 -0.853226 1.846457,
        -0.132655 -0.850642 1.846457,
        -0.104055 -0.837616 1.846457,
        -0.087253 -0.824622 1.846457,
        -0.080788 -0.817507 1.846457,
        -0.070190 -0.800593 1.846457,
        -0.141358 -0.854201 1.846457,
        -0.046533 -0.947600 1.846457,
        -0.046809 -0.939693 1.846457,
        -0.050633 -0.919226 1.846457,
        -0.059207 -0.900317 1.846457,
        -0.071528 -0.884717 1.846457,
        -0.090219 -0.870083 1.846457,
        -0.112298 -0.860173 1.846457,
        -0.186669 -1.065306 1.846457,
        -0.159933 -1.063735 1.846457,
        -0.122150 -1.054652 1.846457,
        -0.095538 -1.040946 1.846457,
        -0.073520 -1.021980 1.846457,
        -0.058875 -1.000996 1.846457,
        -0.050138 -0.978029 1.846457,
        -0.233248 -1.061061 1.846457,
        -0.267115 -1.050160 1.846457,
        -0.579470 -1.044900 1.846457,
        -0.579470 -0.992087 1.846457,
        -0.489147 -1.022094 1.846457,
        -0.513624 -1.020227 1.846457,
        -0.547153 -1.010765 1.846457,
        -0.401824 -0.950676 1.846457,
        -0.403365 -0.966330 1.846457,
        -0.408341 -0.981414 1.846457,
        -0.417376 -0.994948 1.846457,
        -0.428889 -1.005416 1.846457,
        -0.443239 -1.013651 1.846457,
        -0.463275 -1.019798 1.846457,
        -0.508427 -0.878057 1.846457,
        -0.471189 -0.880764 1.846457,
        -0.442503 -0.888654 1.846457,
        -0.426304 -0.897737 1.846457,
        -0.415833 -0.907589 1.846457,
        -0.408220 -0.919446 1.846457,
        -0.403636 -0.932900 1.846457,
        -0.541060 -0.878057 1.846457,
        -0.541060 -0.834846 1.846457,
        -0.510077 -0.834846 1.846457,
        -0.416228 -0.767479 1.846457,
        -0.416270 -0.769208 1.846457,
        -0.418594 -0.787064 1.846457,
        -0.423222 -0.799297 1.846457,
        -0.430144 -0.809356 1.846457,
        -0.439914 -0.818112 1.846457,
        -0.455669 -0.826513 1.846457,
        -0.477807 -0.832381 1.846457,
        -0.487871 -0.705213 1.846457,
        -0.478355 -0.705487 1.846457,
        -0.455545 -0.709400 1.846457,
        -0.441659 -0.715406 1.846457,
        -0.434569 -0.720386 1.846457,
        -0.426870 -0.728704 1.846457,
        -0.421382 -0.738586 1.846457,
        -0.417636 -0.751276 1.846457,
        -0.565066 -0.735221 1.846457,
        -0.543213 -0.720069 1.846457,
        -0.515487 -0.708742 1.846457,
        -0.565066 -0.692010 1.846457,
        -0.474818 -0.662002 1.846457,
        -0.502313 -0.664288 1.846457,
        -0.534660 -0.673890 1.846457,
        -0.363415 -0.755251 1.846457,
        -0.365513 -0.734477 1.846457,
        -0.371924 -0.715906 1.846457,
        -0.382151 -0.699964 1.846457,
        -0.397971 -0.684717 1.846457,
        -0.417728 -0.672965 1.846457,
        -0.443074 -0.665003 1.846457,
        -0.365907 -0.780239 1.846457,
        -0.443835 -0.853226 1.846457,
        -0.435132 -0.850642 1.846457,
        -0.406533 -0.837616 1.846457,
        -0.389730 -0.824622 1.846457,
        -0.383265 -0.817507 1.846457,
        -0.372667 -0.800593 1.846457,
        -0.443835 -0.854201 1.846457,
        -0.349011 -0.947600 1.846457,
        -0.349287 -0.939693 1.846457,
        -0.353110 -0.919226 1.846457,
        -0.361684 -0.900317 1.846457,
        -0.374006 -0.884717 1.846457,
        -0.392696 -0.870083 1.846457,
        -0.414775 -0.860173 1.846457,
        -0.489147 -1.065306 1.846457,
        -0.462411 -1.063735 1.846457,
        -0.424627 -1.054652 1.846457,
        -0.398015 -1.040946 1.846457,
        -0.375998 -1.021980 1.846457,
        -0.361353 -1.000996 1.846457,
        -0.352615 -0.978029 1.846457,
        -0.535726 -1.061061 1.846457,
        -0.569593 -1.050160 1.846457,
      ]
    }
    coordIndex [
      262, 227, 263, -1,
      263, 227, 3, -1,
      3, 2, 263, -1,
      263, 2, 249, -1,
      263, 249, 264, -1,
      264, 249, 248, -1,
      264, 248, 265, -1,
      265, 248, 247, -1,
      265, 247, 266, -1,
      267, 232, 231, -1,
      267, 231, 268, -1,
      268, 231, 230, -1,
      268, 230, 269, -1,
      269, 230, 239, -1,
      269, 239, 270, -1,
      270, 239, 238, -1,
      270, 238, 271, -1,
      271, 238, 229, -1,
      271, 229, 272, -1,
      272, 229, 228, -1,
      272, 228, 273, -1,
      273, 228, 227, -1,
      273, 227, 262, -1,
      274, 222, 221, -1,
      274, 221, 275, -1,
      275, 221, 220, -1,
      275, 220, 276, -1,
      276, 220, 233, -1,
      276, 233, 277, -1,
      277, 233, 232, -1,
      277, 232, 267, -1,
      274, 278, 222, -1,
      222, 278, 223, -1,
      279, 215, 226, -1,
      279, 226, 280, -1,
      280, 226, 225, -1,
      280, 225, 281, -1,
      281, 225, 224, -1,
      281, 224, 282, -1,
      282, 224, 223, -1,
      282, 223, 278, -1,
      283, 236, 235, -1,
      283, 235, 284, -1,
      284, 235, 234, -1,
      284, 234, 285, -1,
      285, 234, 219, -1,
      285, 219, 286, -1,
      286, 219, 218, -1,
      286, 218, 287, -1,
      287, 218, 217, -1,
      287, 217, 288, -1,
      288, 217, 216, -1,
      288, 216, 289, -1,
      289, 216, 215, -1,
      289, 215, 279, -1,
      236, 283, 237, -1,
      237, 283, 290, -1,
      237, 290, 252, -1,
      252, 290, 291, -1,
      252, 291, 253, -1,
      253, 291, 292, -1,
      253, 292, 254, -1,
      254, 292, 293, -1,
      254, 293, 255, -1,
      255, 293, 294, -1,
      255, 294, 256, -1,
      295, 261, 260, -1,
      295, 260, 296, -1,
      296, 260, 259, -1,
      296, 259, 297, -1,
      297, 259, 258, -1,
      297, 258, 298, -1,
      298, 258, 257, -1,
      298, 257, 299, -1,
      299, 257, 256, -1,
      299, 256, 294, -1,
      295, 300, 261, -1,
      261, 300, 0, -1,
      0, 300, 1, -1,
      1, 300, 301, -1,
      1, 301, 251, -1,
      301, 302, 251, -1,
      251, 302, 250, -1,
      303, 241, 302, -1,
      302, 241, 240, -1,
      302, 240, 250, -1,
      266, 247, 246, -1,
      266, 246, 304, -1,
      304, 246, 245, -1,
      304, 245, 305, -1,
      305, 245, 244, -1,
      305, 244, 306, -1,
      306, 244, 243, -1,
      306, 243, 307, -1,
      307, 243, 242, -1,
      307, 242, 308, -1,
      308, 242, 241, -1,
      308, 241, 303, -1,
      301, 300, 302, -1,
      302, 300, 295, -1,
      267, 280, 277, -1,
      277, 280, 281, -1,
      277, 281, 276, -1,
      276, 281, 282, -1,
      276, 282, 275, -1,
      275, 282, 278, -1,
      275, 278, 274, -1,
      265, 266, 294, -1,
      294, 266, 304, -1,
      294, 304, 299, -1,
      299, 304, 305, -1,
      299, 305, 298, -1,
      298, 305, 306, -1,
      298, 306, 297, -1,
      297, 306, 307, -1,
      297, 307, 296, -1,
      296, 307, 308, -1,
      296, 308, 295, -1,
      295, 308, 303, -1,
      295, 303, 302, -1,
      294, 293, 265, -1,
      265, 293, 292, -1,
      265, 292, 264, -1,
      264, 292, 291, -1,
      264, 291, 263, -1,
      263, 291, 290, -1,
      263, 290, 262, -1,
      262, 290, 283, -1,
      262, 283, 273, -1,
      273, 283, 284, -1,
      273, 284, 272, -1,
      272, 284, 285, -1,
      272, 285, 271, -1,
      271, 285, 286, -1,
      271, 286, 270, -1,
      270, 286, 287, -1,
      270, 287, 269, -1,
      269, 287, 288, -1,
      269, 288, 268, -1,
      268, 288, 289, -1,
      268, 289, 267, -1,
      267, 289, 279, -1,
      267, 279, 280, -1,
      309, 310, 168, -1,
      168, 310, 172, -1,
      311, 6, 173, -1,
      311, 173, 312, -1,
      312, 173, 172, -1,
      312, 172, 310, -1,
      313, 196, 198, -1,
      5, 314, 198, -1,
      198, 314, 315, -1,
      198, 315, 313, -1,
      5, 4, 314, -1,
      314, 4, 171, -1,
      314, 171, 316, -1,
      316, 171, 170, -1,
      316, 170, 317, -1,
      317, 170, 169, -1,
      317, 169, 318, -1,
      318, 169, 176, -1,
      318, 176, 319, -1,
      319, 176, 6, -1,
      319, 6, 311, -1,
      313, 320, 196, -1,
      196, 320, 197, -1,
      321, 210, 209, -1,
      321, 209, 322, -1,
      322, 209, 201, -1,
      322, 201, 323, -1,
      323, 201, 200, -1,
      323, 200, 324, -1,
      324, 200, 199, -1,
      324, 199, 325, -1,
      325, 199, 197, -1,
      325, 197, 320, -1,
      326, 213, 212, -1,
      326, 212, 327, -1,
      327, 212, 205, -1,
      327, 205, 328, -1,
      328, 205, 204, -1,
      328, 204, 329, -1,
      329, 204, 203, -1,
      329, 203, 330, -1,
      330, 203, 202, -1,
      330, 202, 331, -1,
      331, 202, 211, -1,
      331, 211, 332, -1,
      332, 211, 210, -1,
      332, 210, 321, -1,
      333, 195, 194, -1,
      333, 194, 334, -1,
      334, 194, 193, -1,
      334, 193, 335, -1,
      335, 193, 191, -1,
      335, 191, 336, -1,
      191, 208, 336, -1,
      336, 208, 207, -1,
      336, 207, 337, -1,
      337, 207, 206, -1,
      337, 206, 338, -1,
      338, 206, 214, -1,
      338, 214, 339, -1,
      339, 214, 213, -1,
      339, 213, 326, -1,
      195, 333, 340, -1,
      341, 189, 188, -1,
      341, 188, 342, -1,
      342, 188, 187, -1,
      342, 187, 343, -1,
      343, 187, 186, -1,
      343, 186, 344, -1,
      344, 186, 185, -1,
      344, 185, 345, -1,
      345, 185, 184, -1,
      345, 184, 346, -1,
      346, 184, 183, -1,
      346, 183, 340, -1,
      340, 183, 192, -1,
      340, 192, 195, -1,
      189, 341, 347, -1,
      348, 181, 180, -1,
      348, 180, 349, -1,
      349, 180, 179, -1,
      349, 179, 350, -1,
      350, 179, 178, -1,
      350, 178, 351, -1,
      351, 178, 177, -1,
      351, 177, 352, -1,
      352, 177, 175, -1,
      352, 175, 353, -1,
      353, 175, 174, -1,
      353, 174, 347, -1,
      347, 174, 190, -1,
      347, 190, 189, -1,
      309, 168, 167, -1,
      309, 167, 354, -1,
      354, 167, 182, -1,
      354, 182, 355, -1,
      355, 182, 181, -1,
      355, 181, 348, -1,
      356, 357, 342, -1,
      341, 313, 315, -1,
      310, 309, 354, -1,
      310, 354, 312, -1,
      312, 354, 355, -1,
      312, 355, 311, -1,
      311, 355, 348, -1,
      311, 348, 319, -1,
      319, 348, 349, -1,
      319, 349, 318, -1,
      318, 349, 350, -1,
      318, 350, 317, -1,
      317, 350, 351, -1,
      317, 351, 316, -1,
      316, 351, 352, -1,
      316, 352, 314, -1,
      314, 352, 353, -1,
      314, 353, 315, -1,
      315, 353, 347, -1,
      315, 347, 341, -1,
      346, 358, 345, -1,
      345, 358, 359, -1,
      345, 359, 344, -1,
      344, 359, 360, -1,
      344, 360, 343, -1,
      343, 360, 361, -1,
      343, 361, 342, -1,
      342, 361, 362, -1,
      342, 362, 356, -1,
      341, 342, 313, -1,
      313, 342, 357, -1,
      313, 357, 320, -1,
      320, 357, 363, -1,
      320, 363, 325, -1,
      325, 363, 364, -1,
      325, 364, 324, -1,
      324, 364, 365, -1,
      324, 365, 323, -1,
      323, 365, 366, -1,
      323, 366, 322, -1,
      322, 366, 367, -1,
      322, 367, 321, -1,
      321, 367, 368, -1,
      321, 368, 332, -1,
      332, 368, 369, -1,
      332, 369, 331, -1,
      331, 369, 370, -1,
      331, 370, 330, -1,
      330, 370, 371, -1,
      330, 371, 329, -1,
      329, 371, 372, -1,
      329, 372, 328, -1,
      328, 372, 373, -1,
      328, 373, 327, -1,
      327, 373, 374, -1,
      327, 374, 326, -1,
      326, 374, 375, -1,
      326, 375, 339, -1,
      339, 375, 376, -1,
      339, 376, 338, -1,
      338, 376, 377, -1,
      338, 377, 337, -1,
      337, 377, 378, -1,
      337, 378, 336, -1,
      336, 378, 379, -1,
      336, 379, 335, -1,
      335, 379, 380, -1,
      335, 380, 334, -1,
      334, 380, 381, -1,
      334, 381, 333, -1,
      333, 381, 382, -1,
      333, 382, 340, -1,
      340, 382, 383, -1,
      340, 383, 346, -1,
      346, 383, 384, -1,
      346, 384, 358, -1,
      362, 385, 386, -1,
      362, 386, 356, -1,
      356, 386, 387, -1,
      356, 387, 357, -1,
      357, 387, 388, -1,
      357, 388, 363, -1,
      363, 388, 389, -1,
      363, 389, 364, -1,
      364, 389, 390, -1,
      364, 390, 365, -1,
      365, 390, 391, -1,
      365, 391, 366, -1,
      366, 391, 392, -1,
      366, 392, 367, -1,
      367, 392, 393, -1,
      367, 393, 368, -1,
      368, 393, 394, -1,
      368, 394, 369, -1,
      369, 394, 395, -1,
      369, 395, 370, -1,
      370, 395, 396, -1,
      370, 396, 371, -1,
      371, 396, 397, -1,
      371, 397, 372, -1,
      372, 397, 398, -1,
      372, 398, 373, -1,
      373, 398, 399, -1,
      373, 399, 374, -1,
      374, 399, 400, -1,
      374, 400, 375, -1,
      375, 400, 401, -1,
      375, 401, 376, -1,
      376, 401, 402, -1,
      376, 402, 377, -1,
      377, 402, 403, -1,
      377, 403, 378, -1,
      378, 403, 404, -1,
      378, 404, 379, -1,
      379, 404, 405, -1,
      379, 405, 380, -1,
      380, 405, 406, -1,
      380, 406, 381, -1,
      381, 406, 407, -1,
      381, 407, 382, -1,
      382, 407, 408, -1,
      382, 408, 383, -1,
      383, 408, 409, -1,
      383, 409, 384, -1,
      384, 409, 410, -1,
      384, 410, 358, -1,
      358, 410, 411, -1,
      358, 411, 359, -1,
      359, 411, 412, -1,
      359, 412, 360, -1,
      360, 412, 413, -1,
      360, 413, 361, -1,
      361, 413, 385, -1,
      361, 385, 362, -1,
      414, 415, 139, -1,
      139, 415, 140, -1,
      416, 148, 147, -1,
      416, 147, 417, -1,
      417, 147, 145, -1,
      417, 145, 418, -1,
      418, 145, 140, -1,
      418, 140, 415, -1,
      419, 157, 162, -1,
      419, 162, 420, -1,
      420, 162, 164, -1,
      420, 164, 421, -1,
      421, 164, 163, -1,
      421, 163, 422, -1,
      422, 163, 161, -1,
      422, 161, 423, -1,
      423, 161, 160, -1,
      423, 160, 424, -1,
      424, 160, 156, -1,
      424, 156, 425, -1,
      425, 156, 148, -1,
      425, 148, 416, -1,
      426, 146, 149, -1,
      426, 149, 427, -1,
      427, 149, 150, -1,
      427, 150, 428, -1,
      428, 150, 166, -1,
      428, 166, 429, -1,
      429, 166, 165, -1,
      429, 165, 430, -1,
      430, 165, 159, -1,
      430, 159, 431, -1,
      431, 159, 158, -1,
      431, 158, 432, -1,
      432, 158, 157, -1,
      432, 157, 419, -1,
      426, 433, 146, -1,
      146, 433, 141, -1,
      433, 434, 141, -1,
      141, 434, 142, -1,
      434, 435, 142, -1,
      142, 435, 143, -1,
      436, 117, 115, -1,
      436, 115, 437, -1,
      437, 115, 114, -1,
      437, 114, 438, -1,
      438, 114, 155, -1,
      438, 155, 439, -1,
      155, 154, 439, -1,
      439, 154, 153, -1,
      439, 153, 440, -1,
      440, 153, 152, -1,
      440, 152, 441, -1,
      441, 152, 151, -1,
      441, 151, 442, -1,
      442, 151, 144, -1,
      442, 144, 443, -1,
      443, 144, 143, -1,
      443, 143, 435, -1,
      444, 124, 123, -1,
      444, 123, 445, -1,
      445, 123, 121, -1,
      445, 121, 446, -1,
      446, 121, 120, -1,
      446, 120, 447, -1,
      447, 120, 125, -1,
      447, 125, 448, -1,
      448, 125, 127, -1,
      448, 127, 449, -1,
      449, 127, 126, -1,
      449, 126, 450, -1,
      450, 126, 122, -1,
      450, 122, 451, -1,
      451, 122, 117, -1,
      451, 117, 436, -1,
      452, 116, 118, -1,
      452, 118, 453, -1,
      453, 118, 119, -1,
      453, 119, 454, -1,
      454, 119, 124, -1,
      454, 124, 444, -1,
      452, 455, 116, -1,
      116, 455, 128, -1,
      456, 136, 135, -1,
      456, 135, 457, -1,
      457, 135, 129, -1,
      457, 129, 458, -1,
      458, 129, 128, -1,
      458, 128, 455, -1,
      459, 133, 132, -1,
      459, 132, 460, -1,
      460, 132, 113, -1,
      460, 113, 461, -1,
      461, 113, 112, -1,
      461, 112, 462, -1,
      462, 112, 131, -1,
      462, 131, 463, -1,
      463, 131, 130, -1,
      463, 130, 464, -1,
      464, 130, 137, -1,
      464, 137, 465, -1,
      465, 137, 136, -1,
      465, 136, 456, -1,
      133, 459, 466, -1,
      467, 106, 108, -1,
      467, 108, 468, -1,
      468, 108, 110, -1,
      468, 110, 469, -1,
      469, 110, 111, -1,
      469, 111, 470, -1,
      470, 111, 105, -1,
      470, 105, 471, -1,
      471, 105, 104, -1,
      471, 104, 472, -1,
      472, 104, 103, -1,
      472, 103, 466, -1,
      466, 103, 134, -1,
      466, 134, 133, -1,
      467, 473, 106, -1,
      106, 473, 107, -1,
      474, 102, 101, -1,
      474, 101, 475, -1,
      475, 101, 100, -1,
      475, 100, 476, -1,
      476, 100, 97, -1,
      476, 97, 477, -1,
      477, 97, 98, -1,
      477, 98, 478, -1,
      478, 98, 99, -1,
      478, 99, 479, -1,
      479, 99, 109, -1,
      479, 109, 480, -1,
      480, 109, 107, -1,
      480, 107, 473, -1,
      481, 92, 91, -1,
      481, 91, 482, -1,
      482, 91, 90, -1,
      482, 90, 483, -1,
      483, 90, 89, -1,
      483, 89, 484, -1,
      89, 96, 484, -1,
      484, 96, 95, -1,
      484, 95, 485, -1,
      485, 95, 94, -1,
      485, 94, 486, -1,
      486, 94, 93, -1,
      486, 93, 487, -1,
      487, 93, 102, -1,
      487, 102, 474, -1,
      92, 481, 488, -1,
      414, 139, 138, -1,
      414, 138, 489, -1,
      489, 138, 87, -1,
      489, 87, 488, -1,
      488, 87, 88, -1,
      488, 88, 92, -1,
      434, 433, 435, -1,
      435, 433, 426, -1,
      435, 426, 443, -1,
      443, 426, 427, -1,
      415, 414, 418, -1,
      418, 414, 489, -1,
      418, 489, 417, -1,
      417, 489, 488, -1,
      417, 488, 416, -1,
      416, 488, 481, -1,
      416, 481, 425, -1,
      425, 481, 482, -1,
      425, 482, 424, -1,
      424, 482, 483, -1,
      424, 483, 423, -1,
      423, 483, 484, -1,
      423, 484, 422, -1,
      422, 484, 485, -1,
      422, 485, 421, -1,
      421, 485, 486, -1,
      421, 486, 420, -1,
      420, 486, 487, -1,
      420, 487, 419, -1,
      487, 474, 419, -1,
      419, 474, 475, -1,
      419, 475, 432, -1,
      432, 475, 476, -1,
      432, 476, 431, -1,
      431, 476, 477, -1,
      431, 477, 430, -1,
      430, 477, 478, -1,
      430, 478, 429, -1,
      429, 478, 479, -1,
      429, 479, 428, -1,
      428, 479, 480, -1,
      428, 480, 427, -1,
      427, 480, 473, -1,
      427, 473, 443, -1,
      443, 473, 467, -1,
      443, 467, 442, -1,
      442, 467, 468, -1,
      442, 468, 441, -1,
      441, 468, 469, -1,
      441, 469, 440, -1,
      440, 469, 470, -1,
      440, 470, 439, -1,
      439, 470, 471, -1,
      439, 471, 438, -1,
      438, 471, 472, -1,
      438, 472, 437, -1,
      437, 472, 466, -1,
      437, 466, 436, -1,
      436, 466, 459, -1,
      436, 459, 451, -1,
      451, 459, 460, -1,
      451, 460, 450, -1,
      450, 460, 461, -1,
      450, 461, 449, -1,
      449, 461, 462, -1,
      449, 462, 448, -1,
      448, 462, 463, -1,
      448, 463, 447, -1,
      447, 463, 464, -1,
      447, 464, 446, -1,
      446, 464, 465, -1,
      446, 465, 445, -1,
      445, 465, 456, -1,
      445, 456, 444, -1,
      444, 456, 457, -1,
      444, 457, 454, -1,
      454, 457, 458, -1,
      454, 458, 453, -1,
      453, 458, 455, -1,
      453, 455, 452, -1,
      490, 491, 63, -1,
      63, 491, 64, -1,
      492, 68, 67, -1,
      492, 67, 493, -1,
      493, 67, 65, -1,
      493, 65, 494, -1,
      494, 65, 64, -1,
      494, 64, 491, -1,
      495, 77, 82, -1,
      495, 82, 496, -1,
      496, 82, 84, -1,
      496, 84, 497, -1,
      497, 84, 83, -1,
      497, 83, 498, -1,
      498, 83, 81, -1,
      498, 81, 499, -1,
      499, 81, 80, -1,
      499, 80, 500, -1,
      500, 80, 76, -1,
      500, 76, 501, -1,
      501, 76, 68, -1,
      501, 68, 492, -1,
      502, 66, 69, -1,
      502, 69, 503, -1,
      503, 69, 70, -1,
      503, 70, 504, -1,
      504, 70, 86, -1,
      504, 86, 505, -1,
      505, 86, 85, -1,
      505, 85, 506, -1,
      506, 85, 79, -1,
      506, 79, 507, -1,
      507, 79, 78, -1,
      507, 78, 508, -1,
      508, 78, 77, -1,
      508, 77, 495, -1,
      502, 509, 66, -1,
      66, 509, 58, -1,
      509, 510, 58, -1,
      58, 510, 59, -1,
      510, 511, 59, -1,
      59, 511, 61, -1,
      512, 37, 36, -1,
      512, 36, 513, -1,
      513, 36, 33, -1,
      513, 33, 514, -1,
      514, 33, 32, -1,
      514, 32, 515, -1,
      32, 75, 515, -1,
      515, 75, 73, -1,
      515, 73, 516, -1,
      516, 73, 72, -1,
      516, 72, 517, -1,
      517, 72, 71, -1,
      517, 71, 518, -1,
      518, 71, 74, -1,
      518, 74, 519, -1,
      519, 74, 61, -1,
      519, 61, 511, -1,
      520, 47, 46, -1,
      520, 46, 521, -1,
      521, 46, 44, -1,
      521, 44, 522, -1,
      522, 44, 43, -1,
      522, 43, 523, -1,
      523, 43, 49, -1,
      523, 49, 524, -1,
      524, 49, 51, -1,
      524, 51, 525, -1,
      525, 51, 50, -1,
      525, 50, 526, -1,
      526, 50, 45, -1,
      526, 45, 527, -1,
      527, 45, 37, -1,
      527, 37, 512, -1,
      528, 31, 38, -1,
      528, 38, 529, -1,
      529, 38, 39, -1,
      529, 39, 530, -1,
      530, 39, 47, -1,
      530, 47, 520, -1,
      528, 531, 31, -1,
      31, 531, 60, -1,
      532, 54, 53, -1,
      532, 53, 533, -1,
      533, 53, 52, -1,
      533, 52, 534, -1,
      534, 52, 60, -1,
      534, 60, 531, -1,
      535, 40, 48, -1,
      535, 48, 536, -1,
      536, 48, 35, -1,
      536, 35, 537, -1,
      537, 35, 34, -1,
      537, 34, 538, -1,
      538, 34, 57, -1,
      538, 57, 539, -1,
      539, 57, 56, -1,
      539, 56, 540, -1,
      540, 56, 55, -1,
      540, 55, 541, -1,
      541, 55, 54, -1,
      541, 54, 532, -1,
      40, 535, 542, -1,
      543, 25, 27, -1,
      543, 27, 544, -1,
      544, 27, 29, -1,
      544, 29, 545, -1,
      545, 29, 30, -1,
      545, 30, 546, -1,
      546, 30, 22, -1,
      546, 22, 547, -1,
      547, 22, 21, -1,
      547, 21, 548, -1,
      548, 21, 42, -1,
      548, 42, 542, -1,
      542, 42, 41, -1,
      542, 41, 40, -1,
      543, 549, 25, -1,
      25, 549, 26, -1,
      550, 17, 16, -1,
      550, 16, 551, -1,
      551, 16, 20, -1,
      551, 20, 552, -1,
      552, 20, 19, -1,
      552, 19, 553, -1,
      553, 19, 24, -1,
      553, 24, 554, -1,
      554, 24, 23, -1,
      554, 23, 555, -1,
      555, 23, 28, -1,
      555, 28, 556, -1,
      556, 28, 26, -1,
      556, 26, 549, -1,
      557, 10, 9, -1,
      557, 9, 558, -1,
      558, 9, 8, -1,
      558, 8, 559, -1,
      559, 8, 7, -1,
      559, 7, 560, -1,
      7, 15, 560, -1,
      560, 15, 14, -1,
      560, 14, 561, -1,
      561, 14, 13, -1,
      561, 13, 562, -1,
      562, 13, 18, -1,
      562, 18, 563, -1,
      563, 18, 17, -1,
      563, 17, 550, -1,
      10, 557, 564, -1,
      490, 63, 62, -1,
      490, 62, 565, -1,
      565, 62, 12, -1,
      565, 12, 564, -1,
      564, 12, 11, -1,
      564, 11, 10, -1,
      510, 509, 511, -1,
      511, 509, 502, -1,
      511, 502, 519, -1,
      519, 502, 503, -1,
      491, 490, 494, -1,
      494, 490, 565, -1,
      494, 565, 493, -1,
      493, 565, 564, -1,
      493, 564, 492, -1,
      492, 564, 557, -1,
      492, 557, 501, -1,
      501, 557, 558, -1,
      501, 558, 500, -1,
      500, 558, 559, -1,
      500, 559, 499, -1,
      499, 559, 560, -1,
      499, 560, 498, -1,
      498, 560, 561, -1,
      498, 561, 497, -1,
      497, 561, 562, -1,
      497, 562, 496, -1,
      496, 562, 563, -1,
      496, 563, 495, -1,
      563, 550, 495, -1,
      495, 550, 551, -1,
      495, 551, 508, -1,
      508, 551, 552, -1,
      508, 552, 507, -1,
      507, 552, 553, -1,
      507, 553, 506, -1,
      506, 553, 554, -1,
      506, 554, 505, -1,
      505, 554, 555, -1,
      505, 555, 504, -1,
      504, 555, 556, -1,
      504, 556, 503, -1,
      503, 556, 549, -1,
      503, 549, 519, -1,
      519, 549, 543, -1,
      519, 543, 518, -1,
      518, 543, 544, -1,
      518, 544, 517, -1,
      517, 544, 545, -1,
      517, 545, 516, -1,
      516, 545, 546, -1,
      516, 546, 515, -1,
      515, 546, 547, -1,
      515, 547, 514, -1,
      514, 547, 548, -1,
      514, 548, 513, -1,
      513, 548, 542, -1,
      513, 542, 512, -1,
      512, 542, 535, -1,
      512, 535, 527, -1,
      527, 535, 536, -1,
      527, 536, 526, -1,
      526, 536, 537, -1,
      526, 537, 525, -1,
      525, 537, 538, -1,
      525, 538, 524, -1,
      524, 538, 539, -1,
      524, 539, 523, -1,
      523, 539, 540, -1,
      523, 540, 522, -1,
      522, 540, 541, -1,
      522, 541, 521, -1,
      521, 541, 532, -1,
      521, 532, 520, -1,
      520, 532, 533, -1,
      520, 533, 530, -1,
      530, 533, 534, -1,
      530, 534, 529, -1,
      529, 534, 531, -1,
      529, 531, 528, -1,
    ]
  }
}

Shape {
  appearance Appearance {
    material Material {
      diffuseColor 0.0000 0.4902 1.0000
      specularColor 0.0000 0.2431 0.5020
      ambientIntensity 0.2
      transparency 0.0000
      shininess 0.5
    }
  }
  geometry IndexedFaceSet {
    ccw TRUE
    solid FALSE
    coord DEF co Coordinate {
      point [
        0.068696 -0.929596 1.850394,
        0.069128 -0.920554 1.850394,
        0.073215 -0.902706 1.850394,
        0.082051 -0.885678 1.850394,
        0.094923 -0.871191 1.850394,
        0.109115 -0.861661 1.850394,
        0.124278 -0.856226 1.850394,
        0.143865 -0.854051 1.850394,
        0.156231 -0.854777 1.850394,
        0.171850 -0.858372 1.850394,
        0.184648 -0.864464 1.850394,
        0.195331 -0.873037 1.850394,
        0.201562 -0.880318 1.850394,
        0.209896 -0.895061 1.850394,
        0.215457 -0.914014 1.850394,
        0.217534 -0.938298 1.850394,
        0.215798 -0.958725 1.850394,
        0.210476 -0.977079 1.850394,
        0.201813 -0.992881 1.850394,
        0.189919 -1.005972 1.850394,
        0.177141 -1.014673 1.850394,
        0.163359 -1.019811 1.850394,
        0.144391 -1.022094 1.850394,
        0.130469 -1.020846 1.850394,
        0.116033 -1.016454 1.850394,
        0.103505 -1.009167 1.850394,
        0.092146 -0.998344 1.850394,
        0.079522 -0.979007 1.850394,
        0.071615 -0.956648 1.850394,
      ]
    }
    coordIndex [
      15, 14, 0, -1,
      0, 14, 13, -1,
      0, 13, 12, -1,
      12, 11, 0, -1,
      0, 11, 10, -1,
      0, 10, 9, -1,
      27, 26, 16, -1,
      17, 16, 22, -1,
      22, 16, 23, -1,
      9, 8, 0, -1,
      0, 8, 7, -1,
      0, 7, 1, -1,
      1, 7, 6, -1,
      1, 6, 5, -1,
      15, 0, 16, -1,
      16, 0, 28, -1,
      16, 28, 27, -1,
      26, 25, 16, -1,
      16, 25, 24, -1,
      16, 24, 23, -1,
      21, 20, 19, -1,
      5, 4, 1, -1,
      1, 4, 3, -1,
      1, 3, 2, -1,
      21, 19, 22, -1,
      22, 19, 18, -1,
      22, 18, 17, -1,
    ]
  }
}

Shape {
  appearance Appearance {
    material Material {
      diffuseColor 1.0000 1.0000 1.0000
      specularColor 0.5020 0.5020 0.5020
      ambientIntensity 0.2
      transparency 0.0000
      shininess 0.5
    }
  }
  geometry IndexedFaceSet {
    ccw TRUE
    solid FALSE
    coord DEF co Coordinate {
      point [
        1.172418 -1.023867 1.850394,
        1.161409 -1.033350 1.850394,
        1.185911 -0.986677 1.850394,
        1.184109 -1.001891 1.850394,
        1.179740 -1.013375 1.850394,
        1.179574 -0.963035 1.850394,
        1.183861 -0.972490 1.850394,
        1.115843 -1.045529 1.850394,
        1.129211 -1.044744 1.850394,
        1.148103 -1.040202 1.850394,
        1.169341 -0.862859 1.850394,
        1.174454 -0.870830 1.850394,
        1.161431 -0.855235 1.850394,
        1.185773 -0.982723 1.850394,
        1.138499 -0.939490 1.850394,
        1.138499 -0.939977 1.850394,
        1.142850 -0.938198 1.850394,
        1.153029 -0.942963 1.850394,
        1.157150 -0.931685 1.850394,
        1.164068 -0.947919 1.850394,
        1.165551 -0.925188 1.850394,
        1.168784 -0.921630 1.850394,
        1.177660 -0.880115 1.850394,
        1.178709 -0.890502 1.850394,
        1.177463 -0.902996 1.850394,
        1.093086 -0.849822 1.850394,
        1.109260 -0.845020 1.850394,
        1.173413 -0.955235 1.850394,
        1.174083 -0.913173 1.850394,
        1.123007 -0.843878 1.850394,
        1.138879 -0.845378 1.850394,
        1.151552 -0.849359 1.850394,
        1.070681 -1.008920 1.850394,
        1.079330 -1.013918 1.850394,
        1.079330 -0.879484 1.850394,
        1.077883 -0.858881 1.850394,
        1.079330 -0.858020 1.850394,
        1.077883 -0.880487 1.850394,
        1.070681 -1.035327 1.850394,
        1.092554 -1.043407 1.850394,
        1.079330 -1.039150 1.850394,
        1.075620 -1.037957 1.850394,
        1.086840 -1.018259 1.850394,
        1.106203 -0.951906 1.850394,
        1.089887 -0.951906 1.850394,
        1.103604 -1.022990 1.850394,
        1.115843 -1.023924 1.850394,
        1.124822 -0.953259 1.850394,
        1.139165 -0.957204 1.850394,
        1.121513 -0.929067 1.850394,
        1.102672 -0.867247 1.850394,
        1.105378 -0.930300 1.850394,
        1.088810 -0.872911 1.850394,
        1.089887 -0.930300 1.850394,
        1.152281 -0.897481 1.850394,
        1.152302 -0.896616 1.850394,
        1.128779 -1.022776 1.850394,
        1.159504 -0.988215 1.850394,
        1.158598 -0.979327 1.850394,
        1.156306 -0.972600 1.850394,
        1.138797 -1.019702 1.850394,
        1.145972 -1.015585 1.850394,
        1.158733 -0.996042 1.850394,
        1.151728 -1.010351 1.850394,
        1.156246 -1.003584 1.850394,
        1.132581 -0.926133 1.850394,
        1.140459 -0.921933 1.850394,
        1.145344 -0.917555 1.850394,
        1.148806 -0.912525 1.850394,
        1.151119 -0.906409 1.850394,
        1.139587 -0.870580 1.850394,
        1.132644 -0.867577 1.850394,
        1.151598 -0.888515 1.850394,
        1.121239 -0.865620 1.850394,
        1.116481 -0.865483 1.850394,
        1.152500 -0.966671 1.850394,
        1.147265 -0.961745 1.850394,
        1.143131 -0.873070 1.850394,
        1.149725 -0.882169 1.850394,
        1.146981 -0.877228 1.850394,
        0.725497 0.747874 1.850394,
        0.859331 1.141575 1.850394,
        0.965482 0.795224 1.850394,
        0.928847 0.769400 1.850394,
        0.886020 0.752969 1.850394,
        0.842452 0.747874 1.850394,
        0.990175 0.823527 1.850394,
        0.983006 0.815310 1.850394,
        1.053372 1.106404 1.850394,
        1.057712 1.095293 1.850394,
        1.059544 1.081789 1.850394,
        1.020815 1.133920 1.850394,
        1.035596 1.126031 1.850394,
        1.046215 1.116639 1.850394,
        1.012259 0.916255 1.850394,
        1.037743 1.018280 1.850394,
        1.005946 0.929364 1.850394,
        1.011585 0.989322 1.850394,
        0.973060 1.141575 1.850394,
        0.983006 1.140848 1.850394,
        0.998724 1.139700 1.850394,
        1.057621 1.063030 1.850394,
        1.054231 1.051102 1.850394,
        1.015152 0.901710 1.850394,
        1.014291 0.882676 1.850394,
        1.008994 0.861528 1.850394,
        0.983006 0.948926 1.850394,
        0.986972 0.947192 1.850394,
        0.997871 0.939024 1.850394,
        0.980735 0.968680 1.850394,
        0.954456 0.958378 1.850394,
        0.954080 0.957328 1.850394,
        0.983006 0.970199 1.850394,
        0.972633 0.953459 1.850394,
        -1.101875 -1.043129 1.850394,
        -1.077869 -1.043129 1.850394,
        -1.077869 -0.843878 1.850394,
        -1.087208 -0.843878 1.850394,
        -1.115872 -0.862320 1.850394,
        -1.101875 -0.875911 1.850394,
        -1.120059 -0.888120 1.850394,
        -1.143800 -0.898086 1.850394,
        -1.147486 -0.899092 1.850394,
        -1.147486 -0.875086 1.850394,
        1.070681 -1.035327 1.846457,
        1.070681 -1.008920 1.846457,
        1.086840 -1.018259 1.846457,
        1.103604 -1.022990 1.846457,
        1.115843 -1.023924 1.846457,
        1.159504 -0.988215 1.846457,
        1.158733 -0.996042 1.846457,
        1.156246 -1.003584 1.846457,
        1.151728 -1.010351 1.846457,
        1.145972 -1.015585 1.846457,
        1.138797 -1.019702 1.846457,
        1.128779 -1.022776 1.846457,
        1.106203 -0.951906 1.846457,
        1.124822 -0.953259 1.846457,
        1.139165 -0.957204 1.846457,
        1.147265 -0.961745 1.846457,
        1.152500 -0.966671 1.846457,
        1.156306 -0.972600 1.846457,
        1.158598 -0.979327 1.846457,
        1.089887 -0.951906 1.846457,
        1.089887 -0.930300 1.846457,
        1.105378 -0.930300 1.846457,
        1.152302 -0.896616 1.846457,
        1.152281 -0.897481 1.846457,
        1.151119 -0.906409 1.846457,
        1.148806 -0.912525 1.846457,
        1.145344 -0.917555 1.846457,
        1.140459 -0.921933 1.846457,
        1.132581 -0.926133 1.846457,
        1.121513 -0.929067 1.846457,
        1.116481 -0.865483 1.846457,
        1.121239 -0.865620 1.846457,
        1.132644 -0.867577 1.846457,
        1.139587 -0.870580 1.846457,
        1.143131 -0.873070 1.846457,
        1.146981 -0.877228 1.846457,
        1.149725 -0.882169 1.846457,
        1.151598 -0.888515 1.846457,
        1.077883 -0.880487 1.846457,
        1.088810 -0.872911 1.846457,
        1.102672 -0.867247 1.846457,
        1.077883 -0.858881 1.846457,
        1.093086 -0.849822 1.846457,
        1.109260 -0.845020 1.846457,
        1.123007 -0.843878 1.846457,
        1.178709 -0.890502 1.846457,
        1.177660 -0.880115 1.846457,
        1.174454 -0.870830 1.846457,
        1.169341 -0.862859 1.846457,
        1.161431 -0.855235 1.846457,
        1.151552 -0.849359 1.846457,
        1.138879 -0.845378 1.846457,
        1.138499 -0.939490 1.846457,
        1.142850 -0.938198 1.846457,
        1.157150 -0.931685 1.846457,
        1.165551 -0.925188 1.846457,
        1.168784 -0.921630 1.846457,
        1.174083 -0.913173 1.846457,
        1.177463 -0.902996 1.846457,
        1.138499 -0.939977 1.846457,
        1.185911 -0.986677 1.846457,
        1.185773 -0.982723 1.846457,
        1.183861 -0.972490 1.846457,
        1.179574 -0.963035 1.846457,
        1.173413 -0.955235 1.846457,
        1.164068 -0.947919 1.846457,
        1.153029 -0.942963 1.846457,
        1.115843 -1.045529 1.846457,
        1.129211 -1.044744 1.846457,
        1.148103 -1.040202 1.846457,
        1.161409 -1.033350 1.846457,
        1.172418 -1.023867 1.846457,
        1.179740 -1.013375 1.846457,
        1.184109 -1.001891 1.846457,
        1.092554 -1.043407 1.846457,
        1.075620 -1.037957 1.846457,
        -1.077869 -1.043129 1.846457,
        -1.101875 -1.043129 1.846457,
        -1.101875 -0.875911 1.846457,
        -1.147486 -0.899092 1.846457,
        -1.143800 -0.898086 1.846457,
        -1.120059 -0.888120 1.846457,
        -1.147486 -0.875086 1.846457,
        -1.087208 -0.843878 1.846457,
        -1.115872 -0.862320 1.846457,
        -1.077869 -0.843878 1.846457,
        0.842452 0.747874 1.846457,
        0.725497 0.747874 1.846457,
        0.859331 1.141575 1.846457,
        0.973060 1.141575 1.846457,
        1.054231 1.051102 1.846457,
        1.057621 1.063030 1.846457,
        1.059544 1.081789 1.846457,
        1.057712 1.095293 1.846457,
        1.053372 1.106404 1.846457,
        1.046215 1.116639 1.846457,
        1.035596 1.126031 1.846457,
        1.020815 1.133920 1.846457,
        0.998724 1.139700 1.846457,
        0.954456 0.958378 1.846457,
        0.980735 0.968680 1.846457,
        1.011585 0.989322 1.846457,
        1.037743 1.018280 1.846457,
        0.954080 0.957328 1.846457,
        0.972633 0.953459 1.846457,
        1.008994 0.861528 1.846457,
        1.014291 0.882676 1.846457,
        1.015152 0.901710 1.846457,
        1.012259 0.916255 1.846457,
        1.005946 0.929364 1.846457,
        0.997871 0.939024 1.846457,
        0.986972 0.947192 1.846457,
        0.928847 0.769400 1.846457,
        0.886020 0.752969 1.846457,
        0.990175 0.823527 1.846457,
        0.965482 0.795224 1.846457,
        0.899391 0.973532 1.846457,
        0.854980 0.973532 1.846457,
        0.840351 0.930321 1.846457,
        0.903886 0.929908 1.846457,
        0.793014 0.791085 1.846457,
        0.851829 0.791085 1.846457,
        0.881197 0.794142 1.846457,
        0.904697 0.802259 1.846457,
        0.926420 0.816488 1.846457,
        0.942962 0.834905 1.846457,
        0.955204 0.858855 1.846457,
        0.891064 0.930321 1.846457,
        0.926942 0.976619 1.846457,
        0.949523 0.984809 1.846457,
        0.958728 0.901869 1.846457,
        0.955218 0.908733 1.846457,
        0.949910 0.914872 1.846457,
        0.956256 0.861754 1.846457,
        0.960608 0.879932 1.846457,
        0.960702 0.893668 1.846457,
        1.002042 1.057649 1.846457,
        1.002107 1.068114 1.846457,
        1.000646 1.074703 1.846457,
        0.970298 0.998862 1.846457,
        0.986005 1.016817 1.846457,
        0.998342 1.042024 1.846457,
        0.929237 0.925791 1.846457,
        0.942339 0.920285 1.846457,
        0.897441 1.098364 1.846457,
        0.997697 1.080578 1.846457,
        0.993426 1.085750 1.846457,
        0.988116 1.089720 1.846457,
        0.978103 1.094265 1.846457,
        0.960369 1.097705 1.846457,
        0.946203 1.098364 1.846457,
        0.946203 1.098364 1.850394,
        0.897441 1.098364 1.850394,
        0.960369 1.097705 1.850394,
        0.978103 1.094265 1.850394,
        0.988116 1.089720 1.850394,
        0.993426 1.085750 1.850394,
        0.997697 1.080578 1.850394,
        1.000646 1.074703 1.850394,
        1.002107 1.068114 1.850394,
        1.002042 1.057649 1.850394,
        0.998342 1.042024 1.850394,
        0.986005 1.016817 1.850394,
        0.970298 0.998862 1.850394,
        0.949523 0.984809 1.850394,
        0.926942 0.976619 1.850394,
        0.899391 0.973532 1.850394,
        0.854980 0.973532 1.850394,
        0.891064 0.930321 1.850394,
        0.840351 0.930321 1.850394,
        0.903886 0.929908 1.850394,
        0.929237 0.925791 1.850394,
        0.942339 0.920285 1.850394,
        0.949910 0.914872 1.850394,
        0.955218 0.908733 1.850394,
        0.958728 0.901869 1.850394,
        0.960702 0.893668 1.850394,
        0.960608 0.879932 1.850394,
        0.956256 0.861754 1.850394,
        0.955204 0.858855 1.850394,
        0.942962 0.834905 1.850394,
        0.926420 0.816488 1.850394,
        0.904697 0.802259 1.850394,
        0.881197 0.794142 1.850394,
        0.851829 0.791085 1.850394,
        0.793014 0.791085 1.850394,
      ]
    }
    coordIndex [
      124, 125, 38, -1,
      38, 125, 32, -1,
      32, 125, 33, -1,
      33, 125, 126, -1,
      33, 126, 42, -1,
      42, 126, 127, -1,
      42, 127, 45, -1,
      45, 127, 128, -1,
      45, 128, 46, -1,
      129, 57, 62, -1,
      129, 62, 130, -1,
      130, 62, 64, -1,
      130, 64, 131, -1,
      131, 64, 63, -1,
      131, 63, 132, -1,
      132, 63, 61, -1,
      132, 61, 133, -1,
      133, 61, 60, -1,
      133, 60, 134, -1,
      134, 60, 56, -1,
      134, 56, 135, -1,
      135, 56, 46, -1,
      135, 46, 128, -1,
      136, 43, 47, -1,
      136, 47, 137, -1,
      137, 47, 48, -1,
      137, 48, 138, -1,
      138, 48, 76, -1,
      138, 76, 139, -1,
      139, 76, 75, -1,
      139, 75, 140, -1,
      140, 75, 59, -1,
      140, 59, 141, -1,
      141, 59, 58, -1,
      141, 58, 142, -1,
      142, 58, 57, -1,
      142, 57, 129, -1,
      136, 143, 43, -1,
      43, 143, 44, -1,
      143, 144, 44, -1,
      44, 144, 53, -1,
      144, 145, 53, -1,
      53, 145, 51, -1,
      146, 55, 54, -1,
      146, 54, 147, -1,
      147, 54, 69, -1,
      147, 69, 148, -1,
      148, 69, 68, -1,
      148, 68, 149, -1,
      149, 68, 67, -1,
      149, 67, 150, -1,
      150, 67, 66, -1,
      150, 66, 151, -1,
      151, 66, 65, -1,
      151, 65, 152, -1,
      152, 65, 49, -1,
      152, 49, 153, -1,
      153, 49, 51, -1,
      153, 51, 145, -1,
      154, 74, 73, -1,
      154, 73, 155, -1,
      155, 73, 71, -1,
      155, 71, 156, -1,
      156, 71, 70, -1,
      156, 70, 157, -1,
      157, 70, 77, -1,
      157, 77, 158, -1,
      158, 77, 79, -1,
      158, 79, 159, -1,
      159, 79, 78, -1,
      159, 78, 160, -1,
      160, 78, 72, -1,
      160, 72, 161, -1,
      161, 72, 55, -1,
      161, 55, 146, -1,
      162, 37, 34, -1,
      162, 34, 163, -1,
      34, 52, 163, -1,
      163, 52, 50, -1,
      163, 50, 164, -1,
      164, 50, 74, -1,
      164, 74, 154, -1,
      162, 165, 37, -1,
      37, 165, 35, -1,
      35, 165, 36, -1,
      36, 165, 166, -1,
      36, 166, 25, -1,
      25, 166, 167, -1,
      25, 167, 26, -1,
      26, 167, 168, -1,
      26, 168, 29, -1,
      169, 23, 22, -1,
      169, 22, 170, -1,
      170, 22, 11, -1,
      170, 11, 171, -1,
      171, 11, 10, -1,
      171, 10, 172, -1,
      172, 10, 12, -1,
      172, 12, 173, -1,
      173, 12, 31, -1,
      173, 31, 174, -1,
      174, 31, 30, -1,
      174, 30, 175, -1,
      175, 30, 29, -1,
      175, 29, 168, -1,
      176, 14, 16, -1,
      176, 16, 177, -1,
      177, 16, 18, -1,
      177, 18, 178, -1,
      178, 18, 20, -1,
      178, 20, 179, -1,
      179, 20, 21, -1,
      179, 21, 180, -1,
      180, 21, 28, -1,
      180, 28, 181, -1,
      181, 28, 24, -1,
      181, 24, 182, -1,
      182, 24, 23, -1,
      182, 23, 169, -1,
      176, 183, 14, -1,
      14, 183, 15, -1,
      184, 2, 13, -1,
      184, 13, 185, -1,
      185, 13, 6, -1,
      185, 6, 186, -1,
      186, 6, 5, -1,
      186, 5, 187, -1,
      187, 5, 27, -1,
      187, 27, 188, -1,
      188, 27, 19, -1,
      188, 19, 189, -1,
      189, 19, 17, -1,
      189, 17, 190, -1,
      190, 17, 15, -1,
      190, 15, 183, -1,
      191, 7, 8, -1,
      191, 8, 192, -1,
      192, 8, 9, -1,
      192, 9, 193, -1,
      193, 9, 1, -1,
      193, 1, 194, -1,
      194, 1, 0, -1,
      194, 0, 195, -1,
      195, 0, 4, -1,
      195, 4, 196, -1,
      196, 4, 3, -1,
      196, 3, 197, -1,
      197, 3, 2, -1,
      197, 2, 184, -1,
      7, 191, 198, -1,
      124, 38, 41, -1,
      124, 41, 199, -1,
      199, 41, 40, -1,
      199, 40, 198, -1,
      198, 40, 39, -1,
      198, 39, 7, -1,
      144, 143, 145, -1,
      145, 143, 136, -1,
      145, 136, 153, -1,
      153, 136, 137, -1,
      125, 124, 126, -1,
      126, 124, 199, -1,
      126, 199, 127, -1,
      127, 199, 198, -1,
      127, 198, 128, -1,
      128, 198, 191, -1,
      128, 191, 135, -1,
      135, 191, 192, -1,
      135, 192, 134, -1,
      134, 192, 193, -1,
      134, 193, 133, -1,
      133, 193, 194, -1,
      133, 194, 132, -1,
      132, 194, 195, -1,
      132, 195, 131, -1,
      131, 195, 196, -1,
      131, 196, 130, -1,
      130, 196, 197, -1,
      130, 197, 129, -1,
      197, 184, 129, -1,
      129, 184, 185, -1,
      129, 185, 142, -1,
      142, 185, 186, -1,
      142, 186, 141, -1,
      141, 186, 187, -1,
      141, 187, 140, -1,
      140, 187, 188, -1,
      140, 188, 139, -1,
      139, 188, 189, -1,
      139, 189, 138, -1,
      138, 189, 190, -1,
      138, 190, 137, -1,
      137, 190, 183, -1,
      137, 183, 153, -1,
      153, 183, 176, -1,
      153, 176, 152, -1,
      152, 176, 177, -1,
      152, 177, 151, -1,
      151, 177, 178, -1,
      151, 178, 150, -1,
      150, 178, 179, -1,
      150, 179, 149, -1,
      149, 179, 180, -1,
      149, 180, 148, -1,
      148, 180, 181, -1,
      148, 181, 147, -1,
      147, 181, 182, -1,
      147, 182, 146, -1,
      146, 182, 169, -1,
      146, 169, 161, -1,
      161, 169, 170, -1,
      161, 170, 160, -1,
      160, 170, 171, -1,
      160, 171, 159, -1,
      159, 171, 172, -1,
      159, 172, 158, -1,
      158, 172, 173, -1,
      158, 173, 157, -1,
      157, 173, 174, -1,
      157, 174, 156, -1,
      156, 174, 175, -1,
      156, 175, 155, -1,
      155, 175, 168, -1,
      155, 168, 154, -1,
      154, 168, 167, -1,
      154, 167, 164, -1,
      164, 167, 166, -1,
      164, 166, 163, -1,
      163, 166, 165, -1,
      163, 165, 162, -1,
      200, 201, 115, -1,
      115, 201, 114, -1,
      201, 202, 114, -1,
      114, 202, 119, -1,
      203, 122, 121, -1,
      203, 121, 204, -1,
      204, 121, 120, -1,
      204, 120, 205, -1,
      205, 120, 119, -1,
      205, 119, 202, -1,
      203, 206, 122, -1,
      122, 206, 123, -1,
      207, 117, 118, -1,
      207, 118, 208, -1,
      208, 118, 123, -1,
      208, 123, 206, -1,
      207, 209, 117, -1,
      117, 209, 116, -1,
      209, 200, 116, -1,
      116, 200, 115, -1,
      201, 200, 202, -1,
      202, 200, 209, -1,
      209, 207, 202, -1,
      202, 207, 208, -1,
      202, 208, 205, -1,
      205, 208, 206, -1,
      205, 206, 204, -1,
      204, 206, 203, -1,
      210, 211, 85, -1,
      85, 211, 80, -1,
      211, 212, 80, -1,
      80, 212, 81, -1,
      212, 213, 81, -1,
      81, 213, 98, -1,
      214, 102, 101, -1,
      214, 101, 215, -1,
      215, 101, 90, -1,
      215, 90, 216, -1,
      216, 90, 89, -1,
      216, 89, 217, -1,
      217, 89, 88, -1,
      217, 88, 218, -1,
      218, 88, 93, -1,
      218, 93, 219, -1,
      219, 93, 92, -1,
      219, 92, 220, -1,
      220, 92, 91, -1,
      220, 91, 221, -1,
      221, 91, 100, -1,
      221, 100, 222, -1,
      222, 100, 213, -1,
      213, 100, 99, -1,
      213, 99, 98, -1,
      223, 110, 109, -1,
      223, 109, 224, -1,
      224, 109, 112, -1,
      224, 112, 225, -1,
      112, 97, 225, -1,
      225, 97, 95, -1,
      225, 95, 226, -1,
      226, 95, 102, -1,
      226, 102, 214, -1,
      223, 227, 110, -1,
      110, 227, 111, -1,
      111, 227, 228, -1,
      229, 105, 104, -1,
      229, 104, 230, -1,
      230, 104, 103, -1,
      230, 103, 231, -1,
      231, 103, 94, -1,
      231, 94, 232, -1,
      232, 94, 96, -1,
      232, 96, 233, -1,
      233, 96, 108, -1,
      233, 108, 234, -1,
      234, 108, 107, -1,
      234, 107, 235, -1,
      235, 107, 106, -1,
      235, 106, 228, -1,
      228, 106, 113, -1,
      228, 113, 111, -1,
      82, 236, 83, -1,
      83, 236, 237, -1,
      83, 237, 84, -1,
      84, 237, 210, -1,
      84, 210, 85, -1,
      87, 238, 82, -1,
      82, 238, 239, -1,
      82, 239, 236, -1,
      87, 86, 238, -1,
      238, 86, 105, -1,
      238, 105, 229, -1,
      240, 241, 242, -1,
      243, 227, 223, -1,
      244, 211, 245, -1,
      245, 211, 210, -1,
      245, 210, 246, -1,
      246, 210, 237, -1,
      246, 237, 247, -1,
      247, 237, 236, -1,
      247, 236, 248, -1,
      248, 236, 239, -1,
      248, 239, 249, -1,
      249, 239, 238, -1,
      249, 238, 250, -1,
      242, 251, 240, -1,
      240, 251, 243, -1,
      240, 243, 252, -1,
      252, 243, 223, -1,
      252, 223, 253, -1,
      254, 233, 255, -1,
      255, 233, 234, -1,
      255, 234, 256, -1,
      250, 238, 257, -1,
      257, 238, 229, -1,
      257, 229, 258, -1,
      258, 229, 230, -1,
      258, 230, 259, -1,
      259, 230, 231, -1,
      259, 231, 254, -1,
      254, 231, 232, -1,
      254, 232, 233, -1,
      260, 215, 261, -1,
      261, 215, 216, -1,
      261, 216, 262, -1,
      253, 223, 263, -1,
      263, 223, 224, -1,
      263, 224, 264, -1,
      264, 224, 225, -1,
      264, 225, 265, -1,
      265, 225, 226, -1,
      265, 226, 260, -1,
      260, 226, 214, -1,
      260, 214, 215, -1,
      243, 266, 227, -1,
      227, 266, 267, -1,
      227, 267, 228, -1,
      228, 267, 256, -1,
      228, 256, 235, -1,
      235, 256, 234, -1,
      244, 242, 211, -1,
      211, 242, 241, -1,
      211, 241, 212, -1,
      212, 241, 268, -1,
      212, 268, 213, -1,
      216, 217, 262, -1,
      262, 217, 218, -1,
      262, 218, 269, -1,
      269, 218, 219, -1,
      269, 219, 270, -1,
      270, 219, 220, -1,
      270, 220, 271, -1,
      271, 220, 221, -1,
      271, 221, 272, -1,
      272, 221, 222, -1,
      272, 222, 273, -1,
      273, 222, 213, -1,
      273, 213, 274, -1,
      274, 213, 268, -1,
      274, 268, 275, -1,
      275, 268, 276, -1,
      274, 275, 277, -1,
      274, 277, 273, -1,
      273, 277, 278, -1,
      273, 278, 272, -1,
      272, 278, 279, -1,
      272, 279, 271, -1,
      271, 279, 280, -1,
      271, 280, 270, -1,
      270, 280, 281, -1,
      270, 281, 269, -1,
      269, 281, 282, -1,
      269, 282, 262, -1,
      262, 282, 283, -1,
      262, 283, 261, -1,
      261, 283, 284, -1,
      261, 284, 260, -1,
      260, 284, 285, -1,
      260, 285, 265, -1,
      265, 285, 286, -1,
      265, 286, 264, -1,
      264, 286, 287, -1,
      264, 287, 263, -1,
      263, 287, 288, -1,
      263, 288, 253, -1,
      253, 288, 289, -1,
      253, 289, 252, -1,
      252, 289, 290, -1,
      252, 290, 240, -1,
      241, 240, 291, -1,
      291, 240, 290, -1,
      268, 241, 276, -1,
      276, 241, 291, -1,
      251, 242, 292, -1,
      292, 242, 293, -1,
      251, 292, 294, -1,
      251, 294, 243, -1,
      243, 294, 295, -1,
      243, 295, 266, -1,
      266, 295, 296, -1,
      266, 296, 267, -1,
      267, 296, 297, -1,
      267, 297, 256, -1,
      256, 297, 298, -1,
      256, 298, 255, -1,
      255, 298, 299, -1,
      255, 299, 254, -1,
      254, 299, 300, -1,
      254, 300, 259, -1,
      259, 300, 301, -1,
      259, 301, 258, -1,
      258, 301, 302, -1,
      258, 302, 257, -1,
      257, 302, 303, -1,
      257, 303, 250, -1,
      250, 303, 304, -1,
      250, 304, 249, -1,
      249, 304, 305, -1,
      249, 305, 248, -1,
      248, 305, 306, -1,
      248, 306, 247, -1,
      247, 306, 307, -1,
      247, 307, 246, -1,
      246, 307, 308, -1,
      246, 308, 245, -1,
      244, 245, 309, -1,
      309, 245, 308, -1,
      242, 244, 293, -1,
      293, 244, 309, -1,
    ]
  }
}

Shape {
  appearance Appearance {
    material Material {
      diffuseColor 0.0000 0.4902 1.0000
      specularColor 0.0000 0.2431 0.5020
      ambientIntensity 0.2
      transparency 0.0000
      shininess 0.5
    }
  }
  geometry IndexedFaceSet {
    ccw TRUE
    solid FALSE
    coord DEF co Coordinate {
      point [
        0.946203 1.098364 1.850394,
        0.897441 1.098364 1.850394,
        0.960369 1.097705 1.850394,
        0.978103 1.094265 1.850394,
        0.988116 1.089720 1.850394,
        0.993426 1.085750 1.850394,
        0.997697 1.080578 1.850394,
        1.000646 1.074703 1.850394,
        1.002107 1.068114 1.850394,
        1.002042 1.057649 1.850394,
        0.998342 1.042024 1.850394,
        0.986005 1.016817 1.850394,
        0.970298 0.998862 1.850394,
        0.949523 0.984809 1.850394,
        0.926942 0.976619 1.850394,
        0.899391 0.973532 1.850394,
        0.854980 0.973532 1.850394,
        0.891064 0.930321 1.850394,
        0.840351 0.930321 1.850394,
        0.903886 0.929908 1.850394,
        0.929237 0.925791 1.850394,
        0.942339 0.920285 1.850394,
        0.949910 0.914872 1.850394,
        0.955218 0.908733 1.850394,
        0.958728 0.901869 1.850394,
        0.960702 0.893668 1.850394,
        0.960608 0.879932 1.850394,
        0.956256 0.861754 1.850394,
        0.955204 0.858855 1.850394,
        0.942962 0.834905 1.850394,
        0.926420 0.816488 1.850394,
        0.904697 0.802259 1.850394,
        0.881197 0.794142 1.850394,
        0.851829 0.791085 1.850394,
        0.793014 0.791085 1.850394,
      ]
    }
    coordIndex [
      11, 10, 4, -1,
      3, 2, 13, -1,
      13, 2, 0, -1,
      13, 0, 14, -1,
      14, 0, 1, -1,
      14, 1, 15, -1,
      15, 1, 16, -1,
      3, 13, 4, -1,
      4, 13, 12, -1,
      4, 12, 11, -1,
      8, 7, 6, -1,
      10, 9, 4, -1,
      4, 9, 8, -1,
      4, 8, 5, -1,
      5, 8, 6, -1,
      18, 34, 33, -1,
      18, 33, 17, -1,
      33, 32, 17, -1,
      17, 32, 31, -1,
      17, 31, 30, -1,
      21, 27, 26, -1,
      21, 20, 27, -1,
      27, 20, 19, -1,
      27, 19, 17, -1,
      30, 29, 17, -1,
      17, 29, 28, -1,
      17, 28, 27, -1,
      26, 25, 21, -1,
      21, 25, 24, -1,
      21, 24, 22, -1,
      22, 24, 23, -1,
    ]
  }
}

Shape {
  appearance Appearance {
    material Material {
      diffuseColor 1.0000 1.0000 1.0000
      specularColor 0.5020 0.5020 0.5020
      ambientIntensity 0.2
      transparency 0.0000
      shininess 0.5
    }
  }
  geometry IndexedFaceSet {
    ccw TRUE
    solid FALSE
    coord DEF co Coordinate {
      point [
        1.196707 1.042183 1.850394,
        1.184118 1.031181 1.850394,
        1.207924 1.104531 1.850394,
        1.211332 1.090854 1.850394,
        1.211850 1.082437 1.850394,
        1.209841 1.066283 1.850394,
        1.204891 1.053739 1.850394,
        1.089987 1.098589 1.850394,
        1.094947 1.111131 1.850394,
        1.178939 1.136776 1.850394,
        1.190497 1.128807 1.850394,
        1.201676 1.116377 1.850394,
        1.103046 1.122612 1.850394,
        1.115567 1.133575 1.850394,
        1.127730 1.139826 1.850394,
        1.133670 1.023188 1.850394,
        1.120853 1.028069 1.850394,
        1.109118 1.036149 1.850394,
        1.098337 1.048140 1.850394,
        1.141756 1.143183 1.850394,
        1.150026 1.143652 1.850394,
        1.166269 1.141661 1.850394,
        1.172003 1.024995 1.850394,
        1.158062 1.021675 1.850394,
        1.149959 1.021221 1.850394,
        1.092047 1.059924 1.850394,
        1.088555 1.073551 1.850394,
        1.087978 1.082437 1.850394,
        1.087978 1.082437 1.846457,
        1.088555 1.073551 1.846457,
        1.092047 1.059924 1.846457,
        1.098337 1.048140 1.846457,
        1.109118 1.036149 1.846457,
        1.120853 1.028069 1.846457,
        1.133670 1.023188 1.846457,
        1.149959 1.021221 1.846457,
        1.150026 1.143652 1.846457,
        1.141756 1.143183 1.846457,
        1.127730 1.139826 1.846457,
        1.115567 1.133575 1.846457,
        1.103046 1.122612 1.846457,
        1.094947 1.111131 1.846457,
        1.089987 1.098589 1.846457,
        1.211850 1.082437 1.846457,
        1.211332 1.090854 1.846457,
        1.207924 1.104531 1.846457,
        1.201676 1.116377 1.846457,
        1.190497 1.128807 1.846457,
        1.178939 1.136776 1.846457,
        1.166269 1.141661 1.846457,
        1.158062 1.021675 1.846457,
        1.172003 1.024995 1.846457,
        1.184118 1.031181 1.846457,
        1.196707 1.042183 1.846457,
        1.204891 1.053739 1.846457,
        1.209841 1.066283 1.846457,
        1.149959 1.028423 1.846457,
        1.200983 1.062358 1.846457,
        1.195352 1.051980 1.846457,
        1.202894 1.096565 1.846457,
        1.198496 1.107698 1.846457,
        1.191283 1.117913 1.846457,
        1.179833 1.127845 1.846457,
        1.164419 1.030174 1.846457,
        1.175657 1.034506 1.846457,
        1.186014 1.041666 1.846457,
        1.204135 1.074457 1.846457,
        1.204648 1.082391 1.846457,
        1.104554 1.112915 1.846457,
        1.141980 1.028935 1.846457,
        1.129547 1.032088 1.846457,
        1.118796 1.037822 1.846457,
        1.107940 1.047560 1.846457,
        1.101063 1.057540 1.846457,
        1.096913 1.068312 1.846457,
        1.098870 1.102504 1.846457,
        1.095711 1.090398 1.846457,
        1.095180 1.082391 1.846457,
        1.169013 1.133263 1.846457,
        1.156609 1.136101 1.846457,
        1.149959 1.136450 1.846457,
        1.135467 1.134686 1.846457,
        1.124236 1.130343 1.846457,
        1.113829 1.123150 1.846457,
        1.095180 1.082391 1.850394,
        1.095711 1.090398 1.850394,
        1.098870 1.102504 1.850394,
        1.104554 1.112915 1.850394,
        1.113829 1.123150 1.850394,
        1.124236 1.130343 1.850394,
        1.135467 1.134686 1.850394,
        1.149959 1.136450 1.850394,
        1.156609 1.136101 1.850394,
        1.169013 1.133263 1.850394,
        1.179833 1.127845 1.850394,
        1.191283 1.117913 1.850394,
        1.198496 1.107698 1.850394,
        1.202894 1.096565 1.850394,
        1.204648 1.082391 1.850394,
        1.204135 1.074457 1.850394,
        1.200983 1.062358 1.850394,
        1.195352 1.051980 1.850394,
        1.186014 1.041666 1.850394,
        1.175657 1.034506 1.850394,
        1.164419 1.030174 1.850394,
        1.149959 1.028423 1.850394,
        1.141980 1.028935 1.850394,
        1.129547 1.032088 1.850394,
        1.118796 1.037822 1.850394,
        1.107940 1.047560 1.850394,
        1.101063 1.057540 1.850394,
        1.096913 1.068312 1.850394,
      ]
    }
    coordIndex [
      28, 27, 26, -1,
      28, 26, 29, -1,
      29, 26, 25, -1,
      29, 25, 30, -1,
      30, 25, 18, -1,
      30, 18, 31, -1,
      31, 18, 17, -1,
      31, 17, 32, -1,
      32, 17, 16, -1,
      32, 16, 33, -1,
      33, 16, 15, -1,
      33, 15, 34, -1,
      34, 15, 24, -1,
      34, 24, 35, -1,
      36, 20, 19, -1,
      36, 19, 37, -1,
      37, 19, 14, -1,
      37, 14, 38, -1,
      38, 14, 13, -1,
      38, 13, 39, -1,
      39, 13, 12, -1,
      39, 12, 40, -1,
      40, 12, 8, -1,
      40, 8, 41, -1,
      41, 8, 7, -1,
      41, 7, 42, -1,
      42, 7, 27, -1,
      42, 27, 28, -1,
      43, 4, 3, -1,
      43, 3, 44, -1,
      44, 3, 2, -1,
      44, 2, 45, -1,
      45, 2, 11, -1,
      45, 11, 46, -1,
      46, 11, 10, -1,
      46, 10, 47, -1,
      47, 10, 9, -1,
      47, 9, 48, -1,
      48, 9, 21, -1,
      48, 21, 49, -1,
      49, 21, 20, -1,
      49, 20, 36, -1,
      35, 24, 23, -1,
      35, 23, 50, -1,
      50, 23, 22, -1,
      50, 22, 51, -1,
      51, 22, 1, -1,
      51, 1, 52, -1,
      52, 1, 0, -1,
      52, 0, 53, -1,
      53, 0, 6, -1,
      53, 6, 54, -1,
      54, 6, 5, -1,
      54, 5, 55, -1,
      55, 5, 4, -1,
      55, 4, 43, -1,
      56, 35, 50, -1,
      54, 57, 58, -1,
      59, 45, 60, -1,
      60, 45, 46, -1,
      60, 46, 61, -1,
      61, 46, 62, -1,
      56, 50, 63, -1,
      63, 50, 51, -1,
      63, 51, 64, -1,
      64, 51, 52, -1,
      64, 52, 65, -1,
      57, 54, 66, -1,
      66, 54, 55, -1,
      66, 55, 67, -1,
      67, 55, 43, -1,
      67, 43, 59, -1,
      59, 43, 44, -1,
      59, 44, 45, -1,
      39, 40, 68, -1,
      65, 52, 58, -1,
      58, 52, 53, -1,
      58, 53, 54, -1,
      35, 56, 34, -1,
      34, 56, 69, -1,
      34, 69, 33, -1,
      33, 69, 70, -1,
      33, 70, 32, -1,
      32, 70, 71, -1,
      32, 71, 31, -1,
      31, 71, 72, -1,
      31, 72, 30, -1,
      30, 72, 73, -1,
      30, 73, 74, -1,
      68, 40, 75, -1,
      75, 40, 41, -1,
      75, 41, 76, -1,
      76, 41, 42, -1,
      76, 42, 77, -1,
      77, 42, 28, -1,
      77, 28, 74, -1,
      74, 28, 29, -1,
      74, 29, 30, -1,
      46, 47, 62, -1,
      62, 47, 48, -1,
      62, 48, 78, -1,
      78, 48, 49, -1,
      78, 49, 79, -1,
      79, 49, 36, -1,
      79, 36, 80, -1,
      80, 36, 37, -1,
      80, 37, 81, -1,
      81, 37, 38, -1,
      81, 38, 82, -1,
      82, 38, 39, -1,
      82, 39, 83, -1,
      83, 39, 68, -1,
      77, 84, 85, -1,
      77, 85, 76, -1,
      76, 85, 86, -1,
      76, 86, 75, -1,
      75, 86, 87, -1,
      75, 87, 68, -1,
      68, 87, 88, -1,
      68, 88, 83, -1,
      83, 88, 89, -1,
      83, 89, 82, -1,
      82, 89, 90, -1,
      82, 90, 81, -1,
      81, 90, 91, -1,
      81, 91, 80, -1,
      80, 91, 92, -1,
      80, 92, 79, -1,
      79, 92, 93, -1,
      79, 93, 78, -1,
      78, 93, 94, -1,
      78, 94, 62, -1,
      62, 94, 95, -1,
      62, 95, 61, -1,
      61, 95, 96, -1,
      61, 96, 60, -1,
      60, 96, 97, -1,
      60, 97, 59, -1,
      59, 97, 98, -1,
      59, 98, 67, -1,
      67, 98, 99, -1,
      67, 99, 66, -1,
      66, 99, 100, -1,
      66, 100, 57, -1,
      57, 100, 101, -1,
      57, 101, 58, -1,
      58, 101, 102, -1,
      58, 102, 65, -1,
      65, 102, 103, -1,
      65, 103, 64, -1,
      64, 103, 104, -1,
      64, 104, 63, -1,
      63, 104, 105, -1,
      63, 105, 56, -1,
      56, 105, 106, -1,
      56, 106, 69, -1,
      69, 106, 107, -1,
      69, 107, 70, -1,
      70, 107, 108, -1,
      70, 108, 71, -1,
      71, 108, 109, -1,
      71, 109, 72, -1,
      72, 109, 110, -1,
      72, 110, 73, -1,
      73, 110, 111, -1,
      73, 111, 74, -1,
      74, 111, 84, -1,
      74, 84, 77, -1,
    ]
  }
}

Shape {
  appearance Appearance {
    material Material {
      diffuseColor 0.0000 0.4902 1.0000
      specularColor 0.0000 0.2431 0.5020
      ambientIntensity 0.2
      transparency 0.0000
      shininess 0.5
    }
  }
  geometry IndexedFaceSet {
    ccw TRUE
    solid FALSE
    coord DEF co Coordinate {
      point [
        1.095180 1.082391 1.850394,
        1.095711 1.090398 1.850394,
        1.098870 1.102504 1.850394,
        1.104554 1.112915 1.850394,
        1.113829 1.123150 1.850394,
        1.124236 1.130343 1.850394,
        1.135467 1.134686 1.850394,
        1.149959 1.136450 1.850394,
        1.156609 1.136101 1.850394,
        1.169013 1.133263 1.850394,
        1.179833 1.127845 1.850394,
        1.191283 1.117913 1.850394,
        1.198496 1.107698 1.850394,
        1.202894 1.096565 1.850394,
        1.204648 1.082391 1.850394,
        1.204135 1.074457 1.850394,
        1.200983 1.062358 1.850394,
        1.195352 1.051980 1.850394,
        1.186014 1.041666 1.850394,
        1.175657 1.034506 1.850394,
        1.164419 1.030174 1.850394,
        1.149959 1.028423 1.850394,
        1.141980 1.028935 1.850394,
        1.129547 1.032088 1.850394,
        1.118796 1.037822 1.850394,
        1.107940 1.047560 1.850394,
        1.101063 1.057540 1.850394,
        1.096913 1.068312 1.850394,
        1.136950 1.044267 1.850394,
        1.166411 1.044267 1.850394,
        1.157993 1.062587 1.850394,
        1.152750 1.071196 1.850394,
        1.150016 1.073839 1.850394,
        1.148009 1.075086 1.850394,
        1.173068 1.113094 1.850394,
        1.175309 1.109675 1.850394,
        1.146139 1.075742 1.850394,
        1.144197 1.075955 1.850394,
        1.136950 1.075955 1.850394,
        1.125428 1.122047 1.850394,
        1.125428 1.044267 1.850394,
        1.176765 1.105473 1.850394,
        1.177281 1.100464 1.850394,
        1.176636 1.094993 1.850394,
        1.175030 1.090787 1.850394,
        1.172220 1.086752 1.850394,
        1.169802 1.116190 1.850394,
        1.164402 1.119268 1.850394,
        1.157544 1.121253 1.850394,
        1.148203 1.122047 1.850394,
        1.180544 1.044267 1.850394,
        1.170439 1.064770 1.850394,
        1.168111 1.069124 1.850394,
        1.163622 1.075112 1.850394,
        1.169513 1.084200 1.850394,
        1.160456 1.077741 1.850394,
        1.164325 1.081104 1.850394,
        1.157611 1.079016 1.850394,
      ]
    }
    coordIndex [
      22, 21, 28, -1,
      28, 21, 29, -1,
      28, 29, 30, -1,
      30, 31, 28, -1,
      28, 31, 32, -1,
      28, 32, 33, -1,
      34, 35, 11, -1,
      33, 36, 28, -1,
      28, 36, 37, -1,
      28, 37, 38, -1,
      39, 4, 3, -1,
      39, 0, 27, -1,
      3, 2, 39, -1,
      39, 2, 1, -1,
      39, 1, 0, -1,
      27, 26, 39, -1,
      39, 26, 25, -1,
      39, 25, 40, -1,
      40, 25, 24, -1,
      40, 24, 28, -1,
      28, 24, 23, -1,
      28, 23, 22, -1,
      11, 35, 12, -1,
      12, 35, 41, -1,
      12, 41, 13, -1,
      13, 41, 42, -1,
      13, 42, 14, -1,
      14, 42, 43, -1,
      14, 43, 15, -1,
      15, 43, 44, -1,
      15, 44, 45, -1,
      34, 11, 46, -1,
      46, 11, 10, -1,
      46, 10, 47, -1,
      47, 10, 9, -1,
      47, 9, 48, -1,
      48, 9, 8, -1,
      48, 8, 49, -1,
      21, 20, 29, -1,
      29, 20, 19, -1,
      29, 19, 50, -1,
      50, 19, 18, -1,
      50, 18, 51, -1,
      51, 18, 17, -1,
      17, 16, 51, -1,
      51, 16, 15, -1,
      51, 15, 52, -1,
      52, 15, 45, -1,
      52, 45, 53, -1,
      53, 45, 54, -1,
      53, 54, 55, -1,
      55, 54, 56, -1,
      55, 56, 57, -1,
      8, 7, 49, -1,
      49, 7, 6, -1,
      49, 6, 39, -1,
      39, 6, 5, -1,
      39, 5, 4, -1,
    ]
  }
}

Shape {
  appearance Appearance {
    material Material {
      diffuseColor 1.0000 1.0000 1.0000
      specularColor 0.5020 0.5020 0.5020
      ambientIntensity 0.2
      transparency 0.0000
      shininess 0.5
    }
  }
  geometry IndexedFaceSet {
    ccw TRUE
    solid FALSE
    coord DEF co Coordinate {
      point [
        1.136950 1.044267 1.850394,
        1.166411 1.044267 1.850394,
        1.157993 1.062587 1.850394,
        1.152750 1.071196 1.850394,
        1.150016 1.073839 1.850394,
        1.148009 1.075086 1.850394,
        1.173068 1.113094 1.850394,
        1.175309 1.109675 1.850394,
        1.146139 1.075742 1.850394,
        1.144197 1.075955 1.850394,
        1.136950 1.075955 1.850394,
        1.125428 1.122047 1.850394,
        1.125428 1.044267 1.850394,
        1.176765 1.105473 1.850394,
        1.177281 1.100464 1.850394,
        1.176636 1.094993 1.850394,
        1.175030 1.090787 1.850394,
        1.172220 1.086752 1.850394,
        1.169802 1.116190 1.850394,
        1.164402 1.119268 1.850394,
        1.157544 1.121253 1.850394,
        1.148203 1.122047 1.850394,
        1.180544 1.044267 1.850394,
        1.170439 1.064770 1.850394,
        1.168111 1.069124 1.850394,
        1.163622 1.075112 1.850394,
        1.169513 1.084200 1.850394,
        1.160456 1.077741 1.850394,
        1.164325 1.081104 1.850394,
        1.157611 1.079016 1.850394,
        1.170439 1.064770 1.846457,
        1.180544 1.044267 1.846457,
        1.166411 1.044267 1.846457,
        1.157993 1.062587 1.846457,
        1.144197 1.075955 1.846457,
        1.146139 1.075742 1.846457,
        1.148009 1.075086 1.846457,
        1.150016 1.073839 1.846457,
        1.152750 1.071196 1.846457,
        1.136950 1.075955 1.846457,
        1.136950 1.044267 1.846457,
        1.125428 1.044267 1.846457,
        1.125428 1.122047 1.846457,
        1.148203 1.122047 1.846457,
        1.177281 1.100464 1.846457,
        1.176765 1.105473 1.846457,
        1.175309 1.109675 1.846457,
        1.173068 1.113094 1.846457,
        1.169802 1.116190 1.846457,
        1.164402 1.119268 1.846457,
        1.157544 1.121253 1.846457,
        1.157611 1.079016 1.846457,
        1.164325 1.081104 1.846457,
        1.169513 1.084200 1.846457,
        1.172220 1.086752 1.846457,
        1.175030 1.090787 1.846457,
        1.176636 1.094993 1.846457,
        1.168111 1.069124 1.846457,
        1.163622 1.075112 1.846457,
        1.160456 1.077741 1.846457,
        1.157009 1.087384 1.846457,
        1.159746 1.088837 1.846457,
        1.161499 1.090406 1.846457,
        1.162886 1.092442 1.846457,
        1.163800 1.094804 1.846457,
        1.164288 1.098422 1.846457,
        1.164317 1.099113 1.846457,
        1.163963 1.102751 1.846457,
        1.163156 1.105264 1.846457,
        1.161963 1.107194 1.846457,
        1.160493 1.108661 1.846457,
        1.158079 1.110098 1.846457,
        1.153884 1.111356 1.846457,
        1.146560 1.111964 1.846457,
        1.136950 1.111964 1.846457,
        1.136950 1.086037 1.846457,
        1.148563 1.086037 1.846457,
        1.153487 1.086414 1.846457,
        1.146560 1.111964 1.850394,
        1.136950 1.111964 1.850394,
        1.153884 1.111356 1.850394,
        1.158079 1.110098 1.850394,
        1.160493 1.108661 1.850394,
        1.161963 1.107194 1.850394,
        1.163156 1.105264 1.850394,
        1.163963 1.102751 1.850394,
        1.164317 1.099113 1.850394,
        1.164288 1.098422 1.850394,
        1.163800 1.094804 1.850394,
        1.162886 1.092442 1.850394,
        1.161499 1.090406 1.850394,
        1.159746 1.088837 1.850394,
        1.157009 1.087384 1.850394,
        1.153487 1.086414 1.850394,
        1.148563 1.086037 1.850394,
        1.136950 1.086037 1.850394,
      ]
    }
    coordIndex [
      30, 31, 23, -1,
      23, 31, 22, -1,
      31, 32, 22, -1,
      22, 32, 1, -1,
      32, 33, 1, -1,
      1, 33, 2, -1,
      34, 9, 8, -1,
      34, 8, 35, -1,
      35, 8, 5, -1,
      35, 5, 36, -1,
      36, 5, 4, -1,
      36, 4, 37, -1,
      37, 4, 3, -1,
      37, 3, 38, -1,
      38, 3, 2, -1,
      38, 2, 33, -1,
      34, 39, 9, -1,
      9, 39, 10, -1,
      39, 40, 10, -1,
      10, 40, 0, -1,
      40, 41, 0, -1,
      0, 41, 12, -1,
      41, 42, 12, -1,
      12, 42, 11, -1,
      42, 43, 11, -1,
      11, 43, 21, -1,
      44, 14, 13, -1,
      44, 13, 45, -1,
      45, 13, 7, -1,
      45, 7, 46, -1,
      46, 7, 6, -1,
      46, 6, 47, -1,
      47, 6, 18, -1,
      47, 18, 48, -1,
      48, 18, 19, -1,
      48, 19, 49, -1,
      49, 19, 20, -1,
      49, 20, 50, -1,
      50, 20, 21, -1,
      50, 21, 43, -1,
      51, 29, 28, -1,
      51, 28, 52, -1,
      52, 28, 26, -1,
      52, 26, 53, -1,
      53, 26, 17, -1,
      53, 17, 54, -1,
      54, 17, 16, -1,
      54, 16, 55, -1,
      55, 16, 15, -1,
      55, 15, 56, -1,
      56, 15, 14, -1,
      56, 14, 44, -1,
      30, 23, 24, -1,
      30, 24, 57, -1,
      57, 24, 25, -1,
      57, 25, 58, -1,
      58, 25, 27, -1,
      58, 27, 59, -1,
      59, 27, 29, -1,
      59, 29, 51, -1,
      35, 51, 34, -1,
      34, 51, 39, -1,
      31, 30, 32, -1,
      32, 30, 33, -1,
      41, 40, 39, -1,
      30, 57, 33, -1,
      33, 57, 58, -1,
      33, 58, 38, -1,
      38, 58, 59, -1,
      38, 59, 37, -1,
      37, 59, 51, -1,
      37, 51, 36, -1,
      36, 51, 35, -1,
      60, 51, 61, -1,
      61, 51, 52, -1,
      61, 52, 62, -1,
      62, 52, 53, -1,
      62, 53, 63, -1,
      63, 53, 54, -1,
      63, 54, 64, -1,
      64, 54, 55, -1,
      64, 55, 65, -1,
      65, 55, 56, -1,
      65, 56, 66, -1,
      66, 56, 44, -1,
      66, 44, 67, -1,
      67, 44, 45, -1,
      67, 45, 68, -1,
      68, 45, 46, -1,
      68, 46, 69, -1,
      69, 46, 47, -1,
      69, 47, 70, -1,
      70, 47, 48, -1,
      70, 48, 71, -1,
      71, 48, 49, -1,
      71, 49, 72, -1,
      72, 49, 50, -1,
      72, 50, 73, -1,
      73, 50, 43, -1,
      73, 43, 74, -1,
      74, 43, 42, -1,
      74, 42, 75, -1,
      42, 41, 75, -1,
      75, 41, 39, -1,
      75, 39, 76, -1,
      76, 39, 51, -1,
      76, 51, 77, -1,
      77, 51, 60, -1,
      73, 74, 78, -1,
      78, 74, 79, -1,
      73, 78, 80, -1,
      73, 80, 72, -1,
      72, 80, 81, -1,
      72, 81, 71, -1,
      71, 81, 82, -1,
      71, 82, 70, -1,
      70, 82, 83, -1,
      70, 83, 69, -1,
      69, 83, 84, -1,
      69, 84, 68, -1,
      68, 84, 85, -1,
      68, 85, 67, -1,
      67, 85, 86, -1,
      67, 86, 66, -1,
      66, 86, 87, -1,
      66, 87, 65, -1,
      65, 87, 88, -1,
      65, 88, 64, -1,
      64, 88, 89, -1,
      64, 89, 63, -1,
      63, 89, 90, -1,
      63, 90, 62, -1,
      62, 90, 91, -1,
      62, 91, 61, -1,
      61, 91, 92, -1,
      61, 92, 60, -1,
      60, 92, 93, -1,
      60, 93, 77, -1,
      77, 93, 94, -1,
      77, 94, 76, -1,
      75, 76, 95, -1,
      95, 76, 94, -1,
      74, 75, 79, -1,
      79, 75, 95, -1,
    ]
  }
}

Shape {
  appearance Appearance {
    material Material {
      diffuseColor 0.0000 0.4902 1.0000
      specularColor 0.0000 0.2431 0.5020
      ambientIntensity 0.2
      transparency 0.0000
      shininess 0.5
    }
  }
  geometry IndexedFaceSet {
    ccw TRUE
    solid FALSE
    coord DEF co Coordinate {
      point [
        1.146560 1.111964 1.850394,
        1.136950 1.111964 1.850394,
        1.153884 1.111356 1.850394,
        1.158079 1.110098 1.850394,
        1.160493 1.108661 1.850394,
        1.161963 1.107194 1.850394,
        1.163156 1.105264 1.850394,
        1.163963 1.102751 1.850394,
        1.164317 1.099113 1.850394,
        1.164288 1.098422 1.850394,
        1.163800 1.094804 1.850394,
        1.162886 1.092442 1.850394,
        1.161499 1.090406 1.850394,
        1.159746 1.088837 1.850394,
        1.157009 1.087384 1.850394,
        1.153487 1.086414 1.850394,
        1.148563 1.086037 1.850394,
        1.136950 1.086037 1.850394,
      ]
    }
    coordIndex [
      1, 17, 0, -1,
      0, 17, 16, -1,
      10, 9, 0, -1,
      0, 9, 8, -1,
      0, 8, 2, -1,
      2, 8, 7, -1,
      16, 15, 0, -1,
      0, 15, 14, -1,
      0, 14, 13, -1,
      13, 12, 0, -1,
      0, 12, 11, -1,
      0, 11, 10, -1,
      7, 6, 2, -1,
      2, 6, 5, -1,
      2, 5, 3, -1,
      3, 5, 4, -1,
    ]
  }
}

Shape {
  appearance Appearance {
    material Material {
      diffuseColor 1.0000 1.0000 1.0000
      specularColor 0.5020 0.5020 0.5020
      ambientIntensity 0.2
      transparency 0.0000
      shininess 0.5
    }
  }
  geometry IndexedFaceSet {
    ccw TRUE
    solid FALSE
    coord DEF co Coordinate {
      point [
        0.073459 -0.126859 0.129921,
        0.073459 -0.139822 0.129921,
        0.086049 -0.144992 0.129921,
        0.090817 -0.027113 0.129921,
        0.087114 -0.027369 0.129921,
        0.101119 -0.039356 0.129921,
        0.075576 -0.128031 0.129921,
        0.086763 -0.041222 0.129921,
        0.073459 -0.046919 0.129921,
        0.073459 -0.031074 0.129921,
        0.112748 -0.040659 0.129921,
        0.121542 -0.043838 0.129921,
        0.129910 -0.049448 0.129921,
        0.137010 -0.057361 0.129921,
        0.141830 -0.066496 0.129921,
        0.144954 -0.079284 0.129921,
        0.145477 -0.088149 0.129921,
        0.144283 -0.100926 0.129921,
        0.141077 -0.111085 0.129921,
        0.103774 -0.134421 0.129921,
        0.130675 -0.125083 0.129921,
        0.114735 -0.133198 0.129921,
        0.123422 -0.130006 0.129921,
        0.136167 -0.119289 0.129921,
        0.088096 -0.132681 0.129921,
        0.109594 -0.027113 0.129921,
        0.101254 -0.026393 0.129921,
        0.131959 -0.141946 0.129921,
        0.141548 -0.135794 0.129921,
        0.148030 -0.047709 0.129921,
        0.137723 -0.037797 0.129921,
        0.126683 -0.031361 0.129921,
        0.161321 -0.089117 0.129921,
        0.159624 -0.072348 0.129921,
        0.155079 -0.058893 0.129921,
        0.113726 -0.027470 0.129921,
        0.150193 -0.126687 0.129921,
        0.156500 -0.115571 0.129921,
        0.160161 -0.102898 0.129921,
        0.097983 -0.146664 0.129921,
        0.102728 -0.147329 0.129921,
        0.105957 -0.147384 0.129921,
        0.112904 -0.146664 0.129921,
        0.120490 -0.145877 0.129921,
        0.171404 -0.132980 0.129921,
        0.171404 -0.145944 0.129921,
        0.231899 -0.145944 0.129921,
        0.231899 -0.027833 0.129921,
        0.216056 -0.027833 0.129921,
        0.216056 -0.132980 0.129921,
        -0.010083 -0.027833 0.129921,
        -0.010083 -0.040797 0.129921,
        -0.012963 -0.132980 0.129921,
        -0.012963 -0.145944 0.129921,
        0.050413 -0.145944 0.129921,
        0.050413 -0.027833 0.129921,
        0.034569 -0.092650 0.129921,
        0.034569 -0.132980 0.129921,
        -0.007202 -0.092650 0.129921,
        -0.007202 -0.079687 0.129921,
        0.034569 -0.079687 0.129921,
        0.034569 -0.040797 0.129921,
        -0.125193 -0.113517 0.129921,
        -0.118567 -0.123934 0.129921,
        -0.108913 -0.133267 0.129921,
        -0.096686 -0.140467 0.129921,
        -0.100230 -0.034509 0.129921,
        -0.111930 -0.042123 0.129921,
        -0.069340 -0.027833 0.129921,
        -0.086404 -0.029657 0.129921,
        -0.116517 -0.046376 0.129921,
        -0.123599 -0.055625 0.129921,
        -0.128572 -0.067089 0.129921,
        -0.130848 -0.079566 0.129921,
        -0.131074 -0.085403 0.129921,
        -0.129419 -0.101208 0.129921,
        -0.083090 -0.144603 0.129921,
        -0.068125 -0.145944 0.129921,
        -0.036009 -0.145944 0.129921,
        -0.036009 -0.027833 0.129921,
        -0.157000 -0.145944 0.129921,
        -0.139716 -0.145944 0.129921,
        -0.229019 -0.145944 0.129921,
        -0.217068 -0.112815 0.129921,
        -0.168276 -0.112815 0.129921,
        -0.184367 -0.027833 0.129921,
        -0.200211 -0.027833 0.129921,
        -0.246303 -0.145944 0.129921,
        -0.200211 -0.027833 0.133858,
        -0.246303 -0.145944 0.133858,
        -0.229019 -0.145944 0.133858,
        -0.217068 -0.112815 0.133858,
        -0.168276 -0.112815 0.133858,
        -0.157000 -0.145944 0.133858,
        -0.139716 -0.145944 0.133858,
        -0.184367 -0.027833 0.133858,
        -0.172259 -0.099852 0.133858,
        -0.211757 -0.099852 0.133858,
        -0.189881 -0.050519 0.133858,
        -0.190998 -0.046419 0.133858,
        -0.191772 -0.042237 0.133858,
        -0.192154 -0.042237 0.133858,
        -0.192925 -0.046410 0.133858,
        -0.193977 -0.050519 0.133858,
        -0.172259 -0.099852 0.129921,
        -0.211757 -0.099852 0.129921,
        -0.189881 -0.050519 0.129921,
        -0.190998 -0.046419 0.129921,
        -0.191772 -0.042237 0.129921,
        -0.192154 -0.042237 0.129921,
        -0.192925 -0.046410 0.129921,
        -0.193977 -0.050519 0.129921,
        -0.068125 -0.145944 0.133858,
        -0.036009 -0.145944 0.133858,
        -0.036009 -0.027833 0.133858,
        -0.069340 -0.027833 0.133858,
        -0.131074 -0.085403 0.133858,
        -0.130848 -0.079566 0.133858,
        -0.128572 -0.067089 0.133858,
        -0.123599 -0.055625 0.133858,
        -0.116517 -0.046376 0.133858,
        -0.111930 -0.042123 0.133858,
        -0.100230 -0.034509 0.133858,
        -0.086404 -0.029657 0.133858,
        -0.083090 -0.144603 0.133858,
        -0.096686 -0.140467 0.133858,
        -0.108913 -0.133267 0.133858,
        -0.118567 -0.123934 0.133858,
        -0.125193 -0.113517 0.133858,
        -0.129419 -0.101208 0.133858,
        -0.115230 -0.085741 0.133858,
        -0.114226 -0.073985 0.133858,
        -0.111465 -0.064653 0.133858,
        -0.107421 -0.057402 0.133858,
        -0.101690 -0.051300 0.133858,
        -0.093086 -0.045737 0.133858,
        -0.083333 -0.042302 0.133858,
        -0.069273 -0.040797 0.133858,
        -0.051853 -0.040797 0.133858,
        -0.051853 -0.132980 0.133858,
        -0.068620 -0.132980 0.133858,
        -0.081098 -0.131818 0.133858,
        -0.091035 -0.128720 0.133858,
        -0.099020 -0.123977 0.133858,
        -0.105694 -0.117406 0.133858,
        -0.110640 -0.109341 0.133858,
        -0.113772 -0.099948 0.133858,
        -0.069273 -0.040797 0.129921,
        -0.051853 -0.040797 0.129921,
        -0.083333 -0.042302 0.129921,
        -0.093086 -0.045737 0.129921,
        -0.101690 -0.051300 0.129921,
        -0.107421 -0.057402 0.129921,
        -0.111465 -0.064653 0.129921,
        -0.114226 -0.073985 0.129921,
        -0.115230 -0.085741 0.129921,
        -0.113772 -0.099948 0.129921,
        -0.110640 -0.109341 0.129921,
        -0.105694 -0.117406 0.129921,
        -0.099020 -0.123977 0.129921,
        -0.091035 -0.128720 0.129921,
        -0.081098 -0.131818 0.129921,
        -0.068620 -0.132980 0.129921,
        -0.051853 -0.132980 0.129921,
        -0.012963 -0.132980 0.133858,
        -0.012963 -0.145944 0.133858,
        0.050413 -0.145944 0.133858,
        0.050413 -0.027833 0.133858,
        -0.010083 -0.027833 0.133858,
        -0.010083 -0.040797 0.133858,
        0.034569 -0.040797 0.133858,
        0.034569 -0.079687 0.133858,
        -0.007202 -0.079687 0.133858,
        -0.007202 -0.092650 0.133858,
        0.034569 -0.092650 0.133858,
        0.034569 -0.132980 0.133858,
        0.073459 -0.126859 0.133858,
        0.073459 -0.139822 0.133858,
        0.086049 -0.144992 0.133858,
        0.105957 -0.147384 0.133858,
        0.102728 -0.147329 0.133858,
        0.161321 -0.089117 0.133858,
        0.160161 -0.102898 0.133858,
        0.156500 -0.115571 0.133858,
        0.150193 -0.126687 0.133858,
        0.141548 -0.135794 0.133858,
        0.131959 -0.141946 0.133858,
        0.120490 -0.145877 0.133858,
        0.101254 -0.026393 0.133858,
        0.113726 -0.027470 0.133858,
        0.126683 -0.031361 0.133858,
        0.137723 -0.037797 0.133858,
        0.148030 -0.047709 0.133858,
        0.155079 -0.058893 0.133858,
        0.159624 -0.072348 0.133858,
        0.087114 -0.027369 0.133858,
        0.073459 -0.031074 0.133858,
        0.073459 -0.046919 0.133858,
        0.101119 -0.039356 0.133858,
        0.086763 -0.041222 0.133858,
        0.145477 -0.088149 0.133858,
        0.144954 -0.079284 0.133858,
        0.141830 -0.066496 0.133858,
        0.137010 -0.057361 0.133858,
        0.129910 -0.049448 0.133858,
        0.121542 -0.043838 0.133858,
        0.112748 -0.040659 0.133858,
        0.103774 -0.134421 0.133858,
        0.114735 -0.133198 0.133858,
        0.123422 -0.130006 0.133858,
        0.130675 -0.125083 0.133858,
        0.136167 -0.119289 0.133858,
        0.141077 -0.111085 0.133858,
        0.144283 -0.100926 0.133858,
        0.075576 -0.128031 0.133858,
        0.088096 -0.132681 0.133858,
        0.171404 -0.132980 0.133858,
        0.171404 -0.145944 0.133858,
        0.231899 -0.145944 0.133858,
        0.231899 -0.027833 0.133858,
        0.216056 -0.027833 0.133858,
        0.216056 -0.132980 0.133858,
      ]
    }
    coordIndex [
      88, 89, 86, -1,
      86, 89, 87, -1,
      89, 90, 87, -1,
      87, 90, 82, -1,
      90, 91, 82, -1,
      82, 91, 83, -1,
      91, 92, 83, -1,
      83, 92, 84, -1,
      92, 93, 84, -1,
      84, 93, 80, -1,
      93, 94, 80, -1,
      80, 94, 81, -1,
      94, 95, 81, -1,
      81, 95, 85, -1,
      95, 88, 85, -1,
      85, 88, 86, -1,
      96, 92, 97, -1,
      97, 92, 91, -1,
      98, 95, 96, -1,
      96, 95, 94, -1,
      96, 94, 92, -1,
      92, 94, 93, -1,
      98, 99, 95, -1,
      95, 99, 100, -1,
      95, 100, 88, -1,
      88, 100, 101, -1,
      88, 101, 102, -1,
      102, 103, 88, -1,
      88, 103, 97, -1,
      88, 97, 89, -1,
      89, 97, 91, -1,
      89, 91, 90, -1,
      96, 97, 104, -1,
      104, 97, 105, -1,
      98, 96, 106, -1,
      106, 96, 104, -1,
      98, 106, 107, -1,
      98, 107, 99, -1,
      99, 107, 108, -1,
      99, 108, 100, -1,
      101, 100, 109, -1,
      109, 100, 108, -1,
      101, 109, 110, -1,
      101, 110, 102, -1,
      102, 110, 111, -1,
      102, 111, 103, -1,
      97, 103, 105, -1,
      105, 103, 111, -1,
      112, 113, 77, -1,
      77, 113, 78, -1,
      113, 114, 78, -1,
      78, 114, 79, -1,
      114, 115, 79, -1,
      79, 115, 68, -1,
      116, 74, 73, -1,
      116, 73, 117, -1,
      117, 73, 72, -1,
      117, 72, 118, -1,
      118, 72, 71, -1,
      118, 71, 119, -1,
      119, 71, 70, -1,
      119, 70, 120, -1,
      120, 70, 67, -1,
      120, 67, 121, -1,
      121, 67, 66, -1,
      121, 66, 122, -1,
      122, 66, 69, -1,
      122, 69, 123, -1,
      123, 69, 68, -1,
      123, 68, 115, -1,
      112, 77, 76, -1,
      112, 76, 124, -1,
      124, 76, 65, -1,
      124, 65, 125, -1,
      125, 65, 64, -1,
      125, 64, 126, -1,
      126, 64, 63, -1,
      126, 63, 127, -1,
      127, 63, 62, -1,
      127, 62, 128, -1,
      128, 62, 75, -1,
      128, 75, 129, -1,
      129, 75, 74, -1,
      129, 74, 116, -1,
      129, 116, 130, -1,
      130, 116, 117, -1,
      130, 117, 131, -1,
      131, 117, 118, -1,
      131, 118, 132, -1,
      132, 118, 119, -1,
      132, 119, 133, -1,
      133, 119, 120, -1,
      133, 120, 134, -1,
      134, 120, 121, -1,
      134, 121, 135, -1,
      135, 121, 122, -1,
      135, 122, 136, -1,
      136, 122, 123, -1,
      136, 123, 137, -1,
      137, 123, 115, -1,
      137, 115, 138, -1,
      138, 115, 114, -1,
      138, 114, 139, -1,
      139, 114, 113, -1,
      139, 113, 140, -1,
      140, 113, 112, -1,
      140, 112, 141, -1,
      141, 112, 124, -1,
      141, 124, 142, -1,
      142, 124, 125, -1,
      142, 125, 143, -1,
      143, 125, 126, -1,
      143, 126, 144, -1,
      144, 126, 127, -1,
      144, 127, 145, -1,
      145, 127, 128, -1,
      145, 128, 146, -1,
      146, 128, 129, -1,
      146, 129, 130, -1,
      137, 138, 147, -1,
      147, 138, 148, -1,
      137, 147, 149, -1,
      137, 149, 136, -1,
      136, 149, 150, -1,
      136, 150, 135, -1,
      135, 150, 151, -1,
      135, 151, 134, -1,
      134, 151, 152, -1,
      134, 152, 133, -1,
      133, 152, 153, -1,
      133, 153, 132, -1,
      132, 153, 154, -1,
      132, 154, 131, -1,
      131, 154, 155, -1,
      131, 155, 130, -1,
      130, 155, 156, -1,
      130, 156, 146, -1,
      146, 156, 157, -1,
      146, 157, 145, -1,
      145, 157, 158, -1,
      145, 158, 144, -1,
      144, 158, 159, -1,
      144, 159, 143, -1,
      143, 159, 160, -1,
      143, 160, 142, -1,
      142, 160, 161, -1,
      142, 161, 141, -1,
      141, 161, 162, -1,
      141, 162, 140, -1,
      139, 140, 163, -1,
      163, 140, 162, -1,
      138, 139, 148, -1,
      148, 139, 163, -1,
      164, 165, 52, -1,
      52, 165, 53, -1,
      165, 166, 53, -1,
      53, 166, 54, -1,
      166, 167, 54, -1,
      54, 167, 55, -1,
      167, 168, 55, -1,
      55, 168, 50, -1,
      168, 169, 50, -1,
      50, 169, 51, -1,
      169, 170, 51, -1,
      51, 170, 61, -1,
      170, 171, 61, -1,
      61, 171, 60, -1,
      171, 172, 60, -1,
      60, 172, 59, -1,
      172, 173, 59, -1,
      59, 173, 58, -1,
      173, 174, 58, -1,
      58, 174, 56, -1,
      174, 175, 56, -1,
      56, 175, 57, -1,
      175, 164, 57, -1,
      57, 164, 52, -1,
      166, 165, 164, -1,
      164, 175, 166, -1,
      166, 175, 174, -1,
      166, 174, 167, -1,
      169, 168, 170, -1,
      170, 168, 167, -1,
      170, 167, 171, -1,
      171, 167, 174, -1,
      171, 174, 172, -1,
      172, 174, 173, -1,
      176, 177, 0, -1,
      0, 177, 1, -1,
      1, 177, 178, -1,
      179, 41, 40, -1,
      179, 40, 180, -1,
      180, 40, 39, -1,
      180, 39, 178, -1,
      178, 39, 2, -1,
      178, 2, 1, -1,
      181, 32, 38, -1,
      181, 38, 182, -1,
      182, 38, 37, -1,
      182, 37, 183, -1,
      183, 37, 36, -1,
      183, 36, 184, -1,
      184, 36, 28, -1,
      184, 28, 185, -1,
      185, 28, 27, -1,
      185, 27, 186, -1,
      186, 27, 43, -1,
      186, 43, 187, -1,
      187, 43, 179, -1,
      179, 43, 42, -1,
      179, 42, 41, -1,
      188, 26, 189, -1,
      189, 26, 25, -1,
      25, 35, 189, -1,
      189, 35, 31, -1,
      189, 31, 190, -1,
      190, 31, 30, -1,
      190, 30, 191, -1,
      191, 30, 29, -1,
      191, 29, 192, -1,
      192, 29, 34, -1,
      192, 34, 193, -1,
      193, 34, 33, -1,
      193, 33, 194, -1,
      194, 33, 32, -1,
      194, 32, 181, -1,
      26, 188, 3, -1,
      3, 188, 195, -1,
      3, 195, 4, -1,
      4, 195, 196, -1,
      4, 196, 9, -1,
      196, 197, 9, -1,
      9, 197, 8, -1,
      198, 5, 7, -1,
      198, 7, 199, -1,
      199, 7, 8, -1,
      199, 8, 197, -1,
      200, 16, 15, -1,
      200, 15, 201, -1,
      201, 15, 14, -1,
      201, 14, 202, -1,
      202, 14, 13, -1,
      202, 13, 203, -1,
      203, 13, 12, -1,
      203, 12, 204, -1,
      204, 12, 11, -1,
      204, 11, 205, -1,
      205, 11, 10, -1,
      205, 10, 206, -1,
      206, 10, 5, -1,
      206, 5, 198, -1,
      207, 19, 21, -1,
      207, 21, 208, -1,
      208, 21, 22, -1,
      208, 22, 209, -1,
      209, 22, 20, -1,
      209, 20, 210, -1,
      210, 20, 23, -1,
      210, 23, 211, -1,
      211, 23, 18, -1,
      211, 18, 212, -1,
      212, 18, 17, -1,
      212, 17, 213, -1,
      213, 17, 16, -1,
      213, 16, 200, -1,
      176, 0, 6, -1,
      176, 6, 214, -1,
      214, 6, 24, -1,
      214, 24, 215, -1,
      215, 24, 19, -1,
      215, 19, 207, -1,
      208, 179, 207, -1,
      207, 179, 180, -1,
      207, 180, 215, -1,
      215, 180, 178, -1,
      215, 178, 214, -1,
      214, 178, 177, -1,
      214, 177, 176, -1,
      197, 196, 199, -1,
      199, 196, 195, -1,
      199, 195, 198, -1,
      198, 195, 188, -1,
      198, 188, 206, -1,
      206, 188, 189, -1,
      206, 189, 205, -1,
      205, 189, 190, -1,
      205, 190, 204, -1,
      204, 190, 191, -1,
      204, 191, 203, -1,
      203, 191, 192, -1,
      203, 192, 202, -1,
      202, 192, 193, -1,
      202, 193, 201, -1,
      201, 193, 194, -1,
      201, 194, 200, -1,
      200, 194, 181, -1,
      200, 181, 213, -1,
      213, 181, 182, -1,
      213, 182, 212, -1,
      212, 182, 183, -1,
      212, 183, 211, -1,
      211, 183, 184, -1,
      211, 184, 210, -1,
      210, 184, 185, -1,
      210, 185, 209, -1,
      209, 185, 186, -1,
      209, 186, 208, -1,
      208, 186, 187, -1,
      208, 187, 179, -1,
      216, 217, 44, -1,
      44, 217, 45, -1,
      217, 218, 45, -1,
      45, 218, 46, -1,
      218, 219, 46, -1,
      46, 219, 47, -1,
      219, 220, 47, -1,
      47, 220, 48, -1,
      220, 221, 48, -1,
      48, 221, 49, -1,
      221, 216, 49, -1,
      49, 216, 44, -1,
      220, 219, 221, -1,
      221, 219, 218, -1,
      221, 218, 216, -1,
      216, 218, 217, -1,
    ]
  }
}

Shape {
  appearance Appearance {
    material Material {
      diffuseColor 0.0000 0.4902 1.0000
      specularColor 0.0000 0.2431 0.5020
      ambientIntensity 0.2
      transparency 0.0000
      shininess 0.5
    }
  }
  geometry IndexedFaceSet {
    ccw TRUE
    solid FALSE
    coord DEF co Coordinate {
      point [
        -0.172259 -0.099852 0.129921,
        -0.211757 -0.099852 0.129921,
        -0.189881 -0.050519 0.129921,
        -0.190998 -0.046419 0.129921,
        -0.191772 -0.042237 0.129921,
        -0.192154 -0.042237 0.129921,
        -0.192925 -0.046410 0.129921,
        -0.193977 -0.050519 0.129921,
        -0.069273 -0.040797 0.129921,
        -0.051853 -0.040797 0.129921,
        -0.083333 -0.042302 0.129921,
        -0.093086 -0.045737 0.129921,
        -0.101690 -0.051300 0.129921,
        -0.107421 -0.057402 0.129921,
        -0.111465 -0.064653 0.129921,
        -0.114226 -0.073985 0.129921,
        -0.115230 -0.085741 0.129921,
        -0.113772 -0.099948 0.129921,
        -0.110640 -0.109341 0.129921,
        -0.105694 -0.117406 0.129921,
        -0.099020 -0.123977 0.129921,
        -0.091035 -0.128720 0.129921,
        -0.081098 -0.131818 0.129921,
        -0.068620 -0.132980 0.129921,
        -0.051853 -0.132980 0.129921,
      ]
    }
    coordIndex [
      0, 1, 2, -1,
      2, 1, 7, -1,
      2, 7, 3, -1,
      3, 7, 6, -1,
      3, 6, 4, -1,
      4, 6, 5, -1,
      9, 24, 8, -1,
      8, 24, 23, -1,
      17, 16, 8, -1,
      16, 15, 8, -1,
      8, 15, 14, -1,
      8, 14, 10, -1,
      23, 22, 8, -1,
      8, 22, 21, -1,
      8, 21, 20, -1,
      13, 12, 14, -1,
      14, 12, 11, -1,
      14, 11, 10, -1,
      20, 19, 8, -1,
      8, 19, 18, -1,
      8, 18, 17, -1,
    ]
  }
}
