#VRML V2.0 utf8

Shape {
  appearance Appearance {
    material Material {
      diffuseColor 0.7529 0.7529 0.7529
      specularColor 0.3765 0.3765 0.3765
      ambientIntensity 0.2
      transparency 0.0000
      shininess 0.5
    }
  }
  geometry IndexedFaceSet {
    ccw TRUE
    solid FALSE
    coord DEF co Coordinate {
      point [
        9.173228 -4.342439 -0.944882,
        9.261076 -4.313413 -0.944882,
        9.173228 -4.342439 0.000000,
        9.265857 -4.311140 0.000000,
        9.265521 -4.310607 -0.944882,
        9.344753 -4.260614 -0.944882,
        9.347917 -4.257980 0.000000,
        9.414346 -4.186238 0.157480,
        9.370079 -4.237851 0.157480,
        9.370079 -4.237851 0.000000,
        9.370079 -3.675534 0.157480,
        9.414346 -3.727147 0.157480,
        9.370079 -3.675534 0.000000,
        9.414032 -3.727321 -0.944882,
        9.347917 -3.655406 0.000000,
        9.412623 -3.724765 -0.944882,
        9.347557 -3.655746 -0.944882,
        9.265857 -3.602246 0.000000,
        9.344753 -3.652772 -0.944882,
        9.173228 -3.570946 -0.944882,
        9.173228 -3.570946 0.000000,
        9.261076 -3.599973 -0.944882,
        9.265521 -3.602778 -0.944882,
        9.347557 -4.257640 -0.944882,
        9.412623 -4.188621 -0.944882,
        9.414032 -4.186065 -0.944882,
        9.460400 -4.101980 -0.944882,
        9.461048 -4.100339 0.157480,
        9.460837 -4.100284 -0.944882,
        9.485069 -4.006163 -0.944882,
        9.485142 -4.005580 0.157480,
        9.485069 -4.005580 -0.944882,
        9.485069 -3.907806 -0.944882,
        9.485142 -3.907806 0.157480,
        9.461048 -3.813047 0.157480,
        9.485069 -3.907222 -0.944882,
        9.460837 -3.813101 -0.944882,
        9.460400 -3.811406 -0.944882,
        9.173228 -4.179404 -1.102362,
        9.173228 -3.733982 -1.102362,
        9.194441 -3.742661 -1.102362,
        9.194441 -4.170724 -1.102362,
        9.244647 -3.774340 -1.102362,
        9.285369 -3.817536 -1.102362,
        9.314035 -4.043865 -1.102362,
        9.285369 -4.095850 -1.102362,
        9.328836 -3.986375 -1.102362,
        9.328836 -3.927011 -1.102362,
        9.314035 -3.869521 -1.102362,
        9.244647 -4.139046 -1.102362,
        -9.173228 -3.570946 -0.944882,
        -9.261076 -3.599973 -0.944882,
        -9.173228 -3.570946 0.000000,
        -9.265857 -3.602246 0.000000,
        -9.265521 -3.602778 -0.944882,
        -9.344753 -3.652772 -0.944882,
        -9.347917 -3.655406 0.000000,
        -9.414346 -3.727147 0.157480,
        -9.370079 -3.675534 0.157480,
        -9.370079 -3.675534 0.000000,
        -9.370079 -4.237851 0.157480,
        -9.414346 -4.186238 0.157480,
        -9.370079 -4.237851 0.000000,
        -9.414032 -4.186065 -0.944882,
        -9.347917 -4.257980 0.000000,
        -9.412623 -4.188621 -0.944882,
        -9.347557 -4.257640 -0.944882,
        -9.265857 -4.311140 0.000000,
        -9.344753 -4.260614 -0.944882,
        -9.173228 -4.342439 -0.944882,
        -9.173228 -4.342439 0.000000,
        -9.261076 -4.313413 -0.944882,
        -9.265521 -4.310607 -0.944882,
        -9.347557 -3.655746 -0.944882,
        -9.412623 -3.724765 -0.944882,
        -9.414032 -3.727321 -0.944882,
        -9.460400 -3.811406 -0.944882,
        -9.461048 -3.813047 0.157480,
        -9.460837 -3.813101 -0.944882,
        -9.485069 -3.907222 -0.944882,
        -9.485142 -3.907806 0.157480,
        -9.485069 -3.907806 -0.944882,
        -9.485069 -4.005580 -0.944882,
        -9.485142 -4.005580 0.157480,
        -9.461048 -4.100339 0.157480,
        -9.485069 -4.006163 -0.944882,
        -9.460837 -4.100284 -0.944882,
        -9.460400 -4.101980 -0.944882,
        -9.194441 -3.742661 -1.102362,
        -9.173228 -3.733982 -1.102362,
        -9.173228 -4.179404 -1.102362,
        -9.314035 -3.869521 -1.102362,
        -9.285369 -3.817536 -1.102362,
        -9.244647 -4.139046 -1.102362,
        -9.285369 -4.095850 -1.102362,
        -9.314035 -4.043865 -1.102362,
        -9.328836 -3.986375 -1.102362,
        -9.194441 -4.170724 -1.102362,
        -9.244647 -3.774340 -1.102362,
        -9.328836 -3.927011 -1.102362,
        -9.370079 -5.374016 0.157480,
        -9.370079 -5.374016 0.000000,
        -9.173228 -5.374016 0.000000,
        9.370079 -5.374016 0.000000,
        9.173228 -5.374016 0.000000,
        9.370079 -5.374016 0.157480,
        -9.370079 -1.515748 0.000000,
        -9.173228 -1.515748 0.000000,
        -9.173228 -2.892588 0.157480,
        -9.173228 -2.569551 0.157480,
        -9.173228 -1.515748 0.157480,
        -9.173228 -5.374016 0.157480,
        -9.173228 -3.243007 0.157480,
        9.173228 -1.515748 0.000000,
        9.370079 -1.515748 0.000000,
        9.370079 -1.515748 0.157480,
        -2.269685 -1.515748 3.045276,
        -2.690945 -1.515748 3.045276,
        -3.307087 -1.515748 3.937008,
        -9.731300 -1.515748 0.482649,
        -10.157481 -1.515748 0.482649,
        -10.157481 -1.515748 2.007874,
        -0.008012 -1.515748 0.157480,
        0.000000 -1.515748 0.482649,
        1.653543 -1.515748 0.482649,
        -10.078739 -1.515748 3.937008,
        -9.731300 -1.515748 3.937008,
        -9.731300 -1.515748 2.007874,
        10.157481 -1.515748 0.908961,
        10.157481 -1.515748 0.482649,
        9.305118 -1.515748 0.965299,
        8.883859 -1.515748 0.965299,
        8.267717 -1.515748 0.482649,
        8.883859 -1.515748 1.391732,
        8.267717 -1.515748 2.007874,
        9.305118 -1.515748 1.391732,
        10.157481 -1.515748 2.007874,
        10.157481 -1.515748 1.186293,
        10.277569 -1.515748 0.978294,
        10.226814 -1.515748 0.927538,
        10.296146 -1.515748 1.047627,
        10.277569 -1.515748 1.116960,
        10.226814 -1.515748 1.167715,
        10.157481 -1.515748 3.648139,
        9.305118 -1.515748 3.045276,
        10.157481 -1.515748 3.858268,
        10.146931 -1.515748 3.897638,
        10.118110 -1.515748 3.926459,
        10.078739 -1.515748 3.937008,
        8.267717 -1.515748 3.937008,
        8.883859 -1.515748 3.045276,
        8.883859 -1.515748 2.624016,
        9.305118 -1.515748 2.624016,
        10.157481 -1.515748 3.416475,
        10.215396 -1.515748 3.632620,
        10.257794 -1.515748 3.590223,
        10.273312 -1.515748 3.532307,
        10.257794 -1.515748 3.474391,
        10.215396 -1.515748 3.431993,
        -10.078739 -1.515748 0.157480,
        -10.118110 -1.515748 0.168030,
        -10.146931 -1.515748 0.196850,
        -10.157481 -1.515748 0.236220,
        -9.731300 -1.515748 0.157480,
        -9.370079 -1.515748 0.157480,
        -8.267717 -1.515748 0.157480,
        -8.267717 -1.515748 0.482649,
        -6.614173 -1.515748 0.157480,
        -6.614173 -1.515748 0.482649,
        -4.960630 -1.515748 0.157480,
        -4.960630 -1.515748 0.482649,
        -3.307087 -1.515748 0.157480,
        -3.307087 -1.515748 0.482649,
        9.173228 -1.515748 0.157480,
        8.267717 -1.515748 0.157480,
        6.614173 -1.515748 0.482649,
        6.614173 -1.515748 0.157480,
        4.960630 -1.515748 0.482649,
        4.960630 -1.515748 0.157480,
        3.307087 -1.515748 0.482649,
        3.307087 -1.515748 0.157480,
        1.653543 -1.515748 0.157480,
        10.146931 -1.515748 0.196850,
        10.118110 -1.515748 0.168030,
        10.157481 -1.515748 0.236220,
        10.078739 -1.515748 0.157480,
        7.230315 -1.515748 1.391732,
        6.614173 -1.515748 2.007874,
        7.651574 -1.515748 1.391732,
        7.651574 -1.515748 0.965299,
        7.230315 -1.515748 0.965299,
        5.576772 -1.515748 1.391732,
        4.960630 -1.515748 2.007874,
        5.998032 -1.515748 1.391732,
        5.998032 -1.515748 0.965299,
        5.576772 -1.515748 0.965299,
        3.923228 -1.515748 1.391732,
        3.307087 -1.515748 2.007874,
        4.344488 -1.515748 1.391732,
        4.344488 -1.515748 0.965299,
        3.923228 -1.515748 0.965299,
        2.690945 -1.515748 1.391732,
        2.690945 -1.515748 0.965299,
        2.269685 -1.515748 0.965299,
        2.269685 -1.515748 1.391732,
        1.653543 -1.515748 2.007874,
        1.037402 -1.515748 1.391732,
        1.037402 -1.515748 0.965299,
        0.616142 -1.515748 0.965299,
        0.616142 -1.515748 1.391732,
        0.000000 -1.515748 2.007874,
        -2.690945 -1.515748 0.965299,
        -2.269685 -1.515748 0.965299,
        -1.037402 -1.515748 0.965299,
        -0.616142 -1.515748 0.965299,
        -2.690945 -1.515748 1.391732,
        -3.307087 -1.515748 2.007874,
        -2.269685 -1.515748 1.391732,
        -0.616142 -1.515748 1.391732,
        -1.037402 -1.515748 1.391732,
        -4.344488 -1.515748 1.391732,
        -4.960630 -1.515748 2.007874,
        -3.923228 -1.515748 1.391732,
        -3.923228 -1.515748 0.965299,
        -4.344488 -1.515748 0.965299,
        -5.576772 -1.515748 1.391732,
        -5.576772 -1.515748 0.965299,
        -5.998032 -1.515748 0.965299,
        -5.998032 -1.515748 1.391732,
        -6.614173 -1.515748 2.007874,
        -7.651574 -1.515748 1.391732,
        -8.267717 -1.515748 2.007874,
        -7.230315 -1.515748 1.391732,
        -7.230315 -1.515748 0.965299,
        -7.651574 -1.515748 0.965299,
        -9.305118 -1.515748 0.965299,
        -8.883859 -1.515748 0.965299,
        -8.883859 -1.515748 1.391732,
        -9.305118 -1.515748 1.391732,
        -10.146931 -1.515748 3.897638,
        -10.118110 -1.515748 3.926459,
        -10.157481 -1.515748 3.858268,
        7.651574 -1.515748 3.045276,
        7.651574 -1.515748 2.624016,
        7.230315 -1.515748 2.624016,
        7.230315 -1.515748 3.045276,
        6.614173 -1.515748 3.937008,
        5.998032 -1.515748 3.045276,
        5.998032 -1.515748 2.624016,
        5.576772 -1.515748 2.624016,
        5.576772 -1.515748 3.045276,
        4.960630 -1.515748 3.937008,
        4.344488 -1.515748 3.045276,
        4.344488 -1.515748 2.624016,
        3.923228 -1.515748 2.624016,
        3.923228 -1.515748 3.045276,
        3.307087 -1.515748 3.937008,
        2.690945 -1.515748 3.045276,
        2.690945 -1.515748 2.624016,
        2.269685 -1.515748 2.624016,
        2.269685 -1.515748 3.045276,
        1.653543 -1.515748 3.937008,
        1.037402 -1.515748 3.045276,
        1.037402 -1.515748 2.624016,
        0.616142 -1.515748 2.624016,
        0.616142 -1.515748 3.045276,
        0.000000 -1.515748 3.937008,
        -2.690945 -1.515748 2.624016,
        -2.269685 -1.515748 2.624016,
        -1.037402 -1.515748 2.624016,
        -0.616142 -1.515748 2.624016,
        -0.616142 -1.515748 3.045276,
        -1.037402 -1.515748 3.045276,
        -3.923228 -1.515748 3.045276,
        -3.923228 -1.515748 2.624016,
        -4.344488 -1.515748 2.624016,
        -4.344488 -1.515748 3.045276,
        -4.960630 -1.515748 3.937008,
        -5.576772 -1.515748 3.045276,
        -5.576772 -1.515748 2.624016,
        -5.998032 -1.515748 2.624016,
        -5.998032 -1.515748 3.045276,
        -6.614173 -1.515748 3.937008,
        -7.230315 -1.515748 3.045276,
        -7.230315 -1.515748 2.624016,
        -7.651574 -1.515748 2.624016,
        -7.651574 -1.515748 3.045276,
        -8.267717 -1.515748 3.937008,
        -8.883859 -1.515748 3.045276,
        -8.883859 -1.515748 2.624016,
        -9.305118 -1.515748 2.624016,
        -9.305118 -1.515748 3.045276,
        -8.883859 -3.799213 2.624016,
        -9.305118 -3.799213 2.624016,
        -9.468504 -3.799213 2.106299,
        -8.720472 -3.799213 2.106299,
        -8.326772 -3.799213 2.500000,
        -8.883859 -3.799213 3.045276,
        -8.326772 -3.799213 3.641732,
        -9.305118 -3.799213 3.045276,
        -9.862204 -3.799213 3.641732,
        -9.862204 -3.799213 2.500000,
        -7.230315 -3.799213 3.045276,
        -6.673229 -3.799213 3.641732,
        -7.651574 -3.799213 3.045276,
        -8.208661 -3.799213 3.641732,
        -7.651574 -3.799213 2.624016,
        -8.208661 -3.799213 2.106299,
        -7.230315 -3.799213 2.624016,
        -6.673229 -3.799213 2.106299,
        -5.576772 -3.799213 3.045276,
        -5.019685 -3.799213 3.641732,
        -5.998032 -3.799213 3.045276,
        -6.555119 -3.799213 3.641732,
        -5.998032 -3.799213 2.624016,
        -6.555119 -3.799213 2.106299,
        -5.576772 -3.799213 2.624016,
        -5.019685 -3.799213 2.106299,
        -3.923228 -3.799213 2.624016,
        -4.344488 -3.799213 2.624016,
        -4.507874 -3.799213 2.106299,
        -3.759842 -3.799213 2.106299,
        -3.366142 -3.799213 2.500000,
        -3.923228 -3.799213 3.045276,
        -3.366142 -3.799213 3.641732,
        -4.344488 -3.799213 3.045276,
        -4.901575 -3.799213 3.641732,
        -4.901575 -3.799213 2.500000,
        -2.269685 -3.799213 2.624016,
        -2.690945 -3.799213 2.624016,
        -2.854331 -3.799213 2.106299,
        -2.106299 -3.799213 2.106299,
        -1.712598 -3.799213 2.500000,
        -2.269685 -3.799213 3.045276,
        -1.712598 -3.799213 3.641732,
        -2.690945 -3.799213 3.045276,
        -3.248031 -3.799213 3.641732,
        -3.248031 -3.799213 2.500000,
        -0.616142 -3.799213 3.045276,
        -0.059055 -3.799213 3.641732,
        -1.037402 -3.799213 3.045276,
        -1.594488 -3.799213 3.641732,
        -1.037402 -3.799213 2.624016,
        -1.594488 -3.799213 2.106299,
        -0.616142 -3.799213 2.624016,
        -0.059055 -3.799213 2.106299,
        1.037402 -3.799213 3.045276,
        1.594488 -3.799213 3.641732,
        0.616142 -3.799213 3.045276,
        0.059055 -3.799213 3.641732,
        0.616142 -3.799213 2.624016,
        0.059055 -3.799213 2.106299,
        1.037402 -3.799213 2.624016,
        1.594488 -3.799213 2.106299,
        2.690945 -3.799213 2.624016,
        2.269685 -3.799213 2.624016,
        2.106299 -3.799213 2.106299,
        2.854331 -3.799213 2.106299,
        3.248031 -3.799213 2.500000,
        2.690945 -3.799213 3.045276,
        3.248031 -3.799213 3.641732,
        2.269685 -3.799213 3.045276,
        1.712598 -3.799213 3.641732,
        1.712598 -3.799213 2.500000,
        4.344488 -3.799213 2.624016,
        3.923228 -3.799213 2.624016,
        3.759842 -3.799213 2.106299,
        4.507874 -3.799213 2.106299,
        4.901575 -3.799213 2.500000,
        4.344488 -3.799213 3.045276,
        4.901575 -3.799213 3.641732,
        3.923228 -3.799213 3.045276,
        3.366142 -3.799213 3.641732,
        3.366142 -3.799213 2.500000,
        5.998032 -3.799213 3.045276,
        6.555119 -3.799213 3.641732,
        5.576772 -3.799213 3.045276,
        5.019685 -3.799213 3.641732,
        5.576772 -3.799213 2.624016,
        5.019685 -3.799213 2.106299,
        5.998032 -3.799213 2.624016,
        6.555119 -3.799213 2.106299,
        7.651574 -3.799213 3.045276,
        8.208661 -3.799213 3.641732,
        7.230315 -3.799213 3.045276,
        6.673229 -3.799213 3.641732,
        7.230315 -3.799213 2.624016,
        6.673229 -3.799213 2.106299,
        7.651574 -3.799213 2.624016,
        8.208661 -3.799213 2.106299,
        -9.305118 -3.799213 1.391732,
        -9.862204 -3.799213 1.988189,
        -9.305118 -3.799213 0.970472,
        -9.862204 -3.799213 0.452756,
        -8.883859 -3.799213 0.970472,
        -8.326772 -3.799213 0.452756,
        -8.883859 -3.799213 1.391732,
        -8.326772 -3.799213 1.988189,
        -8.326772 -6.515748 0.452756,
        -9.862204 -6.515748 0.452756,
        -8.326772 -6.515748 1.988189,
        -9.862204 -6.515748 1.988189,
        -7.230315 -3.799213 0.970472,
        -7.651574 -3.799213 0.970472,
        -7.814961 -3.799213 0.452756,
        -7.066930 -3.799213 0.452756,
        -6.673229 -3.799213 0.846457,
        -7.230315 -3.799213 1.391732,
        -6.673229 -3.799213 1.988189,
        -7.651574 -3.799213 1.391732,
        -8.208661 -3.799213 1.988189,
        -8.208661 -3.799213 0.846457,
        -7.066930 -6.515748 0.452756,
        -7.814961 -6.515748 0.452756,
        -6.673229 -6.515748 1.988189,
        -6.673229 -6.515748 0.846457,
        -6.673229 -6.555119 2.027559,
        -6.673229 -6.555119 0.790779,
        -8.208661 -6.515748 1.988189,
        -8.208661 -6.515748 0.846457,
        -5.576772 -3.799213 0.970472,
        -5.998032 -3.799213 0.970472,
        -6.161418 -3.799213 0.452756,
        -5.413386 -3.799213 0.452756,
        -5.019685 -3.799213 0.846457,
        -5.576772 -3.799213 1.391732,
        -5.019685 -3.799213 1.988189,
        -5.998032 -3.799213 1.391732,
        -6.555119 -3.799213 1.988189,
        -6.555119 -3.799213 0.846457,
        -5.413386 -6.515748 0.452756,
        -6.161418 -6.515748 0.452756,
        -5.019685 -6.515748 1.988189,
        -5.019685 -6.515748 0.846457,
        -6.555119 -6.515748 1.988189,
        -6.555119 -6.515748 0.846457,
        -4.344488 -3.799213 1.391732,
        -4.901575 -3.799213 1.988189,
        -4.344488 -3.799213 0.970472,
        -4.901575 -3.799213 0.452756,
        -3.923228 -3.799213 0.970472,
        -3.366142 -3.799213 0.452756,
        -3.923228 -3.799213 1.391732,
        -3.366142 -3.799213 1.988189,
        -3.366142 -6.515748 0.452756,
        -4.901575 -6.515748 0.452756,
        -3.366142 -6.515748 1.988189,
        -4.901575 -6.515748 1.988189,
        -2.690945 -3.799213 1.391732,
        -3.248031 -3.799213 1.988189,
        -2.690945 -3.799213 0.970472,
        -3.248031 -3.799213 0.452756,
        -2.269685 -3.799213 0.970472,
        -1.712598 -3.799213 0.452756,
        -2.269685 -3.799213 1.391732,
        -1.712598 -3.799213 1.988189,
        -1.712598 -6.515748 0.452756,
        -3.248031 -6.515748 0.452756,
        -1.712598 -6.515748 1.988189,
        -3.248031 -6.515748 1.988189,
        -0.616142 -3.799213 0.970472,
        -1.037402 -3.799213 0.970472,
        -1.200787 -3.799213 0.452756,
        -0.452756 -3.799213 0.452756,
        -0.059055 -3.799213 0.846457,
        -0.616142 -3.799213 1.391732,
        -0.059055 -3.799213 1.988189,
        -1.037402 -3.799213 1.391732,
        -1.594488 -3.799213 1.988189,
        -1.594488 -3.799213 0.846457,
        -0.452756 -6.515748 0.452756,
        -1.200787 -6.515748 0.452756,
        -0.059055 -6.515748 1.988189,
        -0.059055 -6.515748 0.846457,
        -1.594488 -6.515748 1.988189,
        -1.594488 -6.515748 0.846457,
        1.037402 -3.799213 0.970472,
        0.616142 -3.799213 0.970472,
        0.452756 -3.799213 0.452756,
        1.200787 -3.799213 0.452756,
        1.594488 -3.799213 0.846457,
        1.037402 -3.799213 1.391732,
        1.594488 -3.799213 1.988189,
        0.616142 -3.799213 1.391732,
        0.059055 -3.799213 1.988189,
        0.059055 -3.799213 0.846457,
        1.200787 -6.515748 0.452756,
        0.452756 -6.515748 0.452756,
        1.594488 -6.515748 1.988189,
        1.594488 -6.515748 0.846457,
        0.059055 -6.515748 1.988189,
        0.059055 -6.515748 0.846457,
        2.269685 -3.799213 1.391732,
        1.712598 -3.799213 1.988189,
        2.269685 -3.799213 0.970472,
        1.712598 -3.799213 0.452756,
        2.690945 -3.799213 0.970472,
        3.248031 -3.799213 0.452756,
        2.690945 -3.799213 1.391732,
        3.248031 -3.799213 1.988189,
        3.248031 -6.515748 0.452756,
        1.712598 -6.515748 0.452756,
        3.248031 -6.515748 1.988189,
        1.712598 -6.515748 1.988189,
        4.344488 -3.799213 1.391732,
        4.901575 -3.799213 1.988189,
        3.923228 -3.799213 1.391732,
        3.366142 -3.799213 1.988189,
        3.923228 -3.799213 0.970472,
        3.366142 -3.799213 0.452756,
        4.344488 -3.799213 0.970472,
        4.901575 -3.799213 0.452756,
        4.901575 -6.515748 0.452756,
        3.366142 -6.515748 0.452756,
        4.901575 -6.515748 1.988189,
        3.366142 -6.515748 1.988189,
        5.998032 -3.799213 0.970472,
        5.576772 -3.799213 0.970472,
        5.413386 -3.799213 0.452756,
        6.161418 -3.799213 0.452756,
        6.555119 -3.799213 0.846457,
        5.998032 -3.799213 1.391732,
        6.555119 -3.799213 1.988189,
        5.576772 -3.799213 1.391732,
        5.019685 -3.799213 1.988189,
        5.019685 -3.799213 0.846457,
        6.161418 -6.515748 0.452756,
        5.413386 -6.515748 0.452756,
        6.555119 -6.515748 1.988189,
        6.555119 -6.515748 0.846457,
        5.019685 -6.515748 1.988189,
        5.019685 -6.515748 0.846457,
        -8.720472 -6.515748 2.106299,
        -9.468504 -6.515748 2.106299,
        -8.326772 -6.515748 3.641732,
        -8.326772 -6.515748 2.500000,
        -9.862204 -6.515748 3.641732,
        -9.862204 -6.515748 2.500000,
        -6.673229 -6.515748 2.106299,
        -8.208661 -6.515748 2.106299,
        -6.673229 -6.515748 3.641732,
        -8.208661 -6.515748 3.641732,
        -5.019685 -6.515748 2.106299,
        -6.555119 -6.515748 2.106299,
        -5.019685 -6.515748 3.641732,
        -6.555119 -6.515748 3.641732,
        -3.759842 -6.515748 2.106299,
        -4.507874 -6.515748 2.106299,
        -3.366142 -6.515748 3.641732,
        -3.366142 -6.515748 2.500000,
        -4.901575 -6.515748 3.641732,
        -4.901575 -6.515748 2.500000,
        -2.106299 -6.515748 2.106299,
        -2.854331 -6.515748 2.106299,
        -1.712598 -6.515748 3.641732,
        -1.712598 -6.515748 2.500000,
        -3.248031 -6.515748 3.641732,
        -3.248031 -6.515748 2.500000,
        -0.059055 -6.515748 2.106299,
        -1.594488 -6.515748 2.106299,
        -0.059055 -6.515748 3.641732,
        -1.594488 -6.515748 3.641732,
        1.594488 -6.515748 2.106299,
        0.059055 -6.515748 2.106299,
        1.594488 -6.515748 3.641732,
        0.059055 -6.515748 3.641732,
        2.854331 -6.515748 2.106299,
        2.106299 -6.515748 2.106299,
        3.248031 -6.515748 3.641732,
        3.248031 -6.515748 2.500000,
        1.712598 -6.515748 3.641732,
        1.712598 -6.515748 2.500000,
        4.507874 -6.515748 2.106299,
        3.759842 -6.515748 2.106299,
        4.901575 -6.515748 3.641732,
        4.901575 -6.515748 2.500000,
        3.366142 -6.515748 3.641732,
        3.366142 -6.515748 2.500000,
        6.555119 -6.515748 2.106299,
        5.019685 -6.515748 2.106299,
        6.555119 -6.515748 3.641732,
        5.019685 -6.515748 3.641732,
        9.305118 -3.799213 2.624016,
        8.883859 -3.799213 2.624016,
        8.720472 -3.799213 2.106299,
        9.468504 -3.799213 2.106299,
        9.862204 -3.799213 2.500000,
        9.305118 -3.799213 3.045276,
        9.862204 -3.799213 3.641732,
        8.883859 -3.799213 3.045276,
        8.326772 -3.799213 3.641732,
        8.326772 -3.799213 2.500000,
        10.157481 -6.555119 0.908961,
        10.157481 -6.555119 0.236220,
        -10.157481 -6.555119 2.047244,
        -10.157481 -6.555119 3.858268,
        -10.157481 -6.555119 0.236220,
        -6.633858 -6.555119 2.066929,
        -6.653543 -6.555119 2.066929,
        -6.653543 -6.555119 2.047244,
        10.157481 -6.555119 1.186293,
        10.157481 -6.555119 2.047244,
        10.098861 -6.555119 2.047244,
        -10.118110 -6.555119 0.168030,
        -10.099120 -6.555119 0.160163,
        -10.134418 -6.555119 0.180543,
        -10.078739 -6.555119 0.157480,
        -10.146931 -6.555119 0.196850,
        -8.267717 -6.555119 3.937008,
        -8.287402 -6.555119 3.681102,
        -8.287402 -6.555119 2.483692,
        -9.901575 -6.555119 3.681102,
        -10.078739 -6.555119 3.937008,
        -10.096261 -6.555119 3.935034,
        -10.112904 -6.555119 3.929210,
        -10.127833 -6.555119 3.919830,
        -10.140302 -6.555119 3.907361,
        -9.901575 -6.555119 2.483692,
        -9.484811 -6.555119 2.066929,
        -8.267717 -6.555119 2.047244,
        -8.704165 -6.555119 2.066929,
        -10.149682 -6.555119 3.892432,
        -10.155506 -6.555119 3.875789,
        9.901575 -6.555119 3.681102,
        9.901575 -6.555119 2.483692,
        9.484811 -6.555119 2.066929,
        8.704165 -6.555119 2.066929,
        8.267717 -6.555119 2.047244,
        8.287402 -6.555119 2.483692,
        8.267717 -6.555119 3.937008,
        8.287402 -6.555119 3.681102,
        10.078739 -6.555119 3.937008,
        10.098861 -6.555119 3.934359,
        10.157481 -6.555119 3.858268,
        10.146931 -6.555119 3.897638,
        10.134418 -6.555119 3.913946,
        10.118110 -6.555119 3.926459,
        10.154798 -6.555119 3.878647,
        10.099120 -6.555119 3.934325,
        10.098861 -6.555119 0.285433,
        10.157481 -6.555119 0.285433,
        10.226814 -6.555119 1.167715,
        10.193370 -6.555119 1.181568,
        10.277569 -6.555119 0.978294,
        10.255532 -6.555119 0.949575,
        10.193370 -6.555119 0.913685,
        10.226814 -6.555119 0.927538,
        10.296146 -6.555119 1.047627,
        10.291422 -6.555119 1.083516,
        10.291422 -6.555119 1.011737,
        10.277569 -6.555119 1.116960,
        10.255532 -6.555119 1.145679,
        10.146931 -6.555119 0.196850,
        10.154798 -6.555119 0.215841,
        10.099120 -6.555119 0.160163,
        10.118110 -6.555119 0.168030,
        10.134418 -6.555119 0.180543,
        6.614173 -6.555119 0.157480,
        8.267717 -6.555119 0.157480,
        8.267717 -6.555119 0.285433,
        10.078739 -6.555119 0.157480,
        10.098861 -6.555119 0.160129,
        -8.248032 -6.555119 2.066929,
        -8.248032 -6.555119 3.681102,
        -6.633858 -6.555119 3.681102,
        -6.614173 -6.555119 3.937008,
        -6.653543 -6.555119 3.681102,
        -6.653543 -6.555119 3.937008,
        -6.653543 -6.555119 0.157480,
        -6.653543 -6.555119 0.285433,
        -8.267717 -6.555119 0.157480,
        -8.267717 -6.555119 0.285433,
        -9.515748 -6.555119 0.157480,
        -4.960630 -6.555119 0.285433,
        -6.614173 -6.555119 0.285433,
        -6.614173 -6.555119 0.157480,
        -4.960630 -6.555119 0.157480,
        -4.667341 -6.555119 0.157480,
        -3.307087 -6.555119 0.285433,
        -3.307087 -6.555119 0.157480,
        -1.653543 -6.555119 0.285433,
        -1.653543 -6.555119 0.157480,
        0.000000 -6.555119 0.285433,
        -0.314897 -6.555119 0.157480,
        0.000000 -6.555119 0.157480,
        0.230228 -6.555119 0.157480,
        3.307087 -6.555119 0.157480,
        4.727974 -6.555119 0.157480,
        4.960630 -6.555119 0.285433,
        4.960630 -6.555119 0.157480,
        6.614173 -6.555119 0.285433,
        -8.287402 -6.555119 0.413386,
        -9.901575 -6.555119 0.413386,
        -10.157481 -6.555119 0.285433,
        -9.901575 -6.555119 2.027559,
        -8.287402 -6.555119 2.027559,
        -10.154798 -6.555119 0.215841,
        -7.050622 -6.555119 0.413386,
        -7.831269 -6.555119 0.413386,
        -8.248032 -6.555119 0.830149,
        -8.248032 -6.555119 2.027559,
        -6.614173 -6.555119 2.047244,
        -4.980315 -6.555119 0.830149,
        -4.960630 -6.555119 2.047244,
        -5.397078 -6.555119 0.413386,
        -6.177725 -6.555119 0.413386,
        -6.594488 -6.555119 0.830149,
        -6.594488 -6.555119 2.027559,
        -4.980315 -6.555119 2.027559,
        -3.307087 -6.555119 2.047244,
        -3.326772 -6.555119 2.027559,
        -3.326772 -6.555119 0.413386,
        -4.940945 -6.555119 2.027559,
        -4.940945 -6.555119 0.413386,
        -1.653543 -6.555119 2.047244,
        -1.673228 -6.555119 2.027559,
        -1.673228 -6.555119 0.413386,
        -3.287401 -6.555119 2.027559,
        -3.287401 -6.555119 0.413386,
        -1.633858 -6.555119 0.830149,
        -1.633858 -6.555119 2.027559,
        -0.019685 -6.555119 2.027559,
        0.000000 -6.555119 2.047244,
        -0.019685 -6.555119 0.830149,
        -0.436448 -6.555119 0.413386,
        -1.217095 -6.555119 0.413386,
        0.587587 -6.555119 0.157480,
        3.307087 -6.555119 0.285433,
        1.673228 -6.555119 0.413386,
        3.287401 -6.555119 0.413386,
        1.633858 -6.555119 2.027559,
        3.307087 -6.555119 2.047244,
        1.673228 -6.555119 2.027559,
        3.287401 -6.555119 2.027559,
        1.633858 -6.555119 0.830149,
        1.217095 -6.555119 0.413386,
        0.436448 -6.555119 0.413386,
        0.019685 -6.555119 0.830149,
        0.019685 -6.555119 2.027559,
        4.940945 -6.555119 0.413386,
        3.326772 -6.555119 0.413386,
        3.326772 -6.555119 2.027559,
        4.940945 -6.555119 2.027559,
        4.960630 -6.555119 2.047244,
        6.594488 -6.555119 0.830149,
        6.614173 -6.555119 2.047244,
        6.177725 -6.555119 0.413386,
        5.397078 -6.555119 0.413386,
        4.980315 -6.555119 0.830149,
        4.980315 -6.555119 2.027559,
        6.594488 -6.555119 2.027559,
        8.248032 -6.555119 0.830149,
        7.831269 -6.555119 0.413386,
        7.050622 -6.555119 0.413386,
        6.633858 -6.555119 0.830149,
        6.633858 -6.555119 2.027559,
        8.248032 -6.555119 2.027559,
        9.901575 -6.555119 2.027559,
        9.901575 -6.555119 0.413386,
        8.287402 -6.555119 0.413386,
        8.287402 -6.555119 2.027559,
        -6.594488 -6.555119 2.066929,
        -6.594488 -6.555119 3.681102,
        -4.980315 -6.555119 2.066929,
        -4.980315 -6.555119 3.681102,
        -4.960630 -6.555119 3.937008,
        -3.326772 -6.555119 2.483692,
        -3.307087 -6.555119 3.937008,
        -3.743535 -6.555119 2.066929,
        -4.524182 -6.555119 2.066929,
        -4.940945 -6.555119 2.483692,
        -4.940945 -6.555119 3.681102,
        -3.326772 -6.555119 3.681102,
        -1.673228 -6.555119 2.483692,
        -2.089991 -6.555119 2.066929,
        -2.870638 -6.555119 2.066929,
        -3.287401 -6.555119 2.483692,
        -3.287401 -6.555119 3.681102,
        -1.653543 -6.555119 3.937008,
        -1.673228 -6.555119 3.681102,
        -1.633858 -6.555119 3.681102,
        -0.669291 -6.555119 3.937008,
        -0.019685 -6.555119 3.681102,
        0.000000 -6.555119 3.937008,
        -0.019685 -6.555119 2.066929,
        -1.633858 -6.555119 2.066929,
        1.633858 -6.555119 2.066929,
        0.019685 -6.555119 2.066929,
        0.019685 -6.555119 3.681102,
        1.633858 -6.555119 3.681102,
        0.669291 -6.555119 3.937008,
        1.673228 -6.555119 3.681102,
        3.287401 -6.555119 3.681102,
        3.307087 -6.555119 3.937008,
        3.287401 -6.555119 2.483692,
        2.870638 -6.555119 2.066929,
        2.089991 -6.555119 2.066929,
        1.673228 -6.555119 2.483692,
        4.960630 -6.555119 3.937008,
        4.940945 -6.555119 3.681102,
        4.940945 -6.555119 2.483692,
        3.326772 -6.555119 3.681102,
        3.326772 -6.555119 2.483692,
        3.743535 -6.555119 2.066929,
        4.524182 -6.555119 2.066929,
        6.594488 -6.555119 2.066929,
        4.980315 -6.555119 2.066929,
        4.980315 -6.555119 3.681102,
        6.594488 -6.555119 3.681102,
        6.614173 -6.555119 3.937008,
        6.633858 -6.555119 2.066929,
        6.633858 -6.555119 3.681102,
        8.248032 -6.555119 2.066929,
        8.248032 -6.555119 3.681102,
        10.157481 -4.192913 3.416475,
        10.157481 -4.192913 3.648139,
        0.669291 -5.655225 3.937008,
        -0.669291 -5.655225 3.937008,
        0.669291 -5.655225 4.488189,
        -0.669291 -5.655225 4.488189,
        0.669291 -5.998239 4.488189,
        -0.669291 -5.998239 4.488189,
        10.215396 -4.192913 3.632620,
        10.257794 -4.192913 3.590223,
        10.273312 -4.192913 3.532307,
        10.257794 -4.192913 3.474391,
        10.215396 -4.192913 3.431993,
        9.173228 -3.243007 0.157480,
        9.173228 -5.374016 0.157480,
        9.173228 -2.569551 0.157480,
        9.173228 -2.892588 0.157480,
        -10.078739 -3.243007 0.157480,
        8.712119 -3.862916 0.157480,
        8.700787 -3.956693 0.157480,
        4.727974 -3.243007 0.157480,
        0.399948 -2.565513 0.157480,
        0.230228 -1.515748 0.157480,
        0.425115 -2.567016 0.157480,
        0.587587 -1.515748 0.157480,
        0.435795 -2.569551 0.157480,
        0.587587 -2.569551 0.157480,
        0.496933 -2.593079 0.157480,
        0.463566 -2.576143 0.157480,
        0.569416 -2.729240 0.157480,
        0.564209 -2.686218 0.157480,
        0.486412 -2.876508 0.157480,
        0.516854 -2.854659 0.157480,
        0.587587 -2.892588 0.157480,
        0.529478 -2.841545 0.157480,
        0.551360 -2.652833 0.157480,
        0.529740 -2.621828 0.157480,
        0.552356 -2.807023 0.157480,
        0.564996 -2.770815 0.157480,
        0.383836 -2.896053 0.157480,
        0.399569 -2.896626 0.157480,
        0.587587 -3.243007 0.157480,
        0.434845 -2.892588 0.157480,
        0.448721 -2.891000 0.157480,
        0.230228 -2.569551 0.157480,
        0.262531 -2.830567 0.157480,
        0.230228 -2.892588 0.157480,
        0.290335 -2.859704 0.157480,
        0.322943 -2.880273 0.157480,
        0.230228 -3.243007 0.157480,
        0.359816 -2.892588 0.157480,
        0.358757 -2.892435 0.157480,
        0.364850 -2.569551 0.157480,
        0.354110 -2.570787 0.157480,
        0.325403 -2.580635 0.157480,
        0.291087 -2.601435 0.157480,
        0.540437 -2.716593 0.157480,
        0.541150 -2.731385 0.157480,
        0.401715 -2.597817 0.157480,
        0.533697 -2.685995 0.157480,
        0.271792 -2.619776 0.157480,
        0.262531 -2.631383 0.157480,
        0.287264 -2.811829 0.157480,
        0.510070 -2.816904 0.157480,
        0.487305 -2.837723 0.157480,
        0.287264 -2.650311 0.157480,
        0.312520 -2.625864 0.157480,
        0.304696 -2.829428 0.157480,
        0.342138 -2.609136 0.157480,
        0.332552 -2.848506 0.157480,
        0.362874 -2.859964 0.157480,
        0.438953 -2.602396 0.157480,
        0.471104 -2.614856 0.157480,
        0.536992 -2.766091 0.157480,
        0.527040 -2.792239 0.157480,
        0.355941 -2.604235 0.157480,
        0.390730 -2.598196 0.157480,
        0.424806 -2.862606 0.157480,
        0.456810 -2.854354 0.157480,
        0.399759 -2.864322 0.157480,
        0.500093 -2.635226 0.157480,
        0.519657 -2.658068 0.157480,
        10.078739 -2.569551 0.157480,
        8.952757 -3.589389 0.157480,
        8.952757 -4.323997 0.157480,
        8.745461 -3.774537 0.157480,
        10.078739 -3.243007 0.157480,
        8.712119 -4.050470 0.157480,
        8.745461 -4.138849 0.157480,
        8.798896 -4.216742 0.157480,
        8.869345 -4.279665 0.157480,
        9.370079 -2.569551 0.157480,
        10.078739 -2.892588 0.157480,
        9.370079 -2.892588 0.157480,
        9.370079 -3.243007 0.157480,
        8.869345 -3.633720 0.157480,
        8.798896 -3.696644 0.157480,
        4.727974 -2.892588 0.157480,
        4.727974 -2.569551 0.157480,
        -4.667341 -2.892588 0.157480,
        -4.667341 -2.569551 0.157480,
        -9.515748 -3.243007 0.157480,
        -8.712119 -4.050470 0.157480,
        -8.700787 -3.956693 0.157480,
        -4.667341 -3.243007 0.157480,
        -8.712119 -3.862916 0.157480,
        -8.745461 -3.774537 0.157480,
        -8.798896 -3.696644 0.157480,
        -8.869345 -3.633720 0.157480,
        -8.952757 -3.589389 0.157480,
        -8.952757 -4.323997 0.157480,
        -8.869345 -4.279665 0.157480,
        -8.798896 -4.216742 0.157480,
        -8.745461 -4.138849 0.157480,
        -9.370079 -3.243007 0.157480,
        -9.515748 -2.892588 0.157480,
        -9.370079 -2.892588 0.157480,
        -9.515748 -2.569551 0.157480,
        -9.370079 -2.569551 0.157480,
        -9.515748 -1.515748 0.157480,
        -0.314897 -3.243007 0.157480,
        -0.008012 -3.243007 0.157480,
        -0.314897 -2.892588 0.157480,
        -0.008012 -2.892588 0.157480,
        0.605757 -2.888550 0.157480,
        0.755162 -2.888550 0.157480,
        0.605757 -2.856246 0.157480,
        0.726896 -2.856246 0.157480,
        0.726896 -2.573589 0.157480,
        0.755162 -2.573589 0.157480,
        -0.008012 -2.569551 0.157480,
        0.020254 -2.605893 0.157480,
        0.020254 -2.573589 0.157480,
        0.020254 -2.735107 0.157480,
        0.020254 -2.702804 0.157480,
        0.169658 -2.702804 0.157480,
        0.169658 -2.605893 0.157480,
        0.169658 -2.735107 0.157480,
        0.169658 -2.856246 0.157480,
        0.020254 -2.856246 0.157480,
        0.020254 -2.888550 0.157480,
        0.197924 -2.888550 0.157480,
        0.197924 -2.573589 0.157480,
        -0.277957 -2.812259 0.157480,
        -0.256481 -2.844648 0.157480,
        -0.232905 -2.865460 0.157480,
        -0.209206 -2.877682 0.157480,
        -0.314897 -2.569551 0.157480,
        -0.199815 -2.584946 0.157480,
        -0.231687 -2.601045 0.157480,
        -0.099876 -2.573589 0.157480,
        -0.150328 -2.575516 0.157480,
        -0.170783 -2.886476 0.157480,
        -0.133883 -2.888550 0.157480,
        -0.036278 -2.888550 0.157480,
        -0.036278 -2.573589 0.157480,
        -0.254690 -2.621034 0.157480,
        -0.274768 -2.649462 0.157480,
        -0.287935 -2.682315 0.157480,
        -0.294259 -2.720448 0.157480,
        -0.294707 -2.735044 0.157480,
        -0.290275 -2.777157 0.157480,
        -0.365939 -2.888550 0.157480,
        -0.335087 -2.888550 0.157480,
        -0.603169 -2.888550 0.157480,
        -0.556606 -2.787601 0.157480,
        -0.413827 -2.787601 0.157480,
        -0.484491 -2.573589 0.157480,
        -0.488529 -2.573589 0.157480,
        -0.633895 -2.888550 0.157480,
        4.727974 -1.515748 0.157480,
        -4.667341 -1.515748 0.157480,
        -0.314897 -1.515748 0.157480,
        -10.078739 -2.892588 0.157480,
        -10.078739 -2.569551 0.157480,
        8.326772 -6.515748 0.452756,
        8.326772 -3.799213 0.452756,
        8.326772 -6.515748 1.988189,
        8.326772 -3.799213 1.988189,
        9.862204 -6.515748 1.988189,
        9.862204 -3.799213 1.988189,
        9.862204 -6.515748 0.452756,
        9.862204 -3.799213 0.452756,
        8.883859 -3.799213 1.391732,
        8.883859 -3.799213 0.970472,
        9.305118 -3.799213 0.970472,
        9.305118 -3.799213 1.391732,
        8.326772 -6.515748 2.500000,
        8.326772 -6.515748 3.641732,
        9.862204 -6.515748 3.641732,
        9.862204 -6.515748 2.500000,
        9.468504 -6.515748 2.106299,
        8.720472 -6.515748 2.106299,
      ]
    }
    coordIndex [
      0, 1, 2, -1,
      2, 1, 3, -1,
      1, 4, 3, -1,
      3, 4, 5, -1,
      3, 5, 6, -1,
      7, 8, 9, -1,
      10, 11, 12, -1,
      12, 11, 13, -1,
      12, 13, 14, -1,
      13, 15, 14, -1,
      14, 15, 16, -1,
      14, 16, 17, -1,
      17, 16, 18, -1,
      19, 20, 21, -1,
      21, 20, 17, -1,
      21, 17, 22, -1,
      22, 17, 18, -1,
      5, 23, 6, -1,
      6, 23, 24, -1,
      6, 24, 9, -1,
      9, 24, 25, -1,
      9, 25, 7, -1,
      7, 25, 26, -1,
      7, 26, 27, -1,
      26, 28, 27, -1,
      27, 28, 29, -1,
      27, 29, 30, -1,
      29, 31, 30, -1,
      30, 31, 32, -1,
      30, 32, 33, -1,
      33, 32, 34, -1,
      32, 35, 34, -1,
      34, 35, 36, -1,
      34, 36, 11, -1,
      11, 36, 37, -1,
      11, 37, 13, -1,
      38, 39, 40, -1,
      38, 40, 41, -1,
      41, 40, 42, -1,
      41, 42, 43, -1,
      44, 45, 46, -1,
      46, 45, 47, -1,
      43, 48, 41, -1,
      41, 48, 47, -1,
      41, 47, 49, -1,
      49, 47, 45, -1,
      50, 51, 52, -1,
      52, 51, 53, -1,
      51, 54, 53, -1,
      53, 54, 55, -1,
      53, 55, 56, -1,
      57, 58, 59, -1,
      60, 61, 62, -1,
      62, 61, 63, -1,
      62, 63, 64, -1,
      63, 65, 64, -1,
      64, 65, 66, -1,
      64, 66, 67, -1,
      67, 66, 68, -1,
      69, 70, 71, -1,
      71, 70, 67, -1,
      71, 67, 72, -1,
      72, 67, 68, -1,
      55, 73, 56, -1,
      56, 73, 74, -1,
      56, 74, 59, -1,
      59, 74, 75, -1,
      59, 75, 57, -1,
      57, 75, 76, -1,
      57, 76, 77, -1,
      76, 78, 77, -1,
      77, 78, 79, -1,
      77, 79, 80, -1,
      79, 81, 80, -1,
      80, 81, 82, -1,
      80, 82, 83, -1,
      83, 82, 84, -1,
      82, 85, 84, -1,
      84, 85, 86, -1,
      84, 86, 61, -1,
      61, 86, 87, -1,
      61, 87, 63, -1,
      88, 89, 90, -1,
      91, 92, 93, -1,
      94, 95, 96, -1,
      90, 97, 88, -1,
      88, 97, 93, -1,
      88, 93, 98, -1,
      98, 93, 92, -1,
      94, 96, 93, -1,
      93, 96, 99, -1,
      93, 99, 91, -1,
      97, 90, 69, -1,
      69, 71, 97, -1,
      97, 71, 72, -1,
      97, 72, 93, -1,
      72, 68, 93, -1,
      93, 68, 66, -1,
      93, 66, 94, -1,
      66, 65, 94, -1,
      94, 65, 63, -1,
      94, 63, 95, -1,
      63, 87, 95, -1,
      95, 87, 86, -1,
      95, 86, 96, -1,
      96, 86, 85, -1,
      96, 85, 99, -1,
      99, 85, 82, -1,
      99, 82, 81, -1,
      81, 79, 99, -1,
      99, 79, 78, -1,
      99, 78, 91, -1,
      78, 76, 91, -1,
      91, 76, 75, -1,
      91, 75, 92, -1,
      75, 74, 92, -1,
      92, 74, 73, -1,
      92, 73, 98, -1,
      50, 89, 51, -1,
      51, 89, 88, -1,
      51, 88, 54, -1,
      54, 88, 98, -1,
      54, 98, 55, -1,
      55, 98, 73, -1,
      40, 39, 19, -1,
      19, 21, 40, -1,
      40, 21, 22, -1,
      40, 22, 42, -1,
      22, 18, 42, -1,
      42, 18, 16, -1,
      42, 16, 43, -1,
      16, 15, 43, -1,
      43, 15, 13, -1,
      43, 13, 48, -1,
      13, 37, 48, -1,
      48, 37, 36, -1,
      48, 36, 47, -1,
      47, 36, 35, -1,
      47, 35, 46, -1,
      46, 35, 32, -1,
      46, 32, 31, -1,
      31, 29, 46, -1,
      46, 29, 28, -1,
      46, 28, 44, -1,
      28, 26, 44, -1,
      44, 26, 25, -1,
      44, 25, 45, -1,
      25, 24, 45, -1,
      45, 24, 23, -1,
      45, 23, 49, -1,
      0, 38, 1, -1,
      1, 38, 41, -1,
      1, 41, 4, -1,
      4, 41, 49, -1,
      4, 49, 5, -1,
      5, 49, 23, -1,
      60, 62, 100, -1,
      100, 62, 101, -1,
      70, 102, 67, -1,
      67, 102, 101, -1,
      67, 101, 64, -1,
      64, 101, 62, -1,
      103, 104, 2, -1,
      2, 3, 103, -1,
      103, 3, 6, -1,
      103, 6, 9, -1,
      9, 8, 103, -1,
      103, 8, 105, -1,
      106, 107, 52, -1,
      52, 53, 106, -1,
      106, 53, 56, -1,
      106, 56, 59, -1,
      108, 52, 109, -1,
      109, 52, 107, -1,
      109, 107, 110, -1,
      89, 50, 90, -1,
      90, 50, 52, -1,
      90, 52, 69, -1,
      69, 52, 70, -1,
      102, 70, 111, -1,
      111, 70, 52, -1,
      111, 52, 112, -1,
      112, 52, 108, -1,
      20, 113, 17, -1,
      17, 113, 114, -1,
      17, 114, 14, -1,
      14, 114, 12, -1,
      12, 114, 10, -1,
      10, 114, 115, -1,
      116, 117, 118, -1,
      119, 120, 121, -1,
      122, 123, 124, -1,
      125, 126, 127, -1,
      128, 129, 130, -1,
      131, 132, 133, -1,
      133, 132, 134, -1,
      133, 134, 135, -1,
      135, 134, 136, -1,
      135, 136, 130, -1,
      130, 136, 137, -1,
      130, 137, 128, -1,
      138, 139, 128, -1,
      140, 138, 141, -1,
      141, 138, 128, -1,
      141, 128, 142, -1,
      142, 128, 137, -1,
      143, 144, 145, -1,
      145, 144, 146, -1,
      147, 146, 148, -1,
      148, 146, 144, -1,
      148, 144, 149, -1,
      149, 144, 150, -1,
      149, 150, 134, -1,
      134, 150, 151, -1,
      134, 151, 136, -1,
      136, 151, 152, -1,
      136, 152, 153, -1,
      154, 155, 143, -1,
      143, 155, 156, -1,
      143, 156, 157, -1,
      152, 144, 153, -1,
      153, 144, 143, -1,
      153, 143, 158, -1,
      158, 143, 157, -1,
      159, 160, 161, -1,
      161, 162, 159, -1,
      159, 162, 120, -1,
      159, 120, 163, -1,
      163, 120, 119, -1,
      163, 119, 164, -1,
      110, 107, 106, -1,
      106, 164, 110, -1,
      110, 164, 119, -1,
      110, 119, 165, -1,
      165, 119, 166, -1,
      165, 166, 167, -1,
      167, 166, 168, -1,
      167, 168, 169, -1,
      169, 168, 170, -1,
      169, 170, 171, -1,
      171, 170, 172, -1,
      114, 113, 115, -1,
      115, 113, 173, -1,
      115, 173, 132, -1,
      132, 173, 174, -1,
      132, 174, 175, -1,
      175, 174, 176, -1,
      175, 176, 177, -1,
      177, 176, 178, -1,
      177, 178, 179, -1,
      179, 178, 180, -1,
      179, 180, 124, -1,
      124, 180, 181, -1,
      124, 181, 122, -1,
      182, 183, 184, -1,
      184, 183, 185, -1,
      185, 115, 184, -1,
      184, 115, 132, -1,
      184, 132, 129, -1,
      129, 132, 131, -1,
      129, 131, 130, -1,
      186, 187, 188, -1,
      188, 187, 134, -1,
      188, 134, 189, -1,
      189, 134, 132, -1,
      189, 132, 190, -1,
      190, 132, 175, -1,
      190, 175, 186, -1,
      186, 175, 187, -1,
      191, 192, 193, -1,
      193, 192, 187, -1,
      193, 187, 194, -1,
      194, 187, 175, -1,
      194, 175, 195, -1,
      195, 175, 177, -1,
      195, 177, 191, -1,
      191, 177, 192, -1,
      196, 197, 198, -1,
      198, 197, 192, -1,
      198, 192, 199, -1,
      199, 192, 177, -1,
      199, 177, 200, -1,
      200, 177, 179, -1,
      200, 179, 196, -1,
      196, 179, 197, -1,
      201, 197, 202, -1,
      202, 197, 179, -1,
      202, 179, 203, -1,
      203, 179, 124, -1,
      203, 124, 204, -1,
      204, 124, 205, -1,
      204, 205, 201, -1,
      201, 205, 197, -1,
      206, 205, 207, -1,
      207, 205, 124, -1,
      207, 124, 208, -1,
      208, 124, 123, -1,
      208, 123, 209, -1,
      209, 123, 210, -1,
      209, 210, 206, -1,
      206, 210, 205, -1,
      172, 211, 212, -1,
      213, 214, 123, -1,
      211, 172, 215, -1,
      215, 172, 216, -1,
      215, 216, 217, -1,
      123, 214, 210, -1,
      210, 214, 218, -1,
      210, 218, 219, -1,
      220, 221, 222, -1,
      222, 221, 216, -1,
      222, 216, 223, -1,
      223, 216, 172, -1,
      223, 172, 224, -1,
      224, 172, 170, -1,
      224, 170, 220, -1,
      220, 170, 221, -1,
      225, 221, 226, -1,
      226, 221, 170, -1,
      226, 170, 227, -1,
      227, 170, 168, -1,
      227, 168, 228, -1,
      228, 168, 229, -1,
      228, 229, 225, -1,
      225, 229, 221, -1,
      230, 231, 232, -1,
      232, 231, 229, -1,
      232, 229, 233, -1,
      233, 229, 168, -1,
      233, 168, 234, -1,
      234, 168, 166, -1,
      234, 166, 230, -1,
      230, 166, 231, -1,
      119, 235, 166, -1,
      166, 235, 236, -1,
      166, 236, 231, -1,
      231, 236, 237, -1,
      231, 237, 127, -1,
      127, 237, 238, -1,
      239, 240, 241, -1,
      241, 240, 125, -1,
      241, 125, 121, -1,
      121, 125, 127, -1,
      121, 127, 119, -1,
      119, 127, 238, -1,
      119, 238, 235, -1,
      242, 149, 243, -1,
      243, 149, 134, -1,
      243, 134, 244, -1,
      244, 134, 187, -1,
      244, 187, 245, -1,
      245, 187, 246, -1,
      245, 246, 242, -1,
      242, 246, 149, -1,
      247, 246, 248, -1,
      248, 246, 187, -1,
      248, 187, 249, -1,
      249, 187, 192, -1,
      249, 192, 250, -1,
      250, 192, 251, -1,
      250, 251, 247, -1,
      247, 251, 246, -1,
      252, 251, 253, -1,
      253, 251, 192, -1,
      253, 192, 254, -1,
      254, 192, 197, -1,
      254, 197, 255, -1,
      255, 197, 256, -1,
      255, 256, 252, -1,
      252, 256, 251, -1,
      257, 256, 258, -1,
      258, 256, 197, -1,
      258, 197, 259, -1,
      259, 197, 205, -1,
      259, 205, 260, -1,
      260, 205, 261, -1,
      260, 261, 257, -1,
      257, 261, 256, -1,
      262, 261, 263, -1,
      263, 261, 205, -1,
      263, 205, 264, -1,
      264, 205, 210, -1,
      264, 210, 265, -1,
      265, 210, 266, -1,
      265, 266, 262, -1,
      262, 266, 261, -1,
      118, 117, 216, -1,
      216, 117, 267, -1,
      216, 267, 268, -1,
      269, 270, 210, -1,
      210, 270, 266, -1,
      266, 270, 271, -1,
      266, 271, 272, -1,
      118, 266, 116, -1,
      116, 266, 272, -1,
      116, 272, 268, -1,
      268, 272, 269, -1,
      268, 269, 216, -1,
      216, 269, 210, -1,
      216, 210, 217, -1,
      217, 210, 219, -1,
      217, 219, 212, -1,
      212, 219, 213, -1,
      212, 213, 172, -1,
      172, 213, 123, -1,
      172, 123, 171, -1,
      171, 123, 122, -1,
      273, 118, 274, -1,
      274, 118, 216, -1,
      274, 216, 275, -1,
      275, 216, 221, -1,
      275, 221, 276, -1,
      276, 221, 277, -1,
      276, 277, 273, -1,
      273, 277, 118, -1,
      278, 277, 279, -1,
      279, 277, 221, -1,
      279, 221, 280, -1,
      280, 221, 229, -1,
      280, 229, 281, -1,
      281, 229, 282, -1,
      281, 282, 278, -1,
      278, 282, 277, -1,
      283, 282, 284, -1,
      284, 282, 229, -1,
      284, 229, 285, -1,
      285, 229, 231, -1,
      285, 231, 286, -1,
      286, 231, 287, -1,
      286, 287, 283, -1,
      283, 287, 282, -1,
      288, 287, 289, -1,
      289, 287, 231, -1,
      289, 231, 290, -1,
      290, 231, 127, -1,
      290, 127, 291, -1,
      291, 127, 126, -1,
      291, 126, 288, -1,
      288, 126, 287, -1,
      292, 293, 294, -1,
      294, 295, 292, -1,
      292, 295, 296, -1,
      292, 296, 297, -1,
      297, 296, 298, -1,
      297, 298, 299, -1,
      299, 298, 300, -1,
      299, 300, 293, -1,
      293, 300, 301, -1,
      293, 301, 294, -1,
      302, 303, 304, -1,
      304, 303, 305, -1,
      304, 305, 306, -1,
      306, 305, 307, -1,
      306, 307, 308, -1,
      308, 307, 309, -1,
      308, 309, 302, -1,
      302, 309, 303, -1,
      310, 311, 312, -1,
      312, 311, 313, -1,
      312, 313, 314, -1,
      314, 313, 315, -1,
      314, 315, 316, -1,
      316, 315, 317, -1,
      316, 317, 310, -1,
      310, 317, 311, -1,
      318, 319, 320, -1,
      320, 321, 318, -1,
      318, 321, 322, -1,
      318, 322, 323, -1,
      323, 322, 324, -1,
      323, 324, 325, -1,
      325, 324, 326, -1,
      325, 326, 319, -1,
      319, 326, 327, -1,
      319, 327, 320, -1,
      328, 329, 330, -1,
      330, 331, 328, -1,
      328, 331, 332, -1,
      328, 332, 333, -1,
      333, 332, 334, -1,
      333, 334, 335, -1,
      335, 334, 336, -1,
      335, 336, 329, -1,
      329, 336, 337, -1,
      329, 337, 330, -1,
      338, 339, 340, -1,
      340, 339, 341, -1,
      340, 341, 342, -1,
      342, 341, 343, -1,
      342, 343, 344, -1,
      344, 343, 345, -1,
      344, 345, 338, -1,
      338, 345, 339, -1,
      346, 347, 348, -1,
      348, 347, 349, -1,
      348, 349, 350, -1,
      350, 349, 351, -1,
      350, 351, 352, -1,
      352, 351, 353, -1,
      352, 353, 346, -1,
      346, 353, 347, -1,
      354, 355, 356, -1,
      356, 357, 354, -1,
      354, 357, 358, -1,
      354, 358, 359, -1,
      359, 358, 360, -1,
      359, 360, 361, -1,
      361, 360, 362, -1,
      361, 362, 355, -1,
      355, 362, 363, -1,
      355, 363, 356, -1,
      364, 365, 366, -1,
      366, 367, 364, -1,
      364, 367, 368, -1,
      364, 368, 369, -1,
      369, 368, 370, -1,
      369, 370, 371, -1,
      371, 370, 372, -1,
      371, 372, 365, -1,
      365, 372, 373, -1,
      365, 373, 366, -1,
      374, 375, 376, -1,
      376, 375, 377, -1,
      376, 377, 378, -1,
      378, 377, 379, -1,
      378, 379, 380, -1,
      380, 379, 381, -1,
      380, 381, 374, -1,
      374, 381, 375, -1,
      382, 383, 384, -1,
      384, 383, 385, -1,
      384, 385, 386, -1,
      386, 385, 387, -1,
      386, 387, 388, -1,
      388, 387, 389, -1,
      388, 389, 382, -1,
      382, 389, 383, -1,
      390, 391, 392, -1,
      392, 391, 393, -1,
      392, 393, 394, -1,
      394, 393, 395, -1,
      394, 395, 396, -1,
      396, 395, 397, -1,
      396, 397, 390, -1,
      390, 397, 391, -1,
      398, 395, 399, -1,
      399, 395, 393, -1,
      400, 397, 398, -1,
      398, 397, 395, -1,
      401, 391, 400, -1,
      400, 391, 397, -1,
      399, 393, 401, -1,
      401, 393, 391, -1,
      402, 403, 404, -1,
      404, 405, 402, -1,
      402, 405, 406, -1,
      402, 406, 407, -1,
      407, 406, 408, -1,
      407, 408, 409, -1,
      409, 408, 410, -1,
      409, 410, 403, -1,
      403, 410, 411, -1,
      403, 411, 404, -1,
      412, 405, 413, -1,
      413, 405, 404, -1,
      408, 406, 414, -1,
      414, 406, 415, -1,
      414, 415, 416, -1,
      416, 415, 417, -1,
      418, 410, 414, -1,
      414, 410, 408, -1,
      419, 411, 418, -1,
      418, 411, 410, -1,
      420, 421, 422, -1,
      422, 423, 420, -1,
      420, 423, 424, -1,
      420, 424, 425, -1,
      425, 424, 426, -1,
      425, 426, 427, -1,
      427, 426, 428, -1,
      427, 428, 421, -1,
      421, 428, 429, -1,
      421, 429, 422, -1,
      430, 423, 431, -1,
      431, 423, 422, -1,
      432, 426, 433, -1,
      433, 426, 424, -1,
      434, 428, 432, -1,
      432, 428, 426, -1,
      435, 429, 434, -1,
      434, 429, 428, -1,
      436, 437, 438, -1,
      438, 437, 439, -1,
      438, 439, 440, -1,
      440, 439, 441, -1,
      440, 441, 442, -1,
      442, 441, 443, -1,
      442, 443, 436, -1,
      436, 443, 437, -1,
      444, 441, 445, -1,
      445, 441, 439, -1,
      446, 443, 444, -1,
      444, 443, 441, -1,
      447, 437, 446, -1,
      446, 437, 443, -1,
      445, 439, 447, -1,
      447, 439, 437, -1,
      448, 449, 450, -1,
      450, 449, 451, -1,
      450, 451, 452, -1,
      452, 451, 453, -1,
      452, 453, 454, -1,
      454, 453, 455, -1,
      454, 455, 448, -1,
      448, 455, 449, -1,
      456, 453, 457, -1,
      457, 453, 451, -1,
      458, 455, 456, -1,
      456, 455, 453, -1,
      459, 449, 458, -1,
      458, 449, 455, -1,
      457, 451, 459, -1,
      459, 451, 449, -1,
      460, 461, 462, -1,
      462, 463, 460, -1,
      460, 463, 464, -1,
      460, 464, 465, -1,
      465, 464, 466, -1,
      465, 466, 467, -1,
      467, 466, 468, -1,
      467, 468, 461, -1,
      461, 468, 469, -1,
      461, 469, 462, -1,
      470, 463, 471, -1,
      471, 463, 462, -1,
      472, 466, 473, -1,
      473, 466, 464, -1,
      474, 468, 472, -1,
      472, 468, 466, -1,
      475, 469, 474, -1,
      474, 469, 468, -1,
      476, 477, 478, -1,
      478, 479, 476, -1,
      476, 479, 480, -1,
      476, 480, 481, -1,
      481, 480, 482, -1,
      481, 482, 483, -1,
      483, 482, 484, -1,
      483, 484, 477, -1,
      477, 484, 485, -1,
      477, 485, 478, -1,
      486, 479, 487, -1,
      487, 479, 478, -1,
      488, 482, 489, -1,
      489, 482, 480, -1,
      490, 484, 488, -1,
      488, 484, 482, -1,
      491, 485, 490, -1,
      490, 485, 484, -1,
      492, 493, 494, -1,
      494, 493, 495, -1,
      494, 495, 496, -1,
      496, 495, 497, -1,
      496, 497, 498, -1,
      498, 497, 499, -1,
      498, 499, 492, -1,
      492, 499, 493, -1,
      500, 497, 501, -1,
      501, 497, 495, -1,
      502, 499, 500, -1,
      500, 499, 497, -1,
      503, 493, 502, -1,
      502, 493, 499, -1,
      501, 495, 503, -1,
      503, 495, 493, -1,
      504, 505, 506, -1,
      506, 505, 507, -1,
      506, 507, 508, -1,
      508, 507, 509, -1,
      508, 509, 510, -1,
      510, 509, 511, -1,
      510, 511, 504, -1,
      504, 511, 505, -1,
      512, 511, 513, -1,
      513, 511, 509, -1,
      514, 505, 512, -1,
      512, 505, 511, -1,
      515, 507, 514, -1,
      514, 507, 505, -1,
      513, 509, 515, -1,
      515, 509, 507, -1,
      516, 517, 518, -1,
      518, 519, 516, -1,
      516, 519, 520, -1,
      516, 520, 521, -1,
      521, 520, 522, -1,
      521, 522, 523, -1,
      523, 522, 524, -1,
      523, 524, 517, -1,
      517, 524, 525, -1,
      517, 525, 518, -1,
      526, 519, 527, -1,
      527, 519, 518, -1,
      528, 522, 529, -1,
      529, 522, 520, -1,
      530, 524, 528, -1,
      528, 524, 522, -1,
      531, 525, 530, -1,
      530, 525, 524, -1,
      532, 295, 533, -1,
      533, 295, 294, -1,
      534, 298, 535, -1,
      535, 298, 296, -1,
      536, 300, 534, -1,
      534, 300, 298, -1,
      537, 301, 536, -1,
      536, 301, 300, -1,
      538, 309, 539, -1,
      539, 309, 307, -1,
      540, 303, 538, -1,
      538, 303, 309, -1,
      541, 305, 540, -1,
      540, 305, 303, -1,
      539, 307, 541, -1,
      541, 307, 305, -1,
      542, 317, 543, -1,
      543, 317, 315, -1,
      544, 311, 542, -1,
      542, 311, 317, -1,
      545, 313, 544, -1,
      544, 313, 311, -1,
      543, 315, 545, -1,
      545, 315, 313, -1,
      546, 321, 547, -1,
      547, 321, 320, -1,
      548, 324, 549, -1,
      549, 324, 322, -1,
      550, 326, 548, -1,
      548, 326, 324, -1,
      551, 327, 550, -1,
      550, 327, 326, -1,
      552, 331, 553, -1,
      553, 331, 330, -1,
      554, 334, 555, -1,
      555, 334, 332, -1,
      556, 336, 554, -1,
      554, 336, 334, -1,
      557, 337, 556, -1,
      556, 337, 336, -1,
      558, 345, 559, -1,
      559, 345, 343, -1,
      560, 339, 558, -1,
      558, 339, 345, -1,
      561, 341, 560, -1,
      560, 341, 339, -1,
      559, 343, 561, -1,
      561, 343, 341, -1,
      562, 353, 563, -1,
      563, 353, 351, -1,
      564, 347, 562, -1,
      562, 347, 353, -1,
      565, 349, 564, -1,
      564, 349, 347, -1,
      563, 351, 565, -1,
      565, 351, 349, -1,
      566, 357, 567, -1,
      567, 357, 356, -1,
      568, 360, 569, -1,
      569, 360, 358, -1,
      570, 362, 568, -1,
      568, 362, 360, -1,
      571, 363, 570, -1,
      570, 363, 362, -1,
      572, 367, 573, -1,
      573, 367, 366, -1,
      574, 370, 575, -1,
      575, 370, 368, -1,
      576, 372, 574, -1,
      574, 372, 370, -1,
      577, 373, 576, -1,
      576, 373, 372, -1,
      578, 381, 579, -1,
      579, 381, 379, -1,
      580, 375, 578, -1,
      578, 375, 381, -1,
      581, 377, 580, -1,
      580, 377, 375, -1,
      579, 379, 581, -1,
      581, 379, 377, -1,
      582, 583, 584, -1,
      584, 585, 582, -1,
      582, 585, 586, -1,
      582, 586, 587, -1,
      587, 586, 588, -1,
      587, 588, 589, -1,
      589, 588, 590, -1,
      589, 590, 583, -1,
      583, 590, 591, -1,
      583, 591, 584, -1,
      128, 592, 129, -1,
      129, 592, 593, -1,
      129, 593, 184, -1,
      594, 595, 241, -1,
      162, 596, 120, -1,
      120, 596, 594, -1,
      120, 594, 121, -1,
      121, 594, 241, -1,
      597, 598, 599, -1,
      600, 601, 602, -1,
      603, 604, 605, -1,
      605, 604, 606, -1,
      605, 606, 607, -1,
      608, 609, 610, -1,
      609, 608, 611, -1,
      611, 608, 612, -1,
      611, 612, 613, -1,
      613, 614, 611, -1,
      611, 614, 615, -1,
      611, 615, 616, -1,
      611, 595, 617, -1,
      617, 595, 594, -1,
      617, 594, 618, -1,
      618, 594, 619, -1,
      618, 619, 620, -1,
      616, 621, 611, -1,
      611, 621, 622, -1,
      611, 622, 595, -1,
      623, 624, 602, -1,
      602, 624, 625, -1,
      625, 626, 627, -1,
      627, 626, 628, -1,
      627, 628, 629, -1,
      629, 628, 630, -1,
      629, 630, 631, -1,
      631, 630, 623, -1,
      631, 623, 632, -1,
      623, 602, 632, -1,
      632, 602, 601, -1,
      632, 601, 633, -1,
      634, 635, 636, -1,
      633, 637, 632, -1,
      632, 637, 634, -1,
      632, 634, 638, -1,
      638, 634, 636, -1,
      602, 639, 592, -1,
      592, 639, 640, -1,
      641, 642, 643, -1,
      643, 642, 644, -1,
      602, 592, 600, -1,
      600, 592, 645, -1,
      600, 645, 642, -1,
      642, 645, 646, -1,
      642, 646, 644, -1,
      647, 648, 649, -1,
      649, 648, 650, -1,
      649, 650, 643, -1,
      643, 650, 651, -1,
      643, 651, 641, -1,
      652, 653, 639, -1,
      639, 653, 593, -1,
      639, 593, 640, -1,
      654, 655, 639, -1,
      639, 655, 656, -1,
      639, 656, 652, -1,
      657, 658, 659, -1,
      659, 658, 660, -1,
      659, 660, 639, -1,
      639, 660, 661, -1,
      639, 661, 654, -1,
      599, 598, 619, -1,
      619, 598, 662, -1,
      619, 662, 663, -1,
      664, 665, 666, -1,
      666, 665, 667, -1,
      666, 667, 663, -1,
      663, 667, 608, -1,
      663, 608, 619, -1,
      619, 608, 610, -1,
      619, 610, 620, -1,
      668, 669, 670, -1,
      670, 669, 671, -1,
      670, 671, 672, -1,
      673, 674, 675, -1,
      675, 676, 673, -1,
      673, 676, 677, -1,
      673, 677, 678, -1,
      678, 677, 679, -1,
      678, 679, 680, -1,
      680, 679, 681, -1,
      680, 681, 682, -1,
      681, 683, 682, -1,
      682, 683, 684, -1,
      682, 684, 685, -1,
      686, 687, 688, -1,
      688, 687, 689, -1,
      688, 689, 690, -1,
      691, 692, 693, -1,
      693, 692, 594, -1,
      594, 692, 694, -1,
      594, 694, 619, -1,
      694, 695, 619, -1,
      619, 695, 691, -1,
      619, 691, 671, -1,
      671, 691, 693, -1,
      671, 693, 672, -1,
      672, 693, 596, -1,
      672, 596, 606, -1,
      606, 596, 696, -1,
      606, 696, 607, -1,
      417, 669, 599, -1,
      417, 697, 669, -1,
      669, 697, 698, -1,
      669, 698, 671, -1,
      671, 698, 699, -1,
      671, 699, 619, -1,
      619, 699, 700, -1,
      619, 700, 599, -1,
      599, 700, 416, -1,
      599, 416, 417, -1,
      597, 599, 701, -1,
      701, 599, 669, -1,
      701, 669, 674, -1,
      674, 669, 668, -1,
      674, 668, 675, -1,
      702, 673, 703, -1,
      702, 704, 673, -1,
      673, 704, 705, -1,
      673, 705, 674, -1,
      674, 705, 706, -1,
      674, 706, 701, -1,
      701, 706, 707, -1,
      701, 707, 703, -1,
      703, 707, 708, -1,
      703, 708, 702, -1,
      709, 710, 711, -1,
      710, 709, 712, -1,
      712, 709, 703, -1,
      712, 703, 713, -1,
      713, 703, 673, -1,
      713, 673, 711, -1,
      711, 673, 678, -1,
      711, 678, 709, -1,
      714, 715, 716, -1,
      715, 714, 717, -1,
      717, 714, 709, -1,
      717, 709, 718, -1,
      718, 709, 678, -1,
      718, 678, 716, -1,
      716, 678, 680, -1,
      716, 680, 714, -1,
      714, 680, 719, -1,
      714, 719, 720, -1,
      720, 721, 722, -1,
      722, 721, 723, -1,
      722, 723, 682, -1,
      682, 723, 724, -1,
      682, 724, 680, -1,
      680, 724, 725, -1,
      680, 725, 719, -1,
      685, 726, 682, -1,
      682, 726, 727, -1,
      682, 727, 728, -1,
      728, 727, 729, -1,
      730, 731, 722, -1,
      732, 733, 731, -1,
      731, 733, 729, -1,
      731, 730, 732, -1,
      732, 730, 734, -1,
      732, 734, 728, -1,
      728, 734, 735, -1,
      728, 735, 682, -1,
      735, 736, 682, -1,
      682, 736, 737, -1,
      682, 737, 722, -1,
      722, 737, 738, -1,
      722, 738, 730, -1,
      739, 740, 727, -1,
      729, 727, 731, -1,
      731, 727, 740, -1,
      731, 740, 741, -1,
      741, 742, 743, -1,
      743, 742, 739, -1,
      743, 739, 688, -1,
      688, 739, 727, -1,
      688, 727, 686, -1,
      686, 727, 726, -1,
      744, 690, 745, -1,
      744, 746, 690, -1,
      690, 746, 747, -1,
      690, 747, 688, -1,
      688, 747, 748, -1,
      688, 748, 743, -1,
      743, 748, 749, -1,
      743, 749, 745, -1,
      745, 749, 750, -1,
      745, 750, 744, -1,
      751, 659, 627, -1,
      751, 752, 659, -1,
      659, 752, 690, -1,
      659, 690, 657, -1,
      657, 690, 689, -1,
      752, 753, 690, -1,
      690, 753, 754, -1,
      690, 754, 745, -1,
      745, 754, 755, -1,
      745, 755, 627, -1,
      627, 755, 756, -1,
      627, 756, 751, -1,
      625, 627, 602, -1,
      602, 627, 757, -1,
      602, 757, 639, -1,
      639, 757, 758, -1,
      639, 758, 659, -1,
      659, 758, 759, -1,
      659, 759, 627, -1,
      627, 759, 760, -1,
      627, 760, 757, -1,
      701, 761, 762, -1,
      761, 701, 763, -1,
      763, 701, 703, -1,
      763, 703, 764, -1,
      764, 703, 765, -1,
      764, 765, 762, -1,
      762, 765, 665, -1,
      762, 665, 701, -1,
      701, 665, 664, -1,
      701, 664, 597, -1,
      766, 709, 767, -1,
      766, 768, 709, -1,
      709, 768, 769, -1,
      709, 769, 703, -1,
      703, 769, 770, -1,
      703, 770, 765, -1,
      765, 770, 771, -1,
      765, 771, 767, -1,
      767, 771, 772, -1,
      767, 772, 766, -1,
      773, 774, 714, -1,
      714, 774, 775, -1,
      714, 775, 709, -1,
      709, 775, 776, -1,
      709, 776, 767, -1,
      767, 776, 777, -1,
      767, 777, 778, -1,
      778, 777, 779, -1,
      778, 780, 781, -1,
      781, 780, 782, -1,
      781, 782, 783, -1,
      720, 722, 714, -1,
      714, 722, 784, -1,
      714, 784, 785, -1,
      779, 773, 778, -1,
      778, 773, 714, -1,
      778, 714, 780, -1,
      780, 714, 785, -1,
      731, 786, 722, -1,
      722, 786, 787, -1,
      722, 787, 788, -1,
      789, 790, 788, -1,
      788, 790, 783, -1,
      788, 783, 722, -1,
      722, 783, 782, -1,
      722, 782, 784, -1,
      791, 792, 793, -1,
      793, 792, 794, -1,
      793, 794, 731, -1,
      794, 795, 731, -1,
      731, 795, 796, -1,
      731, 796, 786, -1,
      786, 796, 797, -1,
      786, 797, 789, -1,
      789, 797, 791, -1,
      789, 791, 790, -1,
      790, 791, 793, -1,
      798, 799, 800, -1,
      799, 798, 801, -1,
      801, 798, 793, -1,
      801, 793, 802, -1,
      802, 793, 731, -1,
      802, 731, 803, -1,
      741, 743, 731, -1,
      731, 743, 804, -1,
      731, 804, 803, -1,
      745, 805, 743, -1,
      743, 805, 806, -1,
      743, 806, 807, -1,
      808, 809, 807, -1,
      807, 809, 798, -1,
      807, 798, 743, -1,
      743, 798, 800, -1,
      743, 800, 804, -1,
      745, 810, 811, -1,
      810, 745, 812, -1,
      812, 745, 627, -1,
      812, 627, 813, -1,
      813, 627, 629, -1,
      813, 629, 811, -1,
      811, 629, 809, -1,
      811, 809, 745, -1,
      745, 809, 808, -1,
      745, 808, 805, -1,
      153, 814, 136, -1,
      136, 814, 600, -1,
      136, 600, 137, -1,
      143, 145, 815, -1,
      815, 145, 633, -1,
      815, 633, 814, -1,
      814, 633, 601, -1,
      814, 601, 600, -1,
      765, 277, 665, -1,
      665, 277, 282, -1,
      665, 282, 608, -1,
      256, 816, 251, -1,
      251, 816, 790, -1,
      125, 612, 126, -1,
      126, 612, 608, -1,
      126, 608, 287, -1,
      287, 608, 282, -1,
      781, 817, 778, -1,
      778, 817, 277, -1,
      778, 277, 767, -1,
      767, 277, 765, -1,
      631, 148, 629, -1,
      629, 148, 149, -1,
      629, 149, 809, -1,
      809, 149, 246, -1,
      809, 246, 798, -1,
      798, 246, 251, -1,
      798, 251, 793, -1,
      793, 251, 790, -1,
      256, 261, 816, -1,
      816, 261, 266, -1,
      816, 266, 817, -1,
      817, 266, 118, -1,
      817, 118, 277, -1,
      818, 816, 819, -1,
      819, 816, 817, -1,
      820, 818, 821, -1,
      821, 818, 819, -1,
      821, 781, 820, -1,
      820, 781, 783, -1,
      820, 783, 790, -1,
      818, 820, 816, -1,
      816, 820, 790, -1,
      821, 819, 781, -1,
      781, 819, 817, -1,
      143, 815, 822, -1,
      143, 822, 154, -1,
      154, 822, 823, -1,
      154, 823, 155, -1,
      155, 823, 824, -1,
      155, 824, 156, -1,
      156, 824, 825, -1,
      156, 825, 157, -1,
      157, 825, 826, -1,
      157, 826, 158, -1,
      158, 826, 814, -1,
      158, 814, 153, -1,
      137, 600, 641, -1,
      137, 641, 142, -1,
      142, 641, 650, -1,
      142, 650, 141, -1,
      141, 650, 647, -1,
      141, 647, 140, -1,
      140, 647, 643, -1,
      140, 643, 138, -1,
      138, 643, 646, -1,
      138, 646, 139, -1,
      139, 646, 592, -1,
      139, 592, 128, -1,
      827, 20, 828, -1,
      828, 20, 2, -1,
      828, 2, 104, -1,
      38, 0, 39, -1,
      39, 0, 2, -1,
      39, 2, 19, -1,
      19, 2, 20, -1,
      173, 113, 829, -1,
      829, 113, 20, -1,
      829, 20, 830, -1,
      830, 20, 827, -1,
      58, 164, 59, -1,
      59, 164, 106, -1,
      672, 606, 831, -1,
      832, 833, 834, -1,
      835, 836, 837, -1,
      837, 836, 838, -1,
      837, 838, 839, -1,
      840, 841, 842, -1,
      843, 844, 840, -1,
      845, 846, 847, -1,
      847, 846, 848, -1,
      844, 849, 840, -1,
      840, 849, 850, -1,
      840, 850, 841, -1,
      848, 851, 847, -1,
      847, 851, 852, -1,
      847, 852, 843, -1,
      853, 854, 855, -1,
      855, 854, 856, -1,
      855, 856, 847, -1,
      847, 856, 857, -1,
      847, 857, 845, -1,
      858, 859, 860, -1,
      860, 859, 861, -1,
      860, 861, 862, -1,
      853, 863, 864, -1,
      864, 863, 860, -1,
      864, 860, 865, -1,
      865, 860, 862, -1,
      866, 867, 858, -1,
      858, 867, 868, -1,
      858, 868, 869, -1,
      870, 871, 872, -1,
      870, 872, 873, -1,
      869, 874, 858, -1,
      858, 874, 875, -1,
      858, 875, 859, -1,
      859, 875, 876, -1,
      872, 877, 878, -1,
      875, 879, 876, -1,
      876, 879, 880, -1,
      876, 880, 881, -1,
      881, 880, 882, -1,
      881, 882, 883, -1,
      883, 882, 884, -1,
      872, 885, 886, -1,
      871, 887, 872, -1,
      872, 887, 888, -1,
      872, 888, 877, -1,
      889, 890, 891, -1,
      891, 890, 872, -1,
      891, 872, 892, -1,
      892, 872, 878, -1,
      889, 891, 882, -1,
      882, 891, 893, -1,
      882, 893, 884, -1,
      886, 894, 872, -1,
      872, 894, 895, -1,
      872, 895, 873, -1,
      115, 185, 896, -1,
      897, 827, 898, -1,
      898, 827, 828, -1,
      832, 834, 899, -1,
      828, 105, 660, -1,
      660, 105, 8, -1,
      33, 34, 900, -1,
      900, 34, 11, -1,
      687, 901, 902, -1,
      657, 903, 904, -1,
      8, 7, 660, -1,
      660, 7, 27, -1,
      660, 27, 900, -1,
      900, 27, 30, -1,
      900, 30, 33, -1,
      115, 896, 905, -1,
      905, 896, 906, -1,
      905, 906, 907, -1,
      907, 906, 900, -1,
      907, 900, 908, -1,
      908, 900, 11, -1,
      908, 11, 10, -1,
      897, 909, 834, -1,
      834, 909, 910, -1,
      834, 910, 899, -1,
      903, 657, 902, -1,
      902, 657, 689, -1,
      902, 689, 687, -1,
      904, 898, 657, -1,
      657, 898, 828, -1,
      657, 828, 658, -1,
      658, 828, 660, -1,
      897, 834, 827, -1,
      827, 834, 911, -1,
      827, 911, 830, -1,
      830, 911, 912, -1,
      830, 912, 829, -1,
      108, 109, 913, -1,
      913, 109, 914, -1,
      57, 77, 915, -1,
      57, 915, 58, -1,
      77, 80, 915, -1,
      915, 80, 83, -1,
      915, 83, 672, -1,
      672, 83, 84, -1,
      916, 917, 918, -1,
      918, 917, 919, -1,
      918, 919, 920, -1,
      920, 921, 918, -1,
      918, 921, 922, -1,
      918, 922, 112, -1,
      61, 60, 100, -1,
      922, 923, 112, -1,
      112, 923, 924, -1,
      112, 924, 111, -1,
      111, 924, 925, -1,
      84, 61, 672, -1,
      672, 61, 100, -1,
      672, 100, 670, -1,
      670, 100, 111, -1,
      670, 111, 668, -1,
      668, 111, 925, -1,
      668, 925, 675, -1,
      675, 925, 926, -1,
      675, 926, 676, -1,
      676, 926, 927, -1,
      676, 927, 677, -1,
      58, 915, 928, -1,
      928, 915, 929, -1,
      928, 929, 930, -1,
      930, 929, 931, -1,
      930, 931, 932, -1,
      932, 931, 933, -1,
      932, 933, 164, -1,
      686, 834, 687, -1,
      687, 834, 833, -1,
      687, 833, 901, -1,
      853, 855, 863, -1,
      863, 855, 726, -1,
      863, 726, 685, -1,
      683, 934, 684, -1,
      684, 934, 935, -1,
      927, 916, 677, -1,
      677, 916, 918, -1,
      677, 918, 679, -1,
      679, 918, 934, -1,
      679, 934, 681, -1,
      681, 934, 683, -1,
      112, 108, 918, -1,
      918, 108, 913, -1,
      918, 913, 934, -1,
      934, 913, 936, -1,
      934, 936, 935, -1,
      935, 936, 937, -1,
      938, 939, 847, -1,
      843, 840, 847, -1,
      847, 840, 940, -1,
      847, 940, 938, -1,
      941, 940, 942, -1,
      942, 940, 840, -1,
      942, 840, 943, -1,
      943, 840, 912, -1,
      943, 912, 939, -1,
      939, 912, 911, -1,
      939, 911, 847, -1,
      847, 911, 834, -1,
      847, 834, 855, -1,
      855, 834, 686, -1,
      855, 686, 726, -1,
      937, 944, 945, -1,
      945, 944, 946, -1,
      947, 937, 948, -1,
      948, 937, 945, -1,
      948, 945, 949, -1,
      949, 945, 950, -1,
      951, 952, 947, -1,
      947, 952, 953, -1,
      947, 953, 937, -1,
      937, 953, 954, -1,
      937, 954, 955, -1,
      946, 944, 956, -1,
      956, 944, 858, -1,
      956, 858, 955, -1,
      955, 858, 860, -1,
      955, 860, 937, -1,
      937, 860, 863, -1,
      937, 863, 935, -1,
      935, 863, 685, -1,
      935, 685, 684, -1,
      957, 958, 936, -1,
      936, 958, 959, -1,
      936, 959, 960, -1,
      961, 962, 963, -1,
      944, 964, 961, -1,
      961, 964, 965, -1,
      961, 965, 962, -1,
      960, 966, 936, -1,
      936, 966, 967, -1,
      936, 967, 937, -1,
      937, 967, 968, -1,
      937, 968, 944, -1,
      944, 968, 969, -1,
      944, 969, 964, -1,
      963, 970, 961, -1,
      961, 970, 971, -1,
      961, 971, 972, -1,
      972, 973, 961, -1,
      961, 973, 974, -1,
      961, 974, 936, -1,
      936, 974, 975, -1,
      936, 975, 957, -1,
      976, 977, 936, -1,
      978, 979, 980, -1,
      936, 977, 961, -1,
      961, 977, 981, -1,
      961, 981, 982, -1,
      980, 976, 978, -1,
      978, 976, 936, -1,
      978, 936, 983, -1,
      983, 936, 913, -1,
      983, 913, 982, -1,
      982, 913, 914, -1,
      982, 914, 961, -1,
      842, 839, 840, -1,
      840, 839, 838, -1,
      840, 838, 912, -1,
      912, 838, 984, -1,
      912, 984, 829, -1,
      829, 984, 173, -1,
      109, 110, 914, -1,
      914, 110, 985, -1,
      914, 985, 961, -1,
      961, 985, 986, -1,
      961, 986, 944, -1,
      944, 986, 122, -1,
      944, 122, 858, -1,
      858, 122, 836, -1,
      858, 836, 866, -1,
      866, 836, 835, -1,
      672, 831, 915, -1,
      915, 831, 987, -1,
      915, 987, 929, -1,
      929, 987, 988, -1,
      929, 988, 931, -1,
      931, 988, 159, -1,
      931, 159, 933, -1,
      989, 990, 991, -1,
      991, 990, 992, -1,
      991, 992, 993, -1,
      993, 992, 994, -1,
      993, 994, 995, -1,
      995, 994, 996, -1,
      995, 996, 989, -1,
      989, 996, 990, -1,
      997, 992, 998, -1,
      998, 992, 990, -1,
      998, 990, 999, -1,
      999, 990, 996, -1,
      999, 996, 1000, -1,
      1000, 996, 994, -1,
      1000, 994, 997, -1,
      997, 994, 992, -1,
      1001, 591, 1002, -1,
      1002, 591, 590, -1,
      1002, 590, 1003, -1,
      1003, 590, 588, -1,
      1003, 588, 1004, -1,
      1004, 588, 586, -1,
      1005, 585, 1006, -1,
      1006, 585, 584, -1,
    ]
  }
}

Shape {
  appearance Appearance {
    material Material {
      diffuseColor 0.7961 0.8235 0.9373
      specularColor 0.3961 0.4118 0.4667
      ambientIntensity 0.2
      transparency 0.0000
      shininess 0.5
    }
  }
  geometry IndexedFaceSet {
    ccw TRUE
    solid FALSE
    coord DEF co Coordinate {
      point [
        9.305118 -1.515748 0.965299,
        8.883859 -1.515748 0.965299,
        8.883859 -1.515748 1.391732,
        9.305118 -1.515748 1.391732,
        9.305118 -1.515748 3.045276,
        8.883859 -1.515748 3.045276,
        8.883859 -1.515748 2.624016,
        9.305118 -1.515748 2.624016,
        9.305118 -3.799213 2.624016,
        8.883859 -3.799213 2.624016,
        9.305118 -3.799213 3.045276,
        8.883859 -3.799213 3.045276,
        8.883859 -3.799213 1.391732,
        8.883859 -3.799213 0.970472,
        9.305118 -3.799213 0.970472,
        9.305118 -3.799213 1.391732,
        9.305118 -5.745415 2.887795,
        9.305118 -5.587935 3.045276,
        8.883859 -5.745415 2.887795,
        8.883859 -5.587935 3.045276,
        9.305118 -5.745415 2.781496,
        8.883859 -5.745415 2.781496,
        9.305118 -5.587935 2.624016,
        8.883859 -5.587935 2.624016,
        9.305118 1.017717 3.045276,
        8.883859 1.017717 3.045276,
        8.883859 0.596457 2.624016,
        9.305118 0.596457 2.624016,
        9.305118 1.135827 -1.377953,
        9.305118 1.293307 -1.220472,
        9.305118 1.293307 2.769685,
        9.305118 0.872047 2.348425,
        9.305118 0.872047 -1.220472,
        9.305118 1.029528 -1.377953,
        9.305118 0.851069 2.453889,
        9.305118 1.272329 2.875149,
        9.305118 0.791329 2.543297,
        9.305118 0.701920 2.603037,
        9.305118 1.123180 3.024298,
        9.305118 1.212589 2.964557,
        8.883859 1.029528 -1.377953,
        8.883859 0.872047 -1.220472,
        8.883859 1.135827 -1.377953,
        8.883859 0.872047 2.348425,
        8.883859 0.791329 2.543297,
        8.883859 1.272329 2.875149,
        8.883859 0.851069 2.453889,
        8.883859 1.293307 2.769685,
        8.883859 1.293307 -1.220472,
        8.883859 0.701920 2.603037,
        8.883859 1.123180 3.024298,
        8.883859 1.212589 2.964557,
        9.305118 -5.745415 1.234252,
        9.305118 -5.587935 1.391732,
        8.883859 -5.745415 1.234252,
        8.883859 -5.587935 1.391732,
        9.305118 -5.745415 1.127953,
        8.883859 -5.745415 1.127953,
        9.305118 -5.587935 0.970472,
        8.883859 -5.587935 0.970472,
        9.305118 -1.401461 0.913777,
        8.883859 -1.401461 0.913777,
        9.305118 -1.321820 0.816960,
        8.883859 -1.321820 0.816960,
        9.305118 -1.293307 0.694882,
        8.883859 -1.293307 0.694882,
        9.305118 -1.147638 1.391732,
        8.883859 -1.147638 1.391732,
        9.305118 -1.042174 1.370754,
        9.305118 -1.135827 -1.377953,
        9.305118 -1.029528 -1.377953,
        9.305118 -1.293307 -1.220472,
        9.305118 -0.872047 -1.220472,
        9.305118 -0.872047 1.116142,
        9.305118 -0.893025 1.221606,
        9.305118 -0.952766 1.311014,
        8.883859 -1.042174 1.370754,
        8.883859 -1.029528 -1.377953,
        8.883859 -1.135827 -1.377953,
        8.883859 -0.872047 -1.220472,
        8.883859 -1.293307 -1.220472,
        8.883859 -0.872047 1.116142,
        8.883859 -0.893025 1.221606,
        8.883859 -0.952766 1.311014,
      ]
    }
    coordIndex [
      16, 17, 18, -1,
      18, 17, 19, -1,
      20, 16, 21, -1,
      21, 16, 18, -1,
      22, 20, 23, -1,
      23, 20, 21, -1,
      18, 19, 21, -1,
      21, 19, 11, -1,
      21, 11, 23, -1,
      23, 11, 9, -1,
      20, 22, 16, -1,
      16, 22, 8, -1,
      16, 8, 17, -1,
      17, 8, 10, -1,
      22, 23, 8, -1,
      8, 23, 9, -1,
      19, 17, 11, -1,
      11, 17, 10, -1,
      4, 24, 5, -1,
      5, 24, 25, -1,
      6, 26, 7, -1,
      7, 26, 27, -1,
      28, 29, 30, -1,
      31, 32, 33, -1,
      24, 4, 7, -1,
      33, 28, 31, -1,
      31, 28, 30, -1,
      31, 30, 34, -1,
      34, 30, 35, -1,
      34, 35, 36, -1,
      7, 27, 24, -1,
      24, 27, 37, -1,
      24, 37, 38, -1,
      38, 37, 36, -1,
      38, 36, 39, -1,
      39, 36, 35, -1,
      40, 41, 42, -1,
      42, 41, 43, -1,
      44, 45, 46, -1,
      46, 45, 47, -1,
      46, 47, 43, -1,
      43, 47, 48, -1,
      43, 48, 42, -1,
      6, 5, 26, -1,
      26, 5, 25, -1,
      26, 25, 49, -1,
      49, 25, 50, -1,
      49, 50, 44, -1,
      44, 50, 51, -1,
      44, 51, 45, -1,
      30, 47, 45, -1,
      30, 45, 35, -1,
      35, 45, 51, -1,
      35, 51, 39, -1,
      39, 51, 50, -1,
      39, 50, 38, -1,
      38, 50, 25, -1,
      38, 25, 24, -1,
      27, 26, 37, -1,
      37, 26, 49, -1,
      37, 49, 36, -1,
      36, 49, 44, -1,
      36, 44, 34, -1,
      34, 44, 46, -1,
      34, 46, 31, -1,
      31, 46, 43, -1,
      32, 31, 41, -1,
      41, 31, 43, -1,
      33, 32, 40, -1,
      40, 32, 41, -1,
      28, 33, 42, -1,
      42, 33, 40, -1,
      29, 28, 48, -1,
      48, 28, 42, -1,
      30, 29, 47, -1,
      47, 29, 48, -1,
      52, 53, 54, -1,
      54, 53, 55, -1,
      56, 52, 57, -1,
      57, 52, 54, -1,
      58, 56, 59, -1,
      59, 56, 57, -1,
      52, 56, 53, -1,
      53, 56, 58, -1,
      53, 58, 15, -1,
      15, 58, 14, -1,
      57, 54, 59, -1,
      59, 54, 55, -1,
      59, 55, 13, -1,
      13, 55, 12, -1,
      14, 58, 13, -1,
      13, 58, 59, -1,
      12, 55, 15, -1,
      15, 55, 53, -1,
      0, 1, 60, -1,
      60, 1, 61, -1,
      60, 61, 62, -1,
      62, 61, 63, -1,
      62, 63, 64, -1,
      64, 63, 65, -1,
      3, 66, 2, -1,
      2, 66, 67, -1,
      3, 0, 66, -1,
      66, 0, 60, -1,
      66, 60, 68, -1,
      69, 70, 71, -1,
      71, 70, 72, -1,
      71, 72, 64, -1,
      64, 72, 73, -1,
      64, 73, 62, -1,
      62, 73, 74, -1,
      62, 74, 60, -1,
      60, 74, 75, -1,
      60, 75, 68, -1,
      76, 61, 67, -1,
      67, 61, 1, -1,
      67, 1, 2, -1,
      77, 78, 79, -1,
      79, 78, 80, -1,
      79, 80, 81, -1,
      80, 65, 81, -1,
      81, 65, 63, -1,
      81, 63, 82, -1,
      82, 63, 61, -1,
      82, 61, 83, -1,
      83, 61, 76, -1,
      73, 81, 82, -1,
      73, 82, 74, -1,
      74, 82, 83, -1,
      74, 83, 75, -1,
      75, 83, 76, -1,
      75, 76, 68, -1,
      68, 76, 67, -1,
      68, 67, 66, -1,
      71, 64, 80, -1,
      80, 64, 65, -1,
      69, 71, 78, -1,
      78, 71, 80, -1,
      70, 69, 77, -1,
      77, 69, 78, -1,
      72, 70, 79, -1,
      79, 70, 77, -1,
      73, 72, 81, -1,
      81, 72, 79, -1,
    ]
  }
}

Shape {
  appearance Appearance {
    material Material {
      diffuseColor 0.7529 0.7529 0.7529
      specularColor 0.3765 0.3765 0.3765
      ambientIntensity 0.2
      transparency 0.0000
      shininess 0.5
    }
  }
  geometry IndexedFaceSet {
    ccw TRUE
    solid FALSE
    coord DEF co Coordinate {
      point [
        8.208661 -3.799213 3.641732,
        6.673229 -3.799213 3.641732,
        6.673229 -3.799213 2.106299,
        8.208661 -3.799213 2.106299,
        6.673229 -6.515748 2.106299,
        6.673229 -6.515748 3.641732,
        8.208661 -6.515748 3.641732,
        8.208661 -6.515748 2.106299,
        6.673229 -6.515748 0.846457,
        6.673229 -3.799213 0.846457,
        6.673229 -6.515748 1.988189,
        6.673229 -3.799213 1.988189,
        8.208661 -6.515748 1.988189,
        8.208661 -3.799213 1.988189,
        8.208661 -6.515748 0.846457,
        8.208661 -3.799213 0.846457,
        7.814961 -6.515748 0.452756,
        7.814961 -3.799213 0.452756,
        7.066930 -6.515748 0.452756,
        7.066930 -3.799213 0.452756,
        7.651574 -3.799213 0.970472,
        7.230315 -3.799213 0.970472,
        7.651574 -3.799213 1.391732,
        7.230315 -3.799213 1.391732,
      ]
    }
    coordIndex [
      4, 2, 5, -1,
      5, 2, 1, -1,
      5, 1, 6, -1,
      6, 1, 0, -1,
      6, 0, 7, -1,
      7, 0, 3, -1,
      7, 3, 4, -1,
      4, 3, 2, -1,
      8, 9, 10, -1,
      10, 9, 11, -1,
      10, 11, 12, -1,
      12, 11, 13, -1,
      12, 13, 14, -1,
      14, 13, 15, -1,
      16, 17, 18, -1,
      18, 17, 19, -1,
      20, 21, 19, -1,
      19, 17, 20, -1,
      20, 17, 15, -1,
      20, 15, 22, -1,
      22, 15, 13, -1,
      22, 13, 23, -1,
      23, 13, 11, -1,
      23, 11, 21, -1,
      21, 11, 9, -1,
      21, 9, 19, -1,
    ]
  }
}

Shape {
  appearance Appearance {
    material Material {
      diffuseColor 0.7961 0.8235 0.9373
      specularColor 0.3961 0.4118 0.4667
      ambientIntensity 0.2
      transparency 0.0000
      shininess 0.5
    }
  }
  geometry IndexedFaceSet {
    ccw TRUE
    solid FALSE
    coord DEF co Coordinate {
      point [
        -2.269685 -1.515748 3.045276,
        -2.690945 -1.515748 3.045276,
        7.230315 -1.515748 1.391732,
        7.651574 -1.515748 1.391732,
        7.651574 -1.515748 0.965299,
        7.230315 -1.515748 0.965299,
        5.576772 -1.515748 1.391732,
        5.998032 -1.515748 1.391732,
        5.998032 -1.515748 0.965299,
        5.576772 -1.515748 0.965299,
        3.923228 -1.515748 1.391732,
        4.344488 -1.515748 1.391732,
        4.344488 -1.515748 0.965299,
        3.923228 -1.515748 0.965299,
        2.690945 -1.515748 1.391732,
        2.690945 -1.515748 0.965299,
        2.269685 -1.515748 0.965299,
        2.269685 -1.515748 1.391732,
        1.037402 -1.515748 1.391732,
        1.037402 -1.515748 0.965299,
        0.616142 -1.515748 0.965299,
        0.616142 -1.515748 1.391732,
        -2.690945 -1.515748 0.965299,
        -2.269685 -1.515748 0.965299,
        -1.037402 -1.515748 0.965299,
        -0.616142 -1.515748 0.965299,
        -2.690945 -1.515748 1.391732,
        -2.269685 -1.515748 1.391732,
        -0.616142 -1.515748 1.391732,
        -1.037402 -1.515748 1.391732,
        -4.344488 -1.515748 1.391732,
        -3.923228 -1.515748 1.391732,
        -3.923228 -1.515748 0.965299,
        -4.344488 -1.515748 0.965299,
        -5.576772 -1.515748 1.391732,
        -5.576772 -1.515748 0.965299,
        -5.998032 -1.515748 0.965299,
        -5.998032 -1.515748 1.391732,
        -7.651574 -1.515748 1.391732,
        -7.230315 -1.515748 1.391732,
        -7.230315 -1.515748 0.965299,
        -7.651574 -1.515748 0.965299,
        -9.305118 -1.515748 0.965299,
        -8.883859 -1.515748 0.965299,
        -8.883859 -1.515748 1.391732,
        -9.305118 -1.515748 1.391732,
        7.651574 -1.515748 3.045276,
        7.651574 -1.515748 2.624016,
        7.230315 -1.515748 2.624016,
        7.230315 -1.515748 3.045276,
        5.998032 -1.515748 3.045276,
        5.998032 -1.515748 2.624016,
        5.576772 -1.515748 2.624016,
        5.576772 -1.515748 3.045276,
        4.344488 -1.515748 3.045276,
        4.344488 -1.515748 2.624016,
        3.923228 -1.515748 2.624016,
        3.923228 -1.515748 3.045276,
        2.690945 -1.515748 3.045276,
        2.690945 -1.515748 2.624016,
        2.269685 -1.515748 2.624016,
        2.269685 -1.515748 3.045276,
        1.037402 -1.515748 3.045276,
        1.037402 -1.515748 2.624016,
        0.616142 -1.515748 2.624016,
        0.616142 -1.515748 3.045276,
        -2.690945 -1.515748 2.624016,
        -2.269685 -1.515748 2.624016,
        -1.037402 -1.515748 2.624016,
        -0.616142 -1.515748 2.624016,
        -0.616142 -1.515748 3.045276,
        -1.037402 -1.515748 3.045276,
        -3.923228 -1.515748 3.045276,
        -3.923228 -1.515748 2.624016,
        -4.344488 -1.515748 2.624016,
        -4.344488 -1.515748 3.045276,
        -5.576772 -1.515748 3.045276,
        -5.576772 -1.515748 2.624016,
        -5.998032 -1.515748 2.624016,
        -5.998032 -1.515748 3.045276,
        -7.230315 -1.515748 3.045276,
        -7.230315 -1.515748 2.624016,
        -7.651574 -1.515748 2.624016,
        -7.651574 -1.515748 3.045276,
        -8.883859 -1.515748 3.045276,
        -8.883859 -1.515748 2.624016,
        -9.305118 -1.515748 2.624016,
        -9.305118 -1.515748 3.045276,
        -8.883859 -3.799213 2.624016,
        -9.305118 -3.799213 2.624016,
        -8.883859 -3.799213 3.045276,
        -9.305118 -3.799213 3.045276,
        -7.230315 -3.799213 3.045276,
        -7.651574 -3.799213 3.045276,
        -7.651574 -3.799213 2.624016,
        -7.230315 -3.799213 2.624016,
        -5.576772 -3.799213 3.045276,
        -5.998032 -3.799213 3.045276,
        -5.998032 -3.799213 2.624016,
        -5.576772 -3.799213 2.624016,
        -3.923228 -3.799213 2.624016,
        -4.344488 -3.799213 2.624016,
        -3.923228 -3.799213 3.045276,
        -4.344488 -3.799213 3.045276,
        -2.269685 -3.799213 2.624016,
        -2.690945 -3.799213 2.624016,
        -2.269685 -3.799213 3.045276,
        -2.690945 -3.799213 3.045276,
        -0.616142 -3.799213 3.045276,
        -1.037402 -3.799213 3.045276,
        -1.037402 -3.799213 2.624016,
        -0.616142 -3.799213 2.624016,
        1.037402 -3.799213 3.045276,
        0.616142 -3.799213 3.045276,
        0.616142 -3.799213 2.624016,
        1.037402 -3.799213 2.624016,
        2.690945 -3.799213 2.624016,
        2.269685 -3.799213 2.624016,
        2.690945 -3.799213 3.045276,
        2.269685 -3.799213 3.045276,
        4.344488 -3.799213 2.624016,
        3.923228 -3.799213 2.624016,
        4.344488 -3.799213 3.045276,
        3.923228 -3.799213 3.045276,
        5.998032 -3.799213 3.045276,
        5.576772 -3.799213 3.045276,
        5.576772 -3.799213 2.624016,
        5.998032 -3.799213 2.624016,
        7.651574 -3.799213 3.045276,
        7.230315 -3.799213 3.045276,
        7.230315 -3.799213 2.624016,
        7.651574 -3.799213 2.624016,
        -9.305118 -3.799213 1.391732,
        -9.305118 -3.799213 0.970472,
        -8.883859 -3.799213 0.970472,
        -8.883859 -3.799213 1.391732,
        -7.230315 -3.799213 0.970472,
        -7.651574 -3.799213 0.970472,
        -7.230315 -3.799213 1.391732,
        -7.651574 -3.799213 1.391732,
        -5.576772 -3.799213 0.970472,
        -5.998032 -3.799213 0.970472,
        -5.576772 -3.799213 1.391732,
        -5.998032 -3.799213 1.391732,
        -4.344488 -3.799213 1.391732,
        -4.344488 -3.799213 0.970472,
        -3.923228 -3.799213 0.970472,
        -3.923228 -3.799213 1.391732,
        -2.690945 -3.799213 1.391732,
        -2.690945 -3.799213 0.970472,
        -2.269685 -3.799213 0.970472,
        -2.269685 -3.799213 1.391732,
        -0.616142 -3.799213 0.970472,
        -1.037402 -3.799213 0.970472,
        -0.616142 -3.799213 1.391732,
        -1.037402 -3.799213 1.391732,
        1.037402 -3.799213 0.970472,
        0.616142 -3.799213 0.970472,
        1.037402 -3.799213 1.391732,
        0.616142 -3.799213 1.391732,
        2.269685 -3.799213 1.391732,
        2.269685 -3.799213 0.970472,
        2.690945 -3.799213 0.970472,
        2.690945 -3.799213 1.391732,
        4.344488 -3.799213 1.391732,
        3.923228 -3.799213 1.391732,
        3.923228 -3.799213 0.970472,
        4.344488 -3.799213 0.970472,
        5.998032 -3.799213 0.970472,
        5.576772 -3.799213 0.970472,
        5.998032 -3.799213 1.391732,
        5.576772 -3.799213 1.391732,
        7.651574 -3.799213 0.970472,
        7.230315 -3.799213 0.970472,
        7.651574 -3.799213 1.391732,
        7.230315 -3.799213 1.391732,
        7.651574 -5.745415 2.887795,
        7.651574 -5.587935 3.045276,
        7.230315 -5.745415 2.887795,
        7.230315 -5.587935 3.045276,
        7.651574 -5.745415 2.781496,
        7.230315 -5.745415 2.781496,
        7.651574 -5.587935 2.624016,
        7.230315 -5.587935 2.624016,
        7.651574 1.017717 3.045276,
        7.230315 1.017717 3.045276,
        7.230315 0.596457 2.624016,
        7.651574 0.596457 2.624016,
        7.651574 1.135827 -1.377953,
        7.651574 1.293307 -1.220472,
        7.651574 1.293307 2.769685,
        7.651574 0.872047 2.348425,
        7.651574 0.872047 -1.220472,
        7.651574 1.029528 -1.377953,
        7.651574 0.851069 2.453889,
        7.651574 1.272329 2.875149,
        7.651574 0.791329 2.543297,
        7.651574 0.701920 2.603037,
        7.651574 1.123180 3.024298,
        7.651574 1.212589 2.964557,
        7.230315 1.029528 -1.377953,
        7.230315 0.872047 -1.220472,
        7.230315 1.135827 -1.377953,
        7.230315 0.872047 2.348425,
        7.230315 0.791329 2.543297,
        7.230315 1.272329 2.875149,
        7.230315 0.851069 2.453889,
        7.230315 1.293307 2.769685,
        7.230315 1.293307 -1.220472,
        7.230315 0.701920 2.603037,
        7.230315 1.123180 3.024298,
        7.230315 1.212589 2.964557,
        7.651574 -5.745415 1.234252,
        7.651574 -5.587935 1.391732,
        7.230315 -5.745415 1.234252,
        7.230315 -5.587935 1.391732,
        7.651574 -5.745415 1.127953,
        7.230315 -5.745415 1.127953,
        7.651574 -5.587935 0.970472,
        7.230315 -5.587935 0.970472,
        7.651574 -1.401461 0.913777,
        7.230315 -1.401461 0.913777,
        7.651574 -1.321820 0.816960,
        7.230315 -1.321820 0.816960,
        7.651574 -1.293307 0.694882,
        7.230315 -1.293307 0.694882,
        7.651574 -1.147638 1.391732,
        7.230315 -1.147638 1.391732,
        7.651574 -1.042174 1.370754,
        7.651574 -1.135827 -1.377953,
        7.651574 -1.029528 -1.377953,
        7.651574 -1.293307 -1.220472,
        7.651574 -0.872047 -1.220472,
        7.651574 -0.872047 1.116142,
        7.651574 -0.893025 1.221606,
        7.651574 -0.952766 1.311014,
        7.230315 -1.042174 1.370754,
        7.230315 -1.029528 -1.377953,
        7.230315 -1.135827 -1.377953,
        7.230315 -0.872047 -1.220472,
        7.230315 -1.293307 -1.220472,
        7.230315 -0.872047 1.116142,
        7.230315 -0.893025 1.221606,
        7.230315 -0.952766 1.311014,
        5.998032 -5.745415 2.887795,
        5.998032 -5.587935 3.045276,
        5.576772 -5.745415 2.887795,
        5.576772 -5.587935 3.045276,
        5.998032 -5.745415 2.781496,
        5.576772 -5.745415 2.781496,
        5.998032 -5.587935 2.624016,
        5.576772 -5.587935 2.624016,
        5.998032 1.017717 3.045276,
        5.576772 1.017717 3.045276,
        5.576772 0.596457 2.624016,
        5.998032 0.596457 2.624016,
        5.998032 1.135827 -1.377953,
        5.998032 1.293307 -1.220472,
        5.998032 1.293307 2.769685,
        5.998032 0.872047 2.348425,
        5.998032 0.872047 -1.220472,
        5.998032 1.029528 -1.377953,
        5.998032 0.851069 2.453889,
        5.998032 1.272329 2.875149,
        5.998032 0.791329 2.543297,
        5.998032 0.701920 2.603037,
        5.998032 1.123180 3.024298,
        5.998032 1.212589 2.964557,
        5.576772 1.029528 -1.377953,
        5.576772 0.872047 -1.220472,
        5.576772 1.135827 -1.377953,
        5.576772 0.872047 2.348425,
        5.576772 0.791329 2.543297,
        5.576772 1.272329 2.875149,
        5.576772 0.851069 2.453889,
        5.576772 1.293307 2.769685,
        5.576772 1.293307 -1.220472,
        5.576772 0.701920 2.603037,
        5.576772 1.123180 3.024298,
        5.576772 1.212589 2.964557,
        5.998032 -5.745415 1.234252,
        5.998032 -5.587935 1.391732,
        5.576772 -5.745415 1.234252,
        5.576772 -5.587935 1.391732,
        5.998032 -5.745415 1.127953,
        5.576772 -5.745415 1.127953,
        5.998032 -5.587935 0.970472,
        5.576772 -5.587935 0.970472,
        5.998032 -1.401461 0.913777,
        5.576772 -1.401461 0.913777,
        5.998032 -1.321820 0.816960,
        5.576772 -1.321820 0.816960,
        5.998032 -1.293307 0.694882,
        5.576772 -1.293307 0.694882,
        5.998032 -1.147638 1.391732,
        5.576772 -1.147638 1.391732,
        5.998032 -1.042174 1.370754,
        5.998032 -1.135827 -1.377953,
        5.998032 -1.029528 -1.377953,
        5.998032 -1.293307 -1.220472,
        5.998032 -0.872047 -1.220472,
        5.998032 -0.872047 1.116142,
        5.998032 -0.893025 1.221606,
        5.998032 -0.952766 1.311014,
        5.576772 -1.042174 1.370754,
        5.576772 -1.029528 -1.377953,
        5.576772 -1.135827 -1.377953,
        5.576772 -0.872047 -1.220472,
        5.576772 -1.293307 -1.220472,
        5.576772 -0.872047 1.116142,
        5.576772 -0.893025 1.221606,
        5.576772 -0.952766 1.311014,
        4.344488 -5.745415 2.887795,
        4.344488 -5.587935 3.045276,
        3.923228 -5.745415 2.887795,
        3.923228 -5.587935 3.045276,
        4.344488 -5.745415 2.781496,
        3.923228 -5.745415 2.781496,
        4.344488 -5.587935 2.624016,
        3.923228 -5.587935 2.624016,
        4.344488 1.017717 3.045276,
        3.923228 1.017717 3.045276,
        3.923228 0.596457 2.624016,
        4.344488 0.596457 2.624016,
        4.344488 1.135827 -1.377953,
        4.344488 1.293307 -1.220472,
        4.344488 1.293307 2.769685,
        4.344488 0.872047 2.348425,
        4.344488 0.872047 -1.220472,
        4.344488 1.029528 -1.377953,
        4.344488 0.851069 2.453889,
        4.344488 1.272329 2.875149,
        4.344488 0.791329 2.543297,
        4.344488 0.701920 2.603037,
        4.344488 1.123180 3.024298,
        4.344488 1.212589 2.964557,
        3.923228 1.029528 -1.377953,
        3.923228 0.872047 -1.220472,
        3.923228 1.135827 -1.377953,
        3.923228 0.872047 2.348425,
        3.923228 0.701920 2.603037,
        3.923228 1.123180 3.024298,
        3.923228 0.791329 2.543297,
        3.923228 1.212589 2.964557,
        3.923228 1.272329 2.875149,
        3.923228 0.851069 2.453889,
        3.923228 1.293307 2.769685,
        3.923228 1.293307 -1.220472,
        4.344488 -5.745415 1.234252,
        4.344488 -5.587935 1.391732,
        3.923228 -5.745415 1.234252,
        3.923228 -5.587935 1.391732,
        4.344488 -5.745415 1.127953,
        3.923228 -5.745415 1.127953,
        4.344488 -5.587935 0.970472,
        3.923228 -5.587935 0.970472,
        4.344488 -1.401461 0.913777,
        3.923228 -1.401461 0.913777,
        4.344488 -1.321820 0.816960,
        3.923228 -1.321820 0.816960,
        4.344488 -1.293307 0.694882,
        3.923228 -1.293307 0.694882,
        4.344488 -1.147638 1.391732,
        3.923228 -1.147638 1.391732,
        4.344488 -1.042174 1.370754,
        4.344488 -1.135827 -1.377953,
        4.344488 -1.029528 -1.377953,
        4.344488 -1.293307 -1.220472,
        4.344488 -0.872047 -1.220472,
        4.344488 -0.872047 1.116142,
        4.344488 -0.893025 1.221606,
        4.344488 -0.952766 1.311014,
        3.923228 -1.042174 1.370754,
        3.923228 -1.029528 -1.377953,
        3.923228 -1.135827 -1.377953,
        3.923228 -0.872047 -1.220472,
        3.923228 -1.293307 -1.220472,
        3.923228 -0.872047 1.116142,
        3.923228 -0.893025 1.221606,
        3.923228 -0.952766 1.311014,
        2.690945 -5.745415 2.887795,
        2.690945 -5.587935 3.045276,
        2.269685 -5.745415 2.887795,
        2.269685 -5.587935 3.045276,
        2.690945 -5.745415 2.781496,
        2.269685 -5.745415 2.781496,
        2.690945 -5.587935 2.624016,
        2.269685 -5.587935 2.624016,
        2.690945 1.017717 3.045276,
        2.269685 1.017717 3.045276,
        2.269685 0.596457 2.624016,
        2.690945 0.596457 2.624016,
        2.690945 1.135827 -1.377953,
        2.690945 1.293307 -1.220472,
        2.690945 1.293307 2.769685,
        2.690945 0.872047 2.348425,
        2.690945 0.872047 -1.220472,
        2.690945 1.029528 -1.377953,
        2.690945 0.851069 2.453889,
        2.690945 1.272329 2.875149,
        2.690945 0.791329 2.543297,
        2.690945 0.701920 2.603037,
        2.690945 1.123180 3.024298,
        2.690945 1.212589 2.964557,
        2.269685 1.029528 -1.377953,
        2.269685 0.872047 -1.220472,
        2.269685 1.135827 -1.377953,
        2.269685 0.872047 2.348425,
        2.269685 0.791329 2.543297,
        2.269685 1.272329 2.875149,
        2.269685 0.851069 2.453889,
        2.269685 1.293307 2.769685,
        2.269685 1.293307 -1.220472,
        2.269685 0.701920 2.603037,
        2.269685 1.123180 3.024298,
        2.269685 1.212589 2.964557,
        2.690945 -5.745415 1.234252,
        2.690945 -5.587935 1.391732,
        2.269685 -5.745415 1.234252,
        2.269685 -5.587935 1.391732,
        2.690945 -5.745415 1.127953,
        2.269685 -5.745415 1.127953,
        2.690945 -5.587935 0.970472,
        2.269685 -5.587935 0.970472,
        2.690945 -1.401461 0.913777,
        2.269685 -1.401461 0.913777,
        2.690945 -1.321820 0.816960,
        2.269685 -1.321820 0.816960,
        2.690945 -1.293307 0.694882,
        2.269685 -1.293307 0.694882,
        2.690945 -1.147638 1.391732,
        2.269685 -1.147638 1.391732,
        2.690945 -1.042174 1.370754,
        2.690945 -1.135827 -1.377953,
        2.690945 -1.029528 -1.377953,
        2.690945 -1.293307 -1.220472,
        2.690945 -0.872047 -1.220472,
        2.690945 -0.872047 1.116142,
        2.690945 -0.893025 1.221606,
        2.690945 -0.952766 1.311014,
        2.269685 -1.042174 1.370754,
        2.269685 -1.029528 -1.377953,
        2.269685 -1.135827 -1.377953,
        2.269685 -0.872047 -1.220472,
        2.269685 -1.293307 -1.220472,
        2.269685 -0.872047 1.116142,
        2.269685 -0.893025 1.221606,
        2.269685 -0.952766 1.311014,
        1.037402 -5.745415 2.887795,
        1.037402 -5.587935 3.045276,
        0.616142 -5.745415 2.887795,
        0.616142 -5.587935 3.045276,
        1.037402 -5.745415 2.781496,
        0.616142 -5.745415 2.781496,
        1.037402 -5.587935 2.624016,
        0.616142 -5.587935 2.624016,
        1.037402 1.017717 3.045276,
        0.616142 1.017717 3.045276,
        0.616142 0.596457 2.624016,
        1.037402 0.596457 2.624016,
        1.037402 1.135827 -1.377953,
        1.037402 1.293307 -1.220472,
        1.037402 1.293307 2.769685,
        1.037402 0.872047 2.348425,
        1.037402 0.872047 -1.220472,
        1.037402 1.029528 -1.377953,
        1.037402 0.851069 2.453889,
        1.037402 1.272329 2.875149,
        1.037402 0.791329 2.543297,
        1.037402 0.701920 2.603037,
        1.037402 1.123180 3.024298,
        1.037402 1.212589 2.964557,
        0.616142 1.029528 -1.377953,
        0.616142 0.872047 -1.220472,
        0.616142 1.135827 -1.377953,
        0.616142 0.872047 2.348425,
        0.616142 0.791329 2.543297,
        0.616142 1.272329 2.875149,
        0.616142 0.851069 2.453889,
        0.616142 1.293307 2.769685,
        0.616142 1.293307 -1.220472,
        0.616142 0.701920 2.603037,
        0.616142 1.123180 3.024298,
        0.616142 1.212589 2.964557,
        1.037402 -5.745415 1.234252,
        1.037402 -5.587935 1.391732,
        0.616142 -5.745415 1.234252,
        0.616142 -5.587935 1.391732,
        1.037402 -5.745415 1.127953,
        0.616142 -5.745415 1.127953,
        1.037402 -5.587935 0.970472,
        0.616142 -5.587935 0.970472,
        1.037402 -1.401461 0.913777,
        0.616142 -1.401461 0.913777,
        1.037402 -1.321820 0.816960,
        0.616142 -1.321820 0.816960,
        1.037402 -1.293307 0.694882,
        0.616142 -1.293307 0.694882,
        1.037402 -1.147638 1.391732,
        0.616142 -1.147638 1.391732,
        1.037402 -1.042174 1.370754,
        1.037402 -1.135827 -1.377953,
        1.037402 -1.029528 -1.377953,
        1.037402 -1.293307 -1.220472,
        1.037402 -0.872047 -1.220472,
        1.037402 -0.872047 1.116142,
        1.037402 -0.893025 1.221606,
        1.037402 -0.952766 1.311014,
        0.616142 -1.042174 1.370754,
        0.616142 -1.029528 -1.377953,
        0.616142 -1.135827 -1.377953,
        0.616142 -0.872047 -1.220472,
        0.616142 -1.293307 -1.220472,
        0.616142 -0.872047 1.116142,
        0.616142 -0.893025 1.221606,
        0.616142 -0.952766 1.311014,
        -0.616142 -5.745415 2.887795,
        -0.616142 -5.587935 3.045276,
        -1.037402 -5.745415 2.887795,
        -1.037402 -5.587935 3.045276,
        -0.616142 -5.745415 2.781496,
        -1.037402 -5.745415 2.781496,
        -0.616142 -5.587935 2.624016,
        -1.037402 -5.587935 2.624016,
        -0.616142 1.017717 3.045276,
        -1.037402 1.017717 3.045276,
        -1.037402 0.596457 2.624016,
        -0.616142 0.596457 2.624016,
        -0.616142 1.135827 -1.377953,
        -0.616142 1.293307 -1.220472,
        -0.616142 1.293307 2.769685,
        -0.616142 0.701920 2.603037,
        -0.616142 1.123180 3.024298,
        -0.616142 0.791329 2.543297,
        -0.616142 0.872047 2.348425,
        -0.616142 0.872047 -1.220472,
        -0.616142 1.029528 -1.377953,
        -0.616142 0.851069 2.453889,
        -0.616142 1.272329 2.875149,
        -0.616142 1.212589 2.964557,
        -1.037402 1.029528 -1.377953,
        -1.037402 0.872047 -1.220472,
        -1.037402 1.135827 -1.377953,
        -1.037402 0.872047 2.348425,
        -1.037402 0.701920 2.603037,
        -1.037402 1.123180 3.024298,
        -1.037402 0.791329 2.543297,
        -1.037402 1.212589 2.964557,
        -1.037402 1.272329 2.875149,
        -1.037402 0.851069 2.453889,
        -1.037402 1.293307 2.769685,
        -1.037402 1.293307 -1.220472,
        -0.616142 -5.745415 1.234252,
        -0.616142 -5.587935 1.391732,
        -1.037402 -5.745415 1.234252,
        -1.037402 -5.587935 1.391732,
        -0.616142 -5.745415 1.127953,
        -1.037402 -5.745415 1.127953,
        -0.616142 -5.587935 0.970472,
        -1.037402 -5.587935 0.970472,
        -0.616142 -1.401461 0.913777,
        -1.037402 -1.401461 0.913777,
        -0.616142 -1.321820 0.816960,
        -1.037402 -1.321820 0.816960,
        -0.616142 -1.293307 0.694882,
        -1.037402 -1.293307 0.694882,
        -0.616142 -1.147638 1.391732,
        -1.037402 -1.147638 1.391732,
        -0.616142 -1.042174 1.370754,
        -0.616142 -1.135827 -1.377953,
        -0.616142 -1.029528 -1.377953,
        -0.616142 -1.293307 -1.220472,
        -0.616142 -0.872047 -1.220472,
        -0.616142 -0.872047 1.116142,
        -0.616142 -0.893025 1.221606,
        -0.616142 -0.952766 1.311014,
        -1.037402 -1.042174 1.370754,
        -1.037402 -1.029528 -1.377953,
        -1.037402 -1.135827 -1.377953,
        -1.037402 -0.872047 -1.220472,
        -1.037402 -1.293307 -1.220472,
        -1.037402 -0.872047 1.116142,
        -1.037402 -0.893025 1.221606,
        -1.037402 -0.952766 1.311014,
        -2.269685 -5.745415 2.887795,
        -2.269685 -5.587935 3.045276,
        -2.690945 -5.745415 2.887795,
        -2.690945 -5.587935 3.045276,
        -2.269685 -5.745415 2.781496,
        -2.690945 -5.745415 2.781496,
        -2.269685 -5.587935 2.624016,
        -2.690945 -5.587935 2.624016,
        -2.269685 1.017717 3.045276,
        -2.690945 1.017717 3.045276,
        -2.690945 0.596457 2.624016,
        -2.269685 0.596457 2.624016,
        -2.269685 1.135827 -1.377953,
        -2.269685 1.293307 -1.220472,
        -2.269685 1.293307 2.769685,
        -2.269685 0.872047 2.348425,
        -2.269685 0.872047 -1.220472,
        -2.269685 1.029528 -1.377953,
        -2.269685 0.851069 2.453889,
        -2.269685 1.272329 2.875149,
        -2.269685 0.791329 2.543297,
        -2.269685 0.701920 2.603037,
        -2.269685 1.123180 3.024298,
        -2.269685 1.212589 2.964557,
        -2.690945 1.029528 -1.377953,
        -2.690945 0.872047 -1.220472,
        -2.690945 1.135827 -1.377953,
        -2.690945 0.872047 2.348425,
        -2.690945 0.791329 2.543297,
        -2.690945 1.272329 2.875149,
        -2.690945 0.851069 2.453889,
        -2.690945 1.293307 2.769685,
        -2.690945 1.293307 -1.220472,
        -2.690945 0.701920 2.603037,
        -2.690945 1.123180 3.024298,
        -2.690945 1.212589 2.964557,
        -2.269685 -5.745415 1.234252,
        -2.269685 -5.587935 1.391732,
        -2.690945 -5.745415 1.234252,
        -2.690945 -5.587935 1.391732,
        -2.269685 -5.745415 1.127953,
        -2.690945 -5.745415 1.127953,
        -2.269685 -5.587935 0.970472,
        -2.690945 -5.587935 0.970472,
        -2.269685 -1.401461 0.913777,
        -2.690945 -1.401461 0.913777,
        -2.269685 -1.321820 0.816960,
        -2.690945 -1.321820 0.816960,
        -2.269685 -1.293307 0.694882,
        -2.690945 -1.293307 0.694882,
        -2.269685 -1.147638 1.391732,
        -2.690945 -1.147638 1.391732,
        -2.269685 -1.042174 1.370754,
        -2.269685 -1.135827 -1.377953,
        -2.269685 -1.029528 -1.377953,
        -2.269685 -1.293307 -1.220472,
        -2.269685 -0.872047 -1.220472,
        -2.269685 -0.872047 1.116142,
        -2.269685 -0.893025 1.221606,
        -2.269685 -0.952766 1.311014,
        -2.690945 -1.042174 1.370754,
        -2.690945 -1.029528 -1.377953,
        -2.690945 -1.135827 -1.377953,
        -2.690945 -0.872047 -1.220472,
        -2.690945 -1.293307 -1.220472,
        -2.690945 -0.872047 1.116142,
        -2.690945 -0.893025 1.221606,
        -2.690945 -0.952766 1.311014,
        -3.923228 -5.745415 2.887795,
        -3.923228 -5.587935 3.045276,
        -4.344488 -5.745415 2.887795,
        -4.344488 -5.587935 3.045276,
        -3.923228 -5.745415 2.781496,
        -4.344488 -5.745415 2.781496,
        -3.923228 -5.587935 2.624016,
        -4.344488 -5.587935 2.624016,
        -3.923228 1.017717 3.045276,
        -4.344488 1.017717 3.045276,
        -4.344488 0.596457 2.624016,
        -3.923228 0.596457 2.624016,
        -3.923228 1.135827 -1.377953,
        -3.923228 1.293307 -1.220472,
        -3.923228 1.293307 2.769685,
        -3.923228 0.872047 2.348425,
        -3.923228 0.872047 -1.220472,
        -3.923228 1.029528 -1.377953,
        -3.923228 0.851069 2.453889,
        -3.923228 1.272329 2.875149,
        -3.923228 0.791329 2.543297,
        -3.923228 0.701920 2.603037,
        -3.923228 1.123180 3.024298,
        -3.923228 1.212589 2.964557,
        -4.344488 1.029528 -1.377953,
        -4.344488 0.872047 -1.220472,
        -4.344488 1.135827 -1.377953,
        -4.344488 0.872047 2.348425,
        -4.344488 0.791329 2.543297,
        -4.344488 1.272329 2.875149,
        -4.344488 0.851069 2.453889,
        -4.344488 1.293307 2.769685,
        -4.344488 1.293307 -1.220472,
        -4.344488 0.701920 2.603037,
        -4.344488 1.123180 3.024298,
        -4.344488 1.212589 2.964557,
        -3.923228 -5.745415 1.234252,
        -3.923228 -5.587935 1.391732,
        -4.344488 -5.745415 1.234252,
        -4.344488 -5.587935 1.391732,
        -3.923228 -5.745415 1.127953,
        -4.344488 -5.745415 1.127953,
        -3.923228 -5.587935 0.970472,
        -4.344488 -5.587935 0.970472,
        -3.923228 -1.401461 0.913777,
        -4.344488 -1.401461 0.913777,
        -3.923228 -1.321820 0.816960,
        -4.344488 -1.321820 0.816960,
        -3.923228 -1.293307 0.694882,
        -4.344488 -1.293307 0.694882,
        -3.923228 -1.147638 1.391732,
        -4.344488 -1.147638 1.391732,
        -3.923228 -1.042174 1.370754,
        -3.923228 -1.135827 -1.377953,
        -3.923228 -1.029528 -1.377953,
        -3.923228 -1.293307 -1.220472,
        -3.923228 -0.872047 -1.220472,
        -3.923228 -0.872047 1.116142,
        -3.923228 -0.893025 1.221606,
        -3.923228 -0.952766 1.311014,
        -4.344488 -1.042174 1.370754,
        -4.344488 -1.029528 -1.377953,
        -4.344488 -1.135827 -1.377953,
        -4.344488 -0.872047 -1.220472,
        -4.344488 -1.293307 -1.220472,
        -4.344488 -0.872047 1.116142,
        -4.344488 -0.893025 1.221606,
        -4.344488 -0.952766 1.311014,
        -5.576772 -5.745415 2.887795,
        -5.576772 -5.587935 3.045276,
        -5.998032 -5.745415 2.887795,
        -5.998032 -5.587935 3.045276,
        -5.576772 -5.745415 2.781496,
        -5.998032 -5.745415 2.781496,
        -5.576772 -5.587935 2.624016,
        -5.998032 -5.587935 2.624016,
        -5.576772 1.017717 3.045276,
        -5.998032 1.017717 3.045276,
        -5.998032 0.596457 2.624016,
        -5.576772 0.596457 2.624016,
        -5.576772 1.135827 -1.377953,
        -5.576772 1.293307 -1.220472,
        -5.576772 1.293307 2.769685,
        -5.576772 0.872047 2.348425,
        -5.576772 0.872047 -1.220472,
        -5.576772 1.029528 -1.377953,
        -5.576772 0.851069 2.453889,
        -5.576772 1.272329 2.875149,
        -5.576772 0.791329 2.543297,
        -5.576772 0.701920 2.603037,
        -5.576772 1.123180 3.024298,
        -5.576772 1.212589 2.964557,
        -5.998032 1.029528 -1.377953,
        -5.998032 0.872047 -1.220472,
        -5.998032 1.135827 -1.377953,
        -5.998032 0.872047 2.348425,
        -5.998032 0.791329 2.543297,
        -5.998032 1.272329 2.875149,
        -5.998032 0.851069 2.453889,
        -5.998032 1.293307 2.769685,
        -5.998032 1.293307 -1.220472,
        -5.998032 0.701920 2.603037,
        -5.998032 1.123180 3.024298,
        -5.998032 1.212589 2.964557,
        -5.576772 -5.745415 1.234252,
        -5.576772 -5.587935 1.391732,
        -5.998032 -5.745415 1.234252,
        -5.998032 -5.587935 1.391732,
        -5.576772 -5.745415 1.127953,
        -5.998032 -5.745415 1.127953,
        -5.576772 -5.587935 0.970472,
        -5.998032 -5.587935 0.970472,
        -5.576772 -1.401461 0.913777,
        -5.998032 -1.401461 0.913777,
        -5.576772 -1.321820 0.816960,
        -5.998032 -1.321820 0.816960,
        -5.576772 -1.293307 0.694882,
        -5.998032 -1.293307 0.694882,
        -5.576772 -1.147638 1.391732,
        -5.998032 -1.147638 1.391732,
        -5.576772 -1.042174 1.370754,
        -5.576772 -1.135827 -1.377953,
        -5.576772 -1.029528 -1.377953,
        -5.576772 -1.293307 -1.220472,
        -5.576772 -0.872047 -1.220472,
        -5.576772 -0.872047 1.116142,
        -5.576772 -0.893025 1.221606,
        -5.576772 -0.952766 1.311014,
        -5.998032 -1.042174 1.370754,
        -5.998032 -1.029528 -1.377953,
        -5.998032 -1.135827 -1.377953,
        -5.998032 -0.872047 -1.220472,
        -5.998032 -1.293307 -1.220472,
        -5.998032 -0.872047 1.116142,
        -5.998032 -0.893025 1.221606,
        -5.998032 -0.952766 1.311014,
        -7.230315 -5.745415 2.887795,
        -7.230315 -5.587935 3.045276,
        -7.651574 -5.745415 2.887795,
        -7.651574 -5.587935 3.045276,
        -7.230315 -5.745415 2.781496,
        -7.651574 -5.745415 2.781496,
        -7.230315 -5.587935 2.624016,
        -7.651574 -5.587935 2.624016,
        -7.230315 1.017717 3.045276,
        -7.651574 1.017717 3.045276,
        -7.651574 0.596457 2.624016,
        -7.230315 0.596457 2.624016,
        -7.230315 1.135827 -1.377953,
        -7.230315 1.293307 -1.220472,
        -7.230315 1.293307 2.769685,
        -7.230315 0.872047 2.348425,
        -7.230315 0.872047 -1.220472,
        -7.230315 1.029528 -1.377953,
        -7.230315 0.851069 2.453889,
        -7.230315 1.272329 2.875149,
        -7.230315 0.791329 2.543297,
        -7.230315 0.701920 2.603037,
        -7.230315 1.123180 3.024298,
        -7.230315 1.212589 2.964557,
        -7.651574 1.029528 -1.377953,
        -7.651574 0.872047 -1.220472,
        -7.651574 1.135827 -1.377953,
        -7.651574 0.872047 2.348425,
        -7.651574 0.791329 2.543297,
        -7.651574 1.272329 2.875149,
        -7.651574 0.851069 2.453889,
        -7.651574 1.293307 2.769685,
        -7.651574 1.293307 -1.220472,
        -7.651574 0.701920 2.603037,
        -7.651574 1.123180 3.024298,
        -7.651574 1.212589 2.964557,
        -7.230315 -5.745415 1.234252,
        -7.230315 -5.587935 1.391732,
        -7.651574 -5.745415 1.234252,
        -7.651574 -5.587935 1.391732,
        -7.230315 -5.745415 1.127953,
        -7.651574 -5.745415 1.127953,
        -7.230315 -5.587935 0.970472,
        -7.651574 -5.587935 0.970472,
        -7.230315 -1.401461 0.913777,
        -7.651574 -1.401461 0.913777,
        -7.230315 -1.321820 0.816960,
        -7.651574 -1.321820 0.816960,
        -7.230315 -1.293307 0.694882,
        -7.651574 -1.293307 0.694882,
        -7.230315 -1.147638 1.391732,
        -7.651574 -1.147638 1.391732,
        -7.230315 -1.042174 1.370754,
        -7.230315 -1.135827 -1.377953,
        -7.230315 -1.029528 -1.377953,
        -7.230315 -1.293307 -1.220472,
        -7.230315 -0.872047 -1.220472,
        -7.230315 -0.872047 1.116142,
        -7.230315 -0.893025 1.221606,
        -7.230315 -0.952766 1.311014,
        -7.651574 -1.042174 1.370754,
        -7.651574 -1.029528 -1.377953,
        -7.651574 -1.135827 -1.377953,
        -7.651574 -0.872047 -1.220472,
        -7.651574 -1.293307 -1.220472,
        -7.651574 -0.872047 1.116142,
        -7.651574 -0.893025 1.221606,
        -7.651574 -0.952766 1.311014,
        -8.883859 -5.745415 2.887795,
        -8.883859 -5.587935 3.045276,
        -9.305118 -5.745415 2.887795,
        -9.305118 -5.587935 3.045276,
        -8.883859 -5.745415 2.781496,
        -9.305118 -5.745415 2.781496,
        -8.883859 -5.587935 2.624016,
        -9.305118 -5.587935 2.624016,
        -8.883859 1.017717 3.045276,
        -9.305118 1.017717 3.045276,
        -9.305118 0.596457 2.624016,
        -8.883859 0.596457 2.624016,
        -8.883859 1.135827 -1.377953,
        -8.883859 1.293307 -1.220472,
        -8.883859 1.293307 2.769685,
        -8.883859 0.701920 2.603037,
        -8.883859 1.123180 3.024298,
        -8.883859 0.791329 2.543297,
        -8.883859 0.872047 2.348425,
        -8.883859 0.872047 -1.220472,
        -8.883859 1.029528 -1.377953,
        -8.883859 0.851069 2.453889,
        -8.883859 1.272329 2.875149,
        -8.883859 1.212589 2.964557,
        -9.305118 1.029528 -1.377953,
        -9.305118 0.872047 -1.220472,
        -9.305118 1.135827 -1.377953,
        -9.305118 0.872047 2.348425,
        -9.305118 0.701920 2.603037,
        -9.305118 1.123180 3.024298,
        -9.305118 0.791329 2.543297,
        -9.305118 1.212589 2.964557,
        -9.305118 1.272329 2.875149,
        -9.305118 0.851069 2.453889,
        -9.305118 1.293307 2.769685,
        -9.305118 1.293307 -1.220472,
        -8.883859 -5.745415 1.234252,
        -8.883859 -5.587935 1.391732,
        -9.305118 -5.745415 1.234252,
        -9.305118 -5.587935 1.391732,
        -8.883859 -5.745415 1.127953,
        -9.305118 -5.745415 1.127953,
        -8.883859 -5.587935 0.970472,
        -9.305118 -5.587935 0.970472,
        -8.883859 -1.401461 0.913777,
        -9.305118 -1.401461 0.913777,
        -8.883859 -1.321820 0.816960,
        -9.305118 -1.321820 0.816960,
        -8.883859 -1.293307 0.694882,
        -9.305118 -1.293307 0.694882,
        -8.883859 -1.147638 1.391732,
        -9.305118 -1.147638 1.391732,
        -8.883859 -1.042174 1.370754,
        -8.883859 -1.135827 -1.377953,
        -8.883859 -1.029528 -1.377953,
        -8.883859 -1.293307 -1.220472,
        -8.883859 -0.872047 -1.220472,
        -8.883859 -0.872047 1.116142,
        -8.883859 -0.893025 1.221606,
        -8.883859 -0.952766 1.311014,
        -9.305118 -1.042174 1.370754,
        -9.305118 -1.029528 -1.377953,
        -9.305118 -1.135827 -1.377953,
        -9.305118 -0.872047 -1.220472,
        -9.305118 -1.293307 -1.220472,
        -9.305118 -0.872047 1.116142,
        -9.305118 -0.893025 1.221606,
        -9.305118 -0.952766 1.311014,
      ]
    }
    coordIndex [
      176, 177, 178, -1,
      178, 177, 179, -1,
      180, 176, 181, -1,
      181, 176, 178, -1,
      182, 180, 183, -1,
      183, 180, 181, -1,
      178, 179, 181, -1,
      181, 179, 129, -1,
      181, 129, 183, -1,
      183, 129, 130, -1,
      180, 182, 176, -1,
      176, 182, 131, -1,
      176, 131, 177, -1,
      177, 131, 128, -1,
      182, 183, 131, -1,
      131, 183, 130, -1,
      179, 177, 129, -1,
      129, 177, 128, -1,
      46, 184, 49, -1,
      49, 184, 185, -1,
      48, 186, 47, -1,
      47, 186, 187, -1,
      188, 189, 190, -1,
      191, 192, 193, -1,
      184, 46, 47, -1,
      193, 188, 191, -1,
      191, 188, 190, -1,
      191, 190, 194, -1,
      194, 190, 195, -1,
      194, 195, 196, -1,
      47, 187, 184, -1,
      184, 187, 197, -1,
      184, 197, 198, -1,
      198, 197, 196, -1,
      198, 196, 199, -1,
      199, 196, 195, -1,
      200, 201, 202, -1,
      202, 201, 203, -1,
      204, 205, 206, -1,
      206, 205, 207, -1,
      206, 207, 203, -1,
      203, 207, 208, -1,
      203, 208, 202, -1,
      48, 49, 186, -1,
      186, 49, 185, -1,
      186, 185, 209, -1,
      209, 185, 210, -1,
      209, 210, 204, -1,
      204, 210, 211, -1,
      204, 211, 205, -1,
      190, 207, 205, -1,
      190, 205, 195, -1,
      195, 205, 211, -1,
      195, 211, 199, -1,
      199, 211, 210, -1,
      199, 210, 198, -1,
      198, 210, 185, -1,
      198, 185, 184, -1,
      187, 186, 197, -1,
      197, 186, 209, -1,
      197, 209, 196, -1,
      196, 209, 204, -1,
      196, 204, 194, -1,
      194, 204, 206, -1,
      194, 206, 191, -1,
      191, 206, 203, -1,
      192, 191, 201, -1,
      201, 191, 203, -1,
      193, 192, 200, -1,
      200, 192, 201, -1,
      188, 193, 202, -1,
      202, 193, 200, -1,
      189, 188, 208, -1,
      208, 188, 202, -1,
      190, 189, 207, -1,
      207, 189, 208, -1,
      212, 213, 214, -1,
      214, 213, 215, -1,
      216, 212, 217, -1,
      217, 212, 214, -1,
      218, 216, 219, -1,
      219, 216, 217, -1,
      216, 218, 212, -1,
      212, 218, 172, -1,
      212, 172, 213, -1,
      213, 172, 174, -1,
      217, 214, 219, -1,
      219, 214, 215, -1,
      219, 215, 173, -1,
      173, 215, 175, -1,
      172, 218, 173, -1,
      173, 218, 219, -1,
      175, 215, 174, -1,
      174, 215, 213, -1,
      4, 5, 220, -1,
      220, 5, 221, -1,
      220, 221, 222, -1,
      222, 221, 223, -1,
      222, 223, 224, -1,
      224, 223, 225, -1,
      3, 226, 2, -1,
      2, 226, 227, -1,
      3, 4, 226, -1,
      226, 4, 220, -1,
      226, 220, 228, -1,
      229, 230, 231, -1,
      231, 230, 232, -1,
      231, 232, 224, -1,
      224, 232, 233, -1,
      224, 233, 222, -1,
      222, 233, 234, -1,
      222, 234, 220, -1,
      220, 234, 235, -1,
      220, 235, 228, -1,
      236, 221, 227, -1,
      227, 221, 5, -1,
      227, 5, 2, -1,
      237, 238, 239, -1,
      239, 238, 240, -1,
      239, 240, 241, -1,
      240, 225, 241, -1,
      241, 225, 223, -1,
      241, 223, 242, -1,
      242, 223, 221, -1,
      242, 221, 243, -1,
      243, 221, 236, -1,
      233, 241, 242, -1,
      233, 242, 234, -1,
      234, 242, 243, -1,
      234, 243, 235, -1,
      235, 243, 236, -1,
      235, 236, 228, -1,
      228, 236, 227, -1,
      228, 227, 226, -1,
      231, 224, 240, -1,
      240, 224, 225, -1,
      229, 231, 238, -1,
      238, 231, 240, -1,
      230, 229, 237, -1,
      237, 229, 238, -1,
      232, 230, 239, -1,
      239, 230, 237, -1,
      233, 232, 241, -1,
      241, 232, 239, -1,
      244, 245, 246, -1,
      246, 245, 247, -1,
      248, 244, 249, -1,
      249, 244, 246, -1,
      250, 248, 251, -1,
      251, 248, 249, -1,
      246, 247, 249, -1,
      249, 247, 125, -1,
      249, 125, 251, -1,
      251, 125, 126, -1,
      248, 250, 244, -1,
      244, 250, 127, -1,
      244, 127, 245, -1,
      245, 127, 124, -1,
      250, 251, 127, -1,
      127, 251, 126, -1,
      247, 245, 125, -1,
      125, 245, 124, -1,
      50, 252, 53, -1,
      53, 252, 253, -1,
      52, 254, 51, -1,
      51, 254, 255, -1,
      256, 257, 258, -1,
      259, 260, 261, -1,
      252, 50, 51, -1,
      261, 256, 259, -1,
      259, 256, 258, -1,
      259, 258, 262, -1,
      262, 258, 263, -1,
      262, 263, 264, -1,
      51, 255, 252, -1,
      252, 255, 265, -1,
      252, 265, 266, -1,
      266, 265, 264, -1,
      266, 264, 267, -1,
      267, 264, 263, -1,
      268, 269, 270, -1,
      270, 269, 271, -1,
      272, 273, 274, -1,
      274, 273, 275, -1,
      274, 275, 271, -1,
      271, 275, 276, -1,
      271, 276, 270, -1,
      52, 53, 254, -1,
      254, 53, 253, -1,
      254, 253, 277, -1,
      277, 253, 278, -1,
      277, 278, 272, -1,
      272, 278, 279, -1,
      272, 279, 273, -1,
      258, 275, 273, -1,
      258, 273, 263, -1,
      263, 273, 279, -1,
      263, 279, 267, -1,
      267, 279, 278, -1,
      267, 278, 266, -1,
      266, 278, 253, -1,
      266, 253, 252, -1,
      255, 254, 265, -1,
      265, 254, 277, -1,
      265, 277, 264, -1,
      264, 277, 272, -1,
      264, 272, 262, -1,
      262, 272, 274, -1,
      262, 274, 259, -1,
      259, 274, 271, -1,
      260, 259, 269, -1,
      269, 259, 271, -1,
      261, 260, 268, -1,
      268, 260, 269, -1,
      256, 261, 270, -1,
      270, 261, 268, -1,
      257, 256, 276, -1,
      276, 256, 270, -1,
      258, 257, 275, -1,
      275, 257, 276, -1,
      280, 281, 282, -1,
      282, 281, 283, -1,
      284, 280, 285, -1,
      285, 280, 282, -1,
      286, 284, 287, -1,
      287, 284, 285, -1,
      284, 286, 280, -1,
      280, 286, 168, -1,
      280, 168, 281, -1,
      281, 168, 170, -1,
      285, 282, 287, -1,
      287, 282, 283, -1,
      287, 283, 169, -1,
      169, 283, 171, -1,
      168, 286, 169, -1,
      169, 286, 287, -1,
      171, 283, 170, -1,
      170, 283, 281, -1,
      8, 9, 288, -1,
      288, 9, 289, -1,
      288, 289, 290, -1,
      290, 289, 291, -1,
      290, 291, 292, -1,
      292, 291, 293, -1,
      7, 294, 6, -1,
      6, 294, 295, -1,
      7, 8, 294, -1,
      294, 8, 288, -1,
      294, 288, 296, -1,
      297, 298, 299, -1,
      299, 298, 300, -1,
      299, 300, 292, -1,
      292, 300, 301, -1,
      292, 301, 290, -1,
      290, 301, 302, -1,
      290, 302, 288, -1,
      288, 302, 303, -1,
      288, 303, 296, -1,
      304, 289, 295, -1,
      295, 289, 9, -1,
      295, 9, 6, -1,
      305, 306, 307, -1,
      307, 306, 308, -1,
      307, 308, 309, -1,
      308, 293, 309, -1,
      309, 293, 291, -1,
      309, 291, 310, -1,
      310, 291, 289, -1,
      310, 289, 311, -1,
      311, 289, 304, -1,
      301, 309, 310, -1,
      301, 310, 302, -1,
      302, 310, 311, -1,
      302, 311, 303, -1,
      303, 311, 304, -1,
      303, 304, 296, -1,
      296, 304, 295, -1,
      296, 295, 294, -1,
      299, 292, 308, -1,
      308, 292, 293, -1,
      297, 299, 306, -1,
      306, 299, 308, -1,
      298, 297, 305, -1,
      305, 297, 306, -1,
      300, 298, 307, -1,
      307, 298, 305, -1,
      301, 300, 309, -1,
      309, 300, 307, -1,
      312, 313, 314, -1,
      314, 313, 315, -1,
      316, 312, 317, -1,
      317, 312, 314, -1,
      318, 316, 319, -1,
      319, 316, 317, -1,
      314, 315, 317, -1,
      317, 315, 123, -1,
      317, 123, 319, -1,
      319, 123, 121, -1,
      316, 318, 312, -1,
      312, 318, 120, -1,
      312, 120, 313, -1,
      313, 120, 122, -1,
      318, 319, 120, -1,
      120, 319, 121, -1,
      315, 313, 123, -1,
      123, 313, 122, -1,
      54, 320, 57, -1,
      57, 320, 321, -1,
      56, 322, 55, -1,
      55, 322, 323, -1,
      324, 325, 326, -1,
      327, 328, 329, -1,
      320, 54, 55, -1,
      329, 324, 327, -1,
      327, 324, 326, -1,
      327, 326, 330, -1,
      330, 326, 331, -1,
      330, 331, 332, -1,
      55, 323, 320, -1,
      320, 323, 333, -1,
      320, 333, 334, -1,
      334, 333, 332, -1,
      334, 332, 335, -1,
      335, 332, 331, -1,
      336, 337, 338, -1,
      338, 337, 339, -1,
      56, 57, 322, -1,
      322, 57, 321, -1,
      322, 321, 340, -1,
      340, 321, 341, -1,
      340, 341, 342, -1,
      341, 343, 342, -1,
      342, 343, 344, -1,
      342, 344, 345, -1,
      345, 344, 346, -1,
      345, 346, 339, -1,
      339, 346, 347, -1,
      339, 347, 338, -1,
      326, 346, 344, -1,
      326, 344, 331, -1,
      331, 344, 343, -1,
      331, 343, 335, -1,
      335, 343, 341, -1,
      335, 341, 334, -1,
      334, 341, 321, -1,
      334, 321, 320, -1,
      323, 322, 333, -1,
      333, 322, 340, -1,
      333, 340, 332, -1,
      332, 340, 342, -1,
      332, 342, 330, -1,
      330, 342, 345, -1,
      330, 345, 327, -1,
      327, 345, 339, -1,
      328, 327, 337, -1,
      337, 327, 339, -1,
      329, 328, 336, -1,
      336, 328, 337, -1,
      324, 329, 338, -1,
      338, 329, 336, -1,
      325, 324, 347, -1,
      347, 324, 338, -1,
      326, 325, 346, -1,
      346, 325, 347, -1,
      348, 349, 350, -1,
      350, 349, 351, -1,
      352, 348, 353, -1,
      353, 348, 350, -1,
      354, 352, 355, -1,
      355, 352, 353, -1,
      348, 352, 349, -1,
      349, 352, 354, -1,
      349, 354, 164, -1,
      164, 354, 167, -1,
      353, 350, 355, -1,
      355, 350, 351, -1,
      355, 351, 166, -1,
      166, 351, 165, -1,
      167, 354, 166, -1,
      166, 354, 355, -1,
      165, 351, 164, -1,
      164, 351, 349, -1,
      12, 13, 356, -1,
      356, 13, 357, -1,
      356, 357, 358, -1,
      358, 357, 359, -1,
      358, 359, 360, -1,
      360, 359, 361, -1,
      11, 362, 10, -1,
      10, 362, 363, -1,
      11, 12, 362, -1,
      362, 12, 356, -1,
      362, 356, 364, -1,
      365, 366, 367, -1,
      367, 366, 368, -1,
      367, 368, 360, -1,
      360, 368, 369, -1,
      360, 369, 358, -1,
      358, 369, 370, -1,
      358, 370, 356, -1,
      356, 370, 371, -1,
      356, 371, 364, -1,
      372, 357, 363, -1,
      363, 357, 13, -1,
      363, 13, 10, -1,
      373, 374, 375, -1,
      375, 374, 376, -1,
      375, 376, 377, -1,
      376, 361, 377, -1,
      377, 361, 359, -1,
      377, 359, 378, -1,
      378, 359, 357, -1,
      378, 357, 379, -1,
      379, 357, 372, -1,
      369, 377, 378, -1,
      369, 378, 370, -1,
      370, 378, 379, -1,
      370, 379, 371, -1,
      371, 379, 372, -1,
      371, 372, 364, -1,
      364, 372, 363, -1,
      364, 363, 362, -1,
      367, 360, 376, -1,
      376, 360, 361, -1,
      365, 367, 374, -1,
      374, 367, 376, -1,
      366, 365, 373, -1,
      373, 365, 374, -1,
      368, 366, 375, -1,
      375, 366, 373, -1,
      369, 368, 377, -1,
      377, 368, 375, -1,
      380, 381, 382, -1,
      382, 381, 383, -1,
      384, 380, 385, -1,
      385, 380, 382, -1,
      386, 384, 387, -1,
      387, 384, 385, -1,
      382, 383, 385, -1,
      385, 383, 119, -1,
      385, 119, 387, -1,
      387, 119, 117, -1,
      384, 386, 380, -1,
      380, 386, 116, -1,
      380, 116, 381, -1,
      381, 116, 118, -1,
      386, 387, 116, -1,
      116, 387, 117, -1,
      383, 381, 119, -1,
      119, 381, 118, -1,
      58, 388, 61, -1,
      61, 388, 389, -1,
      60, 390, 59, -1,
      59, 390, 391, -1,
      392, 393, 394, -1,
      395, 396, 397, -1,
      388, 58, 59, -1,
      397, 392, 395, -1,
      395, 392, 394, -1,
      395, 394, 398, -1,
      398, 394, 399, -1,
      398, 399, 400, -1,
      59, 391, 388, -1,
      388, 391, 401, -1,
      388, 401, 402, -1,
      402, 401, 400, -1,
      402, 400, 403, -1,
      403, 400, 399, -1,
      404, 405, 406, -1,
      406, 405, 407, -1,
      408, 409, 410, -1,
      410, 409, 411, -1,
      410, 411, 407, -1,
      407, 411, 412, -1,
      407, 412, 406, -1,
      60, 61, 390, -1,
      390, 61, 389, -1,
      390, 389, 413, -1,
      413, 389, 414, -1,
      413, 414, 408, -1,
      408, 414, 415, -1,
      408, 415, 409, -1,
      394, 411, 409, -1,
      394, 409, 399, -1,
      399, 409, 415, -1,
      399, 415, 403, -1,
      403, 415, 414, -1,
      403, 414, 402, -1,
      402, 414, 389, -1,
      402, 389, 388, -1,
      391, 390, 401, -1,
      401, 390, 413, -1,
      401, 413, 400, -1,
      400, 413, 408, -1,
      400, 408, 398, -1,
      398, 408, 410, -1,
      398, 410, 395, -1,
      395, 410, 407, -1,
      396, 395, 405, -1,
      405, 395, 407, -1,
      397, 396, 404, -1,
      404, 396, 405, -1,
      392, 397, 406, -1,
      406, 397, 404, -1,
      393, 392, 412, -1,
      412, 392, 406, -1,
      394, 393, 411, -1,
      411, 393, 412, -1,
      416, 417, 418, -1,
      418, 417, 419, -1,
      420, 416, 421, -1,
      421, 416, 418, -1,
      422, 420, 423, -1,
      423, 420, 421, -1,
      420, 422, 416, -1,
      416, 422, 162, -1,
      416, 162, 417, -1,
      417, 162, 163, -1,
      421, 418, 423, -1,
      423, 418, 419, -1,
      423, 419, 161, -1,
      161, 419, 160, -1,
      162, 422, 161, -1,
      161, 422, 423, -1,
      160, 419, 163, -1,
      163, 419, 417, -1,
      15, 16, 424, -1,
      424, 16, 425, -1,
      424, 425, 426, -1,
      426, 425, 427, -1,
      426, 427, 428, -1,
      428, 427, 429, -1,
      14, 430, 17, -1,
      17, 430, 431, -1,
      14, 15, 430, -1,
      430, 15, 424, -1,
      430, 424, 432, -1,
      433, 434, 435, -1,
      435, 434, 436, -1,
      435, 436, 428, -1,
      428, 436, 437, -1,
      428, 437, 426, -1,
      426, 437, 438, -1,
      426, 438, 424, -1,
      424, 438, 439, -1,
      424, 439, 432, -1,
      440, 425, 431, -1,
      431, 425, 16, -1,
      431, 16, 17, -1,
      441, 442, 443, -1,
      443, 442, 444, -1,
      443, 444, 445, -1,
      444, 429, 445, -1,
      445, 429, 427, -1,
      445, 427, 446, -1,
      446, 427, 425, -1,
      446, 425, 447, -1,
      447, 425, 440, -1,
      437, 445, 446, -1,
      437, 446, 438, -1,
      438, 446, 447, -1,
      438, 447, 439, -1,
      439, 447, 440, -1,
      439, 440, 432, -1,
      432, 440, 431, -1,
      432, 431, 430, -1,
      435, 428, 444, -1,
      444, 428, 429, -1,
      433, 435, 442, -1,
      442, 435, 444, -1,
      434, 433, 441, -1,
      441, 433, 442, -1,
      436, 434, 443, -1,
      443, 434, 441, -1,
      437, 436, 445, -1,
      445, 436, 443, -1,
      448, 449, 450, -1,
      450, 449, 451, -1,
      452, 448, 453, -1,
      453, 448, 450, -1,
      454, 452, 455, -1,
      455, 452, 453, -1,
      450, 451, 453, -1,
      453, 451, 113, -1,
      453, 113, 455, -1,
      455, 113, 114, -1,
      452, 454, 448, -1,
      448, 454, 115, -1,
      448, 115, 449, -1,
      449, 115, 112, -1,
      454, 455, 115, -1,
      115, 455, 114, -1,
      451, 449, 113, -1,
      113, 449, 112, -1,
      62, 456, 65, -1,
      65, 456, 457, -1,
      64, 458, 63, -1,
      63, 458, 459, -1,
      460, 461, 462, -1,
      463, 464, 465, -1,
      456, 62, 63, -1,
      465, 460, 463, -1,
      463, 460, 462, -1,
      463, 462, 466, -1,
      466, 462, 467, -1,
      466, 467, 468, -1,
      63, 459, 456, -1,
      456, 459, 469, -1,
      456, 469, 470, -1,
      470, 469, 468, -1,
      470, 468, 471, -1,
      471, 468, 467, -1,
      472, 473, 474, -1,
      474, 473, 475, -1,
      476, 477, 478, -1,
      478, 477, 479, -1,
      478, 479, 475, -1,
      475, 479, 480, -1,
      475, 480, 474, -1,
      64, 65, 458, -1,
      458, 65, 457, -1,
      458, 457, 481, -1,
      481, 457, 482, -1,
      481, 482, 476, -1,
      476, 482, 483, -1,
      476, 483, 477, -1,
      462, 479, 477, -1,
      462, 477, 467, -1,
      467, 477, 483, -1,
      467, 483, 471, -1,
      471, 483, 482, -1,
      471, 482, 470, -1,
      470, 482, 457, -1,
      470, 457, 456, -1,
      459, 458, 469, -1,
      469, 458, 481, -1,
      469, 481, 468, -1,
      468, 481, 476, -1,
      468, 476, 466, -1,
      466, 476, 478, -1,
      466, 478, 463, -1,
      463, 478, 475, -1,
      464, 463, 473, -1,
      473, 463, 475, -1,
      465, 464, 472, -1,
      472, 464, 473, -1,
      460, 465, 474, -1,
      474, 465, 472, -1,
      461, 460, 480, -1,
      480, 460, 474, -1,
      462, 461, 479, -1,
      479, 461, 480, -1,
      484, 485, 486, -1,
      486, 485, 487, -1,
      488, 484, 489, -1,
      489, 484, 486, -1,
      490, 488, 491, -1,
      491, 488, 489, -1,
      488, 490, 484, -1,
      484, 490, 156, -1,
      484, 156, 485, -1,
      485, 156, 158, -1,
      489, 486, 491, -1,
      491, 486, 487, -1,
      491, 487, 157, -1,
      157, 487, 159, -1,
      156, 490, 157, -1,
      157, 490, 491, -1,
      159, 487, 158, -1,
      158, 487, 485, -1,
      19, 20, 492, -1,
      492, 20, 493, -1,
      492, 493, 494, -1,
      494, 493, 495, -1,
      494, 495, 496, -1,
      496, 495, 497, -1,
      18, 498, 21, -1,
      21, 498, 499, -1,
      18, 19, 498, -1,
      498, 19, 492, -1,
      498, 492, 500, -1,
      501, 502, 503, -1,
      503, 502, 504, -1,
      503, 504, 496, -1,
      496, 504, 505, -1,
      496, 505, 494, -1,
      494, 505, 506, -1,
      494, 506, 492, -1,
      492, 506, 507, -1,
      492, 507, 500, -1,
      508, 493, 499, -1,
      499, 493, 20, -1,
      499, 20, 21, -1,
      509, 510, 511, -1,
      511, 510, 512, -1,
      511, 512, 513, -1,
      512, 497, 513, -1,
      513, 497, 495, -1,
      513, 495, 514, -1,
      514, 495, 493, -1,
      514, 493, 515, -1,
      515, 493, 508, -1,
      505, 513, 514, -1,
      505, 514, 506, -1,
      506, 514, 515, -1,
      506, 515, 507, -1,
      507, 515, 508, -1,
      507, 508, 500, -1,
      500, 508, 499, -1,
      500, 499, 498, -1,
      503, 496, 512, -1,
      512, 496, 497, -1,
      501, 503, 510, -1,
      510, 503, 512, -1,
      502, 501, 509, -1,
      509, 501, 510, -1,
      504, 502, 511, -1,
      511, 502, 509, -1,
      505, 504, 513, -1,
      513, 504, 511, -1,
      516, 517, 518, -1,
      518, 517, 519, -1,
      520, 516, 521, -1,
      521, 516, 518, -1,
      522, 520, 523, -1,
      523, 520, 521, -1,
      518, 519, 521, -1,
      521, 519, 109, -1,
      521, 109, 523, -1,
      523, 109, 110, -1,
      520, 522, 516, -1,
      516, 522, 111, -1,
      516, 111, 517, -1,
      517, 111, 108, -1,
      522, 523, 111, -1,
      111, 523, 110, -1,
      519, 517, 109, -1,
      109, 517, 108, -1,
      70, 524, 71, -1,
      71, 524, 525, -1,
      68, 526, 69, -1,
      69, 526, 527, -1,
      528, 529, 530, -1,
      524, 70, 69, -1,
      69, 527, 524, -1,
      524, 527, 531, -1,
      524, 531, 532, -1,
      532, 531, 533, -1,
      534, 535, 536, -1,
      536, 528, 534, -1,
      534, 528, 530, -1,
      534, 530, 537, -1,
      537, 530, 538, -1,
      537, 538, 533, -1,
      533, 538, 539, -1,
      533, 539, 532, -1,
      540, 541, 542, -1,
      542, 541, 543, -1,
      68, 71, 526, -1,
      526, 71, 525, -1,
      526, 525, 544, -1,
      544, 525, 545, -1,
      544, 545, 546, -1,
      545, 547, 546, -1,
      546, 547, 548, -1,
      546, 548, 549, -1,
      549, 548, 550, -1,
      549, 550, 543, -1,
      543, 550, 551, -1,
      543, 551, 542, -1,
      530, 550, 548, -1,
      530, 548, 538, -1,
      538, 548, 547, -1,
      538, 547, 539, -1,
      539, 547, 545, -1,
      539, 545, 532, -1,
      532, 545, 525, -1,
      532, 525, 524, -1,
      527, 526, 531, -1,
      531, 526, 544, -1,
      531, 544, 533, -1,
      533, 544, 546, -1,
      533, 546, 537, -1,
      537, 546, 549, -1,
      537, 549, 534, -1,
      534, 549, 543, -1,
      535, 534, 541, -1,
      541, 534, 543, -1,
      536, 535, 540, -1,
      540, 535, 541, -1,
      528, 536, 542, -1,
      542, 536, 540, -1,
      529, 528, 551, -1,
      551, 528, 542, -1,
      530, 529, 550, -1,
      550, 529, 551, -1,
      552, 553, 554, -1,
      554, 553, 555, -1,
      556, 552, 557, -1,
      557, 552, 554, -1,
      558, 556, 559, -1,
      559, 556, 557, -1,
      556, 558, 552, -1,
      552, 558, 152, -1,
      552, 152, 553, -1,
      553, 152, 154, -1,
      557, 554, 559, -1,
      559, 554, 555, -1,
      559, 555, 153, -1,
      153, 555, 155, -1,
      152, 558, 153, -1,
      153, 558, 559, -1,
      155, 555, 154, -1,
      154, 555, 553, -1,
      25, 24, 560, -1,
      560, 24, 561, -1,
      560, 561, 562, -1,
      562, 561, 563, -1,
      562, 563, 564, -1,
      564, 563, 565, -1,
      28, 566, 29, -1,
      29, 566, 567, -1,
      28, 25, 566, -1,
      566, 25, 560, -1,
      566, 560, 568, -1,
      569, 570, 571, -1,
      571, 570, 572, -1,
      571, 572, 564, -1,
      564, 572, 573, -1,
      564, 573, 562, -1,
      562, 573, 574, -1,
      562, 574, 560, -1,
      560, 574, 575, -1,
      560, 575, 568, -1,
      576, 561, 567, -1,
      567, 561, 24, -1,
      567, 24, 29, -1,
      577, 578, 579, -1,
      579, 578, 580, -1,
      579, 580, 581, -1,
      580, 565, 581, -1,
      581, 565, 563, -1,
      581, 563, 582, -1,
      582, 563, 561, -1,
      582, 561, 583, -1,
      583, 561, 576, -1,
      573, 581, 582, -1,
      573, 582, 574, -1,
      574, 582, 583, -1,
      574, 583, 575, -1,
      575, 583, 576, -1,
      575, 576, 568, -1,
      568, 576, 567, -1,
      568, 567, 566, -1,
      571, 564, 580, -1,
      580, 564, 565, -1,
      569, 571, 578, -1,
      578, 571, 580, -1,
      570, 569, 577, -1,
      577, 569, 578, -1,
      572, 570, 579, -1,
      579, 570, 577, -1,
      573, 572, 581, -1,
      581, 572, 579, -1,
      584, 585, 586, -1,
      586, 585, 587, -1,
      588, 584, 589, -1,
      589, 584, 586, -1,
      590, 588, 591, -1,
      591, 588, 589, -1,
      586, 587, 589, -1,
      589, 587, 107, -1,
      589, 107, 591, -1,
      591, 107, 105, -1,
      588, 590, 584, -1,
      584, 590, 104, -1,
      584, 104, 585, -1,
      585, 104, 106, -1,
      590, 591, 104, -1,
      104, 591, 105, -1,
      587, 585, 107, -1,
      107, 585, 106, -1,
      0, 592, 1, -1,
      1, 592, 593, -1,
      66, 594, 67, -1,
      67, 594, 595, -1,
      596, 597, 598, -1,
      599, 600, 601, -1,
      592, 0, 67, -1,
      601, 596, 599, -1,
      599, 596, 598, -1,
      599, 598, 602, -1,
      602, 598, 603, -1,
      602, 603, 604, -1,
      67, 595, 592, -1,
      592, 595, 605, -1,
      592, 605, 606, -1,
      606, 605, 604, -1,
      606, 604, 607, -1,
      607, 604, 603, -1,
      608, 609, 610, -1,
      610, 609, 611, -1,
      612, 613, 614, -1,
      614, 613, 615, -1,
      614, 615, 611, -1,
      611, 615, 616, -1,
      611, 616, 610, -1,
      66, 1, 594, -1,
      594, 1, 593, -1,
      594, 593, 617, -1,
      617, 593, 618, -1,
      617, 618, 612, -1,
      612, 618, 619, -1,
      612, 619, 613, -1,
      598, 615, 613, -1,
      598, 613, 603, -1,
      603, 613, 619, -1,
      603, 619, 607, -1,
      607, 619, 618, -1,
      607, 618, 606, -1,
      606, 618, 593, -1,
      606, 593, 592, -1,
      595, 594, 605, -1,
      605, 594, 617, -1,
      605, 617, 604, -1,
      604, 617, 612, -1,
      604, 612, 602, -1,
      602, 612, 614, -1,
      602, 614, 599, -1,
      599, 614, 611, -1,
      600, 599, 609, -1,
      609, 599, 611, -1,
      601, 600, 608, -1,
      608, 600, 609, -1,
      596, 601, 610, -1,
      610, 601, 608, -1,
      597, 596, 616, -1,
      616, 596, 610, -1,
      598, 597, 615, -1,
      615, 597, 616, -1,
      620, 621, 622, -1,
      622, 621, 623, -1,
      624, 620, 625, -1,
      625, 620, 622, -1,
      626, 624, 627, -1,
      627, 624, 625, -1,
      624, 626, 620, -1,
      620, 626, 150, -1,
      620, 150, 621, -1,
      621, 150, 151, -1,
      625, 622, 627, -1,
      627, 622, 623, -1,
      627, 623, 149, -1,
      149, 623, 148, -1,
      150, 626, 149, -1,
      149, 626, 627, -1,
      148, 623, 151, -1,
      151, 623, 621, -1,
      23, 22, 628, -1,
      628, 22, 629, -1,
      628, 629, 630, -1,
      630, 629, 631, -1,
      630, 631, 632, -1,
      632, 631, 633, -1,
      27, 634, 26, -1,
      26, 634, 635, -1,
      27, 23, 634, -1,
      634, 23, 628, -1,
      634, 628, 636, -1,
      637, 638, 639, -1,
      639, 638, 640, -1,
      639, 640, 632, -1,
      632, 640, 641, -1,
      632, 641, 630, -1,
      630, 641, 642, -1,
      630, 642, 628, -1,
      628, 642, 643, -1,
      628, 643, 636, -1,
      644, 629, 635, -1,
      635, 629, 22, -1,
      635, 22, 26, -1,
      645, 646, 647, -1,
      647, 646, 648, -1,
      647, 648, 649, -1,
      648, 633, 649, -1,
      649, 633, 631, -1,
      649, 631, 650, -1,
      650, 631, 629, -1,
      650, 629, 651, -1,
      651, 629, 644, -1,
      641, 649, 650, -1,
      641, 650, 642, -1,
      642, 650, 651, -1,
      642, 651, 643, -1,
      643, 651, 644, -1,
      643, 644, 636, -1,
      636, 644, 635, -1,
      636, 635, 634, -1,
      639, 632, 648, -1,
      648, 632, 633, -1,
      637, 639, 646, -1,
      646, 639, 648, -1,
      638, 637, 645, -1,
      645, 637, 646, -1,
      640, 638, 647, -1,
      647, 638, 645, -1,
      641, 640, 649, -1,
      649, 640, 647, -1,
      652, 653, 654, -1,
      654, 653, 655, -1,
      656, 652, 657, -1,
      657, 652, 654, -1,
      658, 656, 659, -1,
      659, 656, 657, -1,
      654, 655, 657, -1,
      657, 655, 103, -1,
      657, 103, 659, -1,
      659, 103, 101, -1,
      656, 658, 652, -1,
      652, 658, 100, -1,
      652, 100, 653, -1,
      653, 100, 102, -1,
      658, 659, 100, -1,
      100, 659, 101, -1,
      655, 653, 103, -1,
      103, 653, 102, -1,
      72, 660, 75, -1,
      75, 660, 661, -1,
      74, 662, 73, -1,
      73, 662, 663, -1,
      664, 665, 666, -1,
      667, 668, 669, -1,
      660, 72, 73, -1,
      669, 664, 667, -1,
      667, 664, 666, -1,
      667, 666, 670, -1,
      670, 666, 671, -1,
      670, 671, 672, -1,
      73, 663, 660, -1,
      660, 663, 673, -1,
      660, 673, 674, -1,
      674, 673, 672, -1,
      674, 672, 675, -1,
      675, 672, 671, -1,
      676, 677, 678, -1,
      678, 677, 679, -1,
      680, 681, 682, -1,
      682, 681, 683, -1,
      682, 683, 679, -1,
      679, 683, 684, -1,
      679, 684, 678, -1,
      74, 75, 662, -1,
      662, 75, 661, -1,
      662, 661, 685, -1,
      685, 661, 686, -1,
      685, 686, 680, -1,
      680, 686, 687, -1,
      680, 687, 681, -1,
      666, 683, 681, -1,
      666, 681, 671, -1,
      671, 681, 687, -1,
      671, 687, 675, -1,
      675, 687, 686, -1,
      675, 686, 674, -1,
      674, 686, 661, -1,
      674, 661, 660, -1,
      663, 662, 673, -1,
      673, 662, 685, -1,
      673, 685, 672, -1,
      672, 685, 680, -1,
      672, 680, 670, -1,
      670, 680, 682, -1,
      670, 682, 667, -1,
      667, 682, 679, -1,
      668, 667, 677, -1,
      677, 667, 679, -1,
      669, 668, 676, -1,
      676, 668, 677, -1,
      664, 669, 678, -1,
      678, 669, 676, -1,
      665, 664, 684, -1,
      684, 664, 678, -1,
      666, 665, 683, -1,
      683, 665, 684, -1,
      688, 689, 690, -1,
      690, 689, 691, -1,
      692, 688, 693, -1,
      693, 688, 690, -1,
      694, 692, 695, -1,
      695, 692, 693, -1,
      692, 694, 688, -1,
      688, 694, 146, -1,
      688, 146, 689, -1,
      689, 146, 147, -1,
      693, 690, 695, -1,
      695, 690, 691, -1,
      695, 691, 145, -1,
      145, 691, 144, -1,
      146, 694, 145, -1,
      145, 694, 695, -1,
      144, 691, 147, -1,
      147, 691, 689, -1,
      32, 33, 696, -1,
      696, 33, 697, -1,
      696, 697, 698, -1,
      698, 697, 699, -1,
      698, 699, 700, -1,
      700, 699, 701, -1,
      31, 702, 30, -1,
      30, 702, 703, -1,
      31, 32, 702, -1,
      702, 32, 696, -1,
      702, 696, 704, -1,
      705, 706, 707, -1,
      707, 706, 708, -1,
      707, 708, 700, -1,
      700, 708, 709, -1,
      700, 709, 698, -1,
      698, 709, 710, -1,
      698, 710, 696, -1,
      696, 710, 711, -1,
      696, 711, 704, -1,
      712, 697, 703, -1,
      703, 697, 33, -1,
      703, 33, 30, -1,
      713, 714, 715, -1,
      715, 714, 716, -1,
      715, 716, 717, -1,
      716, 701, 717, -1,
      717, 701, 699, -1,
      717, 699, 718, -1,
      718, 699, 697, -1,
      718, 697, 719, -1,
      719, 697, 712, -1,
      709, 717, 718, -1,
      709, 718, 710, -1,
      710, 718, 719, -1,
      710, 719, 711, -1,
      711, 719, 712, -1,
      711, 712, 704, -1,
      704, 712, 703, -1,
      704, 703, 702, -1,
      707, 700, 716, -1,
      716, 700, 701, -1,
      705, 707, 714, -1,
      714, 707, 716, -1,
      706, 705, 713, -1,
      713, 705, 714, -1,
      708, 706, 715, -1,
      715, 706, 713, -1,
      709, 708, 717, -1,
      717, 708, 715, -1,
      720, 721, 722, -1,
      722, 721, 723, -1,
      724, 720, 725, -1,
      725, 720, 722, -1,
      726, 724, 727, -1,
      727, 724, 725, -1,
      722, 723, 725, -1,
      725, 723, 97, -1,
      725, 97, 727, -1,
      727, 97, 98, -1,
      724, 726, 720, -1,
      720, 726, 99, -1,
      720, 99, 721, -1,
      721, 99, 96, -1,
      726, 727, 99, -1,
      99, 727, 98, -1,
      723, 721, 97, -1,
      97, 721, 96, -1,
      76, 728, 79, -1,
      79, 728, 729, -1,
      78, 730, 77, -1,
      77, 730, 731, -1,
      732, 733, 734, -1,
      735, 736, 737, -1,
      728, 76, 77, -1,
      737, 732, 735, -1,
      735, 732, 734, -1,
      735, 734, 738, -1,
      738, 734, 739, -1,
      738, 739, 740, -1,
      77, 731, 728, -1,
      728, 731, 741, -1,
      728, 741, 742, -1,
      742, 741, 740, -1,
      742, 740, 743, -1,
      743, 740, 739, -1,
      744, 745, 746, -1,
      746, 745, 747, -1,
      748, 749, 750, -1,
      750, 749, 751, -1,
      750, 751, 747, -1,
      747, 751, 752, -1,
      747, 752, 746, -1,
      78, 79, 730, -1,
      730, 79, 729, -1,
      730, 729, 753, -1,
      753, 729, 754, -1,
      753, 754, 748, -1,
      748, 754, 755, -1,
      748, 755, 749, -1,
      734, 751, 749, -1,
      734, 749, 739, -1,
      739, 749, 755, -1,
      739, 755, 743, -1,
      743, 755, 754, -1,
      743, 754, 742, -1,
      742, 754, 729, -1,
      742, 729, 728, -1,
      731, 730, 741, -1,
      741, 730, 753, -1,
      741, 753, 740, -1,
      740, 753, 748, -1,
      740, 748, 738, -1,
      738, 748, 750, -1,
      738, 750, 735, -1,
      735, 750, 747, -1,
      736, 735, 745, -1,
      745, 735, 747, -1,
      737, 736, 744, -1,
      744, 736, 745, -1,
      732, 737, 746, -1,
      746, 737, 744, -1,
      733, 732, 752, -1,
      752, 732, 746, -1,
      734, 733, 751, -1,
      751, 733, 752, -1,
      756, 757, 758, -1,
      758, 757, 759, -1,
      760, 756, 761, -1,
      761, 756, 758, -1,
      762, 760, 763, -1,
      763, 760, 761, -1,
      760, 762, 756, -1,
      756, 762, 140, -1,
      756, 140, 757, -1,
      757, 140, 142, -1,
      761, 758, 763, -1,
      763, 758, 759, -1,
      763, 759, 141, -1,
      141, 759, 143, -1,
      140, 762, 141, -1,
      141, 762, 763, -1,
      143, 759, 142, -1,
      142, 759, 757, -1,
      35, 36, 764, -1,
      764, 36, 765, -1,
      764, 765, 766, -1,
      766, 765, 767, -1,
      766, 767, 768, -1,
      768, 767, 769, -1,
      34, 770, 37, -1,
      37, 770, 771, -1,
      34, 35, 770, -1,
      770, 35, 764, -1,
      770, 764, 772, -1,
      773, 774, 775, -1,
      775, 774, 776, -1,
      775, 776, 768, -1,
      768, 776, 777, -1,
      768, 777, 766, -1,
      766, 777, 778, -1,
      766, 778, 764, -1,
      764, 778, 779, -1,
      764, 779, 772, -1,
      780, 765, 771, -1,
      771, 765, 36, -1,
      771, 36, 37, -1,
      781, 782, 783, -1,
      783, 782, 784, -1,
      783, 784, 785, -1,
      784, 769, 785, -1,
      785, 769, 767, -1,
      785, 767, 786, -1,
      786, 767, 765, -1,
      786, 765, 787, -1,
      787, 765, 780, -1,
      777, 785, 786, -1,
      777, 786, 778, -1,
      778, 786, 787, -1,
      778, 787, 779, -1,
      779, 787, 780, -1,
      779, 780, 772, -1,
      772, 780, 771, -1,
      772, 771, 770, -1,
      775, 768, 784, -1,
      784, 768, 769, -1,
      773, 775, 782, -1,
      782, 775, 784, -1,
      774, 773, 781, -1,
      781, 773, 782, -1,
      776, 774, 783, -1,
      783, 774, 781, -1,
      777, 776, 785, -1,
      785, 776, 783, -1,
      788, 789, 790, -1,
      790, 789, 791, -1,
      792, 788, 793, -1,
      793, 788, 790, -1,
      794, 792, 795, -1,
      795, 792, 793, -1,
      790, 791, 793, -1,
      793, 791, 93, -1,
      793, 93, 795, -1,
      795, 93, 94, -1,
      792, 794, 788, -1,
      788, 794, 95, -1,
      788, 95, 789, -1,
      789, 95, 92, -1,
      794, 795, 95, -1,
      95, 795, 94, -1,
      791, 789, 93, -1,
      93, 789, 92, -1,
      80, 796, 83, -1,
      83, 796, 797, -1,
      82, 798, 81, -1,
      81, 798, 799, -1,
      800, 801, 802, -1,
      803, 804, 805, -1,
      796, 80, 81, -1,
      805, 800, 803, -1,
      803, 800, 802, -1,
      803, 802, 806, -1,
      806, 802, 807, -1,
      806, 807, 808, -1,
      81, 799, 796, -1,
      796, 799, 809, -1,
      796, 809, 810, -1,
      810, 809, 808, -1,
      810, 808, 811, -1,
      811, 808, 807, -1,
      812, 813, 814, -1,
      814, 813, 815, -1,
      816, 817, 818, -1,
      818, 817, 819, -1,
      818, 819, 815, -1,
      815, 819, 820, -1,
      815, 820, 814, -1,
      82, 83, 798, -1,
      798, 83, 797, -1,
      798, 797, 821, -1,
      821, 797, 822, -1,
      821, 822, 816, -1,
      816, 822, 823, -1,
      816, 823, 817, -1,
      802, 819, 817, -1,
      802, 817, 807, -1,
      807, 817, 823, -1,
      807, 823, 811, -1,
      811, 823, 822, -1,
      811, 822, 810, -1,
      810, 822, 797, -1,
      810, 797, 796, -1,
      799, 798, 809, -1,
      809, 798, 821, -1,
      809, 821, 808, -1,
      808, 821, 816, -1,
      808, 816, 806, -1,
      806, 816, 818, -1,
      806, 818, 803, -1,
      803, 818, 815, -1,
      804, 803, 813, -1,
      813, 803, 815, -1,
      805, 804, 812, -1,
      812, 804, 813, -1,
      800, 805, 814, -1,
      814, 805, 812, -1,
      801, 800, 820, -1,
      820, 800, 814, -1,
      802, 801, 819, -1,
      819, 801, 820, -1,
      824, 825, 826, -1,
      826, 825, 827, -1,
      828, 824, 829, -1,
      829, 824, 826, -1,
      830, 828, 831, -1,
      831, 828, 829, -1,
      824, 828, 825, -1,
      825, 828, 830, -1,
      825, 830, 138, -1,
      138, 830, 136, -1,
      829, 826, 831, -1,
      831, 826, 827, -1,
      831, 827, 137, -1,
      137, 827, 139, -1,
      136, 830, 137, -1,
      137, 830, 831, -1,
      139, 827, 138, -1,
      138, 827, 825, -1,
      40, 41, 832, -1,
      832, 41, 833, -1,
      832, 833, 834, -1,
      834, 833, 835, -1,
      834, 835, 836, -1,
      836, 835, 837, -1,
      39, 838, 38, -1,
      38, 838, 839, -1,
      39, 40, 838, -1,
      838, 40, 832, -1,
      838, 832, 840, -1,
      841, 842, 843, -1,
      843, 842, 844, -1,
      843, 844, 836, -1,
      836, 844, 845, -1,
      836, 845, 834, -1,
      834, 845, 846, -1,
      834, 846, 832, -1,
      832, 846, 847, -1,
      832, 847, 840, -1,
      848, 833, 839, -1,
      839, 833, 41, -1,
      839, 41, 38, -1,
      849, 850, 851, -1,
      851, 850, 852, -1,
      851, 852, 853, -1,
      852, 837, 853, -1,
      853, 837, 835, -1,
      853, 835, 854, -1,
      854, 835, 833, -1,
      854, 833, 855, -1,
      855, 833, 848, -1,
      845, 853, 854, -1,
      845, 854, 846, -1,
      846, 854, 855, -1,
      846, 855, 847, -1,
      847, 855, 848, -1,
      847, 848, 840, -1,
      840, 848, 839, -1,
      840, 839, 838, -1,
      843, 836, 852, -1,
      852, 836, 837, -1,
      841, 843, 850, -1,
      850, 843, 852, -1,
      842, 841, 849, -1,
      849, 841, 850, -1,
      844, 842, 851, -1,
      851, 842, 849, -1,
      845, 844, 853, -1,
      853, 844, 851, -1,
      856, 857, 858, -1,
      858, 857, 859, -1,
      860, 856, 861, -1,
      861, 856, 858, -1,
      862, 860, 863, -1,
      863, 860, 861, -1,
      858, 859, 861, -1,
      861, 859, 91, -1,
      861, 91, 863, -1,
      863, 91, 89, -1,
      860, 862, 856, -1,
      856, 862, 88, -1,
      856, 88, 857, -1,
      857, 88, 90, -1,
      862, 863, 88, -1,
      88, 863, 89, -1,
      859, 857, 91, -1,
      91, 857, 90, -1,
      84, 864, 87, -1,
      87, 864, 865, -1,
      86, 866, 85, -1,
      85, 866, 867, -1,
      868, 869, 870, -1,
      864, 84, 85, -1,
      85, 867, 864, -1,
      864, 867, 871, -1,
      864, 871, 872, -1,
      872, 871, 873, -1,
      874, 875, 876, -1,
      876, 868, 874, -1,
      874, 868, 870, -1,
      874, 870, 877, -1,
      877, 870, 878, -1,
      877, 878, 873, -1,
      873, 878, 879, -1,
      873, 879, 872, -1,
      880, 881, 882, -1,
      882, 881, 883, -1,
      86, 87, 866, -1,
      866, 87, 865, -1,
      866, 865, 884, -1,
      884, 865, 885, -1,
      884, 885, 886, -1,
      885, 887, 886, -1,
      886, 887, 888, -1,
      886, 888, 889, -1,
      889, 888, 890, -1,
      889, 890, 883, -1,
      883, 890, 891, -1,
      883, 891, 882, -1,
      870, 890, 888, -1,
      870, 888, 878, -1,
      878, 888, 887, -1,
      878, 887, 879, -1,
      879, 887, 885, -1,
      879, 885, 872, -1,
      872, 885, 865, -1,
      872, 865, 864, -1,
      867, 866, 871, -1,
      871, 866, 884, -1,
      871, 884, 873, -1,
      873, 884, 886, -1,
      873, 886, 877, -1,
      877, 886, 889, -1,
      877, 889, 874, -1,
      874, 889, 883, -1,
      875, 874, 881, -1,
      881, 874, 883, -1,
      876, 875, 880, -1,
      880, 875, 881, -1,
      868, 876, 882, -1,
      882, 876, 880, -1,
      869, 868, 891, -1,
      891, 868, 882, -1,
      870, 869, 890, -1,
      890, 869, 891, -1,
      892, 893, 894, -1,
      894, 893, 895, -1,
      896, 892, 897, -1,
      897, 892, 894, -1,
      898, 896, 899, -1,
      899, 896, 897, -1,
      896, 898, 892, -1,
      892, 898, 134, -1,
      892, 134, 893, -1,
      893, 134, 135, -1,
      897, 894, 899, -1,
      899, 894, 895, -1,
      899, 895, 133, -1,
      133, 895, 132, -1,
      134, 898, 133, -1,
      133, 898, 899, -1,
      132, 895, 135, -1,
      135, 895, 893, -1,
      43, 42, 900, -1,
      900, 42, 901, -1,
      900, 901, 902, -1,
      902, 901, 903, -1,
      902, 903, 904, -1,
      904, 903, 905, -1,
      44, 906, 45, -1,
      45, 906, 907, -1,
      44, 43, 906, -1,
      906, 43, 900, -1,
      906, 900, 908, -1,
      909, 910, 911, -1,
      911, 910, 912, -1,
      911, 912, 904, -1,
      904, 912, 913, -1,
      904, 913, 902, -1,
      902, 913, 914, -1,
      902, 914, 900, -1,
      900, 914, 915, -1,
      900, 915, 908, -1,
      916, 901, 907, -1,
      907, 901, 42, -1,
      907, 42, 45, -1,
      917, 918, 919, -1,
      919, 918, 920, -1,
      919, 920, 921, -1,
      920, 905, 921, -1,
      921, 905, 903, -1,
      921, 903, 922, -1,
      922, 903, 901, -1,
      922, 901, 923, -1,
      923, 901, 916, -1,
      913, 921, 922, -1,
      913, 922, 914, -1,
      914, 922, 923, -1,
      914, 923, 915, -1,
      915, 923, 916, -1,
      915, 916, 908, -1,
      908, 916, 907, -1,
      908, 907, 906, -1,
      911, 904, 920, -1,
      920, 904, 905, -1,
      909, 911, 918, -1,
      918, 911, 920, -1,
      910, 909, 917, -1,
      917, 909, 918, -1,
      912, 910, 919, -1,
      919, 910, 917, -1,
      913, 912, 921, -1,
      921, 912, 919, -1,
    ]
  }
}

Shape {
  appearance Appearance {
    material Material {
      diffuseColor 0.7529 0.7529 0.7529
      specularColor 0.3765 0.3765 0.3765
      ambientIntensity 0.2
      transparency 0.0000
      shininess 0.5
    }
  }
  geometry IndexedFaceSet {
    ccw TRUE
    solid FALSE
    coord DEF co Coordinate {
      point [
        -9.370079 -5.374016 0.157480,
        -9.370079 -5.374016 0.000000,
        -9.173228 -5.374016 0.000000,
        9.370079 -5.374016 0.000000,
        9.173228 -5.374016 0.000000,
        9.370079 -5.374016 0.157480,
        -9.173228 -5.374016 0.157480,
        -10.078739 -1.515748 3.937008,
        10.157481 -1.515748 3.858268,
        10.146931 -1.515748 3.897638,
        10.118110 -1.515748 3.926459,
        10.078739 -1.515748 3.937008,
        -10.078739 -1.515748 0.157480,
        -10.118110 -1.515748 0.168030,
        -10.146931 -1.515748 0.196850,
        -10.157481 -1.515748 0.236220,
        10.146931 -1.515748 0.196850,
        10.118110 -1.515748 0.168030,
        10.157481 -1.515748 0.236220,
        10.078739 -1.515748 0.157480,
        -10.146931 -1.515748 3.897638,
        -10.118110 -1.515748 3.926459,
        -10.157481 -1.515748 3.858268,
        -9.468504 -3.799213 2.106299,
        -8.720472 -3.799213 2.106299,
        -8.326772 -3.799213 2.500000,
        -9.862204 -3.799213 2.500000,
        -4.507874 -3.799213 2.106299,
        -3.759842 -3.799213 2.106299,
        -3.366142 -3.799213 2.500000,
        -4.901575 -3.799213 2.500000,
        -2.854331 -3.799213 2.106299,
        -2.106299 -3.799213 2.106299,
        -1.712598 -3.799213 2.500000,
        -3.248031 -3.799213 2.500000,
        2.106299 -3.799213 2.106299,
        2.854331 -3.799213 2.106299,
        3.248031 -3.799213 2.500000,
        1.712598 -3.799213 2.500000,
        3.759842 -3.799213 2.106299,
        4.507874 -3.799213 2.106299,
        4.901575 -3.799213 2.500000,
        3.366142 -3.799213 2.500000,
        -8.326772 -6.515748 0.452756,
        -9.862204 -6.515748 0.452756,
        -8.326772 -6.515748 1.988189,
        -9.862204 -6.515748 1.988189,
        -7.814961 -3.799213 0.452756,
        -7.066930 -3.799213 0.452756,
        -6.673229 -3.799213 0.846457,
        -8.208661 -3.799213 0.846457,
        -7.066930 -6.515748 0.452756,
        -7.814961 -6.515748 0.452756,
        -6.673229 -6.515748 1.988189,
        -6.673229 -6.515748 0.846457,
        -6.673229 -6.555119 2.027559,
        -6.673229 -6.555119 0.790779,
        -8.208661 -6.515748 1.988189,
        -8.208661 -6.515748 0.846457,
        -6.161418 -3.799213 0.452756,
        -5.413386 -3.799213 0.452756,
        -5.019685 -3.799213 0.846457,
        -6.555119 -3.799213 0.846457,
        -5.413386 -6.515748 0.452756,
        -6.161418 -6.515748 0.452756,
        -5.019685 -6.515748 1.988189,
        -5.019685 -6.515748 0.846457,
        -6.555119 -6.515748 1.988189,
        -6.555119 -6.515748 0.846457,
        -3.366142 -6.515748 0.452756,
        -4.901575 -6.515748 0.452756,
        -3.366142 -6.515748 1.988189,
        -4.901575 -6.515748 1.988189,
        -1.712598 -6.515748 0.452756,
        -3.248031 -6.515748 0.452756,
        -1.712598 -6.515748 1.988189,
        -3.248031 -6.515748 1.988189,
        -1.200787 -3.799213 0.452756,
        -0.452756 -3.799213 0.452756,
        -0.059055 -3.799213 0.846457,
        -1.594488 -3.799213 0.846457,
        -0.452756 -6.515748 0.452756,
        -1.200787 -6.515748 0.452756,
        -0.059055 -6.515748 1.988189,
        -0.059055 -6.515748 0.846457,
        -1.594488 -6.515748 1.988189,
        -1.594488 -6.515748 0.846457,
        0.452756 -3.799213 0.452756,
        1.200787 -3.799213 0.452756,
        1.594488 -3.799213 0.846457,
        0.059055 -3.799213 0.846457,
        1.200787 -6.515748 0.452756,
        0.452756 -6.515748 0.452756,
        1.594488 -6.515748 1.988189,
        1.594488 -6.515748 0.846457,
        0.059055 -6.515748 1.988189,
        0.059055 -6.515748 0.846457,
        3.248031 -6.515748 0.452756,
        1.712598 -6.515748 0.452756,
        3.248031 -6.515748 1.988189,
        1.712598 -6.515748 1.988189,
        4.901575 -6.515748 0.452756,
        3.366142 -6.515748 0.452756,
        4.901575 -6.515748 1.988189,
        3.366142 -6.515748 1.988189,
        5.413386 -3.799213 0.452756,
        6.161418 -3.799213 0.452756,
        6.555119 -3.799213 0.846457,
        5.019685 -3.799213 0.846457,
        6.161418 -6.515748 0.452756,
        5.413386 -6.515748 0.452756,
        6.555119 -6.515748 1.988189,
        6.555119 -6.515748 0.846457,
        5.019685 -6.515748 1.988189,
        5.019685 -6.515748 0.846457,
        -8.720472 -6.515748 2.106299,
        -9.468504 -6.515748 2.106299,
        -8.326772 -6.515748 3.641732,
        -8.326772 -6.515748 2.500000,
        -9.862204 -6.515748 3.641732,
        -9.862204 -6.515748 2.500000,
        -6.673229 -6.515748 2.106299,
        -8.208661 -6.515748 2.106299,
        -6.673229 -6.515748 3.641732,
        -8.208661 -6.515748 3.641732,
        -5.019685 -6.515748 2.106299,
        -6.555119 -6.515748 2.106299,
        -5.019685 -6.515748 3.641732,
        -6.555119 -6.515748 3.641732,
        -3.759842 -6.515748 2.106299,
        -4.507874 -6.515748 2.106299,
        -3.366142 -6.515748 3.641732,
        -3.366142 -6.515748 2.500000,
        -4.901575 -6.515748 3.641732,
        -4.901575 -6.515748 2.500000,
        -2.106299 -6.515748 2.106299,
        -2.854331 -6.515748 2.106299,
        -1.712598 -6.515748 3.641732,
        -1.712598 -6.515748 2.500000,
        -3.248031 -6.515748 3.641732,
        -3.248031 -6.515748 2.500000,
        -0.059055 -6.515748 2.106299,
        -1.594488 -6.515748 2.106299,
        -0.059055 -6.515748 3.641732,
        -1.594488 -6.515748 3.641732,
        1.594488 -6.515748 2.106299,
        0.059055 -6.515748 2.106299,
        1.594488 -6.515748 3.641732,
        0.059055 -6.515748 3.641732,
        2.854331 -6.515748 2.106299,
        2.106299 -6.515748 2.106299,
        3.248031 -6.515748 3.641732,
        3.248031 -6.515748 2.500000,
        1.712598 -6.515748 3.641732,
        1.712598 -6.515748 2.500000,
        4.507874 -6.515748 2.106299,
        3.759842 -6.515748 2.106299,
        4.901575 -6.515748 3.641732,
        4.901575 -6.515748 2.500000,
        3.366142 -6.515748 3.641732,
        3.366142 -6.515748 2.500000,
        6.555119 -6.515748 2.106299,
        5.019685 -6.515748 2.106299,
        6.555119 -6.515748 3.641732,
        5.019685 -6.515748 3.641732,
        8.720472 -3.799213 2.106299,
        9.468504 -3.799213 2.106299,
        9.862204 -3.799213 2.500000,
        8.326772 -3.799213 2.500000,
        10.157481 -6.555119 0.236220,
        -10.157481 -6.555119 3.858268,
        -10.157481 -6.555119 0.236220,
        -6.633858 -6.555119 2.066929,
        -6.653543 -6.555119 2.066929,
        -10.118110 -6.555119 0.168030,
        -10.099120 -6.555119 0.160163,
        -10.134418 -6.555119 0.180543,
        -10.078739 -6.555119 0.157480,
        -10.146931 -6.555119 0.196850,
        -8.287402 -6.555119 3.681102,
        -8.287402 -6.555119 2.483692,
        -9.901575 -6.555119 3.681102,
        -10.078739 -6.555119 3.937008,
        -9.901575 -6.555119 2.483692,
        -9.484811 -6.555119 2.066929,
        -8.704165 -6.555119 2.066929,
        9.901575 -6.555119 3.681102,
        9.901575 -6.555119 2.483692,
        9.484811 -6.555119 2.066929,
        8.704165 -6.555119 2.066929,
        8.287402 -6.555119 2.483692,
        8.287402 -6.555119 3.681102,
        10.078739 -6.555119 3.937008,
        10.157481 -6.555119 3.858268,
        10.146931 -6.555119 3.897638,
        10.118110 -6.555119 3.926459,
        10.146931 -6.555119 0.196850,
        10.154798 -6.555119 0.215841,
        10.099120 -6.555119 0.160163,
        10.118110 -6.555119 0.168030,
        10.134418 -6.555119 0.180543,
        10.078739 -6.555119 0.157480,
        10.098861 -6.555119 0.160129,
        -8.248032 -6.555119 2.066929,
        -8.248032 -6.555119 3.681102,
        -6.633858 -6.555119 3.681102,
        -6.653543 -6.555119 3.681102,
        -8.287402 -6.555119 0.413386,
        -9.901575 -6.555119 0.413386,
        -9.901575 -6.555119 2.027559,
        -8.287402 -6.555119 2.027559,
        -10.154798 -6.555119 0.215841,
        -7.050622 -6.555119 0.413386,
        -7.831269 -6.555119 0.413386,
        -8.248032 -6.555119 0.830149,
        -8.248032 -6.555119 2.027559,
        -4.980315 -6.555119 0.830149,
        -5.397078 -6.555119 0.413386,
        -6.177725 -6.555119 0.413386,
        -6.594488 -6.555119 0.830149,
        -6.594488 -6.555119 2.027559,
        -4.980315 -6.555119 2.027559,
        -3.326772 -6.555119 2.027559,
        -3.326772 -6.555119 0.413386,
        -4.940945 -6.555119 2.027559,
        -4.940945 -6.555119 0.413386,
        -1.673228 -6.555119 2.027559,
        -1.673228 -6.555119 0.413386,
        -3.287401 -6.555119 2.027559,
        -3.287401 -6.555119 0.413386,
        -1.633858 -6.555119 0.830149,
        -1.633858 -6.555119 2.027559,
        -0.019685 -6.555119 2.027559,
        -0.019685 -6.555119 0.830149,
        -0.436448 -6.555119 0.413386,
        -1.217095 -6.555119 0.413386,
        1.673228 -6.555119 0.413386,
        3.287401 -6.555119 0.413386,
        1.633858 -6.555119 2.027559,
        1.673228 -6.555119 2.027559,
        3.287401 -6.555119 2.027559,
        1.633858 -6.555119 0.830149,
        1.217095 -6.555119 0.413386,
        0.436448 -6.555119 0.413386,
        0.019685 -6.555119 0.830149,
        0.019685 -6.555119 2.027559,
        4.940945 -6.555119 0.413386,
        3.326772 -6.555119 0.413386,
        3.326772 -6.555119 2.027559,
        4.940945 -6.555119 2.027559,
        6.594488 -6.555119 0.830149,
        6.177725 -6.555119 0.413386,
        5.397078 -6.555119 0.413386,
        4.980315 -6.555119 0.830149,
        4.980315 -6.555119 2.027559,
        6.594488 -6.555119 2.027559,
        8.248032 -6.555119 0.830149,
        7.831269 -6.555119 0.413386,
        7.050622 -6.555119 0.413386,
        6.633858 -6.555119 0.830149,
        6.633858 -6.555119 2.027559,
        8.248032 -6.555119 2.027559,
        9.901575 -6.555119 2.027559,
        9.901575 -6.555119 0.413386,
        8.287402 -6.555119 0.413386,
        8.287402 -6.555119 2.027559,
        -6.594488 -6.555119 2.066929,
        -6.594488 -6.555119 3.681102,
        -4.980315 -6.555119 2.066929,
        -4.980315 -6.555119 3.681102,
        -3.326772 -6.555119 2.483692,
        -3.743535 -6.555119 2.066929,
        -4.524182 -6.555119 2.066929,
        -4.940945 -6.555119 2.483692,
        -4.940945 -6.555119 3.681102,
        -3.326772 -6.555119 3.681102,
        -1.673228 -6.555119 2.483692,
        -2.089991 -6.555119 2.066929,
        -2.870638 -6.555119 2.066929,
        -3.287401 -6.555119 2.483692,
        -3.287401 -6.555119 3.681102,
        -1.673228 -6.555119 3.681102,
        -1.633858 -6.555119 3.681102,
        -0.019685 -6.555119 3.681102,
        -0.019685 -6.555119 2.066929,
        -1.633858 -6.555119 2.066929,
        1.633858 -6.555119 2.066929,
        0.019685 -6.555119 2.066929,
        0.019685 -6.555119 3.681102,
        1.633858 -6.555119 3.681102,
        1.673228 -6.555119 3.681102,
        3.287401 -6.555119 3.681102,
        3.287401 -6.555119 2.483692,
        2.870638 -6.555119 2.066929,
        2.089991 -6.555119 2.066929,
        1.673228 -6.555119 2.483692,
        4.940945 -6.555119 3.681102,
        4.940945 -6.555119 2.483692,
        3.326772 -6.555119 3.681102,
        3.326772 -6.555119 2.483692,
        3.743535 -6.555119 2.066929,
        4.524182 -6.555119 2.066929,
        6.594488 -6.555119 2.066929,
        4.980315 -6.555119 2.066929,
        4.980315 -6.555119 3.681102,
        6.594488 -6.555119 3.681102,
        6.633858 -6.555119 2.066929,
        6.633858 -6.555119 3.681102,
        8.248032 -6.555119 2.066929,
        8.248032 -6.555119 3.681102,
        10.157481 -4.192913 3.416475,
        10.157481 -4.192913 3.648139,
        10.215396 -4.192913 3.632620,
        10.257794 -4.192913 3.590223,
        10.273312 -4.192913 3.532307,
        10.257794 -4.192913 3.474391,
        10.215396 -4.192913 3.431993,
        9.173228 -5.374016 0.157480,
        -10.078739 -3.243007 0.157480,
        8.712119 -3.862916 0.157480,
        8.700787 -3.956693 0.157480,
        0.399948 -2.565513 0.157480,
        0.569416 -2.729240 0.157480,
        0.529478 -2.841545 0.157480,
        0.399569 -2.896626 0.157480,
        0.262531 -2.830567 0.157480,
        0.541150 -2.731385 0.157480,
        0.401715 -2.597817 0.157480,
        0.262531 -2.631383 0.157480,
        0.287264 -2.811829 0.157480,
        0.287264 -2.650311 0.157480,
        0.399759 -2.864322 0.157480,
        10.078739 -2.569551 0.157480,
        8.952757 -3.589389 0.157480,
        8.952757 -4.323997 0.157480,
        8.745461 -3.774537 0.157480,
        10.078739 -3.243007 0.157480,
        8.712119 -4.050470 0.157480,
        8.745461 -4.138849 0.157480,
        8.798896 -4.216742 0.157480,
        8.869345 -4.279665 0.157480,
        10.078739 -2.892588 0.157480,
        8.869345 -3.633720 0.157480,
        8.798896 -3.696644 0.157480,
        -8.712119 -4.050470 0.157480,
        -8.700787 -3.956693 0.157480,
        -8.712119 -3.862916 0.157480,
        -8.745461 -3.774537 0.157480,
        -8.798896 -3.696644 0.157480,
        -8.869345 -3.633720 0.157480,
        -8.952757 -3.589389 0.157480,
        -8.952757 -4.323997 0.157480,
        -8.869345 -4.279665 0.157480,
        -8.798896 -4.216742 0.157480,
        -8.745461 -4.138849 0.157480,
        0.605757 -2.888550 0.157480,
        0.755162 -2.888550 0.157480,
        0.605757 -2.856246 0.157480,
        0.726896 -2.856246 0.157480,
        0.726896 -2.573589 0.157480,
        0.755162 -2.573589 0.157480,
        0.020254 -2.605893 0.157480,
        0.020254 -2.573589 0.157480,
        0.020254 -2.735107 0.157480,
        0.020254 -2.702804 0.157480,
        0.169658 -2.702804 0.157480,
        0.169658 -2.605893 0.157480,
        0.169658 -2.735107 0.157480,
        0.169658 -2.856246 0.157480,
        0.020254 -2.856246 0.157480,
        0.020254 -2.888550 0.157480,
        0.197924 -2.888550 0.157480,
        0.197924 -2.573589 0.157480,
        -0.199815 -2.584946 0.157480,
        -0.099876 -2.573589 0.157480,
        -0.150328 -2.575516 0.157480,
        -0.133883 -2.888550 0.157480,
        -0.036278 -2.888550 0.157480,
        -0.036278 -2.573589 0.157480,
        -0.294707 -2.735044 0.157480,
        -0.365939 -2.888550 0.157480,
        -0.335087 -2.888550 0.157480,
        -0.603169 -2.888550 0.157480,
        -0.556606 -2.787601 0.157480,
        -0.413827 -2.787601 0.157480,
        -0.484491 -2.573589 0.157480,
        -0.488529 -2.573589 0.157480,
        -0.633895 -2.888550 0.157480,
        -10.078739 -2.892588 0.157480,
        -10.078739 -2.569551 0.157480,
        8.326772 -6.515748 0.452756,
        8.326772 -6.515748 1.988189,
        9.862204 -6.515748 1.988189,
        9.862204 -6.515748 0.452756,
        8.326772 -6.515748 2.500000,
        8.326772 -6.515748 3.641732,
        9.862204 -6.515748 3.641732,
        9.862204 -6.515748 2.500000,
        9.468504 -6.515748 2.106299,
        8.720472 -6.515748 2.106299,
        6.673229 -6.515748 2.106299,
        6.673229 -6.515748 3.641732,
        8.208661 -6.515748 3.641732,
        8.208661 -6.515748 2.106299,
        6.673229 -6.515748 0.846457,
        6.673229 -3.799213 0.846457,
        6.673229 -6.515748 1.988189,
        8.208661 -6.515748 1.988189,
        8.208661 -6.515748 0.846457,
        8.208661 -3.799213 0.846457,
        7.814961 -6.515748 0.452756,
        7.814961 -3.799213 0.452756,
        7.066930 -6.515748 0.452756,
        7.066930 -3.799213 0.452756,
        -0.484491 -2.573589 0.196850,
        -0.488529 -2.573589 0.196850,
        -0.633895 -2.888550 0.196850,
        -0.603169 -2.888550 0.196850,
        -0.556606 -2.787601 0.196850,
        -0.413827 -2.787601 0.196850,
        -0.365939 -2.888550 0.196850,
        -0.335087 -2.888550 0.196850,
        -0.541716 -2.755297 0.196850,
        -0.429158 -2.755297 0.196850,
        -0.486194 -2.634979 0.196850,
        -0.541716 -2.755297 0.157480,
        -0.486194 -2.634979 0.157480,
        -0.429158 -2.755297 0.157480,
        -0.133883 -2.888550 0.196850,
        -0.036278 -2.888550 0.196850,
        -0.036278 -2.573589 0.196850,
        -0.099876 -2.573589 0.196850,
        -0.199815 -2.584946 0.196850,
        -0.150328 -2.575516 0.196850,
        -0.294707 -2.735044 0.196850,
        -0.288791 -2.685493 0.157480,
        -0.288791 -2.685493 0.196850,
        -0.256576 -2.623135 0.157480,
        -0.256576 -2.623135 0.196850,
        -0.167903 -2.886809 0.157480,
        -0.167903 -2.886809 0.196850,
        -0.231312 -2.866511 0.157480,
        -0.231312 -2.866511 0.196850,
        -0.276940 -2.814268 0.157480,
        -0.276940 -2.814268 0.196850,
        -0.261454 -2.774196 0.196850,
        -0.235731 -2.820301 0.196850,
        -0.190730 -2.848233 0.196850,
        -0.146001 -2.854972 0.196850,
        -0.100696 -2.856246 0.196850,
        -0.064543 -2.856246 0.196850,
        -0.064543 -2.605893 0.196850,
        -0.086689 -2.605893 0.196850,
        -0.135389 -2.607376 0.196850,
        -0.183474 -2.614726 0.196850,
        -0.218309 -2.631514 0.196850,
        -0.252652 -2.672083 0.196850,
        -0.266441 -2.734981 0.196850,
        -0.064543 -2.605893 0.157480,
        -0.064543 -2.856246 0.157480,
        -0.086689 -2.605893 0.157480,
        -0.135389 -2.607376 0.157480,
        -0.183474 -2.614726 0.157480,
        -0.218309 -2.631514 0.157480,
        -0.252652 -2.672083 0.157480,
        -0.266441 -2.734981 0.157480,
        -0.261454 -2.774196 0.157480,
        -0.235731 -2.820301 0.157480,
        -0.190730 -2.848233 0.157480,
        -0.146001 -2.854972 0.157480,
        -0.100696 -2.856246 0.157480,
        0.197924 -2.888550 0.196850,
        0.197924 -2.573589 0.196850,
        0.020254 -2.573589 0.196850,
        0.020254 -2.605893 0.196850,
        0.169658 -2.605893 0.196850,
        0.169658 -2.702804 0.196850,
        0.020254 -2.702804 0.196850,
        0.020254 -2.735107 0.196850,
        0.169658 -2.735107 0.196850,
        0.169658 -2.856246 0.196850,
        0.020254 -2.856246 0.196850,
        0.020254 -2.888550 0.196850,
        0.262531 -2.631383 0.196850,
        0.272444 -2.619036 0.157480,
        0.272444 -2.619036 0.196850,
        0.290830 -2.601639 0.157480,
        0.290830 -2.601639 0.196850,
        0.323087 -2.581695 0.157480,
        0.323087 -2.581695 0.196850,
        0.399948 -2.565513 0.196850,
        0.287264 -2.650311 0.196850,
        0.401715 -2.597817 0.196850,
        0.388686 -2.598315 0.157480,
        0.388686 -2.598315 0.196850,
        0.368041 -2.601183 0.157480,
        0.368041 -2.601183 0.196850,
        0.338319 -2.610787 0.157480,
        0.338319 -2.610787 0.196850,
        0.541150 -2.731385 0.196850,
        0.540643 -2.718691 0.157480,
        0.540643 -2.718691 0.196850,
        0.520324 -2.659073 0.157480,
        0.520324 -2.659073 0.196850,
        0.471538 -2.615085 0.157480,
        0.471538 -2.615085 0.196850,
        0.399759 -2.864322 0.196850,
        0.419594 -2.863289 0.157480,
        0.419594 -2.863289 0.196850,
        0.481411 -2.841799 0.157480,
        0.481411 -2.841799 0.196850,
        0.524837 -2.796291 0.157480,
        0.524837 -2.796291 0.196850,
        0.287264 -2.811829 0.196850,
        0.337519 -2.850977 0.157480,
        0.337519 -2.850977 0.196850,
        0.262531 -2.830567 0.196850,
        0.399569 -2.896626 0.196850,
        0.383782 -2.896048 0.157480,
        0.383782 -2.896048 0.196850,
        0.359806 -2.892588 0.157480,
        0.358775 -2.892439 0.196850,
        0.358775 -2.892439 0.157480,
        0.322938 -2.880270 0.157480,
        0.322938 -2.880270 0.196850,
        0.529478 -2.841545 0.196850,
        0.519496 -2.852173 0.157480,
        0.519496 -2.852173 0.196850,
        0.501559 -2.867069 0.157480,
        0.501559 -2.867069 0.196850,
        0.470908 -2.883819 0.157480,
        0.470908 -2.883819 0.196850,
        0.422061 -2.892588 0.157480,
        0.569416 -2.729240 0.196850,
        0.559821 -2.789122 0.157480,
        0.559821 -2.789122 0.196850,
        0.413876 -2.566008 0.157480,
        0.413876 -2.566008 0.196850,
        0.495265 -2.591983 0.157480,
        0.495265 -2.591983 0.196850,
        0.549133 -2.648768 0.157480,
        0.549133 -2.648768 0.196850,
        0.755162 -2.888550 0.196850,
        0.755162 -2.573589 0.196850,
        0.726896 -2.573589 0.196850,
        0.726896 -2.856246 0.196850,
        0.605757 -2.856246 0.196850,
        0.605757 -2.888550 0.196850,
        8.952757 -3.589389 -0.944882,
        8.873089 -3.631143 -0.944882,
        8.869691 -3.634116 -0.944882,
        8.801158 -3.694094 -0.944882,
        8.799224 -3.696872 -0.944882,
        8.746519 -3.772526 -0.944882,
        8.745713 -3.774633 -0.944882,
        8.712392 -3.861813 -0.944882,
        8.712254 -3.862933 -0.944882,
        8.700787 -3.956693 -0.944882,
        8.712254 -4.050454 -0.944882,
        8.712392 -4.051574 -0.944882,
        8.745713 -4.138753 -0.944882,
        8.746519 -4.140860 -0.944882,
        8.799224 -4.216514 -0.944882,
        8.801158 -4.219291 -0.944882,
        8.869691 -4.279270 -0.944882,
        8.873089 -4.282243 -0.944882,
        8.952757 -4.323997 -0.944882,
        8.918491 -3.799134 -1.102362,
        8.952757 -3.767717 -1.102362,
        8.952757 -4.145669 -1.102362,
        8.918491 -4.114252 -1.102362,
        8.885707 -4.067193 -1.102362,
        8.885707 -3.846193 -1.102362,
        8.865230 -3.899765 -1.102362,
        8.865230 -4.013621 -1.102362,
        8.858268 -3.956693 -1.102362,
        -8.952757 -4.323997 -0.944882,
        -8.873089 -4.282243 -0.944882,
        -8.869691 -4.279270 -0.944882,
        -8.801158 -4.219291 -0.944882,
        -8.799224 -4.216514 -0.944882,
        -8.746519 -4.140860 -0.944882,
        -8.745713 -4.138753 -0.944882,
        -8.712392 -4.051574 -0.944882,
        -8.712254 -4.050454 -0.944882,
        -8.700787 -3.956693 -0.944882,
        -8.712254 -3.862933 -0.944882,
        -8.712392 -3.861813 -0.944882,
        -8.745713 -3.774633 -0.944882,
        -8.746519 -3.772526 -0.944882,
        -8.799224 -3.696872 -0.944882,
        -8.801158 -3.694094 -0.944882,
        -8.869691 -3.634116 -0.944882,
        -8.873089 -3.631143 -0.944882,
        -8.952757 -3.589389 -0.944882,
        -8.952757 -4.145669 -1.102362,
        -8.952757 -3.767717 -1.102362,
        -8.918491 -4.114252 -1.102362,
        -8.918491 -3.799134 -1.102362,
        -8.885707 -4.067193 -1.102362,
        -8.885707 -3.846193 -1.102362,
        -8.865230 -3.899765 -1.102362,
        -8.858268 -3.956693 -1.102362,
        -8.865230 -4.013621 -1.102362,
        -8.952757 -3.738711 -1.076747,
        -8.952757 -4.174675 -1.076747,
        8.952757 -4.174675 -1.076747,
        8.952757 -3.738711 -1.076747,
        10.154798 -1.515748 0.215841,
        10.134418 -1.515748 0.180543,
        10.099120 -1.515748 0.160163,
        -10.099120 -1.515748 0.160163,
        -10.134418 -1.515748 0.180543,
        -10.154798 -1.515748 0.215841,
        -10.146931 -6.555119 3.897638,
        -10.118110 -6.555119 3.926459,
        10.079176 -6.555119 3.936891,
      ]
    }
    coordIndex [
      412, 413, 404, -1,
      404, 413, 405, -1,
      110, 105, 114, -1,
      114, 105, 108, -1,
      408, 409, 410, -1,
      410, 409, 411, -1,
      399, 165, 394, -1,
      394, 165, 168, -1,
      397, 167, 398, -1,
      398, 167, 166, -1,
      112, 107, 109, -1,
      109, 107, 106, -1,
      156, 39, 160, -1,
      160, 39, 42, -1,
      150, 35, 154, -1,
      154, 35, 38, -1,
      158, 41, 155, -1,
      155, 41, 40, -1,
      152, 37, 149, -1,
      149, 37, 36, -1,
      92, 87, 96, -1,
      96, 87, 90, -1,
      94, 89, 91, -1,
      91, 89, 88, -1,
      82, 77, 86, -1,
      86, 77, 80, -1,
      84, 79, 81, -1,
      81, 79, 78, -1,
      130, 27, 134, -1,
      134, 27, 30, -1,
      132, 29, 129, -1,
      129, 29, 28, -1,
      136, 31, 140, -1,
      140, 31, 34, -1,
      138, 33, 135, -1,
      135, 33, 32, -1,
      52, 47, 58, -1,
      58, 47, 50, -1,
      54, 49, 51, -1,
      51, 49, 48, -1,
      64, 59, 68, -1,
      68, 59, 62, -1,
      66, 61, 63, -1,
      63, 61, 60, -1,
      116, 23, 120, -1,
      120, 23, 26, -1,
      118, 25, 115, -1,
      115, 25, 24, -1,
      414, 415, 385, -1,
      385, 415, 386, -1,
      415, 416, 386, -1,
      386, 416, 387, -1,
      416, 417, 387, -1,
      387, 417, 382, -1,
      417, 418, 382, -1,
      382, 418, 383, -1,
      418, 419, 383, -1,
      383, 419, 384, -1,
      419, 420, 384, -1,
      384, 420, 380, -1,
      420, 421, 380, -1,
      380, 421, 381, -1,
      421, 414, 381, -1,
      381, 414, 385, -1,
      422, 416, 415, -1,
      414, 423, 415, -1,
      415, 423, 424, -1,
      415, 424, 422, -1,
      421, 420, 419, -1,
      417, 416, 418, -1,
      418, 416, 422, -1,
      418, 422, 419, -1,
      419, 422, 423, -1,
      419, 423, 421, -1,
      421, 423, 414, -1,
      422, 424, 425, -1,
      425, 424, 426, -1,
      423, 422, 427, -1,
      427, 422, 425, -1,
      424, 423, 426, -1,
      426, 423, 427, -1,
      428, 429, 376, -1,
      376, 429, 377, -1,
      429, 430, 377, -1,
      377, 430, 378, -1,
      430, 431, 378, -1,
      378, 431, 374, -1,
      432, 373, 375, -1,
      432, 375, 433, -1,
      433, 375, 374, -1,
      433, 374, 431, -1,
      434, 379, 435, -1,
      434, 435, 436, -1,
      436, 435, 437, -1,
      436, 437, 438, -1,
      438, 437, 373, -1,
      438, 373, 432, -1,
      428, 376, 439, -1,
      428, 439, 440, -1,
      440, 439, 441, -1,
      440, 441, 442, -1,
      442, 441, 443, -1,
      442, 443, 444, -1,
      444, 443, 379, -1,
      444, 379, 434, -1,
      445, 446, 442, -1,
      442, 446, 447, -1,
      442, 447, 440, -1,
      440, 447, 448, -1,
      440, 448, 428, -1,
      428, 448, 449, -1,
      428, 449, 429, -1,
      429, 449, 450, -1,
      429, 450, 430, -1,
      430, 450, 451, -1,
      430, 451, 431, -1,
      431, 451, 452, -1,
      431, 452, 433, -1,
      433, 452, 453, -1,
      433, 453, 432, -1,
      432, 453, 454, -1,
      432, 454, 438, -1,
      438, 454, 455, -1,
      438, 455, 436, -1,
      436, 455, 456, -1,
      436, 456, 434, -1,
      434, 456, 457, -1,
      434, 457, 444, -1,
      444, 457, 445, -1,
      444, 445, 442, -1,
      451, 450, 458, -1,
      458, 450, 459, -1,
      452, 451, 460, -1,
      460, 451, 458, -1,
      452, 460, 461, -1,
      452, 461, 453, -1,
      453, 461, 462, -1,
      453, 462, 454, -1,
      454, 462, 463, -1,
      454, 463, 455, -1,
      455, 463, 464, -1,
      455, 464, 456, -1,
      456, 464, 465, -1,
      456, 465, 457, -1,
      457, 465, 466, -1,
      457, 466, 445, -1,
      445, 466, 467, -1,
      445, 467, 446, -1,
      446, 467, 468, -1,
      446, 468, 447, -1,
      447, 468, 469, -1,
      447, 469, 448, -1,
      448, 469, 470, -1,
      448, 470, 449, -1,
      450, 449, 459, -1,
      459, 449, 470, -1,
      471, 472, 371, -1,
      371, 472, 372, -1,
      472, 473, 372, -1,
      372, 473, 362, -1,
      473, 474, 362, -1,
      362, 474, 361, -1,
      474, 475, 361, -1,
      361, 475, 366, -1,
      475, 476, 366, -1,
      366, 476, 365, -1,
      476, 477, 365, -1,
      365, 477, 364, -1,
      477, 478, 364, -1,
      364, 478, 363, -1,
      478, 479, 363, -1,
      363, 479, 367, -1,
      479, 480, 367, -1,
      367, 480, 368, -1,
      480, 481, 368, -1,
      368, 481, 369, -1,
      481, 482, 369, -1,
      369, 482, 370, -1,
      482, 471, 370, -1,
      370, 471, 371, -1,
      471, 482, 481, -1,
      481, 480, 471, -1,
      471, 480, 479, -1,
      471, 479, 472, -1,
      474, 473, 475, -1,
      475, 473, 472, -1,
      475, 472, 476, -1,
      476, 472, 479, -1,
      476, 479, 477, -1,
      477, 479, 478, -1,
      483, 328, 484, -1,
      483, 484, 485, -1,
      485, 484, 486, -1,
      485, 486, 487, -1,
      487, 486, 488, -1,
      487, 488, 489, -1,
      489, 488, 321, -1,
      489, 321, 490, -1,
      483, 491, 328, -1,
      328, 491, 330, -1,
      492, 327, 493, -1,
      492, 493, 494, -1,
      494, 493, 495, -1,
      494, 495, 496, -1,
      496, 495, 497, -1,
      496, 497, 498, -1,
      498, 497, 330, -1,
      498, 330, 491, -1,
      499, 326, 500, -1,
      499, 500, 501, -1,
      501, 500, 502, -1,
      501, 502, 503, -1,
      503, 502, 504, -1,
      503, 504, 505, -1,
      505, 504, 327, -1,
      505, 327, 492, -1,
      506, 331, 507, -1,
      506, 507, 508, -1,
      508, 507, 509, -1,
      508, 509, 510, -1,
      510, 509, 511, -1,
      510, 511, 512, -1,
      512, 511, 326, -1,
      512, 326, 499, -1,
      513, 329, 514, -1,
      513, 514, 515, -1,
      515, 514, 331, -1,
      515, 331, 506, -1,
      513, 516, 329, -1,
      329, 516, 325, -1,
      517, 324, 518, -1,
      517, 518, 519, -1,
      519, 518, 520, -1,
      519, 520, 521, -1,
      520, 522, 521, -1,
      521, 522, 523, -1,
      521, 523, 524, -1,
      524, 523, 325, -1,
      524, 325, 516, -1,
      525, 323, 526, -1,
      525, 526, 527, -1,
      527, 526, 528, -1,
      527, 528, 529, -1,
      529, 528, 530, -1,
      529, 530, 531, -1,
      531, 530, 517, -1,
      517, 530, 532, -1,
      517, 532, 324, -1,
      533, 322, 534, -1,
      533, 534, 535, -1,
      535, 534, 323, -1,
      535, 323, 525, -1,
      490, 321, 536, -1,
      490, 536, 537, -1,
      537, 536, 538, -1,
      537, 538, 539, -1,
      539, 538, 540, -1,
      539, 540, 541, -1,
      541, 540, 322, -1,
      541, 322, 533, -1,
      516, 513, 524, -1,
      524, 513, 515, -1,
      533, 535, 512, -1,
      512, 535, 510, -1,
      510, 535, 525, -1,
      510, 525, 527, -1,
      491, 483, 485, -1,
      491, 485, 498, -1,
      498, 485, 487, -1,
      498, 487, 489, -1,
      527, 529, 510, -1,
      510, 529, 531, -1,
      510, 531, 508, -1,
      508, 531, 517, -1,
      508, 517, 506, -1,
      506, 517, 519, -1,
      506, 519, 515, -1,
      515, 519, 521, -1,
      515, 521, 524, -1,
      512, 499, 533, -1,
      533, 499, 501, -1,
      533, 501, 541, -1,
      541, 501, 503, -1,
      541, 503, 539, -1,
      539, 503, 505, -1,
      539, 505, 537, -1,
      537, 505, 492, -1,
      537, 492, 490, -1,
      490, 492, 494, -1,
      490, 494, 489, -1,
      489, 494, 496, -1,
      489, 496, 498, -1,
      542, 543, 356, -1,
      356, 543, 360, -1,
      543, 544, 360, -1,
      360, 544, 359, -1,
      544, 545, 359, -1,
      359, 545, 358, -1,
      545, 546, 358, -1,
      358, 546, 357, -1,
      546, 547, 357, -1,
      357, 547, 355, -1,
      547, 542, 355, -1,
      355, 542, 356, -1,
      544, 543, 545, -1,
      545, 543, 542, -1,
      545, 542, 546, -1,
      546, 542, 547, -1,
      426, 427, 425, -1,
      458, 459, 460, -1,
      460, 459, 470, -1,
      460, 470, 461, -1,
      461, 470, 469, -1,
      461, 469, 462, -1,
      468, 467, 469, -1,
      469, 467, 466, -1,
      469, 466, 465, -1,
      465, 464, 469, -1,
      469, 464, 463, -1,
      469, 463, 462, -1,
      548, 549, 333, -1,
      333, 549, 342, -1,
      549, 550, 342, -1,
      342, 550, 551, -1,
      342, 551, 343, -1,
      551, 552, 343, -1,
      343, 552, 553, -1,
      343, 553, 335, -1,
      553, 554, 335, -1,
      335, 554, 555, -1,
      335, 555, 319, -1,
      555, 556, 319, -1,
      319, 556, 557, -1,
      319, 557, 320, -1,
      320, 557, 558, -1,
      320, 558, 337, -1,
      337, 558, 338, -1,
      558, 559, 338, -1,
      338, 559, 560, -1,
      338, 560, 339, -1,
      560, 561, 339, -1,
      339, 561, 562, -1,
      339, 562, 340, -1,
      562, 563, 340, -1,
      340, 563, 564, -1,
      340, 564, 334, -1,
      334, 564, 565, -1,
      334, 565, 566, -1,
      567, 568, 569, -1,
      569, 570, 567, -1,
      567, 570, 571, -1,
      567, 571, 572, -1,
      572, 571, 573, -1,
      573, 571, 574, -1,
      573, 574, 575, -1,
      576, 577, 351, -1,
      351, 577, 352, -1,
      577, 578, 352, -1,
      352, 578, 579, -1,
      352, 579, 353, -1,
      579, 580, 353, -1,
      353, 580, 581, -1,
      353, 581, 354, -1,
      581, 582, 354, -1,
      354, 582, 583, -1,
      354, 583, 344, -1,
      583, 584, 344, -1,
      344, 584, 585, -1,
      344, 585, 345, -1,
      345, 585, 586, -1,
      345, 586, 346, -1,
      346, 586, 347, -1,
      586, 587, 347, -1,
      347, 587, 588, -1,
      347, 588, 348, -1,
      588, 589, 348, -1,
      348, 589, 590, -1,
      348, 590, 349, -1,
      590, 591, 349, -1,
      349, 591, 592, -1,
      349, 592, 350, -1,
      350, 592, 593, -1,
      350, 593, 594, -1,
      595, 596, 597, -1,
      597, 596, 598, -1,
      597, 598, 599, -1,
      598, 600, 601, -1,
      601, 602, 598, -1,
      598, 602, 603, -1,
      598, 603, 599, -1,
      594, 593, 604, -1,
      605, 577, 576, -1,
      605, 595, 597, -1,
      598, 596, 604, -1,
      593, 592, 604, -1,
      604, 592, 591, -1,
      604, 591, 598, -1,
      598, 591, 590, -1,
      598, 590, 600, -1,
      590, 589, 600, -1,
      600, 589, 588, -1,
      600, 588, 601, -1,
      588, 587, 601, -1,
      601, 587, 586, -1,
      601, 586, 602, -1,
      602, 586, 585, -1,
      602, 585, 603, -1,
      603, 585, 584, -1,
      584, 583, 603, -1,
      603, 583, 582, -1,
      603, 582, 599, -1,
      582, 581, 599, -1,
      599, 581, 580, -1,
      599, 580, 597, -1,
      597, 580, 579, -1,
      597, 579, 605, -1,
      605, 579, 578, -1,
      605, 578, 577, -1,
      566, 565, 606, -1,
      607, 549, 548, -1,
      607, 568, 567, -1,
      570, 569, 606, -1,
      565, 564, 606, -1,
      606, 564, 563, -1,
      606, 563, 570, -1,
      570, 563, 562, -1,
      570, 562, 571, -1,
      562, 561, 571, -1,
      571, 561, 560, -1,
      571, 560, 574, -1,
      560, 559, 574, -1,
      574, 559, 558, -1,
      574, 558, 575, -1,
      575, 558, 557, -1,
      575, 557, 573, -1,
      573, 557, 556, -1,
      556, 555, 573, -1,
      573, 555, 554, -1,
      573, 554, 572, -1,
      554, 553, 572, -1,
      572, 553, 552, -1,
      572, 552, 567, -1,
      567, 552, 551, -1,
      567, 551, 607, -1,
      607, 551, 550, -1,
      607, 550, 549, -1,
      18, 169, 197, -1,
      18, 197, 608, -1,
      608, 197, 196, -1,
      608, 196, 16, -1,
      16, 196, 200, -1,
      16, 200, 609, -1,
      609, 200, 199, -1,
      609, 199, 17, -1,
      17, 199, 198, -1,
      17, 198, 610, -1,
      202, 201, 336, -1,
      332, 19, 610, -1,
      202, 336, 198, -1,
      198, 336, 610, -1,
      610, 336, 341, -1,
      610, 341, 332, -1,
      12, 389, 611, -1,
      611, 389, 388, -1,
      177, 175, 318, -1,
      318, 175, 388, -1,
      388, 175, 611, -1,
      611, 175, 174, -1,
      611, 174, 13, -1,
      13, 174, 176, -1,
      13, 176, 612, -1,
      612, 176, 178, -1,
      612, 178, 14, -1,
      14, 178, 211, -1,
      14, 211, 613, -1,
      613, 211, 171, -1,
      613, 171, 15, -1,
      22, 170, 614, -1,
      22, 614, 20, -1,
      20, 614, 615, -1,
      20, 615, 21, -1,
      21, 615, 182, -1,
      21, 182, 7, -1,
      193, 8, 9, -1,
      193, 9, 194, -1,
      194, 9, 10, -1,
      194, 10, 195, -1,
      11, 192, 10, -1,
      10, 192, 616, -1,
      10, 616, 195, -1,
      316, 315, 310, -1,
      310, 315, 314, -1,
      314, 313, 310, -1,
      310, 313, 312, -1,
      310, 312, 311, -1,
      210, 45, 207, -1,
      207, 45, 43, -1,
      209, 46, 210, -1,
      210, 46, 45, -1,
      44, 208, 43, -1,
      43, 208, 207, -1,
      208, 44, 209, -1,
      209, 44, 46, -1,
      184, 116, 183, -1,
      183, 116, 120, -1,
      185, 115, 184, -1,
      184, 115, 116, -1,
      119, 181, 120, -1,
      120, 181, 183, -1,
      180, 118, 185, -1,
      185, 118, 115, -1,
      117, 179, 119, -1,
      119, 179, 181, -1,
      179, 117, 180, -1,
      180, 117, 118, -1,
      203, 122, 204, -1,
      204, 122, 124, -1,
      122, 203, 121, -1,
      121, 203, 173, -1,
      121, 173, 172, -1,
      204, 124, 206, -1,
      206, 124, 123, -1,
      206, 123, 205, -1,
      205, 123, 172, -1,
      172, 123, 121, -1,
      51, 212, 54, -1,
      54, 212, 56, -1,
      52, 213, 51, -1,
      51, 213, 212, -1,
      58, 214, 52, -1,
      52, 214, 213, -1,
      57, 215, 58, -1,
      58, 215, 214, -1,
      215, 57, 55, -1,
      55, 57, 53, -1,
      66, 216, 65, -1,
      65, 216, 221, -1,
      63, 217, 66, -1,
      66, 217, 216, -1,
      220, 67, 221, -1,
      221, 67, 65, -1,
      64, 218, 63, -1,
      63, 218, 217, -1,
      219, 68, 220, -1,
      220, 68, 67, -1,
      68, 219, 64, -1,
      64, 219, 218, -1,
      269, 127, 268, -1,
      268, 127, 125, -1,
      267, 128, 269, -1,
      269, 128, 127, -1,
      126, 266, 125, -1,
      125, 266, 268, -1,
      266, 126, 267, -1,
      267, 126, 128, -1,
      223, 69, 225, -1,
      225, 69, 70, -1,
      222, 71, 223, -1,
      223, 71, 69, -1,
      72, 224, 70, -1,
      70, 224, 225, -1,
      224, 72, 222, -1,
      222, 72, 71, -1,
      229, 74, 228, -1,
      228, 74, 76, -1,
      227, 73, 229, -1,
      229, 73, 74, -1,
      75, 226, 76, -1,
      76, 226, 228, -1,
      226, 75, 227, -1,
      227, 75, 73, -1,
      270, 132, 271, -1,
      271, 132, 129, -1,
      275, 131, 270, -1,
      270, 131, 132, -1,
      130, 272, 129, -1,
      129, 272, 271, -1,
      274, 133, 275, -1,
      275, 133, 131, -1,
      134, 273, 130, -1,
      130, 273, 272, -1,
      273, 134, 274, -1,
      274, 134, 133, -1,
      139, 280, 140, -1,
      140, 280, 279, -1,
      137, 281, 139, -1,
      139, 281, 280, -1,
      278, 136, 279, -1,
      279, 136, 140, -1,
      138, 276, 137, -1,
      137, 276, 281, -1,
      277, 135, 278, -1,
      278, 135, 136, -1,
      135, 277, 138, -1,
      138, 277, 276, -1,
      285, 142, 282, -1,
      282, 142, 144, -1,
      284, 141, 285, -1,
      285, 141, 142, -1,
      143, 283, 144, -1,
      144, 283, 282, -1,
      283, 143, 284, -1,
      284, 143, 141, -1,
      235, 82, 230, -1,
      230, 82, 86, -1,
      234, 81, 235, -1,
      235, 81, 82, -1,
      85, 231, 86, -1,
      86, 231, 230, -1,
      233, 84, 234, -1,
      234, 84, 81, -1,
      83, 232, 85, -1,
      85, 232, 231, -1,
      232, 83, 233, -1,
      233, 83, 84, -1,
      289, 147, 286, -1,
      286, 147, 145, -1,
      288, 148, 289, -1,
      289, 148, 147, -1,
      146, 287, 145, -1,
      145, 287, 286, -1,
      287, 146, 288, -1,
      288, 146, 148, -1,
      294, 150, 295, -1,
      295, 150, 154, -1,
      293, 149, 294, -1,
      294, 149, 150, -1,
      153, 290, 154, -1,
      154, 290, 295, -1,
      292, 152, 293, -1,
      293, 152, 149, -1,
      151, 291, 153, -1,
      153, 291, 290, -1,
      291, 151, 292, -1,
      292, 151, 152, -1,
      158, 297, 157, -1,
      157, 297, 296, -1,
      155, 301, 158, -1,
      158, 301, 297, -1,
      298, 159, 296, -1,
      296, 159, 157, -1,
      156, 300, 155, -1,
      155, 300, 301, -1,
      299, 160, 298, -1,
      298, 160, 159, -1,
      160, 299, 156, -1,
      156, 299, 300, -1,
      94, 241, 93, -1,
      93, 241, 238, -1,
      91, 242, 94, -1,
      94, 242, 241, -1,
      245, 95, 238, -1,
      238, 95, 93, -1,
      92, 243, 91, -1,
      91, 243, 242, -1,
      244, 96, 245, -1,
      245, 96, 95, -1,
      96, 244, 92, -1,
      92, 244, 243, -1,
      240, 99, 237, -1,
      237, 99, 97, -1,
      239, 100, 240, -1,
      240, 100, 99, -1,
      98, 236, 97, -1,
      97, 236, 237, -1,
      236, 98, 239, -1,
      239, 98, 100, -1,
      249, 103, 246, -1,
      246, 103, 101, -1,
      248, 104, 249, -1,
      249, 104, 103, -1,
      102, 247, 101, -1,
      101, 247, 246, -1,
      247, 102, 248, -1,
      248, 102, 104, -1,
      302, 161, 303, -1,
      303, 161, 162, -1,
      305, 163, 302, -1,
      302, 163, 161, -1,
      164, 304, 162, -1,
      162, 304, 303, -1,
      304, 164, 305, -1,
      305, 164, 163, -1,
      252, 110, 253, -1,
      253, 110, 114, -1,
      251, 109, 252, -1,
      252, 109, 110, -1,
      113, 254, 114, -1,
      114, 254, 253, -1,
      250, 112, 251, -1,
      251, 112, 109, -1,
      111, 255, 113, -1,
      113, 255, 254, -1,
      255, 111, 250, -1,
      250, 111, 112, -1,
      265, 391, 262, -1,
      262, 391, 392, -1,
      264, 390, 265, -1,
      265, 390, 391, -1,
      393, 263, 392, -1,
      392, 263, 262, -1,
      263, 393, 264, -1,
      264, 393, 390, -1,
      187, 397, 188, -1,
      188, 397, 398, -1,
      186, 396, 187, -1,
      187, 396, 397, -1,
      399, 189, 398, -1,
      398, 189, 188, -1,
      191, 395, 186, -1,
      186, 395, 396, -1,
      394, 190, 399, -1,
      399, 190, 189, -1,
      190, 394, 191, -1,
      191, 394, 395, -1,
      308, 403, 306, -1,
      306, 403, 400, -1,
      309, 402, 308, -1,
      308, 402, 403, -1,
      401, 307, 400, -1,
      400, 307, 306, -1,
      307, 401, 309, -1,
      309, 401, 402, -1,
      256, 408, 257, -1,
      257, 408, 410, -1,
      261, 407, 256, -1,
      256, 407, 408, -1,
      412, 258, 410, -1,
      410, 258, 257, -1,
      260, 406, 261, -1,
      261, 406, 407, -1,
      404, 259, 412, -1,
      412, 259, 258, -1,
      259, 404, 260, -1,
      260, 404, 406, -1,
      3, 5, 4, -1,
      4, 5, 317, -1,
      2, 6, 1, -1,
      1, 6, 0, -1,
      607, 548, 333, -1,
      333, 334, 566, -1,
      568, 607, 569, -1,
      569, 607, 333, -1,
      569, 333, 606, -1,
      606, 333, 566, -1,
      605, 576, 351, -1,
      351, 350, 594, -1,
      595, 605, 596, -1,
      596, 605, 351, -1,
      596, 351, 604, -1,
      604, 351, 594, -1,
    ]
  }
}
