#VRML V2.0 utf8

Shape {
  appearance Appearance {
    material Material {
      diffuseColor 0.7529 0.7529 0.7529
      specularColor 0.3765 0.3765 0.3765
      ambientIntensity 0.2
      transparency 0.0000
      shininess 0.5
    }
  }
  geometry IndexedFaceSet {
    ccw TRUE
    solid FALSE
    coord DEF co Coordinate {
      point [
        -7.519684 -3.236123 0.157480,
        -7.519684 -3.405512 0.157480,
        -7.519684 -3.405512 0.000000,
        -7.519684 -1.515748 0.000000,
        -7.519684 -1.515748 0.157480,
        -7.519684 -2.569551 0.157480,
        -7.519684 -2.892588 0.157480,
        7.519684 -3.405512 0.000000,
        7.519684 -3.405512 0.157480,
        7.519684 -3.236123 0.157480,
        7.519684 -1.515748 0.157480,
        7.519684 -1.515748 0.000000,
        7.519684 -2.569551 0.157480,
        7.519684 -2.892588 0.157480,
        7.560308 -4.331863 -0.944882,
        7.646211 -4.292649 -0.944882,
        7.560308 -4.331863 0.000000,
        7.650268 -4.290135 0.000000,
        7.726947 -4.227253 0.157480,
        7.716535 -4.237851 0.157480,
        7.716535 -4.237851 0.000000,
        7.716535 -3.675534 0.157480,
        7.726947 -3.686133 0.157480,
        7.716535 -3.675534 0.000000,
        7.726594 -3.686395 -0.944882,
        7.650268 -3.623250 0.000000,
        7.724476 -3.683544 -0.944882,
        7.649905 -3.623702 -0.944882,
        7.560308 -3.581523 0.000000,
        7.646211 -3.620737 -0.944882,
        7.560308 -3.581523 -0.944882,
        7.649905 -4.289684 -0.944882,
        7.724476 -4.229842 -0.944882,
        7.726594 -4.226991 -0.944882,
        7.784320 -4.149289 -0.944882,
        7.785481 -4.147205 0.157480,
        7.785206 -4.147094 -0.944882,
        7.821857 -4.056224 -0.944882,
        7.822156 -4.055070 0.157480,
        7.822007 -4.055050 -0.944882,
        7.834646 -3.956693 -0.944882,
        7.834646 -3.956693 0.157480,
        7.822007 -3.858335 -0.944882,
        7.822156 -3.858316 0.157480,
        7.785481 -3.766181 0.157480,
        7.821857 -3.857161 -0.944882,
        7.785206 -3.766292 -0.944882,
        7.784320 -3.764096 -0.944882,
        7.611064 -3.792803 -1.102362,
        7.564105 -4.158266 -1.102362,
        7.564105 -3.755119 -1.102362,
        7.560308 -4.160537 -1.102362,
        7.560308 -3.752848 -1.102362,
        7.646970 -4.072251 -1.102362,
        7.669492 -3.896974 -1.102362,
        7.669492 -4.016412 -1.102362,
        7.677165 -3.956693 -1.102362,
        7.646970 -3.841135 -1.102362,
        7.611064 -4.120582 -1.102362,
        -7.560308 -3.581523 -0.944882,
        -7.646211 -3.620737 -0.944882,
        -7.560308 -3.581523 0.000000,
        -7.650268 -3.623250 0.000000,
        -7.726947 -3.686133 0.157480,
        -7.716535 -3.675534 0.157480,
        -7.716535 -3.675534 0.000000,
        -7.716535 -4.237851 0.157480,
        -7.726947 -4.227253 0.157480,
        -7.716535 -4.237851 0.000000,
        -7.726594 -4.226991 -0.944882,
        -7.650268 -4.290135 0.000000,
        -7.724476 -4.229842 -0.944882,
        -7.649905 -4.289684 -0.944882,
        -7.560308 -4.331863 0.000000,
        -7.646211 -4.292649 -0.944882,
        -7.560308 -4.331863 -0.944882,
        -7.649905 -3.623702 -0.944882,
        -7.724476 -3.683544 -0.944882,
        -7.726594 -3.686395 -0.944882,
        -7.784320 -3.764096 -0.944882,
        -7.785481 -3.766181 0.157480,
        -7.785206 -3.766292 -0.944882,
        -7.821857 -3.857161 -0.944882,
        -7.822156 -3.858316 0.157480,
        -7.822007 -3.858335 -0.944882,
        -7.834646 -3.956693 -0.944882,
        -7.834646 -3.956693 0.157480,
        -7.822007 -4.055050 -0.944882,
        -7.822156 -4.055070 0.157480,
        -7.785481 -4.147205 0.157480,
        -7.821857 -4.056224 -0.944882,
        -7.785206 -4.147094 -0.944882,
        -7.784320 -4.149289 -0.944882,
        -7.611064 -4.120582 -1.102362,
        -7.564105 -3.755119 -1.102362,
        -7.564105 -4.158266 -1.102362,
        -7.560308 -3.752848 -1.102362,
        -7.560308 -4.160537 -1.102362,
        -7.646970 -4.072251 -1.102362,
        -7.669492 -4.016412 -1.102362,
        -7.677165 -3.956693 -1.102362,
        -7.669492 -3.896974 -1.102362,
        -7.646970 -3.841135 -1.102362,
        -7.611064 -3.792803 -1.102362,
        -7.716535 -5.374016 0.157480,
        -7.716535 -5.374016 -0.000000,
        -7.560308 -5.374016 0.000000,
        7.560308 -5.374016 0.000000,
        7.716535 -5.374016 0.000000,
        7.716535 -5.374016 0.157480,
        -7.716535 -1.515748 0.000000,
        -7.560308 -3.405512 0.000000,
        7.560308 -3.405512 0.000000,
        7.716535 -1.515748 0.000000,
        7.716535 -1.515748 0.157480,
        -8.077756 -1.515748 0.482649,
        -8.503937 -1.515748 0.482649,
        -8.503937 -1.515748 2.007874,
        -0.008012 -1.515748 0.157480,
        -0.000000 -1.515748 0.482649,
        1.653543 -1.515748 0.482649,
        -8.503937 -1.515748 0.236220,
        8.503937 -1.515748 0.908961,
        8.503937 -1.515748 0.482649,
        7.651574 -1.515748 0.965299,
        7.230315 -1.515748 0.965299,
        6.614173 -1.515748 0.482649,
        7.230315 -1.515748 1.391732,
        6.614173 -1.515748 2.007874,
        7.651574 -1.515748 1.391732,
        8.503937 -1.515748 2.007874,
        8.503937 -1.515748 1.186293,
        8.624026 -1.515748 0.978294,
        8.573270 -1.515748 0.927538,
        8.642603 -1.515748 1.047627,
        8.624026 -1.515748 1.116960,
        8.573270 -1.515748 1.167715,
        8.503937 -1.515748 3.648139,
        7.651574 -1.515748 3.045276,
        8.503937 -1.515748 3.858268,
        8.493387 -1.515748 3.897638,
        8.464567 -1.515748 3.926459,
        8.425198 -1.515748 3.937008,
        6.614173 -1.515748 3.937008,
        7.230315 -1.515748 3.045276,
        7.230315 -1.515748 2.624016,
        7.651574 -1.515748 2.624016,
        8.503937 -1.515748 3.416475,
        8.561853 -1.515748 3.632620,
        8.604250 -1.515748 3.590223,
        8.619769 -1.515748 3.532307,
        8.604250 -1.515748 3.474391,
        8.561853 -1.515748 3.431993,
        -8.503937 -1.515748 3.858268,
        -8.493387 -1.515748 3.897638,
        -8.464567 -1.515748 3.926459,
        -8.464567 -1.515748 0.168030,
        -8.493387 -1.515748 0.196850,
        -8.425198 -1.515748 0.157480,
        -8.077756 -1.515748 0.157480,
        -7.716535 -1.515748 0.157480,
        -6.614173 -1.515748 0.157480,
        -6.614173 -1.515748 0.482649,
        -4.960630 -1.515748 0.157480,
        -4.960630 -1.515748 0.482649,
        -3.307087 -1.515748 0.157480,
        -3.307087 -1.515748 0.482649,
        6.614173 -1.515748 0.157480,
        4.960630 -1.515748 0.482649,
        4.960630 -1.515748 0.157480,
        3.307087 -1.515748 0.482649,
        3.307087 -1.515748 0.157480,
        1.653543 -1.515748 0.157480,
        8.493387 -1.515748 0.196850,
        8.464567 -1.515748 0.168030,
        8.503937 -1.515748 0.236220,
        8.425198 -1.515748 0.157480,
        5.576772 -1.515748 1.391732,
        4.960630 -1.515748 2.007874,
        5.998032 -1.515748 1.391732,
        5.998032 -1.515748 0.965299,
        5.576772 -1.515748 0.965299,
        3.923228 -1.515748 1.391732,
        3.307087 -1.515748 2.007874,
        4.344488 -1.515748 1.391732,
        4.344488 -1.515748 0.965299,
        3.923228 -1.515748 0.965299,
        2.269685 -1.515748 1.391732,
        1.653543 -1.515748 2.007874,
        2.690945 -1.515748 1.391732,
        2.690945 -1.515748 0.965299,
        2.269685 -1.515748 0.965299,
        1.037402 -1.515748 1.391732,
        1.037402 -1.515748 0.965299,
        0.616142 -1.515748 0.965299,
        0.616142 -1.515748 1.391732,
        -0.000000 -1.515748 2.007874,
        -2.690945 -1.515748 0.965299,
        -2.269685 -1.515748 0.965299,
        -1.037402 -1.515748 0.965299,
        -0.616142 -1.515748 0.965299,
        -2.690945 -1.515748 1.391732,
        -3.307087 -1.515748 2.007874,
        -2.269685 -1.515748 1.391732,
        -0.616142 -1.515748 1.391732,
        -1.037402 -1.515748 1.391732,
        -3.923228 -1.515748 1.391732,
        -3.923228 -1.515748 0.965299,
        -4.344488 -1.515748 0.965299,
        -4.344488 -1.515748 1.391732,
        -4.960630 -1.515748 2.007874,
        -5.998032 -1.515748 1.391732,
        -6.614173 -1.515748 2.007874,
        -5.576772 -1.515748 1.391732,
        -5.576772 -1.515748 0.965299,
        -5.998032 -1.515748 0.965299,
        -7.651574 -1.515748 0.965299,
        -7.230315 -1.515748 0.965299,
        -7.230315 -1.515748 1.391732,
        -8.077756 -1.515748 2.007874,
        -7.651574 -1.515748 1.391732,
        -8.425198 -1.515748 3.937008,
        -8.077756 -1.515748 3.937008,
        5.998032 -1.515748 3.045276,
        5.998032 -1.515748 2.624016,
        5.576772 -1.515748 2.624016,
        5.576772 -1.515748 3.045276,
        4.960630 -1.515748 3.937008,
        4.344488 -1.515748 3.045276,
        4.344488 -1.515748 2.624016,
        3.923228 -1.515748 2.624016,
        3.923228 -1.515748 3.045276,
        3.307087 -1.515748 3.937008,
        2.690945 -1.515748 3.045276,
        2.690945 -1.515748 2.624016,
        2.269685 -1.515748 2.624016,
        2.269685 -1.515748 3.045276,
        1.653543 -1.515748 3.937008,
        1.037402 -1.515748 3.045276,
        1.037402 -1.515748 2.624016,
        0.616142 -1.515748 2.624016,
        0.616142 -1.515748 3.045276,
        -0.000000 -1.515748 3.937008,
        -2.690945 -1.515748 2.624016,
        -2.690945 -1.515748 3.045276,
        -3.307087 -1.515748 3.937008,
        -2.269685 -1.515748 3.045276,
        -2.269685 -1.515748 2.624016,
        -1.037402 -1.515748 3.045276,
        -0.616142 -1.515748 3.045276,
        -0.616142 -1.515748 2.624016,
        -1.037402 -1.515748 2.624016,
        -3.923228 -1.515748 3.045276,
        -3.923228 -1.515748 2.624016,
        -4.344488 -1.515748 2.624016,
        -4.344488 -1.515748 3.045276,
        -4.960630 -1.515748 3.937008,
        -5.576772 -1.515748 3.045276,
        -5.576772 -1.515748 2.624016,
        -5.998032 -1.515748 2.624016,
        -5.998032 -1.515748 3.045276,
        -6.614173 -1.515748 3.937008,
        -7.230315 -1.515748 3.045276,
        -7.230315 -1.515748 2.624016,
        -7.651574 -1.515748 2.624016,
        -7.651574 -1.515748 3.045276,
        -7.651574 -3.799213 3.045276,
        -8.208661 -3.799213 3.641732,
        -7.651574 -3.799213 2.624016,
        -8.208661 -3.799213 2.106299,
        -7.230315 -3.799213 2.624016,
        -6.673229 -3.799213 2.106299,
        -7.230315 -3.799213 3.045276,
        -6.673229 -3.799213 3.641732,
        -5.576772 -3.799213 2.624016,
        -5.998032 -3.799213 2.624016,
        -6.161418 -3.799213 2.106299,
        -5.413386 -3.799213 2.106299,
        -5.019685 -3.799213 2.500000,
        -5.576772 -3.799213 3.045276,
        -5.019685 -3.799213 3.641732,
        -5.998032 -3.799213 3.045276,
        -6.555119 -3.799213 3.641732,
        -6.555119 -3.799213 2.500000,
        -3.923228 -3.799213 2.624016,
        -4.344488 -3.799213 2.624016,
        -4.507874 -3.799213 2.106299,
        -3.759842 -3.799213 2.106299,
        -3.366142 -3.799213 2.500000,
        -3.923228 -3.799213 3.045276,
        -3.366142 -3.799213 3.641732,
        -4.344488 -3.799213 3.045276,
        -4.901575 -3.799213 3.641732,
        -4.901575 -3.799213 2.500000,
        -2.690945 -3.799213 3.045276,
        -3.248031 -3.799213 3.641732,
        -2.690945 -3.799213 2.624016,
        -3.248031 -3.799213 2.106299,
        -2.269685 -3.799213 2.624016,
        -1.712598 -3.799213 2.106299,
        -2.269685 -3.799213 3.045276,
        -1.712598 -3.799213 3.641732,
        -1.037402 -3.799213 3.045276,
        -1.594488 -3.799213 3.641732,
        -1.037402 -3.799213 2.624016,
        -1.594488 -3.799213 2.106299,
        -0.616142 -3.799213 2.624016,
        -0.059055 -3.799213 2.106299,
        -0.616142 -3.799213 3.045276,
        -0.059055 -3.799213 3.641732,
        1.037402 -3.799213 2.624016,
        0.616142 -3.799213 2.624016,
        0.452756 -3.799213 2.106299,
        1.200787 -3.799213 2.106299,
        1.594488 -3.799213 2.500000,
        1.037402 -3.799213 3.045276,
        1.594488 -3.799213 3.641732,
        0.616142 -3.799213 3.045276,
        0.059055 -3.799213 3.641732,
        0.059055 -3.799213 2.500000,
        2.690945 -3.799213 2.624016,
        2.269685 -3.799213 2.624016,
        2.106299 -3.799213 2.106299,
        2.854331 -3.799213 2.106299,
        3.248031 -3.799213 2.500000,
        2.690945 -3.799213 3.045276,
        3.248031 -3.799213 3.641732,
        2.269685 -3.799213 3.045276,
        1.712598 -3.799213 3.641732,
        1.712598 -3.799213 2.500000,
        4.344488 -3.799213 3.045276,
        4.901575 -3.799213 3.641732,
        3.923228 -3.799213 3.045276,
        3.366142 -3.799213 3.641732,
        3.923228 -3.799213 2.624016,
        3.366142 -3.799213 2.106299,
        4.344488 -3.799213 2.624016,
        4.901575 -3.799213 2.106299,
        5.998032 -3.799213 3.045276,
        6.555119 -3.799213 3.641732,
        5.576772 -3.799213 3.045276,
        5.019685 -3.799213 3.641732,
        5.576772 -3.799213 2.624016,
        5.019685 -3.799213 2.106299,
        5.998032 -3.799213 2.624016,
        6.555119 -3.799213 2.106299,
        -7.230315 -3.799213 0.970472,
        -7.651574 -3.799213 0.970472,
        -7.814961 -3.799213 0.452756,
        -7.066930 -3.799213 0.452756,
        -6.673229 -3.799213 0.846457,
        -7.230315 -3.799213 1.391732,
        -6.673229 -3.799213 1.988189,
        -7.651574 -3.799213 1.391732,
        -8.208661 -3.799213 1.988189,
        -8.208661 -3.799213 0.846457,
        -7.066930 -6.515748 0.452756,
        -7.814961 -6.515748 0.452756,
        -6.673229 -6.515748 1.988189,
        -6.673229 -6.515748 0.846457,
        -8.208661 -6.515748 1.988189,
        -8.208661 -6.515748 0.846457,
        -5.998032 -3.799213 1.391732,
        -6.555119 -3.799213 1.988189,
        -5.998032 -3.799213 0.970472,
        -6.555119 -3.799213 0.452756,
        -5.576772 -3.799213 0.970472,
        -5.019685 -3.799213 0.452756,
        -5.576772 -3.799213 1.391732,
        -5.019685 -3.799213 1.988189,
        -5.019685 -6.515748 0.452756,
        -6.555119 -6.515748 0.452756,
        -5.019685 -6.515748 1.988189,
        -6.555119 -6.515748 1.988189,
        -4.344488 -3.799213 1.391732,
        -4.901575 -3.799213 1.988189,
        -4.344488 -3.799213 0.970472,
        -4.901575 -3.799213 0.452756,
        -3.923228 -3.799213 0.970472,
        -3.366142 -3.799213 0.452756,
        -3.923228 -3.799213 1.391732,
        -3.366142 -3.799213 1.988189,
        -3.366142 -6.515748 0.452756,
        -4.901575 -6.515748 0.452756,
        -3.366142 -6.515748 1.988189,
        -4.901575 -6.515748 1.988189,
        -2.269685 -3.799213 0.970472,
        -2.690945 -3.799213 0.970472,
        -2.854331 -3.799213 0.452756,
        -2.106299 -3.799213 0.452756,
        -1.712598 -3.799213 0.846457,
        -2.269685 -3.799213 1.391732,
        -1.712598 -3.799213 1.988189,
        -2.690945 -3.799213 1.391732,
        -3.248031 -3.799213 1.988189,
        -3.248031 -3.799213 0.846457,
        -2.106299 -6.515748 0.452756,
        -2.854331 -6.515748 0.452756,
        -1.712598 -6.515748 1.988189,
        -1.712598 -6.515748 0.846457,
        -3.248031 -6.515748 1.988189,
        -3.248031 -6.515748 0.846457,
        -0.616142 -3.799213 0.970472,
        -1.037402 -3.799213 0.970472,
        -1.200787 -3.799213 0.452756,
        -0.452756 -3.799213 0.452756,
        -0.059055 -3.799213 0.846457,
        -0.616142 -3.799213 1.391732,
        -0.059055 -3.799213 1.988189,
        -1.037402 -3.799213 1.391732,
        -1.594488 -3.799213 1.988189,
        -1.594488 -3.799213 0.846457,
        -0.452756 -6.515748 0.452756,
        -1.200787 -6.515748 0.452756,
        -0.059055 -6.515748 1.988189,
        -0.059055 -6.515748 0.846457,
        -1.594488 -6.515748 1.988189,
        -1.594488 -6.515748 0.846457,
        0.616142 -3.799213 1.391732,
        0.059055 -3.799213 1.988189,
        0.616142 -3.799213 0.970472,
        0.059055 -3.799213 0.452756,
        1.037402 -3.799213 0.970472,
        1.594488 -3.799213 0.452756,
        1.037402 -3.799213 1.391732,
        1.594488 -3.799213 1.988189,
        1.594488 -6.515748 0.452756,
        0.059055 -6.515748 0.452756,
        1.594488 -6.515748 1.988189,
        0.059055 -6.515748 1.988189,
        2.269685 -3.799213 1.391732,
        1.712598 -3.799213 1.988189,
        2.269685 -3.799213 0.970472,
        1.712598 -3.799213 0.452756,
        2.690945 -3.799213 0.970472,
        3.248031 -3.799213 0.452756,
        2.690945 -3.799213 1.391732,
        3.248031 -3.799213 1.988189,
        3.248031 -6.515748 0.452756,
        1.712598 -6.515748 0.452756,
        3.248031 -6.515748 1.988189,
        1.712598 -6.515748 1.988189,
        4.344488 -3.799213 0.970472,
        3.923228 -3.799213 0.970472,
        3.759842 -3.799213 0.452756,
        4.507874 -3.799213 0.452756,
        4.901575 -3.799213 0.846457,
        4.344488 -3.799213 1.391732,
        4.901575 -3.799213 1.988189,
        3.923228 -3.799213 1.391732,
        3.366142 -3.799213 1.988189,
        3.366142 -3.799213 0.846457,
        4.507874 -6.515748 0.452756,
        3.759842 -6.515748 0.452756,
        4.901575 -6.515748 1.988189,
        4.901575 -6.515748 0.846457,
        3.366142 -6.515748 1.988189,
        3.366142 -6.515748 0.846457,
        -6.673229 -6.515748 2.106299,
        -8.208661 -6.515748 2.106299,
        -6.673229 -6.515748 3.641732,
        -8.208661 -6.515748 3.641732,
        -5.413386 -6.515748 2.106299,
        -6.161418 -6.515748 2.106299,
        -5.019685 -6.515748 3.641732,
        -5.019685 -6.515748 2.500000,
        -6.555119 -6.515748 3.641732,
        -6.555119 -6.515748 2.500000,
        -3.759842 -6.515748 2.106299,
        -4.507874 -6.515748 2.106299,
        -3.366142 -6.515748 3.641732,
        -3.366142 -6.515748 2.500000,
        -4.901575 -6.515748 3.641732,
        -4.901575 -6.515748 2.500000,
        -1.712598 -6.515748 2.106299,
        -3.248031 -6.515748 2.106299,
        -1.712598 -6.515748 3.641732,
        -3.248031 -6.515748 3.641732,
        -0.059055 -6.515748 2.106299,
        -1.594488 -6.515748 2.106299,
        -0.059055 -6.515748 3.641732,
        -1.594488 -6.515748 3.641732,
        1.200787 -6.515748 2.106299,
        0.452756 -6.515748 2.106299,
        1.594488 -6.515748 3.641732,
        1.594488 -6.515748 2.500000,
        0.059055 -6.515748 3.641732,
        0.059055 -6.515748 2.500000,
        2.854331 -6.515748 2.106299,
        2.106299 -6.515748 2.106299,
        3.248031 -6.515748 3.641732,
        3.248031 -6.515748 2.500000,
        1.712598 -6.515748 3.641732,
        1.712598 -6.515748 2.500000,
        4.901575 -6.515748 2.106299,
        3.366142 -6.515748 2.106299,
        4.901575 -6.515748 3.641732,
        3.366142 -6.515748 3.641732,
        7.651574 -3.799213 2.624016,
        7.230315 -3.799213 2.624016,
        7.066930 -3.799213 2.106299,
        7.814961 -3.799213 2.106299,
        8.208661 -3.799213 2.500000,
        7.651574 -3.799213 3.045276,
        8.208661 -3.799213 3.641732,
        7.230315 -3.799213 3.045276,
        6.673229 -3.799213 3.641732,
        6.673229 -3.799213 2.500000,
        8.503937 -6.555119 0.908961,
        8.503937 -6.555119 0.236220,
        -8.503937 -6.555119 2.047244,
        -8.503937 -6.555119 3.858268,
        -8.503937 -6.555119 0.236220,
        -0.019685 -6.555119 3.681102,
        -0.019685 -6.555119 2.066929,
        -0.000000 -6.555119 2.047244,
        -3.307087 -6.555119 0.157480,
        -1.653543 -6.555119 0.157480,
        -1.653543 -6.555119 0.285433,
        8.503937 -6.555119 1.186293,
        8.503937 -6.555119 2.047244,
        8.445318 -6.555119 2.047244,
        -8.445576 -6.555119 0.160163,
        -8.425198 -6.555119 0.157480,
        -7.883614 -6.555119 0.157480,
        -8.503937 -6.555119 0.285433,
        -8.493387 -6.555119 0.196850,
        -8.480875 -6.555119 0.180543,
        -8.464567 -6.555119 0.168030,
        -8.501254 -6.555119 0.215841,
        -6.614173 -6.555119 2.047244,
        -6.633858 -6.555119 2.066929,
        -8.248032 -6.555119 2.066929,
        -8.248032 -6.555119 3.681102,
        -8.486758 -6.555119 3.907361,
        -8.496139 -6.555119 3.892432,
        -8.501963 -6.555119 3.875789,
        -8.442719 -6.555119 3.935034,
        -8.459361 -6.555119 3.929210,
        -8.474291 -6.555119 3.919830,
        -6.633858 -6.555119 3.681102,
        -6.614173 -6.555119 3.937008,
        -8.425198 -6.555119 3.937008,
        8.248032 -6.555119 3.681102,
        8.248032 -6.555119 2.483692,
        7.831269 -6.555119 2.066929,
        8.445318 -6.555119 3.934359,
        8.425198 -6.555119 3.937008,
        6.633858 -6.555119 3.681102,
        6.614173 -6.555119 3.937008,
        6.633858 -6.555119 2.483692,
        6.614173 -6.555119 2.047244,
        7.050622 -6.555119 2.066929,
        8.503937 -6.555119 3.858268,
        8.445576 -6.555119 3.934325,
        8.501254 -6.555119 3.878647,
        8.493387 -6.555119 3.897638,
        8.464567 -6.555119 3.926459,
        8.480875 -6.555119 3.913946,
        8.445318 -6.555119 0.285433,
        8.503937 -6.555119 0.285433,
        8.573270 -6.555119 1.167715,
        8.539826 -6.555119 1.181568,
        8.624026 -6.555119 0.978294,
        8.601989 -6.555119 0.949575,
        8.539826 -6.555119 0.913685,
        8.573270 -6.555119 0.927538,
        8.642603 -6.555119 1.047627,
        8.637878 -6.555119 1.083516,
        8.637878 -6.555119 1.011737,
        8.624026 -6.555119 1.116960,
        8.601989 -6.555119 1.145679,
        8.493387 -6.555119 0.196850,
        8.501254 -6.555119 0.215841,
        8.445576 -6.555119 0.160163,
        8.464567 -6.555119 0.168030,
        8.480875 -6.555119 0.180543,
        4.960630 -6.555119 0.157480,
        6.614173 -6.555119 0.157480,
        6.614173 -6.555119 0.285433,
        8.425198 -6.555119 0.157480,
        8.445318 -6.555119 0.160129,
        -3.307087 -6.555119 0.285433,
        -3.840570 -6.555119 0.157480,
        -4.960630 -6.555119 0.285433,
        -6.614173 -6.555119 0.285433,
        -6.614173 -6.555119 0.157480,
        -4.960630 -6.555119 0.157480,
        -0.000000 -6.555119 0.285433,
        -0.314897 -6.555119 0.157480,
        -0.000000 -6.555119 0.157480,
        0.230228 -6.555119 0.157480,
        0.587587 -6.555119 0.157480,
        3.307087 -6.555119 0.285433,
        3.307087 -6.555119 0.157480,
        3.901203 -6.555119 0.157480,
        4.960630 -6.555119 0.285433,
        -6.633858 -6.555119 0.830149,
        -7.050622 -6.555119 0.413386,
        -7.831269 -6.555119 0.413386,
        -8.248032 -6.555119 0.830149,
        -8.248032 -6.555119 2.027559,
        -6.633858 -6.555119 2.027559,
        -4.960630 -6.555119 2.047244,
        -4.980315 -6.555119 2.027559,
        -4.980315 -6.555119 0.413386,
        -6.594488 -6.555119 2.027559,
        -6.594488 -6.555119 0.413386,
        -3.307087 -6.555119 2.047244,
        -3.326772 -6.555119 2.027559,
        -3.326772 -6.555119 0.413386,
        -2.870638 -6.555119 0.413386,
        -3.287401 -6.555119 0.830149,
        -4.940945 -6.555119 2.027559,
        -4.940945 -6.555119 0.413386,
        -3.287401 -6.555119 2.027559,
        -1.673228 -6.555119 2.027559,
        -1.653543 -6.555119 2.047244,
        -1.673228 -6.555119 0.830149,
        -2.089991 -6.555119 0.413386,
        -0.019685 -6.555119 0.830149,
        -0.436448 -6.555119 0.413386,
        -1.217095 -6.555119 0.413386,
        -1.633858 -6.555119 0.830149,
        -1.633858 -6.555119 2.027559,
        -0.019685 -6.555119 2.027559,
        1.633858 -6.555119 0.413386,
        1.673228 -6.555119 0.413386,
        1.633858 -6.555119 2.027559,
        1.673228 -6.555119 2.027559,
        3.307087 -6.555119 2.047244,
        3.287401 -6.555119 0.413386,
        3.287401 -6.555119 2.027559,
        0.019685 -6.555119 0.413386,
        0.019685 -6.555119 2.027559,
        4.940945 -6.555119 0.830149,
        4.960630 -6.555119 2.047244,
        4.524182 -6.555119 0.413386,
        3.743535 -6.555119 0.413386,
        3.326772 -6.555119 0.830149,
        3.326772 -6.555119 2.027559,
        4.940945 -6.555119 2.027559,
        6.594488 -6.555119 0.830149,
        6.177725 -6.555119 0.413386,
        5.397078 -6.555119 0.413386,
        4.980315 -6.555119 0.830149,
        4.980315 -6.555119 2.027559,
        6.594488 -6.555119 2.027559,
        8.248032 -6.555119 2.027559,
        8.248032 -6.555119 0.413386,
        6.633858 -6.555119 0.413386,
        6.633858 -6.555119 2.027559,
        -4.980315 -6.555119 2.483692,
        -4.960630 -6.555119 3.937008,
        -5.397078 -6.555119 2.066929,
        -6.177725 -6.555119 2.066929,
        -6.594488 -6.555119 2.483692,
        -6.594488 -6.555119 3.681102,
        -4.980315 -6.555119 3.681102,
        -3.326772 -6.555119 2.539370,
        -3.799213 -6.555119 2.066929,
        -4.468504 -6.555119 2.066929,
        -4.940945 -6.555119 2.539370,
        -4.940945 -6.555119 3.681102,
        -3.307087 -6.555119 3.937008,
        -3.326772 -6.555119 3.681102,
        -1.673228 -6.555119 3.681102,
        -1.653543 -6.555119 3.937008,
        -3.287401 -6.555119 3.681102,
        -1.673228 -6.555119 2.066929,
        -3.287401 -6.555119 2.066929,
        -1.633858 -6.555119 2.066929,
        -1.633858 -6.555119 3.681102,
        1.673228 -6.555119 3.681102,
        3.287401 -6.555119 3.681102,
        3.307087 -6.555119 3.937008,
        3.287401 -6.555119 2.483692,
        1.633858 -6.555119 3.681102,
        0.669291 -6.555119 3.937008,
        0.019685 -6.555119 3.681102,
        -0.000000 -6.555119 3.937008,
        0.019685 -6.555119 2.483692,
        1.217095 -6.555119 2.066929,
        2.089991 -6.555119 2.066929,
        1.633858 -6.555119 2.483692,
        1.673228 -6.555119 2.483692,
        0.436448 -6.555119 2.066929,
        2.870638 -6.555119 2.066929,
        -0.669291 -6.555119 3.937008,
        4.940945 -6.555119 2.066929,
        3.326772 -6.555119 2.066929,
        3.326772 -6.555119 3.681102,
        4.940945 -6.555119 3.681102,
        4.960630 -6.555119 3.937008,
        4.980315 -6.555119 2.066929,
        4.980315 -6.555119 3.681102,
        6.594488 -6.555119 2.066929,
        6.594488 -6.555119 3.681102,
        8.503937 -4.192913 3.416475,
        8.503937 -4.192913 3.648139,
        -0.669291 -5.655225 3.937008,
        0.669291 -5.655225 3.937008,
        0.669291 -5.655225 4.488189,
        -0.669291 -5.655225 4.488189,
        0.669291 -5.998239 4.488189,
        -0.669291 -5.998239 4.488189,
        8.561853 -4.192913 3.632620,
        8.604250 -4.192913 3.590223,
        8.619769 -4.192913 3.532307,
        8.604250 -4.192913 3.474391,
        8.561853 -4.192913 3.431993,
        -8.425198 -3.236123 0.157480,
        0.399948 -2.565513 0.157480,
        0.230228 -1.515748 0.157480,
        0.425115 -2.567016 0.157480,
        0.587587 -1.515748 0.157480,
        0.435795 -2.569551 0.157480,
        0.587587 -2.569551 0.157480,
        0.496933 -2.593079 0.157480,
        0.463566 -2.576143 0.157480,
        0.569416 -2.729240 0.157480,
        0.564209 -2.686218 0.157480,
        0.486412 -2.876508 0.157480,
        0.516854 -2.854659 0.157480,
        0.587587 -2.892588 0.157480,
        0.529478 -2.841545 0.157480,
        0.551360 -2.652833 0.157480,
        0.529740 -2.621828 0.157480,
        0.552356 -2.807023 0.157480,
        0.564996 -2.770815 0.157480,
        0.383836 -2.896053 0.157480,
        0.399569 -2.896626 0.157480,
        0.587587 -3.236123 0.157480,
        0.434845 -2.892588 0.157480,
        0.448721 -2.891000 0.157480,
        0.230228 -2.569551 0.157480,
        0.262531 -2.830567 0.157480,
        0.230228 -2.892588 0.157480,
        0.290335 -2.859704 0.157480,
        0.322943 -2.880273 0.157480,
        0.230228 -3.236123 0.157480,
        0.359816 -2.892588 0.157480,
        0.358757 -2.892435 0.157480,
        0.364850 -2.569551 0.157480,
        0.354110 -2.570787 0.157480,
        0.325403 -2.580635 0.157480,
        0.291087 -2.601435 0.157480,
        0.540437 -2.716593 0.157480,
        0.541150 -2.731385 0.157480,
        0.401715 -2.597817 0.157480,
        0.533697 -2.685995 0.157480,
        0.271792 -2.619776 0.157480,
        0.262531 -2.631383 0.157480,
        0.287264 -2.811829 0.157480,
        0.510070 -2.816904 0.157480,
        0.487305 -2.837723 0.157480,
        0.287264 -2.650311 0.157480,
        0.312520 -2.625864 0.157480,
        0.304696 -2.829428 0.157480,
        0.342138 -2.609136 0.157480,
        0.332552 -2.848506 0.157480,
        0.362874 -2.859964 0.157480,
        0.438953 -2.602396 0.157480,
        0.471104 -2.614856 0.157480,
        0.536992 -2.766091 0.157480,
        0.527040 -2.792239 0.157480,
        0.355941 -2.604235 0.157480,
        0.390730 -2.598196 0.157480,
        0.424806 -2.862606 0.157480,
        0.456810 -2.854354 0.157480,
        0.399759 -2.864322 0.157480,
        0.500093 -2.635226 0.157480,
        0.519657 -2.658068 0.157480,
        -7.342031 -3.575620 0.157480,
        -7.342031 -4.337765 0.157480,
        -7.560308 -3.405512 0.157480,
        -7.883614 -3.236123 0.157480,
        -7.560308 -5.374016 0.157480,
        -7.254483 -3.609947 0.157480,
        -3.840570 -3.236123 0.157480,
        -7.177574 -3.664056 0.157480,
        -7.072362 -4.095065 0.157480,
        -7.050062 -4.003711 0.157480,
        -7.050062 -3.909674 0.157480,
        -7.115690 -4.178526 0.157480,
        -7.177574 -4.249330 0.157480,
        -7.254483 -4.303439 0.157480,
        -7.072362 -3.818320 0.157480,
        -7.115690 -3.734861 0.157480,
        -7.716535 -3.236123 0.157480,
        -7.883614 -2.892588 0.157480,
        -7.716535 -2.892588 0.157480,
        -7.883614 -2.569551 0.157480,
        -7.716535 -2.569551 0.157480,
        -7.883614 -1.515748 0.157480,
        8.425198 -2.569551 0.157480,
        7.342031 -4.337765 0.157480,
        7.342031 -3.575620 0.157480,
        7.560308 -5.374016 0.157480,
        7.072362 -3.818320 0.157480,
        7.050062 -3.909674 0.157480,
        3.901203 -3.236123 0.157480,
        7.050062 -4.003711 0.157480,
        8.425198 -3.236123 0.157480,
        7.254483 -3.609947 0.157480,
        7.177574 -3.664056 0.157480,
        7.115690 -3.734861 0.157480,
        7.560308 -3.405512 0.157480,
        7.254483 -4.303439 0.157480,
        7.177574 -4.249330 0.157480,
        7.115690 -4.178526 0.157480,
        7.072362 -4.095065 0.157480,
        7.716535 -2.569551 0.157480,
        8.425198 -2.892588 0.157480,
        7.716535 -2.892588 0.157480,
        7.716535 -3.236123 0.157480,
        3.901203 -2.892588 0.157480,
        3.901203 -2.569551 0.157480,
        -3.840570 -2.892588 0.157480,
        -3.840570 -2.569551 0.157480,
        -0.314897 -3.236123 0.157480,
        -0.008012 -3.236123 0.157480,
        -0.314897 -2.892588 0.157480,
        -0.008012 -2.892588 0.157480,
        0.605757 -2.888550 0.157480,
        0.755162 -2.888550 0.157480,
        0.605757 -2.856246 0.157480,
        0.726896 -2.856246 0.157480,
        0.726896 -2.573589 0.157480,
        0.755162 -2.573589 0.157480,
        -0.008012 -2.569551 0.157480,
        0.020254 -2.605893 0.157480,
        0.020254 -2.573589 0.157480,
        0.020254 -2.735107 0.157480,
        0.020254 -2.702804 0.157480,
        0.169658 -2.702804 0.157480,
        0.169658 -2.605893 0.157480,
        0.169658 -2.735107 0.157480,
        0.169658 -2.856246 0.157480,
        0.020254 -2.856246 0.157480,
        0.020254 -2.888550 0.157480,
        0.197924 -2.888550 0.157480,
        0.197924 -2.573589 0.157480,
        -0.277957 -2.812259 0.157480,
        -0.256481 -2.844648 0.157480,
        -0.232905 -2.865460 0.157480,
        -0.209206 -2.877682 0.157480,
        -0.314897 -2.569551 0.157480,
        -0.199815 -2.584946 0.157480,
        -0.231687 -2.601045 0.157480,
        -0.099876 -2.573589 0.157480,
        -0.150328 -2.575516 0.157480,
        -0.170783 -2.886476 0.157480,
        -0.133883 -2.888550 0.157480,
        -0.036278 -2.888550 0.157480,
        -0.036278 -2.573589 0.157480,
        -0.254690 -2.621034 0.157480,
        -0.274768 -2.649462 0.157480,
        -0.287935 -2.682315 0.157480,
        -0.294259 -2.720448 0.157480,
        -0.294707 -2.735044 0.157480,
        -0.290275 -2.777157 0.157480,
        -0.365939 -2.888550 0.157480,
        -0.335087 -2.888550 0.157480,
        -0.603169 -2.888550 0.157480,
        -0.556606 -2.787601 0.157480,
        -0.413827 -2.787601 0.157480,
        -0.484491 -2.573589 0.157480,
        -0.488529 -2.573589 0.157480,
        -0.633895 -2.888550 0.157480,
        3.901203 -1.515748 0.157480,
        -3.840570 -1.515748 0.157480,
        -0.314897 -1.515748 0.157480,
        -8.425198 -2.892588 0.157480,
        -8.425198 -2.569551 0.157480,
        6.673229 -6.515748 0.452756,
        6.673229 -3.799213 0.452756,
        6.673229 -6.515748 1.988189,
        6.673229 -3.799213 1.988189,
        8.208661 -6.515748 1.988189,
        8.208661 -3.799213 1.988189,
        8.208661 -6.515748 0.452756,
        8.208661 -3.799213 0.452756,
        7.230315 -3.799213 1.391732,
        7.230315 -3.799213 0.970472,
        7.651574 -3.799213 0.970472,
        7.651574 -3.799213 1.391732,
        6.673229 -6.515748 2.500000,
        6.673229 -6.515748 3.641732,
        8.208661 -6.515748 3.641732,
        8.208661 -6.515748 2.500000,
        7.814961 -6.515748 2.106299,
        7.066930 -6.515748 2.106299,
      ]
    }
    coordIndex [
      0, 1, 2, -1,
      3, 4, 5, -1,
      3, 5, 2, -1,
      2, 5, 6, -1,
      2, 6, 0, -1,
      7, 8, 9, -1,
      10, 11, 12, -1,
      12, 11, 7, -1,
      12, 7, 13, -1,
      13, 7, 9, -1,
      14, 15, 16, -1,
      16, 15, 17, -1,
      18, 19, 20, -1,
      21, 22, 23, -1,
      23, 22, 24, -1,
      23, 24, 25, -1,
      24, 26, 25, -1,
      25, 26, 27, -1,
      25, 27, 28, -1,
      28, 27, 29, -1,
      28, 29, 30, -1,
      15, 31, 17, -1,
      17, 31, 32, -1,
      17, 32, 20, -1,
      20, 32, 33, -1,
      20, 33, 18, -1,
      18, 33, 34, -1,
      18, 34, 35, -1,
      34, 36, 35, -1,
      35, 36, 37, -1,
      35, 37, 38, -1,
      37, 39, 38, -1,
      38, 39, 40, -1,
      38, 40, 41, -1,
      41, 40, 42, -1,
      41, 42, 43, -1,
      43, 42, 44, -1,
      42, 45, 44, -1,
      44, 45, 46, -1,
      44, 46, 22, -1,
      22, 46, 47, -1,
      22, 47, 24, -1,
      48, 49, 50, -1,
      50, 49, 51, -1,
      50, 51, 52, -1,
      53, 54, 55, -1,
      55, 54, 56, -1,
      48, 57, 49, -1,
      49, 57, 54, -1,
      49, 54, 58, -1,
      58, 54, 53, -1,
      59, 60, 61, -1,
      61, 60, 62, -1,
      63, 64, 65, -1,
      66, 67, 68, -1,
      68, 67, 69, -1,
      68, 69, 70, -1,
      69, 71, 70, -1,
      70, 71, 72, -1,
      70, 72, 73, -1,
      73, 72, 74, -1,
      73, 74, 75, -1,
      60, 76, 62, -1,
      62, 76, 77, -1,
      62, 77, 65, -1,
      65, 77, 78, -1,
      65, 78, 63, -1,
      63, 78, 79, -1,
      63, 79, 80, -1,
      79, 81, 80, -1,
      80, 81, 82, -1,
      80, 82, 83, -1,
      82, 84, 83, -1,
      83, 84, 85, -1,
      83, 85, 86, -1,
      86, 85, 87, -1,
      86, 87, 88, -1,
      88, 87, 89, -1,
      87, 90, 89, -1,
      89, 90, 91, -1,
      89, 91, 67, -1,
      67, 91, 92, -1,
      67, 92, 69, -1,
      93, 94, 95, -1,
      95, 94, 96, -1,
      95, 96, 97, -1,
      93, 98, 94, -1,
      94, 98, 99, -1,
      94, 99, 100, -1,
      100, 101, 94, -1,
      94, 101, 102, -1,
      94, 102, 103, -1,
      95, 97, 75, -1,
      75, 74, 95, -1,
      95, 74, 72, -1,
      95, 72, 93, -1,
      72, 71, 93, -1,
      93, 71, 69, -1,
      93, 69, 98, -1,
      69, 92, 98, -1,
      98, 92, 91, -1,
      98, 91, 99, -1,
      91, 90, 99, -1,
      99, 90, 87, -1,
      99, 87, 100, -1,
      87, 85, 100, -1,
      100, 85, 84, -1,
      100, 84, 101, -1,
      84, 82, 101, -1,
      101, 82, 81, -1,
      101, 81, 102, -1,
      81, 79, 102, -1,
      102, 79, 78, -1,
      102, 78, 103, -1,
      59, 96, 60, -1,
      60, 96, 94, -1,
      60, 94, 76, -1,
      76, 94, 103, -1,
      76, 103, 77, -1,
      77, 103, 78, -1,
      50, 52, 30, -1,
      30, 29, 50, -1,
      50, 29, 27, -1,
      50, 27, 48, -1,
      27, 26, 48, -1,
      48, 26, 24, -1,
      48, 24, 57, -1,
      24, 47, 57, -1,
      57, 47, 46, -1,
      57, 46, 54, -1,
      46, 45, 54, -1,
      54, 45, 42, -1,
      54, 42, 56, -1,
      42, 40, 56, -1,
      56, 40, 39, -1,
      56, 39, 55, -1,
      39, 37, 55, -1,
      55, 37, 36, -1,
      55, 36, 53, -1,
      36, 34, 53, -1,
      53, 34, 33, -1,
      53, 33, 58, -1,
      14, 51, 15, -1,
      15, 51, 49, -1,
      15, 49, 31, -1,
      31, 49, 58, -1,
      31, 58, 32, -1,
      32, 58, 33, -1,
      66, 68, 104, -1,
      104, 68, 105, -1,
      73, 106, 70, -1,
      70, 106, 105, -1,
      70, 105, 68, -1,
      107, 16, 108, -1,
      108, 16, 17, -1,
      108, 17, 20, -1,
      20, 19, 108, -1,
      108, 19, 109, -1,
      62, 65, 110, -1,
      61, 62, 111, -1,
      111, 62, 110, -1,
      111, 110, 2, -1,
      2, 110, 3, -1,
      7, 11, 112, -1,
      112, 11, 113, -1,
      28, 112, 25, -1,
      25, 112, 113, -1,
      25, 113, 23, -1,
      23, 113, 21, -1,
      21, 113, 114, -1,
      115, 116, 117, -1,
      118, 119, 120, -1,
      116, 115, 121, -1,
      122, 123, 124, -1,
      125, 126, 127, -1,
      127, 126, 128, -1,
      127, 128, 129, -1,
      129, 128, 130, -1,
      129, 130, 124, -1,
      124, 130, 131, -1,
      124, 131, 122, -1,
      132, 133, 122, -1,
      134, 132, 135, -1,
      135, 132, 122, -1,
      135, 122, 136, -1,
      136, 122, 131, -1,
      137, 138, 139, -1,
      139, 138, 140, -1,
      141, 140, 142, -1,
      142, 140, 138, -1,
      142, 138, 143, -1,
      143, 138, 144, -1,
      143, 144, 128, -1,
      128, 144, 145, -1,
      128, 145, 130, -1,
      130, 145, 146, -1,
      130, 146, 147, -1,
      148, 149, 137, -1,
      137, 149, 150, -1,
      137, 150, 151, -1,
      146, 138, 147, -1,
      147, 138, 137, -1,
      147, 137, 152, -1,
      152, 137, 151, -1,
      153, 154, 155, -1,
      156, 157, 158, -1,
      158, 157, 121, -1,
      158, 121, 159, -1,
      159, 121, 115, -1,
      159, 115, 160, -1,
      4, 3, 110, -1,
      110, 160, 4, -1,
      4, 160, 115, -1,
      4, 115, 161, -1,
      161, 115, 162, -1,
      161, 162, 163, -1,
      163, 162, 164, -1,
      163, 164, 165, -1,
      165, 164, 166, -1,
      113, 11, 114, -1,
      114, 11, 10, -1,
      114, 10, 126, -1,
      126, 10, 167, -1,
      126, 167, 168, -1,
      168, 167, 169, -1,
      168, 169, 170, -1,
      170, 169, 171, -1,
      170, 171, 120, -1,
      120, 171, 172, -1,
      120, 172, 118, -1,
      173, 174, 175, -1,
      175, 174, 176, -1,
      176, 114, 175, -1,
      175, 114, 126, -1,
      175, 126, 123, -1,
      123, 126, 125, -1,
      123, 125, 124, -1,
      177, 178, 179, -1,
      179, 178, 128, -1,
      179, 128, 180, -1,
      180, 128, 126, -1,
      180, 126, 181, -1,
      181, 126, 168, -1,
      181, 168, 177, -1,
      177, 168, 178, -1,
      182, 183, 184, -1,
      184, 183, 178, -1,
      184, 178, 185, -1,
      185, 178, 168, -1,
      185, 168, 186, -1,
      186, 168, 170, -1,
      186, 170, 182, -1,
      182, 170, 183, -1,
      187, 188, 189, -1,
      189, 188, 183, -1,
      189, 183, 190, -1,
      190, 183, 170, -1,
      190, 170, 191, -1,
      191, 170, 120, -1,
      191, 120, 187, -1,
      187, 120, 188, -1,
      192, 188, 193, -1,
      193, 188, 120, -1,
      193, 120, 194, -1,
      194, 120, 119, -1,
      194, 119, 195, -1,
      195, 119, 196, -1,
      195, 196, 192, -1,
      192, 196, 188, -1,
      166, 197, 198, -1,
      199, 200, 119, -1,
      197, 166, 201, -1,
      201, 166, 202, -1,
      201, 202, 203, -1,
      119, 200, 196, -1,
      196, 200, 204, -1,
      196, 204, 205, -1,
      206, 202, 207, -1,
      207, 202, 166, -1,
      207, 166, 208, -1,
      208, 166, 164, -1,
      208, 164, 209, -1,
      209, 164, 210, -1,
      209, 210, 206, -1,
      206, 210, 202, -1,
      211, 212, 213, -1,
      213, 212, 210, -1,
      213, 210, 214, -1,
      214, 210, 164, -1,
      214, 164, 215, -1,
      215, 164, 162, -1,
      215, 162, 211, -1,
      211, 162, 212, -1,
      115, 216, 162, -1,
      162, 216, 217, -1,
      162, 217, 212, -1,
      212, 217, 218, -1,
      212, 218, 219, -1,
      219, 218, 220, -1,
      155, 221, 153, -1,
      153, 221, 222, -1,
      153, 222, 117, -1,
      117, 222, 219, -1,
      117, 219, 115, -1,
      115, 219, 220, -1,
      115, 220, 216, -1,
      223, 143, 224, -1,
      224, 143, 128, -1,
      224, 128, 225, -1,
      225, 128, 178, -1,
      225, 178, 226, -1,
      226, 178, 227, -1,
      226, 227, 223, -1,
      223, 227, 143, -1,
      228, 227, 229, -1,
      229, 227, 178, -1,
      229, 178, 230, -1,
      230, 178, 183, -1,
      230, 183, 231, -1,
      231, 183, 232, -1,
      231, 232, 228, -1,
      228, 232, 227, -1,
      233, 232, 234, -1,
      234, 232, 183, -1,
      234, 183, 235, -1,
      235, 183, 188, -1,
      235, 188, 236, -1,
      236, 188, 237, -1,
      236, 237, 233, -1,
      233, 237, 232, -1,
      238, 237, 239, -1,
      239, 237, 188, -1,
      239, 188, 240, -1,
      240, 188, 196, -1,
      240, 196, 241, -1,
      241, 196, 242, -1,
      241, 242, 238, -1,
      238, 242, 237, -1,
      243, 202, 244, -1,
      244, 202, 245, -1,
      244, 245, 246, -1,
      118, 165, 119, -1,
      119, 165, 166, -1,
      119, 166, 199, -1,
      199, 166, 198, -1,
      199, 198, 205, -1,
      205, 198, 203, -1,
      205, 203, 196, -1,
      196, 203, 202, -1,
      196, 202, 247, -1,
      247, 202, 243, -1,
      247, 246, 248, -1,
      248, 246, 245, -1,
      248, 245, 249, -1,
      249, 245, 242, -1,
      249, 242, 250, -1,
      250, 242, 196, -1,
      250, 196, 251, -1,
      251, 196, 247, -1,
      251, 247, 248, -1,
      252, 245, 253, -1,
      253, 245, 202, -1,
      253, 202, 254, -1,
      254, 202, 210, -1,
      254, 210, 255, -1,
      255, 210, 256, -1,
      255, 256, 252, -1,
      252, 256, 245, -1,
      257, 256, 258, -1,
      258, 256, 210, -1,
      258, 210, 259, -1,
      259, 210, 212, -1,
      259, 212, 260, -1,
      260, 212, 261, -1,
      260, 261, 257, -1,
      257, 261, 256, -1,
      262, 261, 263, -1,
      263, 261, 212, -1,
      263, 212, 264, -1,
      264, 212, 219, -1,
      264, 219, 265, -1,
      265, 219, 222, -1,
      265, 222, 262, -1,
      262, 222, 261, -1,
      266, 267, 268, -1,
      268, 267, 269, -1,
      268, 269, 270, -1,
      270, 269, 271, -1,
      270, 271, 272, -1,
      272, 271, 273, -1,
      272, 273, 266, -1,
      266, 273, 267, -1,
      274, 275, 276, -1,
      276, 277, 274, -1,
      274, 277, 278, -1,
      274, 278, 279, -1,
      279, 278, 280, -1,
      279, 280, 281, -1,
      281, 280, 282, -1,
      281, 282, 275, -1,
      275, 282, 283, -1,
      275, 283, 276, -1,
      284, 285, 286, -1,
      286, 287, 284, -1,
      284, 287, 288, -1,
      284, 288, 289, -1,
      289, 288, 290, -1,
      289, 290, 291, -1,
      291, 290, 292, -1,
      291, 292, 285, -1,
      285, 292, 293, -1,
      285, 293, 286, -1,
      294, 295, 296, -1,
      296, 295, 297, -1,
      296, 297, 298, -1,
      298, 297, 299, -1,
      298, 299, 300, -1,
      300, 299, 301, -1,
      300, 301, 294, -1,
      294, 301, 295, -1,
      302, 303, 304, -1,
      304, 303, 305, -1,
      304, 305, 306, -1,
      306, 305, 307, -1,
      306, 307, 308, -1,
      308, 307, 309, -1,
      308, 309, 302, -1,
      302, 309, 303, -1,
      310, 311, 312, -1,
      312, 313, 310, -1,
      310, 313, 314, -1,
      310, 314, 315, -1,
      315, 314, 316, -1,
      315, 316, 317, -1,
      317, 316, 318, -1,
      317, 318, 311, -1,
      311, 318, 319, -1,
      311, 319, 312, -1,
      320, 321, 322, -1,
      322, 323, 320, -1,
      320, 323, 324, -1,
      320, 324, 325, -1,
      325, 324, 326, -1,
      325, 326, 327, -1,
      327, 326, 328, -1,
      327, 328, 321, -1,
      321, 328, 329, -1,
      321, 329, 322, -1,
      330, 331, 332, -1,
      332, 331, 333, -1,
      332, 333, 334, -1,
      334, 333, 335, -1,
      334, 335, 336, -1,
      336, 335, 337, -1,
      336, 337, 330, -1,
      330, 337, 331, -1,
      338, 339, 340, -1,
      340, 339, 341, -1,
      340, 341, 342, -1,
      342, 341, 343, -1,
      342, 343, 344, -1,
      344, 343, 345, -1,
      344, 345, 338, -1,
      338, 345, 339, -1,
      346, 347, 348, -1,
      348, 349, 346, -1,
      346, 349, 350, -1,
      346, 350, 351, -1,
      351, 350, 352, -1,
      351, 352, 353, -1,
      353, 352, 354, -1,
      353, 354, 347, -1,
      347, 354, 355, -1,
      347, 355, 348, -1,
      356, 349, 357, -1,
      357, 349, 348, -1,
      358, 352, 359, -1,
      359, 352, 350, -1,
      360, 354, 358, -1,
      358, 354, 352, -1,
      361, 355, 360, -1,
      360, 355, 354, -1,
      362, 363, 364, -1,
      364, 363, 365, -1,
      364, 365, 366, -1,
      366, 365, 367, -1,
      366, 367, 368, -1,
      368, 367, 369, -1,
      368, 369, 362, -1,
      362, 369, 363, -1,
      370, 367, 371, -1,
      371, 367, 365, -1,
      372, 369, 370, -1,
      370, 369, 367, -1,
      373, 363, 372, -1,
      372, 363, 369, -1,
      371, 365, 373, -1,
      373, 365, 363, -1,
      374, 375, 376, -1,
      376, 375, 377, -1,
      376, 377, 378, -1,
      378, 377, 379, -1,
      378, 379, 380, -1,
      380, 379, 381, -1,
      380, 381, 374, -1,
      374, 381, 375, -1,
      382, 379, 383, -1,
      383, 379, 377, -1,
      384, 381, 382, -1,
      382, 381, 379, -1,
      385, 375, 384, -1,
      384, 375, 381, -1,
      383, 377, 385, -1,
      385, 377, 375, -1,
      386, 387, 388, -1,
      388, 389, 386, -1,
      386, 389, 390, -1,
      386, 390, 391, -1,
      391, 390, 392, -1,
      391, 392, 393, -1,
      393, 392, 394, -1,
      393, 394, 387, -1,
      387, 394, 395, -1,
      387, 395, 388, -1,
      396, 389, 397, -1,
      397, 389, 388, -1,
      398, 392, 399, -1,
      399, 392, 390, -1,
      400, 394, 398, -1,
      398, 394, 392, -1,
      401, 395, 400, -1,
      400, 395, 394, -1,
      402, 403, 404, -1,
      404, 405, 402, -1,
      402, 405, 406, -1,
      402, 406, 407, -1,
      407, 406, 408, -1,
      407, 408, 409, -1,
      409, 408, 410, -1,
      409, 410, 403, -1,
      403, 410, 411, -1,
      403, 411, 404, -1,
      412, 405, 413, -1,
      413, 405, 404, -1,
      414, 408, 415, -1,
      415, 408, 406, -1,
      416, 410, 414, -1,
      414, 410, 408, -1,
      417, 411, 416, -1,
      416, 411, 410, -1,
      418, 419, 420, -1,
      420, 419, 421, -1,
      420, 421, 422, -1,
      422, 421, 423, -1,
      422, 423, 424, -1,
      424, 423, 425, -1,
      424, 425, 418, -1,
      418, 425, 419, -1,
      426, 423, 427, -1,
      427, 423, 421, -1,
      428, 425, 426, -1,
      426, 425, 423, -1,
      429, 419, 428, -1,
      428, 419, 425, -1,
      427, 421, 429, -1,
      429, 421, 419, -1,
      430, 431, 432, -1,
      432, 431, 433, -1,
      432, 433, 434, -1,
      434, 433, 435, -1,
      434, 435, 436, -1,
      436, 435, 437, -1,
      436, 437, 430, -1,
      430, 437, 431, -1,
      438, 435, 439, -1,
      439, 435, 433, -1,
      440, 437, 438, -1,
      438, 437, 435, -1,
      441, 431, 440, -1,
      440, 431, 437, -1,
      439, 433, 441, -1,
      441, 433, 431, -1,
      442, 443, 444, -1,
      444, 445, 442, -1,
      442, 445, 446, -1,
      442, 446, 447, -1,
      447, 446, 448, -1,
      447, 448, 449, -1,
      449, 448, 450, -1,
      449, 450, 443, -1,
      443, 450, 451, -1,
      443, 451, 444, -1,
      452, 445, 453, -1,
      453, 445, 444, -1,
      454, 448, 455, -1,
      455, 448, 446, -1,
      456, 450, 454, -1,
      454, 450, 448, -1,
      457, 451, 456, -1,
      456, 451, 450, -1,
      458, 271, 459, -1,
      459, 271, 269, -1,
      460, 273, 458, -1,
      458, 273, 271, -1,
      461, 267, 460, -1,
      460, 267, 273, -1,
      459, 269, 461, -1,
      461, 269, 267, -1,
      462, 277, 463, -1,
      463, 277, 276, -1,
      464, 280, 465, -1,
      465, 280, 278, -1,
      466, 282, 464, -1,
      464, 282, 280, -1,
      467, 283, 466, -1,
      466, 283, 282, -1,
      468, 287, 469, -1,
      469, 287, 286, -1,
      470, 290, 471, -1,
      471, 290, 288, -1,
      472, 292, 470, -1,
      470, 292, 290, -1,
      473, 293, 472, -1,
      472, 293, 292, -1,
      474, 299, 475, -1,
      475, 299, 297, -1,
      476, 301, 474, -1,
      474, 301, 299, -1,
      477, 295, 476, -1,
      476, 295, 301, -1,
      475, 297, 477, -1,
      477, 297, 295, -1,
      478, 307, 479, -1,
      479, 307, 305, -1,
      480, 309, 478, -1,
      478, 309, 307, -1,
      481, 303, 480, -1,
      480, 303, 309, -1,
      479, 305, 481, -1,
      481, 305, 303, -1,
      482, 313, 483, -1,
      483, 313, 312, -1,
      484, 316, 485, -1,
      485, 316, 314, -1,
      486, 318, 484, -1,
      484, 318, 316, -1,
      487, 319, 486, -1,
      486, 319, 318, -1,
      488, 323, 489, -1,
      489, 323, 322, -1,
      490, 326, 491, -1,
      491, 326, 324, -1,
      492, 328, 490, -1,
      490, 328, 326, -1,
      493, 329, 492, -1,
      492, 329, 328, -1,
      494, 337, 495, -1,
      495, 337, 335, -1,
      496, 331, 494, -1,
      494, 331, 337, -1,
      497, 333, 496, -1,
      496, 333, 331, -1,
      495, 335, 497, -1,
      497, 335, 333, -1,
      498, 499, 500, -1,
      500, 501, 498, -1,
      498, 501, 502, -1,
      498, 502, 503, -1,
      503, 502, 504, -1,
      503, 504, 505, -1,
      505, 504, 506, -1,
      505, 506, 499, -1,
      499, 506, 507, -1,
      499, 507, 500, -1,
      122, 508, 123, -1,
      123, 508, 509, -1,
      123, 509, 175, -1,
      510, 511, 153, -1,
      121, 512, 116, -1,
      116, 512, 510, -1,
      116, 510, 117, -1,
      117, 510, 153, -1,
      513, 514, 515, -1,
      516, 517, 518, -1,
      519, 520, 521, -1,
      522, 523, 512, -1,
      512, 523, 524, -1,
      512, 524, 525, -1,
      526, 527, 528, -1,
      522, 512, 528, -1,
      528, 512, 529, -1,
      528, 529, 526, -1,
      530, 531, 532, -1,
      533, 534, 535, -1,
      535, 536, 533, -1,
      533, 536, 511, -1,
      533, 511, 532, -1,
      532, 511, 510, -1,
      532, 510, 530, -1,
      537, 538, 533, -1,
      533, 538, 539, -1,
      533, 539, 534, -1,
      531, 530, 540, -1,
      540, 530, 541, -1,
      540, 541, 533, -1,
      533, 541, 542, -1,
      533, 542, 537, -1,
      543, 544, 521, -1,
      521, 544, 545, -1,
      521, 546, 543, -1,
      543, 546, 547, -1,
      543, 547, 548, -1,
      548, 547, 549, -1,
      548, 549, 550, -1,
      550, 549, 551, -1,
      550, 551, 552, -1,
      552, 551, 545, -1,
      521, 520, 546, -1,
      546, 520, 553, -1,
      546, 553, 554, -1,
      553, 555, 554, -1,
      554, 555, 556, -1,
      554, 556, 557, -1,
      557, 556, 558, -1,
      521, 559, 508, -1,
      508, 559, 560, -1,
      561, 562, 563, -1,
      563, 562, 564, -1,
      521, 508, 519, -1,
      519, 508, 565, -1,
      519, 565, 562, -1,
      562, 565, 566, -1,
      562, 566, 564, -1,
      567, 568, 569, -1,
      569, 568, 570, -1,
      569, 570, 563, -1,
      563, 570, 571, -1,
      563, 571, 561, -1,
      572, 573, 559, -1,
      559, 573, 509, -1,
      559, 509, 560, -1,
      574, 575, 559, -1,
      559, 575, 576, -1,
      559, 576, 572, -1,
      577, 578, 579, -1,
      579, 578, 580, -1,
      579, 580, 559, -1,
      559, 580, 581, -1,
      559, 581, 574, -1,
      516, 582, 583, -1,
      583, 582, 584, -1,
      525, 524, 585, -1,
      585, 524, 586, -1,
      585, 586, 584, -1,
      584, 586, 587, -1,
      584, 587, 583, -1,
      518, 517, 588, -1,
      588, 517, 589, -1,
      588, 589, 590, -1,
      590, 591, 588, -1,
      588, 591, 592, -1,
      588, 592, 593, -1,
      592, 594, 593, -1,
      593, 594, 595, -1,
      593, 595, 596, -1,
      597, 585, 530, -1,
      597, 598, 585, -1,
      585, 598, 599, -1,
      585, 599, 525, -1,
      525, 599, 600, -1,
      525, 600, 510, -1,
      510, 600, 601, -1,
      510, 601, 530, -1,
      530, 601, 602, -1,
      530, 602, 597, -1,
      603, 604, 605, -1,
      604, 603, 606, -1,
      606, 603, 530, -1,
      606, 530, 607, -1,
      607, 530, 585, -1,
      607, 585, 605, -1,
      605, 585, 584, -1,
      605, 584, 603, -1,
      608, 609, 610, -1,
      516, 518, 582, -1,
      582, 518, 611, -1,
      582, 611, 612, -1,
      609, 608, 613, -1,
      613, 608, 603, -1,
      613, 603, 614, -1,
      614, 603, 584, -1,
      614, 584, 610, -1,
      610, 584, 582, -1,
      610, 582, 608, -1,
      608, 582, 612, -1,
      608, 612, 615, -1,
      615, 616, 617, -1,
      617, 616, 618, -1,
      617, 618, 518, -1,
      518, 618, 619, -1,
      518, 619, 611, -1,
      620, 588, 515, -1,
      620, 621, 588, -1,
      588, 621, 622, -1,
      588, 622, 518, -1,
      518, 622, 623, -1,
      518, 623, 617, -1,
      617, 623, 624, -1,
      617, 624, 515, -1,
      515, 624, 625, -1,
      515, 625, 620, -1,
      626, 627, 628, -1,
      628, 627, 629, -1,
      593, 630, 631, -1,
      631, 630, 632, -1,
      632, 630, 629, -1,
      629, 630, 515, -1,
      629, 515, 628, -1,
      631, 627, 593, -1,
      593, 627, 626, -1,
      593, 626, 588, -1,
      588, 626, 633, -1,
      588, 633, 515, -1,
      515, 633, 634, -1,
      515, 634, 628, -1,
      635, 596, 636, -1,
      635, 637, 596, -1,
      596, 637, 638, -1,
      596, 638, 593, -1,
      593, 638, 639, -1,
      593, 639, 630, -1,
      630, 639, 640, -1,
      630, 640, 636, -1,
      636, 640, 641, -1,
      636, 641, 635, -1,
      642, 579, 551, -1,
      642, 643, 579, -1,
      579, 643, 596, -1,
      579, 596, 577, -1,
      577, 596, 595, -1,
      643, 644, 596, -1,
      596, 644, 645, -1,
      596, 645, 636, -1,
      636, 645, 646, -1,
      636, 646, 551, -1,
      551, 646, 647, -1,
      551, 647, 642, -1,
      545, 551, 521, -1,
      521, 551, 648, -1,
      521, 648, 559, -1,
      559, 648, 649, -1,
      559, 649, 579, -1,
      579, 649, 650, -1,
      579, 650, 551, -1,
      551, 650, 651, -1,
      551, 651, 648, -1,
      652, 603, 653, -1,
      652, 654, 603, -1,
      603, 654, 655, -1,
      603, 655, 530, -1,
      530, 655, 656, -1,
      530, 656, 541, -1,
      541, 656, 657, -1,
      541, 657, 653, -1,
      653, 657, 658, -1,
      653, 658, 652, -1,
      659, 660, 608, -1,
      608, 660, 661, -1,
      608, 661, 603, -1,
      603, 661, 662, -1,
      603, 662, 653, -1,
      653, 662, 663, -1,
      653, 663, 664, -1,
      664, 663, 665, -1,
      666, 667, 668, -1,
      668, 667, 664, -1,
      615, 617, 608, -1,
      608, 617, 669, -1,
      608, 669, 670, -1,
      665, 659, 664, -1,
      664, 659, 608, -1,
      664, 608, 668, -1,
      668, 608, 670, -1,
      515, 514, 617, -1,
      617, 514, 671, -1,
      617, 671, 672, -1,
      673, 674, 675, -1,
      675, 674, 676, -1,
      677, 678, 679, -1,
      679, 678, 680, -1,
      679, 680, 681, -1,
      682, 683, 684, -1,
      684, 683, 685, -1,
      684, 685, 677, -1,
      677, 685, 673, -1,
      677, 673, 678, -1,
      678, 673, 675, -1,
      686, 515, 682, -1,
      682, 515, 630, -1,
      682, 630, 683, -1,
      683, 630, 687, -1,
      686, 681, 515, -1,
      515, 681, 680, -1,
      515, 680, 513, -1,
      513, 680, 688, -1,
      513, 688, 672, -1,
      672, 688, 667, -1,
      672, 667, 617, -1,
      617, 667, 666, -1,
      617, 666, 669, -1,
      636, 689, 630, -1,
      630, 689, 690, -1,
      630, 690, 691, -1,
      692, 693, 691, -1,
      691, 693, 675, -1,
      691, 675, 630, -1,
      630, 675, 676, -1,
      630, 676, 687, -1,
      636, 694, 695, -1,
      694, 636, 696, -1,
      696, 636, 551, -1,
      696, 551, 697, -1,
      697, 551, 549, -1,
      697, 549, 695, -1,
      695, 549, 693, -1,
      695, 693, 636, -1,
      636, 693, 692, -1,
      636, 692, 689, -1,
      147, 698, 130, -1,
      130, 698, 519, -1,
      130, 519, 131, -1,
      137, 139, 699, -1,
      699, 139, 553, -1,
      699, 553, 698, -1,
      698, 553, 520, -1,
      698, 520, 519, -1,
      245, 256, 700, -1,
      221, 542, 222, -1,
      222, 542, 541, -1,
      222, 541, 261, -1,
      261, 541, 653, -1,
      261, 653, 256, -1,
      688, 700, 667, -1,
      667, 700, 256, -1,
      667, 256, 664, -1,
      664, 256, 653, -1,
      227, 701, 678, -1,
      547, 142, 549, -1,
      549, 142, 143, -1,
      549, 143, 693, -1,
      693, 143, 227, -1,
      693, 227, 675, -1,
      675, 227, 678, -1,
      227, 232, 701, -1,
      701, 232, 237, -1,
      701, 237, 700, -1,
      700, 237, 242, -1,
      700, 242, 245, -1,
      702, 701, 703, -1,
      703, 701, 700, -1,
      704, 702, 705, -1,
      705, 702, 703, -1,
      678, 704, 680, -1,
      680, 704, 705, -1,
      680, 705, 688, -1,
      702, 704, 701, -1,
      701, 704, 678, -1,
      705, 703, 688, -1,
      688, 703, 700, -1,
      137, 699, 706, -1,
      137, 706, 148, -1,
      148, 706, 707, -1,
      148, 707, 149, -1,
      149, 707, 708, -1,
      149, 708, 150, -1,
      150, 708, 709, -1,
      150, 709, 151, -1,
      151, 709, 710, -1,
      151, 710, 152, -1,
      152, 710, 698, -1,
      152, 698, 147, -1,
      131, 519, 561, -1,
      131, 561, 136, -1,
      136, 561, 570, -1,
      136, 570, 135, -1,
      135, 570, 567, -1,
      135, 567, 134, -1,
      134, 567, 563, -1,
      134, 563, 132, -1,
      132, 563, 566, -1,
      132, 566, 133, -1,
      133, 566, 508, -1,
      133, 508, 122, -1,
      64, 160, 65, -1,
      65, 160, 110, -1,
      524, 523, 711, -1,
      712, 713, 714, -1,
      714, 713, 715, -1,
      714, 715, 716, -1,
      717, 718, 719, -1,
      720, 721, 717, -1,
      722, 723, 724, -1,
      724, 723, 725, -1,
      721, 726, 717, -1,
      717, 726, 727, -1,
      717, 727, 718, -1,
      725, 728, 724, -1,
      724, 728, 729, -1,
      724, 729, 720, -1,
      730, 731, 732, -1,
      732, 731, 733, -1,
      732, 733, 724, -1,
      724, 733, 734, -1,
      724, 734, 722, -1,
      735, 736, 737, -1,
      737, 736, 738, -1,
      737, 738, 739, -1,
      730, 740, 741, -1,
      741, 740, 737, -1,
      741, 737, 742, -1,
      742, 737, 739, -1,
      743, 744, 735, -1,
      735, 744, 745, -1,
      735, 745, 746, -1,
      747, 748, 749, -1,
      747, 749, 750, -1,
      746, 751, 735, -1,
      735, 751, 752, -1,
      735, 752, 736, -1,
      736, 752, 753, -1,
      749, 754, 755, -1,
      752, 756, 753, -1,
      753, 756, 757, -1,
      753, 757, 758, -1,
      758, 757, 759, -1,
      758, 759, 760, -1,
      760, 759, 761, -1,
      749, 762, 763, -1,
      748, 764, 749, -1,
      749, 764, 765, -1,
      749, 765, 754, -1,
      766, 767, 768, -1,
      768, 767, 749, -1,
      768, 749, 769, -1,
      769, 749, 755, -1,
      766, 768, 759, -1,
      759, 768, 770, -1,
      759, 770, 761, -1,
      763, 771, 749, -1,
      749, 771, 772, -1,
      749, 772, 750, -1,
      773, 774, 775, -1,
      63, 80, 776, -1,
      524, 104, 586, -1,
      586, 104, 777, -1,
      66, 104, 67, -1,
      67, 104, 524, -1,
      67, 524, 89, -1,
      63, 776, 64, -1,
      775, 1, 773, -1,
      773, 1, 0, -1,
      773, 0, 778, -1,
      778, 0, 779, -1,
      778, 779, 780, -1,
      80, 83, 776, -1,
      776, 83, 86, -1,
      776, 86, 524, -1,
      524, 86, 88, -1,
      524, 88, 89, -1,
      781, 782, 779, -1,
      779, 782, 783, -1,
      784, 583, 785, -1,
      785, 583, 587, -1,
      785, 587, 786, -1,
      786, 587, 586, -1,
      786, 586, 774, -1,
      774, 586, 777, -1,
      774, 777, 775, -1,
      783, 787, 779, -1,
      779, 787, 788, -1,
      779, 788, 780, -1,
      64, 776, 789, -1,
      789, 776, 790, -1,
      789, 790, 791, -1,
      791, 790, 792, -1,
      791, 792, 793, -1,
      793, 792, 794, -1,
      793, 794, 160, -1,
      114, 176, 795, -1,
      796, 797, 8, -1,
      8, 797, 9, -1,
      580, 578, 798, -1,
      799, 800, 801, -1,
      801, 800, 802, -1,
      798, 109, 580, -1,
      580, 109, 19, -1,
      580, 19, 18, -1,
      18, 35, 580, -1,
      580, 35, 38, -1,
      580, 38, 803, -1,
      803, 38, 41, -1,
      41, 43, 803, -1,
      803, 43, 44, -1,
      803, 44, 22, -1,
      797, 804, 801, -1,
      804, 805, 801, -1,
      801, 805, 806, -1,
      801, 806, 799, -1,
      8, 807, 796, -1,
      796, 807, 798, -1,
      796, 798, 808, -1,
      808, 798, 578, -1,
      808, 578, 809, -1,
      809, 578, 577, -1,
      809, 577, 810, -1,
      810, 577, 595, -1,
      810, 595, 811, -1,
      114, 795, 812, -1,
      812, 795, 813, -1,
      812, 813, 814, -1,
      814, 813, 803, -1,
      814, 803, 815, -1,
      815, 803, 22, -1,
      815, 22, 21, -1,
      797, 801, 9, -1,
      9, 801, 816, -1,
      9, 816, 13, -1,
      13, 816, 817, -1,
      13, 817, 12, -1,
      6, 5, 818, -1,
      818, 5, 819, -1,
      594, 801, 595, -1,
      595, 801, 802, -1,
      595, 802, 811, -1,
      730, 732, 740, -1,
      740, 732, 592, -1,
      740, 592, 591, -1,
      589, 820, 590, -1,
      590, 820, 821, -1,
      784, 781, 583, -1,
      583, 781, 779, -1,
      583, 779, 516, -1,
      516, 779, 820, -1,
      516, 820, 517, -1,
      517, 820, 589, -1,
      0, 6, 779, -1,
      779, 6, 818, -1,
      779, 818, 820, -1,
      820, 818, 822, -1,
      820, 822, 821, -1,
      821, 822, 823, -1,
      824, 825, 724, -1,
      720, 717, 724, -1,
      724, 717, 826, -1,
      724, 826, 824, -1,
      827, 826, 828, -1,
      828, 826, 717, -1,
      828, 717, 829, -1,
      829, 717, 817, -1,
      829, 817, 825, -1,
      825, 817, 816, -1,
      825, 816, 724, -1,
      724, 816, 801, -1,
      724, 801, 732, -1,
      732, 801, 594, -1,
      732, 594, 592, -1,
      823, 830, 831, -1,
      831, 830, 832, -1,
      833, 823, 834, -1,
      834, 823, 831, -1,
      834, 831, 835, -1,
      835, 831, 836, -1,
      837, 838, 833, -1,
      833, 838, 839, -1,
      833, 839, 823, -1,
      823, 839, 840, -1,
      823, 840, 841, -1,
      832, 830, 842, -1,
      842, 830, 735, -1,
      842, 735, 841, -1,
      841, 735, 737, -1,
      841, 737, 823, -1,
      823, 737, 740, -1,
      823, 740, 821, -1,
      821, 740, 591, -1,
      821, 591, 590, -1,
      843, 844, 822, -1,
      822, 844, 845, -1,
      822, 845, 846, -1,
      847, 848, 849, -1,
      830, 850, 847, -1,
      847, 850, 851, -1,
      847, 851, 848, -1,
      846, 852, 822, -1,
      822, 852, 853, -1,
      822, 853, 823, -1,
      823, 853, 854, -1,
      823, 854, 830, -1,
      830, 854, 855, -1,
      830, 855, 850, -1,
      849, 856, 847, -1,
      847, 856, 857, -1,
      847, 857, 858, -1,
      858, 859, 847, -1,
      847, 859, 860, -1,
      847, 860, 822, -1,
      822, 860, 861, -1,
      822, 861, 843, -1,
      862, 863, 822, -1,
      864, 865, 866, -1,
      822, 863, 847, -1,
      847, 863, 867, -1,
      847, 867, 868, -1,
      866, 862, 864, -1,
      864, 862, 822, -1,
      864, 822, 869, -1,
      869, 822, 818, -1,
      869, 818, 868, -1,
      868, 818, 819, -1,
      868, 819, 847, -1,
      719, 716, 717, -1,
      717, 716, 715, -1,
      717, 715, 817, -1,
      817, 715, 870, -1,
      817, 870, 12, -1,
      12, 870, 10, -1,
      5, 4, 819, -1,
      819, 4, 871, -1,
      819, 871, 847, -1,
      847, 871, 872, -1,
      847, 872, 830, -1,
      830, 872, 118, -1,
      830, 118, 735, -1,
      735, 118, 713, -1,
      735, 713, 743, -1,
      743, 713, 712, -1,
      524, 711, 776, -1,
      776, 711, 873, -1,
      776, 873, 790, -1,
      790, 873, 874, -1,
      790, 874, 792, -1,
      792, 874, 158, -1,
      792, 158, 794, -1,
      875, 876, 877, -1,
      877, 876, 878, -1,
      877, 878, 879, -1,
      879, 878, 880, -1,
      879, 880, 881, -1,
      881, 880, 882, -1,
      881, 882, 875, -1,
      875, 882, 876, -1,
      883, 878, 884, -1,
      884, 878, 876, -1,
      884, 876, 885, -1,
      885, 876, 882, -1,
      885, 882, 886, -1,
      886, 882, 880, -1,
      886, 880, 883, -1,
      883, 880, 878, -1,
      887, 507, 888, -1,
      888, 507, 506, -1,
      888, 506, 889, -1,
      889, 506, 504, -1,
      889, 504, 890, -1,
      890, 504, 502, -1,
      891, 501, 892, -1,
      892, 501, 500, -1,
    ]
  }
}

Shape {
  appearance Appearance {
    material Material {
      diffuseColor 0.7961 0.8235 0.9373
      specularColor 0.3961 0.4118 0.4667
      ambientIntensity 0.2
      transparency 0.0000
      shininess 0.5
    }
  }
  geometry IndexedFaceSet {
    ccw TRUE
    solid FALSE
    coord DEF co Coordinate {
      point [
        7.651574 -1.515748 0.965299,
        7.230315 -1.515748 0.965299,
        7.230315 -1.515748 1.391732,
        7.651574 -1.515748 1.391732,
        7.651574 -1.515748 3.045276,
        7.230315 -1.515748 3.045276,
        7.230315 -1.515748 2.624016,
        7.651574 -1.515748 2.624016,
        7.651574 -3.799213 2.624016,
        7.230315 -3.799213 2.624016,
        7.651574 -3.799213 3.045276,
        7.230315 -3.799213 3.045276,
        7.230315 -3.799213 1.391732,
        7.230315 -3.799213 0.970472,
        7.651574 -3.799213 0.970472,
        7.651574 -3.799213 1.391732,
        7.651574 -5.745415 2.887795,
        7.651574 -5.587935 3.045276,
        7.230315 -5.745415 2.887795,
        7.230315 -5.587935 3.045276,
        7.651574 -5.745415 2.781496,
        7.230315 -5.745415 2.781496,
        7.651574 -5.587935 2.624016,
        7.230315 -5.587935 2.624016,
        7.651574 1.017717 3.045276,
        7.230315 1.017717 3.045276,
        7.230315 0.596457 2.624016,
        7.651574 0.596457 2.624016,
        7.651574 1.135827 -1.377953,
        7.651574 1.293307 -1.220472,
        7.651574 1.293307 2.769685,
        7.651574 0.872047 2.348425,
        7.651574 0.872047 -1.220472,
        7.651574 1.029528 -1.377953,
        7.651574 0.851069 2.453889,
        7.651574 1.272329 2.875149,
        7.651574 0.791329 2.543297,
        7.651574 0.701920 2.603037,
        7.651574 1.123180 3.024298,
        7.651574 1.212589 2.964557,
        7.230315 1.029528 -1.377953,
        7.230315 0.872047 -1.220472,
        7.230315 1.135827 -1.377953,
        7.230315 0.872047 2.348425,
        7.230315 0.791329 2.543297,
        7.230315 1.272329 2.875149,
        7.230315 0.851069 2.453889,
        7.230315 1.293307 2.769685,
        7.230315 1.293307 -1.220472,
        7.230315 0.701920 2.603037,
        7.230315 1.123180 3.024298,
        7.230315 1.212589 2.964557,
        7.651574 -5.745415 1.234252,
        7.651574 -5.587935 1.391732,
        7.230315 -5.745415 1.234252,
        7.230315 -5.587935 1.391732,
        7.651574 -5.745415 1.127953,
        7.230315 -5.745415 1.127953,
        7.651574 -5.587935 0.970472,
        7.230315 -5.587935 0.970472,
        7.651574 -1.401461 0.913777,
        7.230315 -1.401461 0.913777,
        7.651574 -1.321820 0.816960,
        7.230315 -1.321820 0.816960,
        7.651574 -1.293307 0.694882,
        7.230315 -1.293307 0.694882,
        7.651574 -1.147638 1.391732,
        7.230315 -1.147638 1.391732,
        7.651574 -1.042174 1.370754,
        7.651574 -1.135827 -1.377953,
        7.651574 -1.029528 -1.377953,
        7.651574 -1.293307 -1.220472,
        7.651574 -0.872047 -1.220472,
        7.651574 -0.872047 1.116142,
        7.651574 -0.893025 1.221606,
        7.651574 -0.952766 1.311014,
        7.230315 -1.042174 1.370754,
        7.230315 -1.029528 -1.377953,
        7.230315 -1.135827 -1.377953,
        7.230315 -0.872047 -1.220472,
        7.230315 -1.293307 -1.220472,
        7.230315 -0.872047 1.116142,
        7.230315 -0.893025 1.221606,
        7.230315 -0.952766 1.311014,
      ]
    }
    coordIndex [
      16, 17, 18, -1,
      18, 17, 19, -1,
      20, 16, 21, -1,
      21, 16, 18, -1,
      22, 20, 23, -1,
      23, 20, 21, -1,
      18, 19, 21, -1,
      21, 19, 11, -1,
      21, 11, 23, -1,
      23, 11, 9, -1,
      20, 22, 16, -1,
      16, 22, 8, -1,
      16, 8, 17, -1,
      17, 8, 10, -1,
      22, 23, 8, -1,
      8, 23, 9, -1,
      19, 17, 11, -1,
      11, 17, 10, -1,
      4, 24, 5, -1,
      5, 24, 25, -1,
      6, 26, 7, -1,
      7, 26, 27, -1,
      28, 29, 30, -1,
      31, 32, 33, -1,
      24, 4, 7, -1,
      33, 28, 31, -1,
      31, 28, 30, -1,
      31, 30, 34, -1,
      34, 30, 35, -1,
      34, 35, 36, -1,
      7, 27, 24, -1,
      24, 27, 37, -1,
      24, 37, 38, -1,
      38, 37, 36, -1,
      38, 36, 39, -1,
      39, 36, 35, -1,
      40, 41, 42, -1,
      42, 41, 43, -1,
      44, 45, 46, -1,
      46, 45, 47, -1,
      46, 47, 43, -1,
      43, 47, 48, -1,
      43, 48, 42, -1,
      6, 5, 26, -1,
      26, 5, 25, -1,
      26, 25, 49, -1,
      49, 25, 50, -1,
      49, 50, 44, -1,
      44, 50, 51, -1,
      44, 51, 45, -1,
      30, 47, 45, -1,
      30, 45, 35, -1,
      35, 45, 51, -1,
      35, 51, 39, -1,
      39, 51, 50, -1,
      39, 50, 38, -1,
      38, 50, 25, -1,
      38, 25, 24, -1,
      27, 26, 37, -1,
      37, 26, 49, -1,
      37, 49, 36, -1,
      36, 49, 44, -1,
      36, 44, 34, -1,
      34, 44, 46, -1,
      34, 46, 31, -1,
      31, 46, 43, -1,
      32, 31, 41, -1,
      41, 31, 43, -1,
      33, 32, 40, -1,
      40, 32, 41, -1,
      28, 33, 42, -1,
      42, 33, 40, -1,
      29, 28, 48, -1,
      48, 28, 42, -1,
      30, 29, 47, -1,
      47, 29, 48, -1,
      52, 53, 54, -1,
      54, 53, 55, -1,
      56, 52, 57, -1,
      57, 52, 54, -1,
      58, 56, 59, -1,
      59, 56, 57, -1,
      52, 56, 53, -1,
      53, 56, 58, -1,
      53, 58, 15, -1,
      15, 58, 14, -1,
      57, 54, 59, -1,
      59, 54, 55, -1,
      59, 55, 13, -1,
      13, 55, 12, -1,
      14, 58, 13, -1,
      13, 58, 59, -1,
      12, 55, 15, -1,
      15, 55, 53, -1,
      0, 1, 60, -1,
      60, 1, 61, -1,
      60, 61, 62, -1,
      62, 61, 63, -1,
      62, 63, 64, -1,
      64, 63, 65, -1,
      3, 66, 2, -1,
      2, 66, 67, -1,
      3, 0, 66, -1,
      66, 0, 60, -1,
      66, 60, 68, -1,
      69, 70, 71, -1,
      71, 70, 72, -1,
      71, 72, 64, -1,
      64, 72, 73, -1,
      64, 73, 62, -1,
      62, 73, 74, -1,
      62, 74, 60, -1,
      60, 74, 75, -1,
      60, 75, 68, -1,
      76, 61, 67, -1,
      67, 61, 1, -1,
      67, 1, 2, -1,
      77, 78, 79, -1,
      79, 78, 80, -1,
      79, 80, 81, -1,
      80, 65, 81, -1,
      81, 65, 63, -1,
      81, 63, 82, -1,
      82, 63, 61, -1,
      82, 61, 83, -1,
      83, 61, 76, -1,
      73, 81, 82, -1,
      73, 82, 74, -1,
      74, 82, 83, -1,
      74, 83, 75, -1,
      75, 83, 76, -1,
      75, 76, 68, -1,
      68, 76, 67, -1,
      68, 67, 66, -1,
      71, 64, 80, -1,
      80, 64, 65, -1,
      69, 71, 78, -1,
      78, 71, 80, -1,
      70, 69, 77, -1,
      77, 69, 78, -1,
      72, 70, 79, -1,
      79, 70, 77, -1,
      73, 72, 81, -1,
      81, 72, 79, -1,
    ]
  }
}

Shape {
  appearance Appearance {
    material Material {
      diffuseColor 0.7529 0.7529 0.7529
      specularColor 0.3765 0.3765 0.3765
      ambientIntensity 0.2
      transparency 0.0000
      shininess 0.5
    }
  }
  geometry IndexedFaceSet {
    ccw TRUE
    solid FALSE
    coord DEF co Coordinate {
      point [
        6.555119 -3.799213 3.641732,
        5.019685 -3.799213 3.641732,
        5.019685 -3.799213 2.106299,
        6.555119 -3.799213 2.106299,
        5.019685 -6.515748 2.106299,
        5.019685 -6.515748 3.641732,
        6.555119 -6.515748 3.641732,
        6.555119 -6.515748 2.106299,
        5.019685 -6.515748 0.846457,
        5.019685 -3.799213 0.846457,
        5.019685 -6.515748 1.988189,
        5.019685 -3.799213 1.988189,
        6.555119 -6.515748 1.988189,
        6.555119 -3.799213 1.988189,
        6.555119 -6.515748 0.846457,
        6.555119 -3.799213 0.846457,
        6.161418 -6.515748 0.452756,
        6.161418 -3.799213 0.452756,
        5.413386 -6.515748 0.452756,
        5.413386 -3.799213 0.452756,
        5.998032 -3.799213 0.970472,
        5.576772 -3.799213 0.970472,
        5.998032 -3.799213 1.391732,
        5.576772 -3.799213 1.391732,
      ]
    }
    coordIndex [
      4, 2, 5, -1,
      5, 2, 1, -1,
      5, 1, 6, -1,
      6, 1, 0, -1,
      6, 0, 7, -1,
      7, 0, 3, -1,
      7, 3, 4, -1,
      4, 3, 2, -1,
      8, 9, 10, -1,
      10, 9, 11, -1,
      10, 11, 12, -1,
      12, 11, 13, -1,
      12, 13, 14, -1,
      14, 13, 15, -1,
      16, 17, 18, -1,
      18, 17, 19, -1,
      20, 21, 19, -1,
      19, 17, 20, -1,
      20, 17, 15, -1,
      20, 15, 22, -1,
      22, 15, 13, -1,
      22, 13, 23, -1,
      23, 13, 11, -1,
      23, 11, 21, -1,
      21, 11, 9, -1,
      21, 9, 19, -1,
    ]
  }
}

Shape {
  appearance Appearance {
    material Material {
      diffuseColor 0.7961 0.8235 0.9373
      specularColor 0.3961 0.4118 0.4667
      ambientIntensity 0.2
      transparency 0.0000
      shininess 0.5
    }
  }
  geometry IndexedFaceSet {
    ccw TRUE
    solid FALSE
    coord DEF co Coordinate {
      point [
        5.576772 -1.515748 1.391732,
        5.998032 -1.515748 1.391732,
        5.998032 -1.515748 0.965299,
        5.576772 -1.515748 0.965299,
        3.923228 -1.515748 1.391732,
        4.344488 -1.515748 1.391732,
        4.344488 -1.515748 0.965299,
        3.923228 -1.515748 0.965299,
        2.269685 -1.515748 1.391732,
        2.690945 -1.515748 1.391732,
        2.690945 -1.515748 0.965299,
        2.269685 -1.515748 0.965299,
        1.037402 -1.515748 1.391732,
        1.037402 -1.515748 0.965299,
        0.616142 -1.515748 0.965299,
        0.616142 -1.515748 1.391732,
        -2.690945 -1.515748 0.965299,
        -2.269685 -1.515748 0.965299,
        -1.037402 -1.515748 0.965299,
        -0.616142 -1.515748 0.965299,
        -2.690945 -1.515748 1.391732,
        -2.269685 -1.515748 1.391732,
        -0.616142 -1.515748 1.391732,
        -1.037402 -1.515748 1.391732,
        -3.923228 -1.515748 1.391732,
        -3.923228 -1.515748 0.965299,
        -4.344488 -1.515748 0.965299,
        -4.344488 -1.515748 1.391732,
        -5.998032 -1.515748 1.391732,
        -5.576772 -1.515748 1.391732,
        -5.576772 -1.515748 0.965299,
        -5.998032 -1.515748 0.965299,
        -7.651574 -1.515748 0.965299,
        -7.230315 -1.515748 0.965299,
        -7.230315 -1.515748 1.391732,
        -7.651574 -1.515748 1.391732,
        5.998032 -1.515748 3.045276,
        5.998032 -1.515748 2.624016,
        5.576772 -1.515748 2.624016,
        5.576772 -1.515748 3.045276,
        4.344488 -1.515748 3.045276,
        4.344488 -1.515748 2.624016,
        3.923228 -1.515748 2.624016,
        3.923228 -1.515748 3.045276,
        2.690945 -1.515748 3.045276,
        2.690945 -1.515748 2.624016,
        2.269685 -1.515748 2.624016,
        2.269685 -1.515748 3.045276,
        1.037402 -1.515748 3.045276,
        1.037402 -1.515748 2.624016,
        0.616142 -1.515748 2.624016,
        0.616142 -1.515748 3.045276,
        -2.690945 -1.515748 2.624016,
        -2.690945 -1.515748 3.045276,
        -2.269685 -1.515748 3.045276,
        -2.269685 -1.515748 2.624016,
        -1.037402 -1.515748 3.045276,
        -0.616142 -1.515748 3.045276,
        -0.616142 -1.515748 2.624016,
        -1.037402 -1.515748 2.624016,
        -3.923228 -1.515748 3.045276,
        -3.923228 -1.515748 2.624016,
        -4.344488 -1.515748 2.624016,
        -4.344488 -1.515748 3.045276,
        -5.576772 -1.515748 3.045276,
        -5.576772 -1.515748 2.624016,
        -5.998032 -1.515748 2.624016,
        -5.998032 -1.515748 3.045276,
        -7.230315 -1.515748 3.045276,
        -7.230315 -1.515748 2.624016,
        -7.651574 -1.515748 2.624016,
        -7.651574 -1.515748 3.045276,
        -7.651574 -3.799213 3.045276,
        -7.651574 -3.799213 2.624016,
        -7.230315 -3.799213 2.624016,
        -7.230315 -3.799213 3.045276,
        -5.576772 -3.799213 2.624016,
        -5.998032 -3.799213 2.624016,
        -5.576772 -3.799213 3.045276,
        -5.998032 -3.799213 3.045276,
        -3.923228 -3.799213 2.624016,
        -4.344488 -3.799213 2.624016,
        -3.923228 -3.799213 3.045276,
        -4.344488 -3.799213 3.045276,
        -2.690945 -3.799213 3.045276,
        -2.690945 -3.799213 2.624016,
        -2.269685 -3.799213 2.624016,
        -2.269685 -3.799213 3.045276,
        -1.037402 -3.799213 3.045276,
        -1.037402 -3.799213 2.624016,
        -0.616142 -3.799213 2.624016,
        -0.616142 -3.799213 3.045276,
        1.037402 -3.799213 2.624016,
        0.616142 -3.799213 2.624016,
        1.037402 -3.799213 3.045276,
        0.616142 -3.799213 3.045276,
        2.690945 -3.799213 2.624016,
        2.269685 -3.799213 2.624016,
        2.690945 -3.799213 3.045276,
        2.269685 -3.799213 3.045276,
        4.344488 -3.799213 3.045276,
        3.923228 -3.799213 3.045276,
        3.923228 -3.799213 2.624016,
        4.344488 -3.799213 2.624016,
        5.998032 -3.799213 3.045276,
        5.576772 -3.799213 3.045276,
        5.576772 -3.799213 2.624016,
        5.998032 -3.799213 2.624016,
        -7.230315 -3.799213 0.970472,
        -7.651574 -3.799213 0.970472,
        -7.230315 -3.799213 1.391732,
        -7.651574 -3.799213 1.391732,
        -5.998032 -3.799213 1.391732,
        -5.998032 -3.799213 0.970472,
        -5.576772 -3.799213 0.970472,
        -5.576772 -3.799213 1.391732,
        -4.344488 -3.799213 1.391732,
        -4.344488 -3.799213 0.970472,
        -3.923228 -3.799213 0.970472,
        -3.923228 -3.799213 1.391732,
        -2.269685 -3.799213 0.970472,
        -2.690945 -3.799213 0.970472,
        -2.269685 -3.799213 1.391732,
        -2.690945 -3.799213 1.391732,
        -0.616142 -3.799213 0.970472,
        -1.037402 -3.799213 0.970472,
        -0.616142 -3.799213 1.391732,
        -1.037402 -3.799213 1.391732,
        0.616142 -3.799213 1.391732,
        0.616142 -3.799213 0.970472,
        1.037402 -3.799213 0.970472,
        1.037402 -3.799213 1.391732,
        2.269685 -3.799213 1.391732,
        2.269685 -3.799213 0.970472,
        2.690945 -3.799213 0.970472,
        2.690945 -3.799213 1.391732,
        4.344488 -3.799213 0.970472,
        3.923228 -3.799213 0.970472,
        4.344488 -3.799213 1.391732,
        3.923228 -3.799213 1.391732,
        5.998032 -3.799213 0.970472,
        5.576772 -3.799213 0.970472,
        5.998032 -3.799213 1.391732,
        5.576772 -3.799213 1.391732,
        5.998032 -5.745415 2.887795,
        5.998032 -5.587935 3.045276,
        5.576772 -5.745415 2.887795,
        5.576772 -5.587935 3.045276,
        5.998032 -5.745415 2.781496,
        5.576772 -5.745415 2.781496,
        5.998032 -5.587935 2.624016,
        5.576772 -5.587935 2.624016,
        5.998032 1.017717 3.045276,
        5.576772 1.017717 3.045276,
        5.576772 0.596457 2.624016,
        5.998032 0.596457 2.624016,
        5.998032 1.135827 -1.377953,
        5.998032 1.293307 -1.220472,
        5.998032 1.293307 2.769685,
        5.998032 0.872047 2.348425,
        5.998032 0.872047 -1.220472,
        5.998032 1.029528 -1.377953,
        5.998032 0.851069 2.453889,
        5.998032 1.272329 2.875149,
        5.998032 0.791329 2.543297,
        5.998032 0.701920 2.603037,
        5.998032 1.123180 3.024298,
        5.998032 1.212589 2.964557,
        5.576772 1.029528 -1.377953,
        5.576772 0.872047 -1.220472,
        5.576772 1.135827 -1.377953,
        5.576772 0.872047 2.348425,
        5.576772 0.791329 2.543297,
        5.576772 1.272329 2.875149,
        5.576772 0.851069 2.453889,
        5.576772 1.293307 2.769685,
        5.576772 1.293307 -1.220472,
        5.576772 0.701920 2.603037,
        5.576772 1.123180 3.024298,
        5.576772 1.212589 2.964557,
        5.998032 -5.745415 1.234252,
        5.998032 -5.587935 1.391732,
        5.576772 -5.745415 1.234252,
        5.576772 -5.587935 1.391732,
        5.998032 -5.745415 1.127953,
        5.576772 -5.745415 1.127953,
        5.998032 -5.587935 0.970472,
        5.576772 -5.587935 0.970472,
        5.998032 -1.401461 0.913777,
        5.576772 -1.401461 0.913777,
        5.998032 -1.321820 0.816960,
        5.576772 -1.321820 0.816960,
        5.998032 -1.293307 0.694882,
        5.576772 -1.293307 0.694882,
        5.998032 -1.147638 1.391732,
        5.576772 -1.147638 1.391732,
        5.998032 -1.042174 1.370754,
        5.998032 -1.135827 -1.377953,
        5.998032 -1.029528 -1.377953,
        5.998032 -1.293307 -1.220472,
        5.998032 -0.872047 -1.220472,
        5.998032 -0.872047 1.116142,
        5.998032 -0.893025 1.221606,
        5.998032 -0.952766 1.311014,
        5.576772 -1.042174 1.370754,
        5.576772 -1.029528 -1.377953,
        5.576772 -1.135827 -1.377953,
        5.576772 -0.872047 -1.220472,
        5.576772 -1.293307 -1.220472,
        5.576772 -0.872047 1.116142,
        5.576772 -0.893025 1.221606,
        5.576772 -0.952766 1.311014,
        4.344488 -5.745415 2.887795,
        4.344488 -5.587935 3.045276,
        3.923228 -5.745415 2.887795,
        3.923228 -5.587935 3.045276,
        4.344488 -5.745415 2.781496,
        3.923228 -5.745415 2.781496,
        4.344488 -5.587935 2.624016,
        3.923228 -5.587935 2.624016,
        4.344488 1.017717 3.045276,
        3.923228 1.017717 3.045276,
        3.923228 0.596457 2.624016,
        4.344488 0.596457 2.624016,
        4.344488 1.135827 -1.377953,
        4.344488 1.293307 -1.220472,
        4.344488 1.293307 2.769685,
        4.344488 0.872047 2.348425,
        4.344488 0.872047 -1.220472,
        4.344488 1.029528 -1.377953,
        4.344488 0.851069 2.453889,
        4.344488 1.272329 2.875149,
        4.344488 0.791329 2.543297,
        4.344488 0.701920 2.603037,
        4.344488 1.123180 3.024298,
        4.344488 1.212589 2.964557,
        3.923228 1.029528 -1.377953,
        3.923228 0.872047 -1.220472,
        3.923228 1.135827 -1.377953,
        3.923228 0.872047 2.348425,
        3.923228 0.791329 2.543297,
        3.923228 1.272329 2.875149,
        3.923228 0.851069 2.453889,
        3.923228 1.293307 2.769685,
        3.923228 1.293307 -1.220472,
        3.923228 0.701920 2.603037,
        3.923228 1.123180 3.024298,
        3.923228 1.212589 2.964557,
        4.344488 -5.745415 1.234252,
        4.344488 -5.587935 1.391732,
        3.923228 -5.745415 1.234252,
        3.923228 -5.587935 1.391732,
        4.344488 -5.745415 1.127953,
        3.923228 -5.745415 1.127953,
        4.344488 -5.587935 0.970472,
        3.923228 -5.587935 0.970472,
        4.344488 -1.401461 0.913777,
        3.923228 -1.401461 0.913777,
        4.344488 -1.321820 0.816960,
        3.923228 -1.321820 0.816960,
        4.344488 -1.293307 0.694882,
        3.923228 -1.293307 0.694882,
        4.344488 -1.147638 1.391732,
        3.923228 -1.147638 1.391732,
        4.344488 -1.042174 1.370754,
        4.344488 -1.135827 -1.377953,
        4.344488 -1.029528 -1.377953,
        4.344488 -1.293307 -1.220472,
        4.344488 -0.872047 -1.220472,
        4.344488 -0.872047 1.116142,
        4.344488 -0.893025 1.221606,
        4.344488 -0.952766 1.311014,
        3.923228 -1.042174 1.370754,
        3.923228 -1.029528 -1.377953,
        3.923228 -1.135827 -1.377953,
        3.923228 -0.872047 -1.220472,
        3.923228 -1.293307 -1.220472,
        3.923228 -0.872047 1.116142,
        3.923228 -0.893025 1.221606,
        3.923228 -0.952766 1.311014,
        2.690945 -5.745415 2.887795,
        2.690945 -5.587935 3.045276,
        2.269685 -5.745415 2.887795,
        2.269685 -5.587935 3.045276,
        2.690945 -5.745415 2.781496,
        2.269685 -5.745415 2.781496,
        2.690945 -5.587935 2.624016,
        2.269685 -5.587935 2.624016,
        2.690945 1.017717 3.045276,
        2.269685 1.017717 3.045276,
        2.269685 0.596457 2.624016,
        2.690945 0.596457 2.624016,
        2.690945 1.135827 -1.377953,
        2.690945 1.293307 -1.220472,
        2.690945 1.293307 2.769685,
        2.690945 0.872047 2.348425,
        2.690945 0.872047 -1.220472,
        2.690945 1.029528 -1.377953,
        2.690945 0.851069 2.453889,
        2.690945 1.272329 2.875149,
        2.690945 0.791329 2.543297,
        2.690945 0.701920 2.603037,
        2.690945 1.123180 3.024298,
        2.690945 1.212589 2.964557,
        2.269685 1.029528 -1.377953,
        2.269685 0.872047 -1.220472,
        2.269685 1.135827 -1.377953,
        2.269685 0.872047 2.348425,
        2.269685 0.701920 2.603037,
        2.269685 1.123180 3.024298,
        2.269685 0.791329 2.543297,
        2.269685 1.212589 2.964557,
        2.269685 1.272329 2.875149,
        2.269685 0.851069 2.453889,
        2.269685 1.293307 2.769685,
        2.269685 1.293307 -1.220472,
        2.690945 -5.745415 1.234252,
        2.690945 -5.587935 1.391732,
        2.269685 -5.745415 1.234252,
        2.269685 -5.587935 1.391732,
        2.690945 -5.745415 1.127953,
        2.269685 -5.745415 1.127953,
        2.690945 -5.587935 0.970472,
        2.269685 -5.587935 0.970472,
        2.690945 -1.401461 0.913777,
        2.269685 -1.401461 0.913777,
        2.690945 -1.321820 0.816960,
        2.269685 -1.321820 0.816960,
        2.690945 -1.293307 0.694882,
        2.269685 -1.293307 0.694882,
        2.690945 -1.147638 1.391732,
        2.269685 -1.147638 1.391732,
        2.690945 -1.042174 1.370754,
        2.690945 -1.135827 -1.377953,
        2.690945 -1.029528 -1.377953,
        2.690945 -1.293307 -1.220472,
        2.690945 -0.872047 -1.220472,
        2.690945 -0.872047 1.116142,
        2.690945 -0.893025 1.221606,
        2.690945 -0.952766 1.311014,
        2.269685 -1.042174 1.370754,
        2.269685 -1.029528 -1.377953,
        2.269685 -1.135827 -1.377953,
        2.269685 -0.872047 -1.220472,
        2.269685 -1.293307 -1.220472,
        2.269685 -0.872047 1.116142,
        2.269685 -0.893025 1.221606,
        2.269685 -0.952766 1.311014,
        1.037402 -5.745415 2.887795,
        1.037402 -5.587935 3.045276,
        0.616142 -5.745415 2.887795,
        0.616142 -5.587935 3.045276,
        1.037402 -5.745415 2.781496,
        0.616142 -5.745415 2.781496,
        1.037402 -5.587935 2.624016,
        0.616142 -5.587935 2.624016,
        1.037402 1.017717 3.045276,
        0.616142 1.017717 3.045276,
        0.616142 0.596457 2.624016,
        1.037402 0.596457 2.624016,
        1.037402 1.135827 -1.377953,
        1.037402 1.293307 -1.220472,
        1.037402 1.293307 2.769685,
        1.037402 0.872047 2.348425,
        1.037402 0.872047 -1.220472,
        1.037402 1.029528 -1.377953,
        1.037402 0.851069 2.453889,
        1.037402 1.272329 2.875149,
        1.037402 0.791329 2.543297,
        1.037402 0.701920 2.603037,
        1.037402 1.123180 3.024298,
        1.037402 1.212589 2.964557,
        0.616142 1.029528 -1.377953,
        0.616142 0.872047 -1.220472,
        0.616142 1.135827 -1.377953,
        0.616142 0.872047 2.348425,
        0.616142 0.791329 2.543297,
        0.616142 1.272329 2.875149,
        0.616142 0.851069 2.453889,
        0.616142 1.293307 2.769685,
        0.616142 1.293307 -1.220472,
        0.616142 0.701920 2.603037,
        0.616142 1.123180 3.024298,
        0.616142 1.212589 2.964557,
        1.037402 -5.745415 1.234252,
        1.037402 -5.587935 1.391732,
        0.616142 -5.745415 1.234252,
        0.616142 -5.587935 1.391732,
        1.037402 -5.745415 1.127953,
        0.616142 -5.745415 1.127953,
        1.037402 -5.587935 0.970472,
        0.616142 -5.587935 0.970472,
        1.037402 -1.401461 0.913777,
        0.616142 -1.401461 0.913777,
        1.037402 -1.321820 0.816960,
        0.616142 -1.321820 0.816960,
        1.037402 -1.293307 0.694882,
        0.616142 -1.293307 0.694882,
        1.037402 -1.147638 1.391732,
        0.616142 -1.147638 1.391732,
        1.037402 -1.042174 1.370754,
        1.037402 -1.135827 -1.377953,
        1.037402 -1.029528 -1.377953,
        1.037402 -1.293307 -1.220472,
        1.037402 -0.872047 -1.220472,
        1.037402 -0.872047 1.116142,
        1.037402 -0.893025 1.221606,
        1.037402 -0.952766 1.311014,
        0.616142 -1.042174 1.370754,
        0.616142 -1.029528 -1.377953,
        0.616142 -1.135827 -1.377953,
        0.616142 -0.872047 -1.220472,
        0.616142 -1.293307 -1.220472,
        0.616142 -0.872047 1.116142,
        0.616142 -0.893025 1.221606,
        0.616142 -0.952766 1.311014,
        -0.616142 -5.745415 2.887795,
        -0.616142 -5.587935 3.045276,
        -1.037402 -5.745415 2.887795,
        -1.037402 -5.587935 3.045276,
        -0.616142 -5.745415 2.781496,
        -1.037402 -5.745415 2.781496,
        -0.616142 -5.587935 2.624016,
        -1.037402 -5.587935 2.624016,
        -0.616142 1.017717 3.045276,
        -1.037402 1.017717 3.045276,
        -1.037402 0.596457 2.624016,
        -0.616142 0.596457 2.624016,
        -0.616142 1.135827 -1.377953,
        -0.616142 1.293307 -1.220472,
        -0.616142 1.293307 2.769685,
        -0.616142 0.872047 2.348425,
        -0.616142 0.872047 -1.220472,
        -0.616142 1.029528 -1.377953,
        -0.616142 0.851069 2.453889,
        -0.616142 1.272329 2.875149,
        -0.616142 0.791329 2.543297,
        -0.616142 0.701920 2.603037,
        -0.616142 1.123180 3.024298,
        -0.616142 1.212589 2.964557,
        -1.037402 1.029528 -1.377953,
        -1.037402 0.872047 -1.220472,
        -1.037402 1.135827 -1.377953,
        -1.037402 0.872047 2.348425,
        -1.037402 0.791329 2.543297,
        -1.037402 1.272329 2.875149,
        -1.037402 0.851069 2.453889,
        -1.037402 1.293307 2.769685,
        -1.037402 1.293307 -1.220472,
        -1.037402 0.701920 2.603037,
        -1.037402 1.123180 3.024298,
        -1.037402 1.212589 2.964557,
        -0.616142 -5.745415 1.234252,
        -0.616142 -5.587935 1.391732,
        -1.037402 -5.745415 1.234252,
        -1.037402 -5.587935 1.391732,
        -0.616142 -5.745415 1.127953,
        -1.037402 -5.745415 1.127953,
        -0.616142 -5.587935 0.970472,
        -1.037402 -5.587935 0.970472,
        -0.616142 -1.401461 0.913777,
        -1.037402 -1.401461 0.913777,
        -0.616142 -1.321820 0.816960,
        -1.037402 -1.321820 0.816960,
        -0.616142 -1.293307 0.694882,
        -1.037402 -1.293307 0.694882,
        -0.616142 -1.147638 1.391732,
        -1.037402 -1.147638 1.391732,
        -0.616142 -1.042174 1.370754,
        -0.616142 -1.135827 -1.377953,
        -0.616142 -1.029528 -1.377953,
        -0.616142 -1.293307 -1.220472,
        -0.616142 -0.872047 -1.220472,
        -0.616142 -0.872047 1.116142,
        -0.616142 -0.893025 1.221606,
        -0.616142 -0.952766 1.311014,
        -1.037402 -1.042174 1.370754,
        -1.037402 -1.029528 -1.377953,
        -1.037402 -1.135827 -1.377953,
        -1.037402 -0.872047 -1.220472,
        -1.037402 -1.293307 -1.220472,
        -1.037402 -0.872047 1.116142,
        -1.037402 -0.893025 1.221606,
        -1.037402 -0.952766 1.311014,
        -2.269685 -5.745415 2.887795,
        -2.269685 -5.587935 3.045276,
        -2.690945 -5.745415 2.887795,
        -2.690945 -5.587935 3.045276,
        -2.269685 -5.745415 2.781496,
        -2.690945 -5.745415 2.781496,
        -2.269685 -5.587935 2.624016,
        -2.690945 -5.587935 2.624016,
        -2.269685 1.017717 3.045276,
        -2.690945 1.017717 3.045276,
        -2.690945 0.596457 2.624016,
        -2.269685 0.596457 2.624016,
        -2.269685 1.135827 -1.377953,
        -2.269685 1.293307 -1.220472,
        -2.269685 1.293307 2.769685,
        -2.269685 0.872047 2.348425,
        -2.269685 0.872047 -1.220472,
        -2.269685 1.029528 -1.377953,
        -2.269685 0.851069 2.453889,
        -2.269685 1.272329 2.875149,
        -2.269685 0.791329 2.543297,
        -2.269685 0.701920 2.603037,
        -2.269685 1.123180 3.024298,
        -2.269685 1.212589 2.964557,
        -2.690945 1.029528 -1.377953,
        -2.690945 0.872047 -1.220472,
        -2.690945 1.135827 -1.377953,
        -2.690945 0.872047 2.348425,
        -2.690945 0.791329 2.543297,
        -2.690945 1.272329 2.875149,
        -2.690945 0.851069 2.453889,
        -2.690945 1.293307 2.769685,
        -2.690945 1.293307 -1.220472,
        -2.690945 0.701920 2.603037,
        -2.690945 1.123180 3.024298,
        -2.690945 1.212589 2.964557,
        -2.269685 -5.745415 1.234252,
        -2.269685 -5.587935 1.391732,
        -2.690945 -5.745415 1.234252,
        -2.690945 -5.587935 1.391732,
        -2.269685 -5.745415 1.127953,
        -2.690945 -5.745415 1.127953,
        -2.269685 -5.587935 0.970472,
        -2.690945 -5.587935 0.970472,
        -2.269685 -1.401461 0.913777,
        -2.690945 -1.401461 0.913777,
        -2.269685 -1.321820 0.816960,
        -2.690945 -1.321820 0.816960,
        -2.269685 -1.293307 0.694882,
        -2.690945 -1.293307 0.694882,
        -2.269685 -1.147638 1.391732,
        -2.690945 -1.147638 1.391732,
        -2.269685 -1.042174 1.370754,
        -2.269685 -1.135827 -1.377953,
        -2.269685 -1.029528 -1.377953,
        -2.269685 -1.293307 -1.220472,
        -2.269685 -0.872047 -1.220472,
        -2.269685 -0.872047 1.116142,
        -2.269685 -0.893025 1.221606,
        -2.269685 -0.952766 1.311014,
        -2.690945 -1.042174 1.370754,
        -2.690945 -1.029528 -1.377953,
        -2.690945 -1.135827 -1.377953,
        -2.690945 -0.872047 -1.220472,
        -2.690945 -1.293307 -1.220472,
        -2.690945 -0.872047 1.116142,
        -2.690945 -0.893025 1.221606,
        -2.690945 -0.952766 1.311014,
        -3.923228 -5.745415 2.887795,
        -3.923228 -5.587935 3.045276,
        -4.344488 -5.745415 2.887795,
        -4.344488 -5.587935 3.045276,
        -3.923228 -5.745415 2.781496,
        -4.344488 -5.745415 2.781496,
        -3.923228 -5.587935 2.624016,
        -4.344488 -5.587935 2.624016,
        -3.923228 1.017717 3.045276,
        -4.344488 1.017717 3.045276,
        -4.344488 0.596457 2.624016,
        -3.923228 0.596457 2.624016,
        -3.923228 1.135827 -1.377953,
        -3.923228 1.293307 -1.220472,
        -3.923228 1.293307 2.769685,
        -3.923228 0.872047 2.348425,
        -3.923228 0.872047 -1.220472,
        -3.923228 1.029528 -1.377953,
        -3.923228 0.851069 2.453889,
        -3.923228 1.272329 2.875149,
        -3.923228 0.791329 2.543297,
        -3.923228 0.701920 2.603037,
        -3.923228 1.123180 3.024298,
        -3.923228 1.212589 2.964557,
        -4.344488 1.029528 -1.377953,
        -4.344488 0.872047 -1.220472,
        -4.344488 1.135827 -1.377953,
        -4.344488 0.872047 2.348425,
        -4.344488 0.791329 2.543297,
        -4.344488 1.272329 2.875149,
        -4.344488 0.851069 2.453889,
        -4.344488 1.293307 2.769685,
        -4.344488 1.293307 -1.220472,
        -4.344488 0.701920 2.603037,
        -4.344488 1.123180 3.024298,
        -4.344488 1.212589 2.964557,
        -3.923228 -5.745415 1.234252,
        -3.923228 -5.587935 1.391732,
        -4.344488 -5.745415 1.234252,
        -4.344488 -5.587935 1.391732,
        -3.923228 -5.745415 1.127953,
        -4.344488 -5.745415 1.127953,
        -3.923228 -5.587935 0.970472,
        -4.344488 -5.587935 0.970472,
        -3.923228 -1.401461 0.913777,
        -4.344488 -1.401461 0.913777,
        -3.923228 -1.321820 0.816960,
        -4.344488 -1.321820 0.816960,
        -3.923228 -1.293307 0.694882,
        -4.344488 -1.293307 0.694882,
        -3.923228 -1.147638 1.391732,
        -4.344488 -1.147638 1.391732,
        -3.923228 -1.042174 1.370754,
        -3.923228 -1.135827 -1.377953,
        -3.923228 -1.029528 -1.377953,
        -3.923228 -1.293307 -1.220472,
        -3.923228 -0.872047 -1.220472,
        -3.923228 -0.872047 1.116142,
        -3.923228 -0.893025 1.221606,
        -3.923228 -0.952766 1.311014,
        -4.344488 -1.042174 1.370754,
        -4.344488 -1.029528 -1.377953,
        -4.344488 -1.135827 -1.377953,
        -4.344488 -0.872047 -1.220472,
        -4.344488 -1.293307 -1.220472,
        -4.344488 -0.872047 1.116142,
        -4.344488 -0.893025 1.221606,
        -4.344488 -0.952766 1.311014,
        -5.576772 -5.745415 2.887795,
        -5.576772 -5.587935 3.045276,
        -5.998032 -5.745415 2.887795,
        -5.998032 -5.587935 3.045276,
        -5.576772 -5.745415 2.781496,
        -5.998032 -5.745415 2.781496,
        -5.576772 -5.587935 2.624016,
        -5.998032 -5.587935 2.624016,
        -5.576772 1.017717 3.045276,
        -5.998032 1.017717 3.045276,
        -5.998032 0.596457 2.624016,
        -5.576772 0.596457 2.624016,
        -5.576772 1.135827 -1.377953,
        -5.576772 1.293307 -1.220472,
        -5.576772 1.293307 2.769685,
        -5.576772 0.701920 2.603037,
        -5.576772 1.123180 3.024298,
        -5.576772 0.791329 2.543297,
        -5.576772 0.872047 2.348425,
        -5.576772 0.872047 -1.220472,
        -5.576772 1.029528 -1.377953,
        -5.576772 0.851069 2.453889,
        -5.576772 1.272329 2.875149,
        -5.576772 1.212589 2.964557,
        -5.998032 1.029528 -1.377953,
        -5.998032 0.872047 -1.220472,
        -5.998032 1.135827 -1.377953,
        -5.998032 0.872047 2.348425,
        -5.998032 0.701920 2.603037,
        -5.998032 1.123180 3.024298,
        -5.998032 0.791329 2.543297,
        -5.998032 1.212589 2.964557,
        -5.998032 1.272329 2.875149,
        -5.998032 0.851069 2.453889,
        -5.998032 1.293307 2.769685,
        -5.998032 1.293307 -1.220472,
        -5.576772 -5.745415 1.234252,
        -5.576772 -5.587935 1.391732,
        -5.998032 -5.745415 1.234252,
        -5.998032 -5.587935 1.391732,
        -5.576772 -5.745415 1.127953,
        -5.998032 -5.745415 1.127953,
        -5.576772 -5.587935 0.970472,
        -5.998032 -5.587935 0.970472,
        -5.576772 -1.401461 0.913777,
        -5.998032 -1.401461 0.913777,
        -5.576772 -1.321820 0.816960,
        -5.998032 -1.321820 0.816960,
        -5.576772 -1.293307 0.694882,
        -5.998032 -1.293307 0.694882,
        -5.576772 -1.147638 1.391732,
        -5.998032 -1.147638 1.391732,
        -5.576772 -1.042174 1.370754,
        -5.576772 -1.135827 -1.377953,
        -5.576772 -1.029528 -1.377953,
        -5.576772 -1.293307 -1.220472,
        -5.576772 -0.872047 -1.220472,
        -5.576772 -0.872047 1.116142,
        -5.576772 -0.893025 1.221606,
        -5.576772 -0.952766 1.311014,
        -5.998032 -1.042174 1.370754,
        -5.998032 -1.029528 -1.377953,
        -5.998032 -1.135827 -1.377953,
        -5.998032 -0.872047 -1.220472,
        -5.998032 -1.293307 -1.220472,
        -5.998032 -0.872047 1.116142,
        -5.998032 -0.893025 1.221606,
        -5.998032 -0.952766 1.311014,
        -7.230315 -5.745415 2.887795,
        -7.230315 -5.587935 3.045276,
        -7.651574 -5.745415 2.887795,
        -7.651574 -5.587935 3.045276,
        -7.230315 -5.745415 2.781496,
        -7.651574 -5.745415 2.781496,
        -7.230315 -5.587935 2.624016,
        -7.651574 -5.587935 2.624016,
        -7.230315 1.017717 3.045276,
        -7.651574 1.017717 3.045276,
        -7.651574 0.596457 2.624016,
        -7.230315 0.596457 2.624016,
        -7.230315 1.135827 -1.377953,
        -7.230315 1.293307 -1.220472,
        -7.230315 1.293307 2.769685,
        -7.230315 0.872047 2.348425,
        -7.230315 0.872047 -1.220472,
        -7.230315 1.029528 -1.377953,
        -7.230315 0.851069 2.453889,
        -7.230315 1.272329 2.875149,
        -7.230315 0.791329 2.543297,
        -7.230315 0.701920 2.603037,
        -7.230315 1.123180 3.024298,
        -7.230315 1.212589 2.964557,
        -7.651574 1.029528 -1.377953,
        -7.651574 0.872047 -1.220472,
        -7.651574 1.135827 -1.377953,
        -7.651574 0.872047 2.348425,
        -7.651574 0.791329 2.543297,
        -7.651574 1.272329 2.875149,
        -7.651574 0.851069 2.453889,
        -7.651574 1.293307 2.769685,
        -7.651574 1.293307 -1.220472,
        -7.651574 0.701920 2.603037,
        -7.651574 1.123180 3.024298,
        -7.651574 1.212589 2.964557,
        -7.230315 -5.745415 1.234252,
        -7.230315 -5.587935 1.391732,
        -7.651574 -5.745415 1.234252,
        -7.651574 -5.587935 1.391732,
        -7.230315 -5.745415 1.127953,
        -7.651574 -5.745415 1.127953,
        -7.230315 -5.587935 0.970472,
        -7.651574 -5.587935 0.970472,
        -7.230315 -1.401461 0.913777,
        -7.651574 -1.401461 0.913777,
        -7.230315 -1.321820 0.816960,
        -7.651574 -1.321820 0.816960,
        -7.230315 -1.293307 0.694882,
        -7.651574 -1.293307 0.694882,
        -7.230315 -1.147638 1.391732,
        -7.651574 -1.147638 1.391732,
        -7.230315 -1.042174 1.370754,
        -7.230315 -1.135827 -1.377953,
        -7.230315 -1.029528 -1.377953,
        -7.230315 -1.293307 -1.220472,
        -7.230315 -0.872047 -1.220472,
        -7.230315 -0.872047 1.116142,
        -7.230315 -0.893025 1.221606,
        -7.230315 -0.952766 1.311014,
        -7.651574 -1.042174 1.370754,
        -7.651574 -1.029528 -1.377953,
        -7.651574 -1.135827 -1.377953,
        -7.651574 -0.872047 -1.220472,
        -7.651574 -1.293307 -1.220472,
        -7.651574 -0.872047 1.116142,
        -7.651574 -0.893025 1.221606,
        -7.651574 -0.952766 1.311014,
      ]
    }
    coordIndex [
      144, 145, 146, -1,
      146, 145, 147, -1,
      148, 144, 149, -1,
      149, 144, 146, -1,
      150, 148, 151, -1,
      151, 148, 149, -1,
      146, 147, 149, -1,
      149, 147, 105, -1,
      149, 105, 151, -1,
      151, 105, 106, -1,
      148, 150, 144, -1,
      144, 150, 107, -1,
      144, 107, 145, -1,
      145, 107, 104, -1,
      150, 151, 107, -1,
      107, 151, 106, -1,
      147, 145, 105, -1,
      105, 145, 104, -1,
      36, 152, 39, -1,
      39, 152, 153, -1,
      38, 154, 37, -1,
      37, 154, 155, -1,
      156, 157, 158, -1,
      159, 160, 161, -1,
      152, 36, 37, -1,
      161, 156, 159, -1,
      159, 156, 158, -1,
      159, 158, 162, -1,
      162, 158, 163, -1,
      162, 163, 164, -1,
      37, 155, 152, -1,
      152, 155, 165, -1,
      152, 165, 166, -1,
      166, 165, 164, -1,
      166, 164, 167, -1,
      167, 164, 163, -1,
      168, 169, 170, -1,
      170, 169, 171, -1,
      172, 173, 174, -1,
      174, 173, 175, -1,
      174, 175, 171, -1,
      171, 175, 176, -1,
      171, 176, 170, -1,
      38, 39, 154, -1,
      154, 39, 153, -1,
      154, 153, 177, -1,
      177, 153, 178, -1,
      177, 178, 172, -1,
      172, 178, 179, -1,
      172, 179, 173, -1,
      158, 175, 173, -1,
      158, 173, 163, -1,
      163, 173, 179, -1,
      163, 179, 167, -1,
      167, 179, 178, -1,
      167, 178, 166, -1,
      166, 178, 153, -1,
      166, 153, 152, -1,
      155, 154, 165, -1,
      165, 154, 177, -1,
      165, 177, 164, -1,
      164, 177, 172, -1,
      164, 172, 162, -1,
      162, 172, 174, -1,
      162, 174, 159, -1,
      159, 174, 171, -1,
      160, 159, 169, -1,
      169, 159, 171, -1,
      161, 160, 168, -1,
      168, 160, 169, -1,
      156, 161, 170, -1,
      170, 161, 168, -1,
      157, 156, 176, -1,
      176, 156, 170, -1,
      158, 157, 175, -1,
      175, 157, 176, -1,
      180, 181, 182, -1,
      182, 181, 183, -1,
      184, 180, 185, -1,
      185, 180, 182, -1,
      186, 184, 187, -1,
      187, 184, 185, -1,
      184, 186, 180, -1,
      180, 186, 140, -1,
      180, 140, 181, -1,
      181, 140, 142, -1,
      185, 182, 187, -1,
      187, 182, 183, -1,
      187, 183, 141, -1,
      141, 183, 143, -1,
      140, 186, 141, -1,
      141, 186, 187, -1,
      143, 183, 142, -1,
      142, 183, 181, -1,
      2, 3, 188, -1,
      188, 3, 189, -1,
      188, 189, 190, -1,
      190, 189, 191, -1,
      190, 191, 192, -1,
      192, 191, 193, -1,
      1, 194, 0, -1,
      0, 194, 195, -1,
      1, 2, 194, -1,
      194, 2, 188, -1,
      194, 188, 196, -1,
      197, 198, 199, -1,
      199, 198, 200, -1,
      199, 200, 192, -1,
      192, 200, 201, -1,
      192, 201, 190, -1,
      190, 201, 202, -1,
      190, 202, 188, -1,
      188, 202, 203, -1,
      188, 203, 196, -1,
      204, 189, 195, -1,
      195, 189, 3, -1,
      195, 3, 0, -1,
      205, 206, 207, -1,
      207, 206, 208, -1,
      207, 208, 209, -1,
      208, 193, 209, -1,
      209, 193, 191, -1,
      209, 191, 210, -1,
      210, 191, 189, -1,
      210, 189, 211, -1,
      211, 189, 204, -1,
      201, 209, 210, -1,
      201, 210, 202, -1,
      202, 210, 211, -1,
      202, 211, 203, -1,
      203, 211, 204, -1,
      203, 204, 196, -1,
      196, 204, 195, -1,
      196, 195, 194, -1,
      199, 192, 208, -1,
      208, 192, 193, -1,
      197, 199, 206, -1,
      206, 199, 208, -1,
      198, 197, 205, -1,
      205, 197, 206, -1,
      200, 198, 207, -1,
      207, 198, 205, -1,
      201, 200, 209, -1,
      209, 200, 207, -1,
      212, 213, 214, -1,
      214, 213, 215, -1,
      216, 212, 217, -1,
      217, 212, 214, -1,
      218, 216, 219, -1,
      219, 216, 217, -1,
      214, 215, 217, -1,
      217, 215, 101, -1,
      217, 101, 219, -1,
      219, 101, 102, -1,
      216, 218, 212, -1,
      212, 218, 103, -1,
      212, 103, 213, -1,
      213, 103, 100, -1,
      218, 219, 103, -1,
      103, 219, 102, -1,
      215, 213, 101, -1,
      101, 213, 100, -1,
      40, 220, 43, -1,
      43, 220, 221, -1,
      42, 222, 41, -1,
      41, 222, 223, -1,
      224, 225, 226, -1,
      227, 228, 229, -1,
      220, 40, 41, -1,
      229, 224, 227, -1,
      227, 224, 226, -1,
      227, 226, 230, -1,
      230, 226, 231, -1,
      230, 231, 232, -1,
      41, 223, 220, -1,
      220, 223, 233, -1,
      220, 233, 234, -1,
      234, 233, 232, -1,
      234, 232, 235, -1,
      235, 232, 231, -1,
      236, 237, 238, -1,
      238, 237, 239, -1,
      240, 241, 242, -1,
      242, 241, 243, -1,
      242, 243, 239, -1,
      239, 243, 244, -1,
      239, 244, 238, -1,
      42, 43, 222, -1,
      222, 43, 221, -1,
      222, 221, 245, -1,
      245, 221, 246, -1,
      245, 246, 240, -1,
      240, 246, 247, -1,
      240, 247, 241, -1,
      226, 243, 241, -1,
      226, 241, 231, -1,
      231, 241, 247, -1,
      231, 247, 235, -1,
      235, 247, 246, -1,
      235, 246, 234, -1,
      234, 246, 221, -1,
      234, 221, 220, -1,
      223, 222, 233, -1,
      233, 222, 245, -1,
      233, 245, 232, -1,
      232, 245, 240, -1,
      232, 240, 230, -1,
      230, 240, 242, -1,
      230, 242, 227, -1,
      227, 242, 239, -1,
      228, 227, 237, -1,
      237, 227, 239, -1,
      229, 228, 236, -1,
      236, 228, 237, -1,
      224, 229, 238, -1,
      238, 229, 236, -1,
      225, 224, 244, -1,
      244, 224, 238, -1,
      226, 225, 243, -1,
      243, 225, 244, -1,
      248, 249, 250, -1,
      250, 249, 251, -1,
      252, 248, 253, -1,
      253, 248, 250, -1,
      254, 252, 255, -1,
      255, 252, 253, -1,
      252, 254, 248, -1,
      248, 254, 136, -1,
      248, 136, 249, -1,
      249, 136, 138, -1,
      253, 250, 255, -1,
      255, 250, 251, -1,
      255, 251, 137, -1,
      137, 251, 139, -1,
      136, 254, 137, -1,
      137, 254, 255, -1,
      139, 251, 138, -1,
      138, 251, 249, -1,
      6, 7, 256, -1,
      256, 7, 257, -1,
      256, 257, 258, -1,
      258, 257, 259, -1,
      258, 259, 260, -1,
      260, 259, 261, -1,
      5, 262, 4, -1,
      4, 262, 263, -1,
      5, 6, 262, -1,
      262, 6, 256, -1,
      262, 256, 264, -1,
      265, 266, 267, -1,
      267, 266, 268, -1,
      267, 268, 260, -1,
      260, 268, 269, -1,
      260, 269, 258, -1,
      258, 269, 270, -1,
      258, 270, 256, -1,
      256, 270, 271, -1,
      256, 271, 264, -1,
      272, 257, 263, -1,
      263, 257, 7, -1,
      263, 7, 4, -1,
      273, 274, 275, -1,
      275, 274, 276, -1,
      275, 276, 277, -1,
      276, 261, 277, -1,
      277, 261, 259, -1,
      277, 259, 278, -1,
      278, 259, 257, -1,
      278, 257, 279, -1,
      279, 257, 272, -1,
      269, 277, 278, -1,
      269, 278, 270, -1,
      270, 278, 279, -1,
      270, 279, 271, -1,
      271, 279, 272, -1,
      271, 272, 264, -1,
      264, 272, 263, -1,
      264, 263, 262, -1,
      267, 260, 276, -1,
      276, 260, 261, -1,
      265, 267, 274, -1,
      274, 267, 276, -1,
      266, 265, 273, -1,
      273, 265, 274, -1,
      268, 266, 275, -1,
      275, 266, 273, -1,
      269, 268, 277, -1,
      277, 268, 275, -1,
      280, 281, 282, -1,
      282, 281, 283, -1,
      284, 280, 285, -1,
      285, 280, 282, -1,
      286, 284, 287, -1,
      287, 284, 285, -1,
      282, 283, 285, -1,
      285, 283, 99, -1,
      285, 99, 287, -1,
      287, 99, 97, -1,
      284, 286, 280, -1,
      280, 286, 96, -1,
      280, 96, 281, -1,
      281, 96, 98, -1,
      286, 287, 96, -1,
      96, 287, 97, -1,
      283, 281, 99, -1,
      99, 281, 98, -1,
      44, 288, 47, -1,
      47, 288, 289, -1,
      46, 290, 45, -1,
      45, 290, 291, -1,
      292, 293, 294, -1,
      295, 296, 297, -1,
      288, 44, 45, -1,
      297, 292, 295, -1,
      295, 292, 294, -1,
      295, 294, 298, -1,
      298, 294, 299, -1,
      298, 299, 300, -1,
      45, 291, 288, -1,
      288, 291, 301, -1,
      288, 301, 302, -1,
      302, 301, 300, -1,
      302, 300, 303, -1,
      303, 300, 299, -1,
      304, 305, 306, -1,
      306, 305, 307, -1,
      46, 47, 290, -1,
      290, 47, 289, -1,
      290, 289, 308, -1,
      308, 289, 309, -1,
      308, 309, 310, -1,
      309, 311, 310, -1,
      310, 311, 312, -1,
      310, 312, 313, -1,
      313, 312, 314, -1,
      313, 314, 307, -1,
      307, 314, 315, -1,
      307, 315, 306, -1,
      294, 314, 312, -1,
      294, 312, 299, -1,
      299, 312, 311, -1,
      299, 311, 303, -1,
      303, 311, 309, -1,
      303, 309, 302, -1,
      302, 309, 289, -1,
      302, 289, 288, -1,
      291, 290, 301, -1,
      301, 290, 308, -1,
      301, 308, 300, -1,
      300, 308, 310, -1,
      300, 310, 298, -1,
      298, 310, 313, -1,
      298, 313, 295, -1,
      295, 313, 307, -1,
      296, 295, 305, -1,
      305, 295, 307, -1,
      297, 296, 304, -1,
      304, 296, 305, -1,
      292, 297, 306, -1,
      306, 297, 304, -1,
      293, 292, 315, -1,
      315, 292, 306, -1,
      294, 293, 314, -1,
      314, 293, 315, -1,
      316, 317, 318, -1,
      318, 317, 319, -1,
      320, 316, 321, -1,
      321, 316, 318, -1,
      322, 320, 323, -1,
      323, 320, 321, -1,
      316, 320, 317, -1,
      317, 320, 322, -1,
      317, 322, 135, -1,
      135, 322, 134, -1,
      321, 318, 323, -1,
      323, 318, 319, -1,
      323, 319, 133, -1,
      133, 319, 132, -1,
      134, 322, 133, -1,
      133, 322, 323, -1,
      132, 319, 135, -1,
      135, 319, 317, -1,
      10, 11, 324, -1,
      324, 11, 325, -1,
      324, 325, 326, -1,
      326, 325, 327, -1,
      326, 327, 328, -1,
      328, 327, 329, -1,
      9, 330, 8, -1,
      8, 330, 331, -1,
      9, 10, 330, -1,
      330, 10, 324, -1,
      330, 324, 332, -1,
      333, 334, 335, -1,
      335, 334, 336, -1,
      335, 336, 328, -1,
      328, 336, 337, -1,
      328, 337, 326, -1,
      326, 337, 338, -1,
      326, 338, 324, -1,
      324, 338, 339, -1,
      324, 339, 332, -1,
      340, 325, 331, -1,
      331, 325, 11, -1,
      331, 11, 8, -1,
      341, 342, 343, -1,
      343, 342, 344, -1,
      343, 344, 345, -1,
      344, 329, 345, -1,
      345, 329, 327, -1,
      345, 327, 346, -1,
      346, 327, 325, -1,
      346, 325, 347, -1,
      347, 325, 340, -1,
      337, 345, 346, -1,
      337, 346, 338, -1,
      338, 346, 347, -1,
      338, 347, 339, -1,
      339, 347, 340, -1,
      339, 340, 332, -1,
      332, 340, 331, -1,
      332, 331, 330, -1,
      335, 328, 344, -1,
      344, 328, 329, -1,
      333, 335, 342, -1,
      342, 335, 344, -1,
      334, 333, 341, -1,
      341, 333, 342, -1,
      336, 334, 343, -1,
      343, 334, 341, -1,
      337, 336, 345, -1,
      345, 336, 343, -1,
      348, 349, 350, -1,
      350, 349, 351, -1,
      352, 348, 353, -1,
      353, 348, 350, -1,
      354, 352, 355, -1,
      355, 352, 353, -1,
      350, 351, 353, -1,
      353, 351, 95, -1,
      353, 95, 355, -1,
      355, 95, 93, -1,
      352, 354, 348, -1,
      348, 354, 92, -1,
      348, 92, 349, -1,
      349, 92, 94, -1,
      354, 355, 92, -1,
      92, 355, 93, -1,
      351, 349, 95, -1,
      95, 349, 94, -1,
      48, 356, 51, -1,
      51, 356, 357, -1,
      50, 358, 49, -1,
      49, 358, 359, -1,
      360, 361, 362, -1,
      363, 364, 365, -1,
      356, 48, 49, -1,
      365, 360, 363, -1,
      363, 360, 362, -1,
      363, 362, 366, -1,
      366, 362, 367, -1,
      366, 367, 368, -1,
      49, 359, 356, -1,
      356, 359, 369, -1,
      356, 369, 370, -1,
      370, 369, 368, -1,
      370, 368, 371, -1,
      371, 368, 367, -1,
      372, 373, 374, -1,
      374, 373, 375, -1,
      376, 377, 378, -1,
      378, 377, 379, -1,
      378, 379, 375, -1,
      375, 379, 380, -1,
      375, 380, 374, -1,
      50, 51, 358, -1,
      358, 51, 357, -1,
      358, 357, 381, -1,
      381, 357, 382, -1,
      381, 382, 376, -1,
      376, 382, 383, -1,
      376, 383, 377, -1,
      362, 379, 377, -1,
      362, 377, 367, -1,
      367, 377, 383, -1,
      367, 383, 371, -1,
      371, 383, 382, -1,
      371, 382, 370, -1,
      370, 382, 357, -1,
      370, 357, 356, -1,
      359, 358, 369, -1,
      369, 358, 381, -1,
      369, 381, 368, -1,
      368, 381, 376, -1,
      368, 376, 366, -1,
      366, 376, 378, -1,
      366, 378, 363, -1,
      363, 378, 375, -1,
      364, 363, 373, -1,
      373, 363, 375, -1,
      365, 364, 372, -1,
      372, 364, 373, -1,
      360, 365, 374, -1,
      374, 365, 372, -1,
      361, 360, 380, -1,
      380, 360, 374, -1,
      362, 361, 379, -1,
      379, 361, 380, -1,
      384, 385, 386, -1,
      386, 385, 387, -1,
      388, 384, 389, -1,
      389, 384, 386, -1,
      390, 388, 391, -1,
      391, 388, 389, -1,
      388, 390, 384, -1,
      384, 390, 130, -1,
      384, 130, 385, -1,
      385, 130, 131, -1,
      389, 386, 391, -1,
      391, 386, 387, -1,
      391, 387, 129, -1,
      129, 387, 128, -1,
      130, 390, 129, -1,
      129, 390, 391, -1,
      128, 387, 131, -1,
      131, 387, 385, -1,
      13, 14, 392, -1,
      392, 14, 393, -1,
      392, 393, 394, -1,
      394, 393, 395, -1,
      394, 395, 396, -1,
      396, 395, 397, -1,
      12, 398, 15, -1,
      15, 398, 399, -1,
      12, 13, 398, -1,
      398, 13, 392, -1,
      398, 392, 400, -1,
      401, 402, 403, -1,
      403, 402, 404, -1,
      403, 404, 396, -1,
      396, 404, 405, -1,
      396, 405, 394, -1,
      394, 405, 406, -1,
      394, 406, 392, -1,
      392, 406, 407, -1,
      392, 407, 400, -1,
      408, 393, 399, -1,
      399, 393, 14, -1,
      399, 14, 15, -1,
      409, 410, 411, -1,
      411, 410, 412, -1,
      411, 412, 413, -1,
      412, 397, 413, -1,
      413, 397, 395, -1,
      413, 395, 414, -1,
      414, 395, 393, -1,
      414, 393, 415, -1,
      415, 393, 408, -1,
      405, 413, 414, -1,
      405, 414, 406, -1,
      406, 414, 415, -1,
      406, 415, 407, -1,
      407, 415, 408, -1,
      407, 408, 400, -1,
      400, 408, 399, -1,
      400, 399, 398, -1,
      403, 396, 412, -1,
      412, 396, 397, -1,
      401, 403, 410, -1,
      410, 403, 412, -1,
      402, 401, 409, -1,
      409, 401, 410, -1,
      404, 402, 411, -1,
      411, 402, 409, -1,
      405, 404, 413, -1,
      413, 404, 411, -1,
      416, 417, 418, -1,
      418, 417, 419, -1,
      420, 416, 421, -1,
      421, 416, 418, -1,
      422, 420, 423, -1,
      423, 420, 421, -1,
      418, 419, 421, -1,
      421, 419, 88, -1,
      421, 88, 423, -1,
      423, 88, 89, -1,
      420, 422, 416, -1,
      416, 422, 90, -1,
      416, 90, 417, -1,
      417, 90, 91, -1,
      422, 423, 90, -1,
      90, 423, 89, -1,
      419, 417, 88, -1,
      88, 417, 91, -1,
      57, 424, 56, -1,
      56, 424, 425, -1,
      59, 426, 58, -1,
      58, 426, 427, -1,
      428, 429, 430, -1,
      431, 432, 433, -1,
      424, 57, 58, -1,
      433, 428, 431, -1,
      431, 428, 430, -1,
      431, 430, 434, -1,
      434, 430, 435, -1,
      434, 435, 436, -1,
      58, 427, 424, -1,
      424, 427, 437, -1,
      424, 437, 438, -1,
      438, 437, 436, -1,
      438, 436, 439, -1,
      439, 436, 435, -1,
      440, 441, 442, -1,
      442, 441, 443, -1,
      444, 445, 446, -1,
      446, 445, 447, -1,
      446, 447, 443, -1,
      443, 447, 448, -1,
      443, 448, 442, -1,
      59, 56, 426, -1,
      426, 56, 425, -1,
      426, 425, 449, -1,
      449, 425, 450, -1,
      449, 450, 444, -1,
      444, 450, 451, -1,
      444, 451, 445, -1,
      430, 447, 445, -1,
      430, 445, 435, -1,
      435, 445, 451, -1,
      435, 451, 439, -1,
      439, 451, 450, -1,
      439, 450, 438, -1,
      438, 450, 425, -1,
      438, 425, 424, -1,
      427, 426, 437, -1,
      437, 426, 449, -1,
      437, 449, 436, -1,
      436, 449, 444, -1,
      436, 444, 434, -1,
      434, 444, 446, -1,
      434, 446, 431, -1,
      431, 446, 443, -1,
      432, 431, 441, -1,
      441, 431, 443, -1,
      433, 432, 440, -1,
      440, 432, 441, -1,
      428, 433, 442, -1,
      442, 433, 440, -1,
      429, 428, 448, -1,
      448, 428, 442, -1,
      430, 429, 447, -1,
      447, 429, 448, -1,
      452, 453, 454, -1,
      454, 453, 455, -1,
      456, 452, 457, -1,
      457, 452, 454, -1,
      458, 456, 459, -1,
      459, 456, 457, -1,
      456, 458, 452, -1,
      452, 458, 124, -1,
      452, 124, 453, -1,
      453, 124, 126, -1,
      457, 454, 459, -1,
      459, 454, 455, -1,
      459, 455, 125, -1,
      125, 455, 127, -1,
      124, 458, 125, -1,
      125, 458, 459, -1,
      127, 455, 126, -1,
      126, 455, 453, -1,
      19, 18, 460, -1,
      460, 18, 461, -1,
      460, 461, 462, -1,
      462, 461, 463, -1,
      462, 463, 464, -1,
      464, 463, 465, -1,
      22, 466, 23, -1,
      23, 466, 467, -1,
      22, 19, 466, -1,
      466, 19, 460, -1,
      466, 460, 468, -1,
      469, 470, 471, -1,
      471, 470, 472, -1,
      471, 472, 464, -1,
      464, 472, 473, -1,
      464, 473, 462, -1,
      462, 473, 474, -1,
      462, 474, 460, -1,
      460, 474, 475, -1,
      460, 475, 468, -1,
      476, 461, 467, -1,
      467, 461, 18, -1,
      467, 18, 23, -1,
      477, 478, 479, -1,
      479, 478, 480, -1,
      479, 480, 481, -1,
      480, 465, 481, -1,
      481, 465, 463, -1,
      481, 463, 482, -1,
      482, 463, 461, -1,
      482, 461, 483, -1,
      483, 461, 476, -1,
      473, 481, 482, -1,
      473, 482, 474, -1,
      474, 482, 483, -1,
      474, 483, 475, -1,
      475, 483, 476, -1,
      475, 476, 468, -1,
      468, 476, 467, -1,
      468, 467, 466, -1,
      471, 464, 480, -1,
      480, 464, 465, -1,
      469, 471, 478, -1,
      478, 471, 480, -1,
      470, 469, 477, -1,
      477, 469, 478, -1,
      472, 470, 479, -1,
      479, 470, 477, -1,
      473, 472, 481, -1,
      481, 472, 479, -1,
      484, 485, 486, -1,
      486, 485, 487, -1,
      488, 484, 489, -1,
      489, 484, 486, -1,
      490, 488, 491, -1,
      491, 488, 489, -1,
      486, 487, 489, -1,
      489, 487, 84, -1,
      489, 84, 491, -1,
      491, 84, 85, -1,
      488, 490, 484, -1,
      484, 490, 86, -1,
      484, 86, 485, -1,
      485, 86, 87, -1,
      490, 491, 86, -1,
      86, 491, 85, -1,
      487, 485, 84, -1,
      84, 485, 87, -1,
      54, 492, 53, -1,
      53, 492, 493, -1,
      52, 494, 55, -1,
      55, 494, 495, -1,
      496, 497, 498, -1,
      499, 500, 501, -1,
      492, 54, 55, -1,
      501, 496, 499, -1,
      499, 496, 498, -1,
      499, 498, 502, -1,
      502, 498, 503, -1,
      502, 503, 504, -1,
      55, 495, 492, -1,
      492, 495, 505, -1,
      492, 505, 506, -1,
      506, 505, 504, -1,
      506, 504, 507, -1,
      507, 504, 503, -1,
      508, 509, 510, -1,
      510, 509, 511, -1,
      512, 513, 514, -1,
      514, 513, 515, -1,
      514, 515, 511, -1,
      511, 515, 516, -1,
      511, 516, 510, -1,
      52, 53, 494, -1,
      494, 53, 493, -1,
      494, 493, 517, -1,
      517, 493, 518, -1,
      517, 518, 512, -1,
      512, 518, 519, -1,
      512, 519, 513, -1,
      498, 515, 513, -1,
      498, 513, 503, -1,
      503, 513, 519, -1,
      503, 519, 507, -1,
      507, 519, 518, -1,
      507, 518, 506, -1,
      506, 518, 493, -1,
      506, 493, 492, -1,
      495, 494, 505, -1,
      505, 494, 517, -1,
      505, 517, 504, -1,
      504, 517, 512, -1,
      504, 512, 502, -1,
      502, 512, 514, -1,
      502, 514, 499, -1,
      499, 514, 511, -1,
      500, 499, 509, -1,
      509, 499, 511, -1,
      501, 500, 508, -1,
      508, 500, 509, -1,
      496, 501, 510, -1,
      510, 501, 508, -1,
      497, 496, 516, -1,
      516, 496, 510, -1,
      498, 497, 515, -1,
      515, 497, 516, -1,
      520, 521, 522, -1,
      522, 521, 523, -1,
      524, 520, 525, -1,
      525, 520, 522, -1,
      526, 524, 527, -1,
      527, 524, 525, -1,
      524, 526, 520, -1,
      520, 526, 120, -1,
      520, 120, 521, -1,
      521, 120, 122, -1,
      525, 522, 527, -1,
      527, 522, 523, -1,
      527, 523, 121, -1,
      121, 523, 123, -1,
      120, 526, 121, -1,
      121, 526, 527, -1,
      123, 523, 122, -1,
      122, 523, 521, -1,
      17, 16, 528, -1,
      528, 16, 529, -1,
      528, 529, 530, -1,
      530, 529, 531, -1,
      530, 531, 532, -1,
      532, 531, 533, -1,
      21, 534, 20, -1,
      20, 534, 535, -1,
      21, 17, 534, -1,
      534, 17, 528, -1,
      534, 528, 536, -1,
      537, 538, 539, -1,
      539, 538, 540, -1,
      539, 540, 532, -1,
      532, 540, 541, -1,
      532, 541, 530, -1,
      530, 541, 542, -1,
      530, 542, 528, -1,
      528, 542, 543, -1,
      528, 543, 536, -1,
      544, 529, 535, -1,
      535, 529, 16, -1,
      535, 16, 20, -1,
      545, 546, 547, -1,
      547, 546, 548, -1,
      547, 548, 549, -1,
      548, 533, 549, -1,
      549, 533, 531, -1,
      549, 531, 550, -1,
      550, 531, 529, -1,
      550, 529, 551, -1,
      551, 529, 544, -1,
      541, 549, 550, -1,
      541, 550, 542, -1,
      542, 550, 551, -1,
      542, 551, 543, -1,
      543, 551, 544, -1,
      543, 544, 536, -1,
      536, 544, 535, -1,
      536, 535, 534, -1,
      539, 532, 548, -1,
      548, 532, 533, -1,
      537, 539, 546, -1,
      546, 539, 548, -1,
      538, 537, 545, -1,
      545, 537, 546, -1,
      540, 538, 547, -1,
      547, 538, 545, -1,
      541, 540, 549, -1,
      549, 540, 547, -1,
      552, 553, 554, -1,
      554, 553, 555, -1,
      556, 552, 557, -1,
      557, 552, 554, -1,
      558, 556, 559, -1,
      559, 556, 557, -1,
      554, 555, 557, -1,
      557, 555, 83, -1,
      557, 83, 559, -1,
      559, 83, 81, -1,
      556, 558, 552, -1,
      552, 558, 80, -1,
      552, 80, 553, -1,
      553, 80, 82, -1,
      558, 559, 80, -1,
      80, 559, 81, -1,
      555, 553, 83, -1,
      83, 553, 82, -1,
      60, 560, 63, -1,
      63, 560, 561, -1,
      62, 562, 61, -1,
      61, 562, 563, -1,
      564, 565, 566, -1,
      567, 568, 569, -1,
      560, 60, 61, -1,
      569, 564, 567, -1,
      567, 564, 566, -1,
      567, 566, 570, -1,
      570, 566, 571, -1,
      570, 571, 572, -1,
      61, 563, 560, -1,
      560, 563, 573, -1,
      560, 573, 574, -1,
      574, 573, 572, -1,
      574, 572, 575, -1,
      575, 572, 571, -1,
      576, 577, 578, -1,
      578, 577, 579, -1,
      580, 581, 582, -1,
      582, 581, 583, -1,
      582, 583, 579, -1,
      579, 583, 584, -1,
      579, 584, 578, -1,
      62, 63, 562, -1,
      562, 63, 561, -1,
      562, 561, 585, -1,
      585, 561, 586, -1,
      585, 586, 580, -1,
      580, 586, 587, -1,
      580, 587, 581, -1,
      566, 583, 581, -1,
      566, 581, 571, -1,
      571, 581, 587, -1,
      571, 587, 575, -1,
      575, 587, 586, -1,
      575, 586, 574, -1,
      574, 586, 561, -1,
      574, 561, 560, -1,
      563, 562, 573, -1,
      573, 562, 585, -1,
      573, 585, 572, -1,
      572, 585, 580, -1,
      572, 580, 570, -1,
      570, 580, 582, -1,
      570, 582, 567, -1,
      567, 582, 579, -1,
      568, 567, 577, -1,
      577, 567, 579, -1,
      569, 568, 576, -1,
      576, 568, 577, -1,
      564, 569, 578, -1,
      578, 569, 576, -1,
      565, 564, 584, -1,
      584, 564, 578, -1,
      566, 565, 583, -1,
      583, 565, 584, -1,
      588, 589, 590, -1,
      590, 589, 591, -1,
      592, 588, 593, -1,
      593, 588, 590, -1,
      594, 592, 595, -1,
      595, 592, 593, -1,
      588, 592, 589, -1,
      589, 592, 594, -1,
      589, 594, 119, -1,
      119, 594, 118, -1,
      593, 590, 595, -1,
      595, 590, 591, -1,
      595, 591, 117, -1,
      117, 591, 116, -1,
      118, 594, 117, -1,
      117, 594, 595, -1,
      116, 591, 119, -1,
      119, 591, 589, -1,
      25, 26, 596, -1,
      596, 26, 597, -1,
      596, 597, 598, -1,
      598, 597, 599, -1,
      598, 599, 600, -1,
      600, 599, 601, -1,
      24, 602, 27, -1,
      27, 602, 603, -1,
      24, 25, 602, -1,
      602, 25, 596, -1,
      602, 596, 604, -1,
      605, 606, 607, -1,
      607, 606, 608, -1,
      607, 608, 600, -1,
      600, 608, 609, -1,
      600, 609, 598, -1,
      598, 609, 610, -1,
      598, 610, 596, -1,
      596, 610, 611, -1,
      596, 611, 604, -1,
      612, 597, 603, -1,
      603, 597, 26, -1,
      603, 26, 27, -1,
      613, 614, 615, -1,
      615, 614, 616, -1,
      615, 616, 617, -1,
      616, 601, 617, -1,
      617, 601, 599, -1,
      617, 599, 618, -1,
      618, 599, 597, -1,
      618, 597, 619, -1,
      619, 597, 612, -1,
      609, 617, 618, -1,
      609, 618, 610, -1,
      610, 618, 619, -1,
      610, 619, 611, -1,
      611, 619, 612, -1,
      611, 612, 604, -1,
      604, 612, 603, -1,
      604, 603, 602, -1,
      607, 600, 616, -1,
      616, 600, 601, -1,
      605, 607, 614, -1,
      614, 607, 616, -1,
      606, 605, 613, -1,
      613, 605, 614, -1,
      608, 606, 615, -1,
      615, 606, 613, -1,
      609, 608, 617, -1,
      617, 608, 615, -1,
      620, 621, 622, -1,
      622, 621, 623, -1,
      624, 620, 625, -1,
      625, 620, 622, -1,
      626, 624, 627, -1,
      627, 624, 625, -1,
      622, 623, 625, -1,
      625, 623, 79, -1,
      625, 79, 627, -1,
      627, 79, 77, -1,
      624, 626, 620, -1,
      620, 626, 76, -1,
      620, 76, 621, -1,
      621, 76, 78, -1,
      626, 627, 76, -1,
      76, 627, 77, -1,
      623, 621, 79, -1,
      79, 621, 78, -1,
      64, 628, 67, -1,
      67, 628, 629, -1,
      66, 630, 65, -1,
      65, 630, 631, -1,
      632, 633, 634, -1,
      628, 64, 65, -1,
      65, 631, 628, -1,
      628, 631, 635, -1,
      628, 635, 636, -1,
      636, 635, 637, -1,
      638, 639, 640, -1,
      640, 632, 638, -1,
      638, 632, 634, -1,
      638, 634, 641, -1,
      641, 634, 642, -1,
      641, 642, 637, -1,
      637, 642, 643, -1,
      637, 643, 636, -1,
      644, 645, 646, -1,
      646, 645, 647, -1,
      66, 67, 630, -1,
      630, 67, 629, -1,
      630, 629, 648, -1,
      648, 629, 649, -1,
      648, 649, 650, -1,
      649, 651, 650, -1,
      650, 651, 652, -1,
      650, 652, 653, -1,
      653, 652, 654, -1,
      653, 654, 647, -1,
      647, 654, 655, -1,
      647, 655, 646, -1,
      634, 654, 652, -1,
      634, 652, 642, -1,
      642, 652, 651, -1,
      642, 651, 643, -1,
      643, 651, 649, -1,
      643, 649, 636, -1,
      636, 649, 629, -1,
      636, 629, 628, -1,
      631, 630, 635, -1,
      635, 630, 648, -1,
      635, 648, 637, -1,
      637, 648, 650, -1,
      637, 650, 641, -1,
      641, 650, 653, -1,
      641, 653, 638, -1,
      638, 653, 647, -1,
      639, 638, 645, -1,
      645, 638, 647, -1,
      640, 639, 644, -1,
      644, 639, 645, -1,
      632, 640, 646, -1,
      646, 640, 644, -1,
      633, 632, 655, -1,
      655, 632, 646, -1,
      634, 633, 654, -1,
      654, 633, 655, -1,
      656, 657, 658, -1,
      658, 657, 659, -1,
      660, 656, 661, -1,
      661, 656, 658, -1,
      662, 660, 663, -1,
      663, 660, 661, -1,
      660, 662, 656, -1,
      656, 662, 114, -1,
      656, 114, 657, -1,
      657, 114, 115, -1,
      661, 658, 663, -1,
      663, 658, 659, -1,
      663, 659, 113, -1,
      113, 659, 112, -1,
      114, 662, 113, -1,
      113, 662, 663, -1,
      112, 659, 115, -1,
      115, 659, 657, -1,
      30, 31, 664, -1,
      664, 31, 665, -1,
      664, 665, 666, -1,
      666, 665, 667, -1,
      666, 667, 668, -1,
      668, 667, 669, -1,
      29, 670, 28, -1,
      28, 670, 671, -1,
      29, 30, 670, -1,
      670, 30, 664, -1,
      670, 664, 672, -1,
      673, 674, 675, -1,
      675, 674, 676, -1,
      675, 676, 668, -1,
      668, 676, 677, -1,
      668, 677, 666, -1,
      666, 677, 678, -1,
      666, 678, 664, -1,
      664, 678, 679, -1,
      664, 679, 672, -1,
      680, 665, 671, -1,
      671, 665, 31, -1,
      671, 31, 28, -1,
      681, 682, 683, -1,
      683, 682, 684, -1,
      683, 684, 685, -1,
      684, 669, 685, -1,
      685, 669, 667, -1,
      685, 667, 686, -1,
      686, 667, 665, -1,
      686, 665, 687, -1,
      687, 665, 680, -1,
      677, 685, 686, -1,
      677, 686, 678, -1,
      678, 686, 687, -1,
      678, 687, 679, -1,
      679, 687, 680, -1,
      679, 680, 672, -1,
      672, 680, 671, -1,
      672, 671, 670, -1,
      675, 668, 684, -1,
      684, 668, 669, -1,
      673, 675, 682, -1,
      682, 675, 684, -1,
      674, 673, 681, -1,
      681, 673, 682, -1,
      676, 674, 683, -1,
      683, 674, 681, -1,
      677, 676, 685, -1,
      685, 676, 683, -1,
      688, 689, 690, -1,
      690, 689, 691, -1,
      692, 688, 693, -1,
      693, 688, 690, -1,
      694, 692, 695, -1,
      695, 692, 693, -1,
      690, 691, 693, -1,
      693, 691, 72, -1,
      693, 72, 695, -1,
      695, 72, 73, -1,
      692, 694, 688, -1,
      688, 694, 74, -1,
      688, 74, 689, -1,
      689, 74, 75, -1,
      694, 695, 74, -1,
      74, 695, 73, -1,
      691, 689, 72, -1,
      72, 689, 75, -1,
      68, 696, 71, -1,
      71, 696, 697, -1,
      70, 698, 69, -1,
      69, 698, 699, -1,
      700, 701, 702, -1,
      703, 704, 705, -1,
      696, 68, 69, -1,
      705, 700, 703, -1,
      703, 700, 702, -1,
      703, 702, 706, -1,
      706, 702, 707, -1,
      706, 707, 708, -1,
      69, 699, 696, -1,
      696, 699, 709, -1,
      696, 709, 710, -1,
      710, 709, 708, -1,
      710, 708, 711, -1,
      711, 708, 707, -1,
      712, 713, 714, -1,
      714, 713, 715, -1,
      716, 717, 718, -1,
      718, 717, 719, -1,
      718, 719, 715, -1,
      715, 719, 720, -1,
      715, 720, 714, -1,
      70, 71, 698, -1,
      698, 71, 697, -1,
      698, 697, 721, -1,
      721, 697, 722, -1,
      721, 722, 716, -1,
      716, 722, 723, -1,
      716, 723, 717, -1,
      702, 719, 717, -1,
      702, 717, 707, -1,
      707, 717, 723, -1,
      707, 723, 711, -1,
      711, 723, 722, -1,
      711, 722, 710, -1,
      710, 722, 697, -1,
      710, 697, 696, -1,
      699, 698, 709, -1,
      709, 698, 721, -1,
      709, 721, 708, -1,
      708, 721, 716, -1,
      708, 716, 706, -1,
      706, 716, 718, -1,
      706, 718, 703, -1,
      703, 718, 715, -1,
      704, 703, 713, -1,
      713, 703, 715, -1,
      705, 704, 712, -1,
      712, 704, 713, -1,
      700, 705, 714, -1,
      714, 705, 712, -1,
      701, 700, 720, -1,
      720, 700, 714, -1,
      702, 701, 719, -1,
      719, 701, 720, -1,
      724, 725, 726, -1,
      726, 725, 727, -1,
      728, 724, 729, -1,
      729, 724, 726, -1,
      730, 728, 731, -1,
      731, 728, 729, -1,
      728, 730, 724, -1,
      724, 730, 108, -1,
      724, 108, 725, -1,
      725, 108, 110, -1,
      729, 726, 731, -1,
      731, 726, 727, -1,
      731, 727, 109, -1,
      109, 727, 111, -1,
      108, 730, 109, -1,
      109, 730, 731, -1,
      111, 727, 110, -1,
      110, 727, 725, -1,
      33, 32, 732, -1,
      732, 32, 733, -1,
      732, 733, 734, -1,
      734, 733, 735, -1,
      734, 735, 736, -1,
      736, 735, 737, -1,
      34, 738, 35, -1,
      35, 738, 739, -1,
      34, 33, 738, -1,
      738, 33, 732, -1,
      738, 732, 740, -1,
      741, 742, 743, -1,
      743, 742, 744, -1,
      743, 744, 736, -1,
      736, 744, 745, -1,
      736, 745, 734, -1,
      734, 745, 746, -1,
      734, 746, 732, -1,
      732, 746, 747, -1,
      732, 747, 740, -1,
      748, 733, 739, -1,
      739, 733, 32, -1,
      739, 32, 35, -1,
      749, 750, 751, -1,
      751, 750, 752, -1,
      751, 752, 753, -1,
      752, 737, 753, -1,
      753, 737, 735, -1,
      753, 735, 754, -1,
      754, 735, 733, -1,
      754, 733, 755, -1,
      755, 733, 748, -1,
      745, 753, 754, -1,
      745, 754, 746, -1,
      746, 754, 755, -1,
      746, 755, 747, -1,
      747, 755, 748, -1,
      747, 748, 740, -1,
      740, 748, 739, -1,
      740, 739, 738, -1,
      743, 736, 752, -1,
      752, 736, 737, -1,
      741, 743, 750, -1,
      750, 743, 752, -1,
      742, 741, 749, -1,
      749, 741, 750, -1,
      744, 742, 751, -1,
      751, 742, 749, -1,
      745, 744, 753, -1,
      753, 744, 751, -1,
    ]
  }
}

Shape {
  appearance Appearance {
    material Material {
      diffuseColor 0.7529 0.7529 0.7529
      specularColor 0.3765 0.3765 0.3765
      ambientIntensity 0.2
      transparency 0.0000
      shininess 0.5
    }
  }
  geometry IndexedFaceSet {
    ccw TRUE
    solid FALSE
    coord DEF co Coordinate {
      point [
        -7.519684 -3.405512 0.157480,
        -7.519684 -3.405512 0.000000,
        7.519684 -3.405512 0.000000,
        7.519684 -3.405512 0.157480,
        7.560308 -4.331863 -0.944882,
        7.560308 -4.331863 0.000000,
        7.560308 -3.581523 0.000000,
        7.560308 -3.581523 -0.944882,
        7.560308 -4.160537 -1.102362,
        7.560308 -3.752848 -1.102362,
        -7.560308 -3.581523 -0.944882,
        -7.560308 -3.581523 0.000000,
        -7.560308 -4.331863 0.000000,
        -7.560308 -4.331863 -0.944882,
        -7.560308 -3.752848 -1.102362,
        -7.560308 -4.160537 -1.102362,
        -7.716535 -5.374016 0.157480,
        -7.716535 -5.374016 -0.000000,
        -7.560308 -5.374016 0.000000,
        7.560308 -5.374016 0.000000,
        7.716535 -5.374016 0.000000,
        7.716535 -5.374016 0.157480,
        -7.560308 -3.405512 0.000000,
        7.560308 -3.405512 0.000000,
        -8.503937 -1.515748 0.236220,
        8.503937 -1.515748 3.858268,
        8.493387 -1.515748 3.897638,
        8.464567 -1.515748 3.926459,
        8.425198 -1.515748 3.937008,
        -8.503937 -1.515748 3.858268,
        -8.493387 -1.515748 3.897638,
        -8.464567 -1.515748 3.926459,
        -8.464567 -1.515748 0.168030,
        -8.493387 -1.515748 0.196850,
        -8.425198 -1.515748 0.157480,
        8.493387 -1.515748 0.196850,
        8.464567 -1.515748 0.168030,
        8.503937 -1.515748 0.236220,
        8.425198 -1.515748 0.157480,
        -8.425198 -1.515748 3.937008,
        -6.161418 -3.799213 2.106299,
        -5.413386 -3.799213 2.106299,
        -5.019685 -3.799213 2.500000,
        -6.555119 -3.799213 2.500000,
        -4.507874 -3.799213 2.106299,
        -3.759842 -3.799213 2.106299,
        -3.366142 -3.799213 2.500000,
        -4.901575 -3.799213 2.500000,
        0.452756 -3.799213 2.106299,
        1.200787 -3.799213 2.106299,
        1.594488 -3.799213 2.500000,
        0.059055 -3.799213 2.500000,
        2.106299 -3.799213 2.106299,
        2.854331 -3.799213 2.106299,
        3.248031 -3.799213 2.500000,
        1.712598 -3.799213 2.500000,
        -7.814961 -3.799213 0.452756,
        -7.066930 -3.799213 0.452756,
        -6.673229 -3.799213 0.846457,
        -8.208661 -3.799213 0.846457,
        -7.066930 -6.515748 0.452756,
        -7.814961 -6.515748 0.452756,
        -6.673229 -6.515748 1.988189,
        -6.673229 -6.515748 0.846457,
        -8.208661 -6.515748 1.988189,
        -8.208661 -6.515748 0.846457,
        -5.019685 -6.515748 0.452756,
        -6.555119 -6.515748 0.452756,
        -5.019685 -6.515748 1.988189,
        -6.555119 -6.515748 1.988189,
        -3.366142 -6.515748 0.452756,
        -4.901575 -6.515748 0.452756,
        -3.366142 -6.515748 1.988189,
        -4.901575 -6.515748 1.988189,
        -2.854331 -3.799213 0.452756,
        -2.106299 -3.799213 0.452756,
        -1.712598 -3.799213 0.846457,
        -3.248031 -3.799213 0.846457,
        -2.106299 -6.515748 0.452756,
        -2.854331 -6.515748 0.452756,
        -1.712598 -6.515748 1.988189,
        -1.712598 -6.515748 0.846457,
        -3.248031 -6.515748 1.988189,
        -3.248031 -6.515748 0.846457,
        -1.200787 -3.799213 0.452756,
        -0.452756 -3.799213 0.452756,
        -0.059055 -3.799213 0.846457,
        -1.594488 -3.799213 0.846457,
        -0.452756 -6.515748 0.452756,
        -1.200787 -6.515748 0.452756,
        -0.059055 -6.515748 1.988189,
        -0.059055 -6.515748 0.846457,
        -1.594488 -6.515748 1.988189,
        -1.594488 -6.515748 0.846457,
        1.594488 -6.515748 0.452756,
        0.059055 -6.515748 0.452756,
        1.594488 -6.515748 1.988189,
        0.059055 -6.515748 1.988189,
        3.248031 -6.515748 0.452756,
        1.712598 -6.515748 0.452756,
        3.248031 -6.515748 1.988189,
        1.712598 -6.515748 1.988189,
        3.759842 -3.799213 0.452756,
        4.507874 -3.799213 0.452756,
        4.901575 -3.799213 0.846457,
        3.366142 -3.799213 0.846457,
        4.507874 -6.515748 0.452756,
        3.759842 -6.515748 0.452756,
        4.901575 -6.515748 1.988189,
        4.901575 -6.515748 0.846457,
        3.366142 -6.515748 1.988189,
        3.366142 -6.515748 0.846457,
        -6.673229 -6.515748 2.106299,
        -8.208661 -6.515748 2.106299,
        -6.673229 -6.515748 3.641732,
        -8.208661 -6.515748 3.641732,
        -5.413386 -6.515748 2.106299,
        -6.161418 -6.515748 2.106299,
        -5.019685 -6.515748 3.641732,
        -5.019685 -6.515748 2.500000,
        -6.555119 -6.515748 3.641732,
        -6.555119 -6.515748 2.500000,
        -3.759842 -6.515748 2.106299,
        -4.507874 -6.515748 2.106299,
        -3.366142 -6.515748 3.641732,
        -3.366142 -6.515748 2.500000,
        -4.901575 -6.515748 3.641732,
        -4.901575 -6.515748 2.500000,
        -1.712598 -6.515748 2.106299,
        -3.248031 -6.515748 2.106299,
        -1.712598 -6.515748 3.641732,
        -3.248031 -6.515748 3.641732,
        -0.059055 -6.515748 2.106299,
        -1.594488 -6.515748 2.106299,
        -0.059055 -6.515748 3.641732,
        -1.594488 -6.515748 3.641732,
        1.200787 -6.515748 2.106299,
        0.452756 -6.515748 2.106299,
        1.594488 -6.515748 3.641732,
        1.594488 -6.515748 2.500000,
        0.059055 -6.515748 3.641732,
        0.059055 -6.515748 2.500000,
        2.854331 -6.515748 2.106299,
        2.106299 -6.515748 2.106299,
        3.248031 -6.515748 3.641732,
        3.248031 -6.515748 2.500000,
        1.712598 -6.515748 3.641732,
        1.712598 -6.515748 2.500000,
        4.901575 -6.515748 2.106299,
        3.366142 -6.515748 2.106299,
        4.901575 -6.515748 3.641732,
        3.366142 -6.515748 3.641732,
        7.066930 -3.799213 2.106299,
        7.814961 -3.799213 2.106299,
        8.208661 -3.799213 2.500000,
        6.673229 -3.799213 2.500000,
        8.503937 -6.555119 0.236220,
        -8.503937 -6.555119 3.858268,
        -8.503937 -6.555119 0.236220,
        -0.019685 -6.555119 3.681102,
        -0.019685 -6.555119 2.066929,
        -8.445576 -6.555119 0.160163,
        -8.425198 -6.555119 0.157480,
        -8.493387 -6.555119 0.196850,
        -8.480875 -6.555119 0.180543,
        -8.464567 -6.555119 0.168030,
        -8.501254 -6.555119 0.215841,
        -6.633858 -6.555119 2.066929,
        -8.248032 -6.555119 2.066929,
        -8.248032 -6.555119 3.681102,
        -6.633858 -6.555119 3.681102,
        -8.425198 -6.555119 3.937008,
        8.248032 -6.555119 3.681102,
        8.248032 -6.555119 2.483692,
        7.831269 -6.555119 2.066929,
        8.425198 -6.555119 3.937008,
        6.633858 -6.555119 3.681102,
        6.633858 -6.555119 2.483692,
        7.050622 -6.555119 2.066929,
        8.503937 -6.555119 3.858268,
        8.493387 -6.555119 3.897638,
        8.464567 -6.555119 3.926459,
        8.493387 -6.555119 0.196850,
        8.501254 -6.555119 0.215841,
        8.445576 -6.555119 0.160163,
        8.464567 -6.555119 0.168030,
        8.480875 -6.555119 0.180543,
        8.425198 -6.555119 0.157480,
        8.445318 -6.555119 0.160129,
        -6.633858 -6.555119 0.830149,
        -7.050622 -6.555119 0.413386,
        -7.831269 -6.555119 0.413386,
        -8.248032 -6.555119 0.830149,
        -8.248032 -6.555119 2.027559,
        -6.633858 -6.555119 2.027559,
        -4.980315 -6.555119 2.027559,
        -4.980315 -6.555119 0.413386,
        -6.594488 -6.555119 2.027559,
        -6.594488 -6.555119 0.413386,
        -3.326772 -6.555119 2.027559,
        -3.326772 -6.555119 0.413386,
        -2.870638 -6.555119 0.413386,
        -3.287401 -6.555119 0.830149,
        -4.940945 -6.555119 2.027559,
        -4.940945 -6.555119 0.413386,
        -3.287401 -6.555119 2.027559,
        -1.673228 -6.555119 2.027559,
        -1.673228 -6.555119 0.830149,
        -2.089991 -6.555119 0.413386,
        -0.019685 -6.555119 0.830149,
        -0.436448 -6.555119 0.413386,
        -1.217095 -6.555119 0.413386,
        -1.633858 -6.555119 0.830149,
        -1.633858 -6.555119 2.027559,
        -0.019685 -6.555119 2.027559,
        1.633858 -6.555119 0.413386,
        1.673228 -6.555119 0.413386,
        1.633858 -6.555119 2.027559,
        1.673228 -6.555119 2.027559,
        3.287401 -6.555119 0.413386,
        3.287401 -6.555119 2.027559,
        0.019685 -6.555119 0.413386,
        0.019685 -6.555119 2.027559,
        4.940945 -6.555119 0.830149,
        4.524182 -6.555119 0.413386,
        3.743535 -6.555119 0.413386,
        3.326772 -6.555119 0.830149,
        3.326772 -6.555119 2.027559,
        4.940945 -6.555119 2.027559,
        6.594488 -6.555119 0.830149,
        6.177725 -6.555119 0.413386,
        5.397078 -6.555119 0.413386,
        4.980315 -6.555119 0.830149,
        4.980315 -6.555119 2.027559,
        6.594488 -6.555119 2.027559,
        8.248032 -6.555119 2.027559,
        8.248032 -6.555119 0.413386,
        6.633858 -6.555119 0.413386,
        6.633858 -6.555119 2.027559,
        -4.980315 -6.555119 2.483692,
        -5.397078 -6.555119 2.066929,
        -6.177725 -6.555119 2.066929,
        -6.594488 -6.555119 2.483692,
        -6.594488 -6.555119 3.681102,
        -4.980315 -6.555119 3.681102,
        -3.326772 -6.555119 2.539370,
        -3.799213 -6.555119 2.066929,
        -4.468504 -6.555119 2.066929,
        -4.940945 -6.555119 2.539370,
        -4.940945 -6.555119 3.681102,
        -3.326772 -6.555119 3.681102,
        -1.673228 -6.555119 3.681102,
        -3.287401 -6.555119 3.681102,
        -1.673228 -6.555119 2.066929,
        -3.287401 -6.555119 2.066929,
        -1.633858 -6.555119 2.066929,
        -1.633858 -6.555119 3.681102,
        1.673228 -6.555119 3.681102,
        3.287401 -6.555119 3.681102,
        3.287401 -6.555119 2.483692,
        1.633858 -6.555119 3.681102,
        0.019685 -6.555119 3.681102,
        0.019685 -6.555119 2.483692,
        1.217095 -6.555119 2.066929,
        2.089991 -6.555119 2.066929,
        1.633858 -6.555119 2.483692,
        1.673228 -6.555119 2.483692,
        0.436448 -6.555119 2.066929,
        2.870638 -6.555119 2.066929,
        4.940945 -6.555119 2.066929,
        3.326772 -6.555119 2.066929,
        3.326772 -6.555119 3.681102,
        4.940945 -6.555119 3.681102,
        4.980315 -6.555119 2.066929,
        4.980315 -6.555119 3.681102,
        6.594488 -6.555119 2.066929,
        6.594488 -6.555119 3.681102,
        8.503937 -4.192913 3.416475,
        8.503937 -4.192913 3.648139,
        8.561853 -4.192913 3.632620,
        8.604250 -4.192913 3.590223,
        8.619769 -4.192913 3.532307,
        8.604250 -4.192913 3.474391,
        8.561853 -4.192913 3.431993,
        -8.425198 -3.236123 0.157480,
        0.399948 -2.565513 0.157480,
        0.569416 -2.729240 0.157480,
        0.529478 -2.841545 0.157480,
        0.399569 -2.896626 0.157480,
        0.262531 -2.830567 0.157480,
        0.541150 -2.731385 0.157480,
        0.401715 -2.597817 0.157480,
        0.262531 -2.631383 0.157480,
        0.287264 -2.811829 0.157480,
        0.287264 -2.650311 0.157480,
        0.399759 -2.864322 0.157480,
        -7.342031 -3.575620 0.157480,
        -7.342031 -4.337765 0.157480,
        -7.560308 -3.405512 0.157480,
        -7.560308 -5.374016 0.157480,
        -7.254483 -3.609947 0.157480,
        -7.177574 -3.664056 0.157480,
        -7.072362 -4.095065 0.157480,
        -7.050062 -4.003711 0.157480,
        -7.050062 -3.909674 0.157480,
        -7.115690 -4.178526 0.157480,
        -7.177574 -4.249330 0.157480,
        -7.254483 -4.303439 0.157480,
        -7.072362 -3.818320 0.157480,
        -7.115690 -3.734861 0.157480,
        8.425198 -2.569551 0.157480,
        7.342031 -4.337765 0.157480,
        7.342031 -3.575620 0.157480,
        7.560308 -5.374016 0.157480,
        7.072362 -3.818320 0.157480,
        7.050062 -3.909674 0.157480,
        7.050062 -4.003711 0.157480,
        8.425198 -3.236123 0.157480,
        7.254483 -3.609947 0.157480,
        7.177574 -3.664056 0.157480,
        7.115690 -3.734861 0.157480,
        7.560308 -3.405512 0.157480,
        7.254483 -4.303439 0.157480,
        7.177574 -4.249330 0.157480,
        7.115690 -4.178526 0.157480,
        7.072362 -4.095065 0.157480,
        8.425198 -2.892588 0.157480,
        0.605757 -2.888550 0.157480,
        0.755162 -2.888550 0.157480,
        0.605757 -2.856246 0.157480,
        0.726896 -2.856246 0.157480,
        0.726896 -2.573589 0.157480,
        0.755162 -2.573589 0.157480,
        0.020254 -2.605893 0.157480,
        0.020254 -2.573589 0.157480,
        0.020254 -2.735107 0.157480,
        0.020254 -2.702804 0.157480,
        0.169658 -2.702804 0.157480,
        0.169658 -2.605893 0.157480,
        0.169658 -2.735107 0.157480,
        0.169658 -2.856246 0.157480,
        0.020254 -2.856246 0.157480,
        0.020254 -2.888550 0.157480,
        0.197924 -2.888550 0.157480,
        0.197924 -2.573589 0.157480,
        -0.199815 -2.584946 0.157480,
        -0.099876 -2.573589 0.157480,
        -0.150328 -2.575516 0.157480,
        -0.133883 -2.888550 0.157480,
        -0.036278 -2.888550 0.157480,
        -0.036278 -2.573589 0.157480,
        -0.294707 -2.735044 0.157480,
        -0.365939 -2.888550 0.157480,
        -0.335087 -2.888550 0.157480,
        -0.603169 -2.888550 0.157480,
        -0.556606 -2.787601 0.157480,
        -0.413827 -2.787601 0.157480,
        -0.484491 -2.573589 0.157480,
        -0.488529 -2.573589 0.157480,
        -0.633895 -2.888550 0.157480,
        -8.425198 -2.892588 0.157480,
        -8.425198 -2.569551 0.157480,
        6.673229 -6.515748 0.452756,
        6.673229 -6.515748 1.988189,
        8.208661 -6.515748 1.988189,
        8.208661 -6.515748 0.452756,
        6.673229 -6.515748 2.500000,
        6.673229 -6.515748 3.641732,
        8.208661 -6.515748 3.641732,
        8.208661 -6.515748 2.500000,
        7.814961 -6.515748 2.106299,
        7.066930 -6.515748 2.106299,
        5.019685 -6.515748 2.106299,
        5.019685 -6.515748 3.641732,
        6.555119 -6.515748 3.641732,
        6.555119 -6.515748 2.106299,
        5.019685 -6.515748 0.846457,
        5.019685 -3.799213 0.846457,
        5.019685 -6.515748 1.988189,
        6.555119 -6.515748 1.988189,
        6.555119 -6.515748 0.846457,
        6.555119 -3.799213 0.846457,
        6.161418 -6.515748 0.452756,
        6.161418 -3.799213 0.452756,
        5.413386 -6.515748 0.452756,
        5.413386 -3.799213 0.452756,
        -0.484491 -2.573589 0.196850,
        -0.488529 -2.573589 0.196850,
        -0.633895 -2.888550 0.196850,
        -0.603169 -2.888550 0.196850,
        -0.556606 -2.787601 0.196850,
        -0.413827 -2.787601 0.196850,
        -0.365939 -2.888550 0.196850,
        -0.335087 -2.888550 0.196850,
        -0.541716 -2.755297 0.196850,
        -0.429158 -2.755297 0.196850,
        -0.486194 -2.634979 0.196850,
        -0.541716 -2.755297 0.157480,
        -0.486194 -2.634979 0.157480,
        -0.429158 -2.755297 0.157480,
        -0.133883 -2.888550 0.196850,
        -0.036278 -2.888550 0.196850,
        -0.036278 -2.573589 0.196850,
        -0.099876 -2.573589 0.196850,
        -0.199815 -2.584946 0.196850,
        -0.150328 -2.575516 0.196850,
        -0.294707 -2.735044 0.196850,
        -0.288791 -2.685493 0.157480,
        -0.288791 -2.685493 0.196850,
        -0.256576 -2.623135 0.157480,
        -0.256576 -2.623135 0.196850,
        -0.167903 -2.886809 0.157480,
        -0.167903 -2.886809 0.196850,
        -0.231312 -2.866511 0.157480,
        -0.231312 -2.866511 0.196850,
        -0.276940 -2.814268 0.157480,
        -0.276940 -2.814268 0.196850,
        -0.261454 -2.774196 0.196850,
        -0.235731 -2.820301 0.196850,
        -0.190730 -2.848233 0.196850,
        -0.146001 -2.854972 0.196850,
        -0.100696 -2.856246 0.196850,
        -0.064543 -2.856246 0.196850,
        -0.064543 -2.605893 0.196850,
        -0.086689 -2.605893 0.196850,
        -0.135389 -2.607376 0.196850,
        -0.183474 -2.614726 0.196850,
        -0.218309 -2.631514 0.196850,
        -0.252652 -2.672083 0.196850,
        -0.266441 -2.734981 0.196850,
        -0.064543 -2.605893 0.157480,
        -0.064543 -2.856246 0.157480,
        -0.086689 -2.605893 0.157480,
        -0.135389 -2.607376 0.157480,
        -0.183474 -2.614726 0.157480,
        -0.218309 -2.631514 0.157480,
        -0.252652 -2.672083 0.157480,
        -0.266441 -2.734981 0.157480,
        -0.261454 -2.774196 0.157480,
        -0.235731 -2.820301 0.157480,
        -0.190730 -2.848233 0.157480,
        -0.146001 -2.854972 0.157480,
        -0.100696 -2.856246 0.157480,
        0.197924 -2.888550 0.196850,
        0.197924 -2.573589 0.196850,
        0.020254 -2.573589 0.196850,
        0.020254 -2.605893 0.196850,
        0.169658 -2.605893 0.196850,
        0.169658 -2.702804 0.196850,
        0.020254 -2.702804 0.196850,
        0.020254 -2.735107 0.196850,
        0.169658 -2.735107 0.196850,
        0.169658 -2.856246 0.196850,
        0.020254 -2.856246 0.196850,
        0.020254 -2.888550 0.196850,
        0.262531 -2.631383 0.196850,
        0.272444 -2.619036 0.157480,
        0.272444 -2.619036 0.196850,
        0.290830 -2.601639 0.157480,
        0.290830 -2.601639 0.196850,
        0.323087 -2.581695 0.157480,
        0.323087 -2.581695 0.196850,
        0.399948 -2.565513 0.196850,
        0.287264 -2.650311 0.196850,
        0.401715 -2.597817 0.196850,
        0.388686 -2.598315 0.157480,
        0.388686 -2.598315 0.196850,
        0.368041 -2.601183 0.157480,
        0.368041 -2.601183 0.196850,
        0.338319 -2.610787 0.157480,
        0.338319 -2.610787 0.196850,
        0.541150 -2.731385 0.196850,
        0.540643 -2.718691 0.157480,
        0.540643 -2.718691 0.196850,
        0.520324 -2.659073 0.157480,
        0.520324 -2.659073 0.196850,
        0.471538 -2.615085 0.157480,
        0.471538 -2.615085 0.196850,
        0.399759 -2.864322 0.196850,
        0.419594 -2.863289 0.157480,
        0.419594 -2.863289 0.196850,
        0.481411 -2.841799 0.157480,
        0.481411 -2.841799 0.196850,
        0.524837 -2.796291 0.157480,
        0.524837 -2.796291 0.196850,
        0.287264 -2.811829 0.196850,
        0.337519 -2.850977 0.157480,
        0.337519 -2.850977 0.196850,
        0.262531 -2.830567 0.196850,
        0.399569 -2.896626 0.196850,
        0.383782 -2.896048 0.157480,
        0.383782 -2.896048 0.196850,
        0.359806 -2.892588 0.157480,
        0.358775 -2.892439 0.196850,
        0.358775 -2.892439 0.157480,
        0.322938 -2.880270 0.157480,
        0.322938 -2.880270 0.196850,
        0.529478 -2.841545 0.196850,
        0.519496 -2.852173 0.157480,
        0.519496 -2.852173 0.196850,
        0.501559 -2.867069 0.157480,
        0.501559 -2.867069 0.196850,
        0.470908 -2.883819 0.157480,
        0.470908 -2.883819 0.196850,
        0.422061 -2.892588 0.157480,
        0.569416 -2.729240 0.196850,
        0.559821 -2.789122 0.157480,
        0.559821 -2.789122 0.196850,
        0.413876 -2.566008 0.157480,
        0.413876 -2.566008 0.196850,
        0.495265 -2.591983 0.157480,
        0.495265 -2.591983 0.196850,
        0.549133 -2.648768 0.157480,
        0.549133 -2.648768 0.196850,
        0.755162 -2.888550 0.196850,
        0.755162 -2.573589 0.196850,
        0.726896 -2.573589 0.196850,
        0.726896 -2.856246 0.196850,
        0.605757 -2.856246 0.196850,
        0.605757 -2.888550 0.196850,
        7.342031 -3.575620 -0.944882,
        7.258982 -3.607566 -0.944882,
        7.254814 -3.610427 -0.944882,
        7.180530 -3.661423 -0.944882,
        7.177917 -3.664361 -0.944882,
        7.117292 -3.732530 -0.944882,
        7.115983 -3.735015 -0.944882,
        7.072961 -3.816733 -0.944882,
        7.072557 -3.818369 -0.944882,
        7.050130 -3.909113 -0.944882,
        7.050130 -3.909674 -0.944882,
        7.050130 -4.003711 -0.944882,
        7.050130 -4.004273 -0.944882,
        7.072557 -4.095017 -0.944882,
        7.072961 -4.096653 -0.944882,
        7.115983 -4.178371 -0.944882,
        7.117292 -4.180856 -0.944882,
        7.177917 -4.249024 -0.944882,
        7.180530 -4.251963 -0.944882,
        7.254814 -4.302959 -0.944882,
        7.258982 -4.305820 -0.944882,
        7.342031 -4.337765 -0.944882,
        7.342031 -3.742179 -1.102362,
        7.342031 -4.171207 -1.102362,
        7.331767 -4.166169 -1.102362,
        7.331767 -3.747216 -1.102362,
        7.284696 -4.133855 -1.102362,
        7.246753 -4.091190 -1.102362,
        7.220156 -4.040669 -1.102362,
        7.246753 -3.822195 -1.102362,
        7.284696 -3.779531 -1.102362,
        7.206456 -3.985241 -1.102362,
        7.206456 -3.928145 -1.102362,
        7.220156 -3.872717 -1.102362,
        -7.342031 -4.337765 -0.944882,
        -7.258982 -4.305820 -0.944882,
        -7.254814 -4.302959 -0.944882,
        -7.180530 -4.251963 -0.944882,
        -7.177917 -4.249024 -0.944882,
        -7.117292 -4.180856 -0.944882,
        -7.115983 -4.178371 -0.944882,
        -7.072961 -4.096653 -0.944882,
        -7.072557 -4.095017 -0.944882,
        -7.050130 -4.004273 -0.944882,
        -7.050130 -4.003711 -0.944882,
        -7.050130 -3.909674 -0.944882,
        -7.050130 -3.909113 -0.944882,
        -7.072557 -3.818369 -0.944882,
        -7.072961 -3.816733 -0.944882,
        -7.115983 -3.735015 -0.944882,
        -7.117292 -3.732530 -0.944882,
        -7.177917 -3.664361 -0.944882,
        -7.180530 -3.661423 -0.944882,
        -7.254814 -3.610427 -0.944882,
        -7.258982 -3.607566 -0.944882,
        -7.342031 -3.575620 -0.944882,
        -7.342031 -4.171207 -1.102362,
        -7.342031 -3.742179 -1.102362,
        -7.331767 -3.747216 -1.102362,
        -7.246753 -3.822195 -1.102362,
        -7.220156 -3.872717 -1.102362,
        -7.331767 -4.166169 -1.102362,
        -7.284696 -3.779531 -1.102362,
        -7.206456 -3.928145 -1.102362,
        -7.206456 -3.985241 -1.102362,
        -7.284696 -4.133855 -1.102362,
        -7.220156 -4.040669 -1.102362,
        -7.246753 -4.091190 -1.102362,
        8.501254 -1.515748 0.215841,
        8.480875 -1.515748 0.180543,
        8.445576 -1.515748 0.160163,
        -8.445576 -1.515748 0.160163,
        -8.480875 -1.515748 0.180543,
        -8.501254 -1.515748 0.215841,
        -8.493387 -6.555119 3.897638,
        -8.464567 -6.555119 3.926459,
        8.425632 -6.555119 3.936891,
      ]
    }
    coordIndex [
      384, 385, 376, -1,
      376, 385, 377, -1,
      107, 102, 111, -1,
      111, 102, 105, -1,
      380, 381, 382, -1,
      382, 381, 383, -1,
      371, 152, 366, -1,
      366, 152, 155, -1,
      369, 154, 370, -1,
      370, 154, 153, -1,
      109, 104, 106, -1,
      106, 104, 103, -1,
      143, 52, 147, -1,
      147, 52, 55, -1,
      137, 48, 141, -1,
      141, 48, 51, -1,
      145, 54, 142, -1,
      142, 54, 53, -1,
      139, 50, 136, -1,
      136, 50, 49, -1,
      89, 84, 93, -1,
      93, 84, 87, -1,
      91, 86, 88, -1,
      88, 86, 85, -1,
      79, 74, 83, -1,
      83, 74, 77, -1,
      81, 76, 78, -1,
      78, 76, 75, -1,
      117, 40, 121, -1,
      121, 40, 43, -1,
      119, 42, 116, -1,
      116, 42, 41, -1,
      248, 247, 123, -1,
      44, 47, 123, -1,
      123, 47, 127, -1,
      123, 127, 248, -1,
      46, 45, 125, -1,
      125, 45, 122, -1,
      125, 122, 245, -1,
      245, 122, 246, -1,
      61, 56, 65, -1,
      65, 56, 59, -1,
      63, 58, 60, -1,
      60, 58, 57, -1,
      386, 387, 357, -1,
      357, 387, 358, -1,
      387, 388, 358, -1,
      358, 388, 359, -1,
      388, 389, 359, -1,
      359, 389, 354, -1,
      389, 390, 354, -1,
      354, 390, 355, -1,
      390, 391, 355, -1,
      355, 391, 356, -1,
      391, 392, 356, -1,
      356, 392, 352, -1,
      392, 393, 352, -1,
      352, 393, 353, -1,
      393, 386, 353, -1,
      353, 386, 357, -1,
      394, 388, 387, -1,
      386, 395, 387, -1,
      387, 395, 396, -1,
      387, 396, 394, -1,
      393, 392, 391, -1,
      389, 388, 390, -1,
      390, 388, 394, -1,
      390, 394, 391, -1,
      391, 394, 395, -1,
      391, 395, 393, -1,
      393, 395, 386, -1,
      394, 396, 397, -1,
      397, 396, 398, -1,
      395, 394, 399, -1,
      399, 394, 397, -1,
      396, 395, 398, -1,
      398, 395, 399, -1,
      400, 401, 348, -1,
      348, 401, 349, -1,
      401, 402, 349, -1,
      349, 402, 350, -1,
      402, 403, 350, -1,
      350, 403, 346, -1,
      404, 345, 347, -1,
      404, 347, 405, -1,
      405, 347, 346, -1,
      405, 346, 403, -1,
      406, 351, 407, -1,
      406, 407, 408, -1,
      408, 407, 409, -1,
      408, 409, 410, -1,
      410, 409, 345, -1,
      410, 345, 404, -1,
      400, 348, 411, -1,
      400, 411, 412, -1,
      412, 411, 413, -1,
      412, 413, 414, -1,
      414, 413, 415, -1,
      414, 415, 416, -1,
      416, 415, 351, -1,
      416, 351, 406, -1,
      417, 418, 414, -1,
      414, 418, 419, -1,
      414, 419, 412, -1,
      412, 419, 420, -1,
      412, 420, 400, -1,
      400, 420, 421, -1,
      400, 421, 401, -1,
      401, 421, 422, -1,
      401, 422, 402, -1,
      402, 422, 423, -1,
      402, 423, 403, -1,
      403, 423, 424, -1,
      403, 424, 405, -1,
      405, 424, 425, -1,
      405, 425, 404, -1,
      404, 425, 426, -1,
      404, 426, 410, -1,
      410, 426, 427, -1,
      410, 427, 408, -1,
      408, 427, 428, -1,
      408, 428, 406, -1,
      406, 428, 429, -1,
      406, 429, 416, -1,
      416, 429, 417, -1,
      416, 417, 414, -1,
      423, 422, 430, -1,
      430, 422, 431, -1,
      424, 423, 432, -1,
      432, 423, 430, -1,
      424, 432, 433, -1,
      424, 433, 425, -1,
      425, 433, 434, -1,
      425, 434, 426, -1,
      426, 434, 435, -1,
      426, 435, 427, -1,
      427, 435, 436, -1,
      427, 436, 428, -1,
      428, 436, 437, -1,
      428, 437, 429, -1,
      429, 437, 438, -1,
      429, 438, 417, -1,
      417, 438, 439, -1,
      417, 439, 418, -1,
      418, 439, 440, -1,
      418, 440, 419, -1,
      419, 440, 441, -1,
      419, 441, 420, -1,
      420, 441, 442, -1,
      420, 442, 421, -1,
      422, 421, 431, -1,
      431, 421, 442, -1,
      443, 444, 343, -1,
      343, 444, 344, -1,
      444, 445, 344, -1,
      344, 445, 334, -1,
      445, 446, 334, -1,
      334, 446, 333, -1,
      446, 447, 333, -1,
      333, 447, 338, -1,
      447, 448, 338, -1,
      338, 448, 337, -1,
      448, 449, 337, -1,
      337, 449, 336, -1,
      449, 450, 336, -1,
      336, 450, 335, -1,
      450, 451, 335, -1,
      335, 451, 339, -1,
      451, 452, 339, -1,
      339, 452, 340, -1,
      452, 453, 340, -1,
      340, 453, 341, -1,
      453, 454, 341, -1,
      341, 454, 342, -1,
      454, 443, 342, -1,
      342, 443, 343, -1,
      443, 454, 453, -1,
      453, 452, 443, -1,
      443, 452, 451, -1,
      443, 451, 444, -1,
      446, 445, 447, -1,
      447, 445, 444, -1,
      447, 444, 448, -1,
      448, 444, 451, -1,
      448, 451, 449, -1,
      449, 451, 450, -1,
      455, 292, 456, -1,
      455, 456, 457, -1,
      457, 456, 458, -1,
      457, 458, 459, -1,
      459, 458, 460, -1,
      459, 460, 461, -1,
      461, 460, 285, -1,
      461, 285, 462, -1,
      455, 463, 292, -1,
      292, 463, 294, -1,
      464, 291, 465, -1,
      464, 465, 466, -1,
      466, 465, 467, -1,
      466, 467, 468, -1,
      468, 467, 469, -1,
      468, 469, 470, -1,
      470, 469, 294, -1,
      470, 294, 463, -1,
      471, 290, 472, -1,
      471, 472, 473, -1,
      473, 472, 474, -1,
      473, 474, 475, -1,
      475, 474, 476, -1,
      475, 476, 477, -1,
      477, 476, 291, -1,
      477, 291, 464, -1,
      478, 295, 479, -1,
      478, 479, 480, -1,
      480, 479, 481, -1,
      480, 481, 482, -1,
      482, 481, 483, -1,
      482, 483, 484, -1,
      484, 483, 290, -1,
      484, 290, 471, -1,
      485, 293, 486, -1,
      485, 486, 487, -1,
      487, 486, 295, -1,
      487, 295, 478, -1,
      485, 488, 293, -1,
      293, 488, 289, -1,
      489, 288, 490, -1,
      489, 490, 491, -1,
      491, 490, 492, -1,
      491, 492, 493, -1,
      492, 494, 493, -1,
      493, 494, 495, -1,
      493, 495, 496, -1,
      496, 495, 289, -1,
      496, 289, 488, -1,
      497, 287, 498, -1,
      497, 498, 499, -1,
      499, 498, 500, -1,
      499, 500, 501, -1,
      501, 500, 502, -1,
      501, 502, 503, -1,
      503, 502, 489, -1,
      489, 502, 504, -1,
      489, 504, 288, -1,
      505, 286, 506, -1,
      505, 506, 507, -1,
      507, 506, 287, -1,
      507, 287, 497, -1,
      462, 285, 508, -1,
      462, 508, 509, -1,
      509, 508, 510, -1,
      509, 510, 511, -1,
      511, 510, 512, -1,
      511, 512, 513, -1,
      513, 512, 286, -1,
      513, 286, 505, -1,
      488, 485, 496, -1,
      496, 485, 487, -1,
      505, 507, 484, -1,
      484, 507, 482, -1,
      482, 507, 497, -1,
      482, 497, 499, -1,
      463, 455, 457, -1,
      463, 457, 470, -1,
      470, 457, 459, -1,
      470, 459, 461, -1,
      499, 501, 482, -1,
      482, 501, 503, -1,
      482, 503, 480, -1,
      480, 503, 489, -1,
      480, 489, 478, -1,
      478, 489, 491, -1,
      478, 491, 487, -1,
      487, 491, 493, -1,
      487, 493, 496, -1,
      484, 471, 505, -1,
      505, 471, 473, -1,
      505, 473, 513, -1,
      513, 473, 475, -1,
      513, 475, 511, -1,
      511, 475, 477, -1,
      511, 477, 509, -1,
      509, 477, 464, -1,
      509, 464, 462, -1,
      462, 464, 466, -1,
      462, 466, 461, -1,
      461, 466, 468, -1,
      461, 468, 470, -1,
      514, 515, 328, -1,
      328, 515, 332, -1,
      515, 516, 332, -1,
      332, 516, 331, -1,
      516, 517, 331, -1,
      331, 517, 330, -1,
      517, 518, 330, -1,
      330, 518, 329, -1,
      518, 519, 329, -1,
      329, 519, 327, -1,
      519, 514, 327, -1,
      327, 514, 328, -1,
      516, 515, 517, -1,
      517, 515, 514, -1,
      517, 514, 518, -1,
      518, 514, 519, -1,
      398, 399, 397, -1,
      430, 431, 432, -1,
      432, 431, 442, -1,
      432, 442, 433, -1,
      433, 442, 441, -1,
      433, 441, 434, -1,
      440, 439, 441, -1,
      441, 439, 438, -1,
      441, 438, 437, -1,
      437, 436, 441, -1,
      441, 436, 435, -1,
      441, 435, 434, -1,
      520, 521, 312, -1,
      312, 521, 318, -1,
      521, 522, 318, -1,
      318, 522, 523, -1,
      318, 523, 319, -1,
      523, 524, 319, -1,
      319, 524, 525, -1,
      319, 525, 320, -1,
      525, 526, 320, -1,
      320, 526, 527, -1,
      320, 527, 314, -1,
      527, 528, 314, -1,
      314, 528, 529, -1,
      314, 529, 315, -1,
      529, 530, 315, -1,
      315, 530, 531, -1,
      315, 531, 316, -1,
      316, 531, 325, -1,
      531, 532, 325, -1,
      325, 532, 533, -1,
      325, 533, 324, -1,
      533, 534, 324, -1,
      324, 534, 535, -1,
      324, 535, 323, -1,
      535, 536, 323, -1,
      323, 536, 537, -1,
      323, 537, 322, -1,
      537, 538, 322, -1,
      322, 538, 539, -1,
      322, 539, 311, -1,
      311, 539, 540, -1,
      311, 540, 541, -1,
      542, 543, 544, -1,
      542, 544, 545, -1,
      545, 544, 546, -1,
      545, 546, 547, -1,
      548, 549, 547, -1,
      547, 549, 550, -1,
      547, 550, 545, -1,
      548, 551, 549, -1,
      549, 551, 552, -1,
      549, 552, 553, -1,
      554, 555, 297, -1,
      297, 555, 307, -1,
      555, 556, 307, -1,
      307, 556, 557, -1,
      307, 557, 306, -1,
      557, 558, 306, -1,
      306, 558, 559, -1,
      306, 559, 305, -1,
      559, 560, 305, -1,
      305, 560, 561, -1,
      305, 561, 302, -1,
      561, 562, 302, -1,
      302, 562, 563, -1,
      302, 563, 303, -1,
      563, 564, 303, -1,
      303, 564, 565, -1,
      303, 565, 304, -1,
      304, 565, 308, -1,
      565, 566, 308, -1,
      308, 566, 567, -1,
      308, 567, 309, -1,
      567, 568, 309, -1,
      309, 568, 569, -1,
      309, 569, 301, -1,
      569, 570, 301, -1,
      301, 570, 571, -1,
      301, 571, 300, -1,
      571, 572, 300, -1,
      300, 572, 573, -1,
      300, 573, 296, -1,
      296, 573, 574, -1,
      296, 574, 575, -1,
      576, 577, 578, -1,
      579, 580, 581, -1,
      576, 578, 581, -1,
      581, 578, 582, -1,
      581, 582, 579, -1,
      580, 583, 581, -1,
      581, 583, 584, -1,
      581, 584, 585, -1,
      585, 584, 586, -1,
      585, 586, 587, -1,
      578, 577, 575, -1,
      575, 574, 578, -1,
      578, 574, 573, -1,
      578, 573, 582, -1,
      573, 572, 582, -1,
      582, 572, 571, -1,
      582, 571, 579, -1,
      571, 570, 579, -1,
      579, 570, 569, -1,
      579, 569, 580, -1,
      569, 568, 580, -1,
      580, 568, 567, -1,
      580, 567, 583, -1,
      583, 567, 566, -1,
      583, 566, 584, -1,
      584, 566, 565, -1,
      584, 565, 564, -1,
      564, 563, 584, -1,
      584, 563, 562, -1,
      584, 562, 586, -1,
      562, 561, 586, -1,
      586, 561, 560, -1,
      586, 560, 587, -1,
      560, 559, 587, -1,
      587, 559, 558, -1,
      587, 558, 585, -1,
      554, 576, 555, -1,
      555, 576, 581, -1,
      555, 581, 556, -1,
      556, 581, 585, -1,
      556, 585, 557, -1,
      557, 585, 558, -1,
      544, 543, 541, -1,
      541, 540, 544, -1,
      544, 540, 539, -1,
      544, 539, 546, -1,
      539, 538, 546, -1,
      546, 538, 537, -1,
      546, 537, 547, -1,
      537, 536, 547, -1,
      547, 536, 535, -1,
      547, 535, 548, -1,
      535, 534, 548, -1,
      548, 534, 533, -1,
      548, 533, 551, -1,
      551, 533, 532, -1,
      551, 532, 552, -1,
      552, 532, 531, -1,
      552, 531, 530, -1,
      530, 529, 552, -1,
      552, 529, 528, -1,
      552, 528, 553, -1,
      528, 527, 553, -1,
      553, 527, 526, -1,
      553, 526, 549, -1,
      526, 525, 549, -1,
      549, 525, 524, -1,
      549, 524, 550, -1,
      520, 542, 521, -1,
      521, 542, 545, -1,
      521, 545, 522, -1,
      522, 545, 550, -1,
      522, 550, 523, -1,
      523, 550, 524, -1,
      37, 156, 183, -1,
      37, 183, 588, -1,
      588, 183, 182, -1,
      588, 182, 35, -1,
      35, 182, 186, -1,
      35, 186, 589, -1,
      589, 186, 185, -1,
      589, 185, 36, -1,
      36, 185, 184, -1,
      36, 184, 590, -1,
      188, 187, 317, -1,
      310, 38, 590, -1,
      188, 317, 184, -1,
      184, 317, 590, -1,
      590, 317, 326, -1,
      590, 326, 310, -1,
      34, 361, 591, -1,
      591, 361, 360, -1,
      162, 161, 284, -1,
      284, 161, 360, -1,
      360, 161, 591, -1,
      591, 161, 165, -1,
      591, 165, 32, -1,
      32, 165, 164, -1,
      32, 164, 592, -1,
      592, 164, 163, -1,
      592, 163, 33, -1,
      33, 163, 166, -1,
      33, 166, 593, -1,
      593, 166, 158, -1,
      593, 158, 24, -1,
      29, 157, 594, -1,
      29, 594, 30, -1,
      30, 594, 595, -1,
      30, 595, 31, -1,
      31, 595, 171, -1,
      31, 171, 39, -1,
      179, 25, 26, -1,
      179, 26, 180, -1,
      180, 26, 27, -1,
      180, 27, 181, -1,
      28, 175, 27, -1,
      27, 175, 596, -1,
      27, 596, 181, -1,
      283, 282, 277, -1,
      277, 282, 281, -1,
      281, 280, 277, -1,
      277, 280, 279, -1,
      277, 279, 278, -1,
      63, 189, 62, -1,
      62, 189, 194, -1,
      60, 190, 63, -1,
      63, 190, 189, -1,
      193, 64, 194, -1,
      194, 64, 62, -1,
      61, 191, 60, -1,
      60, 191, 190, -1,
      192, 65, 193, -1,
      193, 65, 64, -1,
      65, 192, 61, -1,
      61, 192, 191, -1,
      170, 114, 167, -1,
      167, 114, 112, -1,
      169, 115, 170, -1,
      170, 115, 114, -1,
      113, 168, 112, -1,
      112, 168, 167, -1,
      168, 113, 169, -1,
      169, 113, 115, -1,
      196, 66, 198, -1,
      198, 66, 67, -1,
      195, 68, 196, -1,
      196, 68, 66, -1,
      69, 197, 67, -1,
      67, 197, 198, -1,
      197, 69, 195, -1,
      195, 69, 68, -1,
      204, 71, 203, -1,
      203, 71, 73, -1,
      200, 70, 204, -1,
      204, 70, 71, -1,
      72, 199, 73, -1,
      73, 199, 203, -1,
      199, 72, 200, -1,
      200, 72, 70, -1,
      246, 122, 247, -1,
      247, 122, 123, -1,
      239, 119, 240, -1,
      240, 119, 116, -1,
      244, 118, 239, -1,
      239, 118, 119, -1,
      117, 241, 116, -1,
      116, 241, 240, -1,
      243, 120, 244, -1,
      244, 120, 118, -1,
      121, 242, 117, -1,
      117, 242, 241, -1,
      242, 121, 243, -1,
      243, 121, 120, -1,
      250, 124, 245, -1,
      245, 124, 125, -1,
      249, 126, 250, -1,
      250, 126, 124, -1,
      248, 127, 249, -1,
      249, 127, 126, -1,
      254, 129, 252, -1,
      252, 129, 131, -1,
      253, 128, 254, -1,
      254, 128, 129, -1,
      130, 251, 131, -1,
      131, 251, 252, -1,
      251, 130, 253, -1,
      253, 130, 128, -1,
      201, 79, 202, -1,
      202, 79, 83, -1,
      208, 78, 201, -1,
      201, 78, 79, -1,
      82, 205, 83, -1,
      83, 205, 202, -1,
      207, 81, 208, -1,
      208, 81, 78, -1,
      80, 206, 82, -1,
      82, 206, 205, -1,
      206, 80, 207, -1,
      207, 80, 81, -1,
      159, 134, 160, -1,
      160, 134, 132, -1,
      256, 135, 159, -1,
      159, 135, 134, -1,
      133, 255, 132, -1,
      132, 255, 160, -1,
      255, 133, 256, -1,
      256, 133, 135, -1,
      267, 137, 262, -1,
      262, 137, 141, -1,
      263, 136, 267, -1,
      267, 136, 137, -1,
      140, 261, 141, -1,
      141, 261, 262, -1,
      265, 139, 263, -1,
      263, 139, 136, -1,
      138, 260, 140, -1,
      140, 260, 261, -1,
      260, 138, 265, -1,
      265, 138, 139, -1,
      145, 259, 144, -1,
      144, 259, 258, -1,
      142, 268, 145, -1,
      145, 268, 259, -1,
      257, 146, 258, -1,
      258, 146, 144, -1,
      143, 264, 142, -1,
      142, 264, 268, -1,
      266, 147, 257, -1,
      257, 147, 146, -1,
      147, 266, 143, -1,
      143, 266, 264, -1,
      91, 209, 90, -1,
      90, 209, 214, -1,
      88, 210, 91, -1,
      91, 210, 209, -1,
      213, 92, 214, -1,
      214, 92, 90, -1,
      89, 211, 88, -1,
      88, 211, 210, -1,
      212, 93, 213, -1,
      213, 93, 92, -1,
      93, 212, 89, -1,
      89, 212, 211, -1,
      217, 96, 215, -1,
      215, 96, 94, -1,
      222, 97, 217, -1,
      217, 97, 96, -1,
      95, 221, 94, -1,
      94, 221, 215, -1,
      221, 95, 222, -1,
      222, 95, 97, -1,
      220, 100, 219, -1,
      219, 100, 98, -1,
      218, 101, 220, -1,
      220, 101, 100, -1,
      99, 216, 98, -1,
      98, 216, 219, -1,
      216, 99, 218, -1,
      218, 99, 101, -1,
      269, 148, 270, -1,
      270, 148, 149, -1,
      272, 150, 269, -1,
      269, 150, 148, -1,
      151, 271, 149, -1,
      149, 271, 270, -1,
      271, 151, 272, -1,
      272, 151, 150, -1,
      225, 107, 226, -1,
      226, 107, 111, -1,
      224, 106, 225, -1,
      225, 106, 107, -1,
      110, 227, 111, -1,
      111, 227, 226, -1,
      223, 109, 224, -1,
      224, 109, 106, -1,
      108, 228, 110, -1,
      110, 228, 227, -1,
      228, 108, 223, -1,
      223, 108, 109, -1,
      238, 363, 235, -1,
      235, 363, 364, -1,
      237, 362, 238, -1,
      238, 362, 363, -1,
      365, 236, 364, -1,
      364, 236, 235, -1,
      236, 365, 237, -1,
      237, 365, 362, -1,
      173, 369, 174, -1,
      174, 369, 370, -1,
      172, 368, 173, -1,
      173, 368, 369, -1,
      371, 178, 370, -1,
      370, 178, 174, -1,
      176, 367, 172, -1,
      172, 367, 368, -1,
      366, 177, 371, -1,
      371, 177, 178, -1,
      177, 366, 176, -1,
      176, 366, 367, -1,
      275, 375, 273, -1,
      273, 375, 372, -1,
      276, 374, 275, -1,
      275, 374, 375, -1,
      373, 274, 372, -1,
      372, 274, 273, -1,
      274, 373, 276, -1,
      276, 373, 374, -1,
      229, 380, 230, -1,
      230, 380, 382, -1,
      234, 379, 229, -1,
      229, 379, 380, -1,
      384, 231, 382, -1,
      382, 231, 230, -1,
      233, 378, 234, -1,
      234, 378, 379, -1,
      376, 232, 384, -1,
      384, 232, 231, -1,
      232, 376, 233, -1,
      233, 376, 378, -1,
      20, 21, 19, -1,
      19, 21, 313, -1,
      16, 17, 299, -1,
      299, 17, 18, -1,
      299, 18, 12, -1,
      299, 12, 298, -1,
      298, 12, 11, -1,
      298, 11, 22, -1,
      14, 10, 15, -1,
      15, 10, 11, -1,
      15, 11, 13, -1,
      13, 11, 12, -1,
      554, 297, 576, -1,
      576, 297, 296, -1,
      576, 296, 577, -1,
      577, 296, 575, -1,
      298, 22, 0, -1,
      0, 22, 1, -1,
      321, 23, 6, -1,
      321, 6, 313, -1,
      313, 6, 5, -1,
      313, 5, 19, -1,
      8, 4, 9, -1,
      9, 4, 5, -1,
      9, 5, 7, -1,
      7, 5, 6, -1,
      520, 312, 542, -1,
      542, 312, 311, -1,
      542, 311, 543, -1,
      543, 311, 541, -1,
      3, 2, 321, -1,
      321, 2, 23, -1,
    ]
  }
}
