#VRML V2.0 utf8

Shape {
  appearance Appearance {
    material Material {
      diffuseColor 0.2078 0.2078 0.2078
      specularColor 0.0157 0.0157 0.0157
      ambientIntensity 0.2
      transparency 0.0000
      shininess 0.5
    }
  }
  geometry IndexedFaceSet {
    ccw TRUE
    solid FALSE
    coord DEF co Coordinate {
      point [
        0.541440 0.392996 0.413386,
        0.541440 0.361324 0.413386,
        0.555677 0.361324 0.413386,
        0.758655 -0.457606 0.413386,
        0.792252 -0.457606 0.413386,
        0.792252 0.286077 0.413386,
        0.691901 -0.457606 0.413386,
        0.758655 0.286077 0.413386,
        0.658429 -0.457606 0.413386,
        0.691901 0.286077 0.413386,
        0.597371 0.300291 0.413386,
        0.596840 0.300237 0.413386,
        0.605328 0.300237 0.413386,
        0.612828 0.293405 0.413386,
        0.613663 0.294337 0.413386,
        0.613662 0.300237 0.413386,
        0.559287 0.364920 0.413386,
        0.558738 0.366334 0.413386,
        0.558738 0.356947 0.413386,
        0.691901 0.356947 0.413386,
        0.680291 0.357249 0.413386,
        0.675192 0.357249 0.413386,
        0.671546 0.367026 0.413386,
        0.658429 0.367026 0.413386,
        0.658429 0.356947 0.413386,
        0.666676 0.392996 0.413386,
        0.691901 0.393298 0.413386,
        0.658429 0.393298 0.413386,
        0.656660 0.367026 0.413386,
        0.653224 0.357249 0.413386,
        0.647134 0.356947 0.413386,
        0.648126 0.357249 0.413386,
        0.647134 0.393298 0.413386,
        0.658429 0.384299 0.413386,
        0.661741 0.392996 0.413386,
        0.582378 0.387957 0.413386,
        0.574675 0.360758 0.413386,
        0.576978 0.360878 0.413386,
        0.565481 0.385185 0.413386,
        0.563757 0.382697 0.413386,
        0.562029 0.373276 0.413386,
        0.562620 0.369728 0.413386,
        0.575479 0.389433 0.413386,
        0.573932 0.389363 0.413386,
        0.565738 0.385467 0.413386,
        0.570844 0.388733 0.413386,
        0.568049 0.387398 0.413386,
        0.562564 0.379604 0.413386,
        0.561982 0.374720 0.413386,
        0.563793 0.366862 0.413386,
        0.565491 0.364522 0.413386,
        0.566413 0.363633 0.413386,
        0.579880 0.388907 0.413386,
        0.568807 0.362033 0.413386,
        0.571413 0.361109 0.413386,
        0.580922 0.361748 0.413386,
        0.582378 0.362434 0.413386,
        0.583506 0.387528 0.413386,
        0.583904 0.363152 0.413386,
        0.583904 0.387313 0.413386,
        0.588989 0.356947 0.413386,
        0.588989 0.393298 0.413386,
        0.579271 0.393298 0.413386,
        0.580114 0.393231 0.413386,
        0.582378 0.393298 0.413386,
        0.582378 0.392578 0.413386,
        0.583904 0.392137 0.413386,
        0.575433 0.393600 0.413386,
        0.582378 0.457606 0.413386,
        0.572941 0.393298 0.413386,
        0.558738 0.457606 0.413386,
        0.558738 0.393298 0.413386,
        0.559711 0.384951 0.413386,
        0.562302 0.388336 0.413386,
        0.563089 0.389093 0.413386,
        0.566546 0.391530 0.413386,
        0.570285 0.392977 0.413386,
        0.556596 0.393298 0.413386,
        0.558013 0.380980 0.413386,
        0.558738 0.382677 0.413386,
        0.557836 0.368656 0.413386,
        0.556596 0.356947 0.413386,
        0.557139 0.374446 0.413386,
        0.557202 0.376313 0.413386,
        0.567535 0.357698 0.413386,
        0.564221 0.359387 0.413386,
        0.561726 0.361525 0.413386,
        0.561416 0.361865 0.413386,
        0.570722 0.356947 0.413386,
        0.558738 0.346466 0.413386,
        0.571321 0.356806 0.413386,
        0.574008 0.356646 0.413386,
        0.582378 0.346466 0.413386,
        0.577162 0.356947 0.413386,
        0.583904 0.358729 0.413386,
        0.583294 0.358425 0.413386,
        0.582378 0.356947 0.413386,
        0.582378 0.358125 0.413386,
        0.579456 0.357167 0.413386,
        0.635826 0.336286 0.413386,
        0.647134 0.336286 0.413386,
        0.647134 0.346466 0.413386,
        0.647134 0.300237 0.413386,
        0.647134 0.300539 0.413386,
        0.635826 0.300539 0.413386,
        0.618172 0.306881 0.413386,
        0.618720 0.304779 0.413386,
        0.618839 0.304779 0.413386,
        0.631001 0.326070 0.413386,
        0.613662 0.346466 0.413386,
        0.626359 0.326070 0.413386,
        0.613662 0.319853 0.413386,
        0.619387 0.306844 0.413386,
        0.619044 0.305654 0.413386,
        0.613662 0.307835 0.413386,
        0.606493 0.326070 0.413386,
        0.605328 0.346466 0.413386,
        0.611501 0.326070 0.413386,
        0.616508 0.300594 0.413386,
        0.616357 0.300237 0.413386,
        0.614544 0.295952 0.413386,
        0.605328 0.286077 0.413386,
        0.607416 0.288879 0.413386,
        0.607416 0.292863 0.413386,
        0.613662 0.289311 0.413386,
        0.612113 0.288721 0.413386,
        0.613662 0.286077 0.413386,
        0.610304 0.288513 0.413386,
        0.609315 0.288549 0.413386,
        0.609956 0.292351 0.413386,
        0.611052 0.292476 0.413386,
        0.612031 0.292849 0.413386,
        0.619414 0.296683 0.413386,
        0.617387 0.292735 0.413386,
        0.647134 0.286077 0.413386,
        0.620816 0.300237 0.413386,
        0.615749 0.290767 0.413386,
        0.615443 0.290487 0.413386,
        0.613880 0.289394 0.413386,
        0.602665 0.311706 0.413386,
        0.603500 0.310472 0.413386,
        0.602939 0.321172 0.413386,
        0.603400 0.304266 0.413386,
        0.602566 0.303085 0.413386,
        0.591160 0.325428 0.413386,
        0.588989 0.346466 0.413386,
        0.589817 0.324626 0.413386,
        0.588989 0.323883 0.413386,
        0.603978 0.309152 0.413386,
        0.604163 0.307483 0.413386,
        0.603950 0.305685 0.413386,
        0.593620 0.326302 0.413386,
        0.596889 0.326655 0.413386,
        0.602939 0.325522 0.413386,
        0.599898 0.326400 0.413386,
        0.601285 0.301964 0.413386,
        0.599853 0.301128 0.413386,
        0.596450 0.323018 0.413386,
        0.595125 0.322919 0.413386,
        0.591562 0.319582 0.413386,
        0.593928 0.322602 0.413386,
        0.592923 0.322068 0.413386,
        0.591603 0.318987 0.413386,
        0.591780 0.318291 0.413386,
        0.592103 0.317687 0.413386,
        0.592539 0.317206 0.413386,
        0.594118 0.316220 0.413386,
        0.599447 0.322670 0.413386,
        0.596889 0.315013 0.413386,
        0.601967 0.321732 0.413386,
        0.598623 0.314312 0.413386,
        0.601597 0.312658 0.413386,
        0.592248 0.321471 0.413386,
        0.591864 0.320901 0.413386,
        0.591643 0.320296 0.413386,
        0.586920 0.306058 0.413386,
        0.582378 0.300237 0.413386,
        0.588489 0.323433 0.413386,
        0.587657 0.322223 0.413386,
        0.588597 0.305014 0.413386,
        0.588989 0.304863 0.413386,
        0.588989 0.314349 0.413386,
        0.588217 0.315141 0.413386,
        0.587633 0.316074 0.413386,
        0.587140 0.317442 0.413386,
        0.586947 0.319180 0.413386,
        0.587124 0.320781 0.413386,
        0.588950 0.314375 0.413386,
        0.591401 0.303938 0.413386,
        0.593728 0.311760 0.413386,
        0.591059 0.312983 0.413386,
        0.594285 0.303591 0.413386,
        0.594483 0.303592 0.413386,
        0.596668 0.310529 0.413386,
        0.596778 0.303849 0.413386,
        0.599567 0.307045 0.413386,
        0.599523 0.307602 0.413386,
        0.597933 0.304272 0.413386,
        0.598342 0.304520 0.413386,
        0.598856 0.304976 0.413386,
        0.599246 0.305554 0.413386,
        0.599474 0.306191 0.413386,
        0.599319 0.308301 0.413386,
        0.598973 0.308895 0.413386,
        0.598415 0.309476 0.413386,
        0.591176 0.300237 0.413386,
        0.589783 0.300394 0.413386,
        0.588989 0.300237 0.413386,
        0.588989 0.300683 0.413386,
        0.586920 0.301434 0.413386,
        0.593846 0.299936 0.413386,
        0.588989 0.286077 0.413386,
        0.608332 0.292563 0.413386,
        0.562151 0.312716 0.413386,
        0.562832 0.319930 0.413386,
        0.561254 0.311435 0.413386,
        0.560638 0.309857 0.413386,
        0.558738 0.300237 0.413386,
        0.561101 0.303826 0.413386,
        0.560559 0.305340 0.413386,
        0.574290 0.326417 0.413386,
        0.576185 0.325848 0.413386,
        0.563526 0.313904 0.413386,
        0.565441 0.314881 0.413386,
        0.565594 0.321715 0.413386,
        0.568808 0.315708 0.413386,
        0.572719 0.322859 0.413386,
        0.571202 0.323018 0.413386,
        0.568389 0.322709 0.413386,
        0.564039 0.300894 0.413386,
        0.562531 0.301946 0.413386,
        0.562032 0.302451 0.413386,
        0.577676 0.325002 0.413386,
        0.578874 0.323865 0.413386,
        0.579793 0.322424 0.413386,
        0.576374 0.304486 0.413386,
        0.576256 0.304486 0.413386,
        0.576374 0.300539 0.413386,
        0.575539 0.303399 0.413386,
        0.574123 0.301884 0.413386,
        0.562832 0.324279 0.413386,
        0.563774 0.324824 0.413386,
        0.567107 0.326110 0.413386,
        0.571623 0.326655 0.413386,
        0.560337 0.307374 0.413386,
        0.560351 0.307928 0.413386,
        0.576374 0.316768 0.413386,
        0.576219 0.318748 0.413386,
        0.575756 0.320342 0.413386,
        0.575230 0.321264 0.413386,
        0.580497 0.320398 0.413386,
        0.580852 0.316969 0.413386,
        0.580852 0.300539 0.413386,
        0.574553 0.321984 0.413386,
        0.573758 0.322496 0.413386,
        0.570873 0.300237 0.413386,
        0.570752 0.300194 0.413386,
        0.582378 0.286077 0.413386,
        0.558738 0.286077 0.413386,
        0.568434 0.299936 0.413386,
        0.565837 0.300237 0.413386,
        0.565755 0.300247 0.413386,
        0.491197 0.365120 0.413386,
        0.498091 0.359290 0.413386,
        0.522187 0.393298 0.413386,
        0.522187 0.356947 0.413386,
        0.458222 0.396531 0.413386,
        0.462937 0.393298 0.413386,
        0.468662 0.389371 0.413386,
        0.477154 0.379519 0.413386,
        0.482387 0.369293 0.413386,
        0.483633 0.368874 0.413386,
        0.434096 0.402588 0.413386,
        0.445557 0.401269 0.413386,
        0.522187 0.457606 0.413386,
        0.422071 0.401174 0.413386,
        -0.632489 0.457606 0.413386,
        0.410316 0.396788 0.413386,
        0.404614 0.393298 0.413386,
        -0.632489 0.393298 0.413386,
        0.403597 0.392676 0.413386,
        0.376556 0.380764 0.413386,
        0.386568 0.382001 0.413386,
        0.397624 0.387561 0.413386,
        0.389491 0.381842 0.413386,
        0.392414 0.381493 0.413386,
        0.357339 0.369801 0.413386,
        0.359056 0.371426 0.413386,
        0.367140 0.377108 0.413386,
        -0.632489 0.356947 0.413386,
        -0.632489 0.346466 0.413386,
        0.346038 0.346466 0.413386,
        0.347172 0.352818 0.413386,
        0.349003 0.356947 0.413386,
        0.351229 0.361968 0.413386,
        0.364003 0.306358 0.413386,
        0.356069 0.313123 0.413386,
        -0.632489 0.300237 0.413386,
        0.350265 0.321409 0.413386,
        0.373189 0.301884 0.413386,
        0.376722 0.300237 0.413386,
        0.376402 0.300923 0.413386,
        0.346624 0.330871 0.413386,
        0.345394 0.340826 0.413386,
        0.345466 0.343266 0.413386,
        -0.632489 0.286077 0.413386,
        0.390037 0.286077 0.413386,
        0.387707 0.287055 0.413386,
        0.382735 0.290801 0.413386,
        0.378953 0.295465 0.413386,
        0.522187 -0.457606 0.413386,
        0.522187 0.286077 0.413386,
        0.411069 0.286077 0.413386,
        0.406703 0.284399 0.413386,
        0.400547 0.283640 0.413386,
        0.399573 0.283658 0.413386,
        -0.632489 -0.457606 0.413386,
        0.393572 0.284593 0.413386,
        0.522187 0.300237 0.413386,
        0.424361 0.300237 0.413386,
        0.424335 0.300127 0.413386,
        0.421326 0.294464 0.413386,
        0.417433 0.290101 0.413386,
        0.412371 0.286577 0.413386,
        0.506386 0.344297 0.413386,
        0.507549 0.335997 0.413386,
        0.522187 0.346466 0.413386,
        0.456815 0.315231 0.413386,
        0.458559 0.315920 0.413386,
        0.461546 0.330406 0.413386,
        0.498145 0.311852 0.413386,
        0.491230 0.305998 0.413386,
        0.419609 0.326085 0.413386,
        0.453667 0.343876 0.413386,
        0.415165 0.330131 0.413386,
        0.409770 0.333021 0.413386,
        0.455253 0.314124 0.413386,
        0.503191 0.318881 0.413386,
        0.491665 0.337982 0.413386,
        0.490469 0.342863 0.413386,
        0.488524 0.346466 0.413386,
        0.362039 0.346466 0.413386,
        0.506383 0.326928 0.413386,
        0.460529 0.316173 0.413386,
        0.460776 0.316155 0.413386,
        0.461539 0.315986 0.413386,
        0.363537 0.331188 0.413386,
        0.366558 0.326048 0.413386,
        0.379463 0.323413 0.413386,
        0.371115 0.321365 0.413386,
        0.376656 0.317952 0.413386,
        0.388861 0.331830 0.413386,
        0.383664 0.328218 0.413386,
        0.361406 0.341335 0.413386,
        0.361712 0.337407 0.413386,
        0.394474 0.333978 0.413386,
        0.400547 0.334727 0.413386,
        0.403635 0.334544 0.413386,
        0.452650 0.308294 0.413386,
        0.452715 0.309297 0.413386,
        0.425963 0.311598 0.413386,
        0.453225 0.311231 0.413386,
        0.454202 0.312965 0.413386,
        0.486630 0.322298 0.413386,
        0.489427 0.326262 0.413386,
        0.491180 0.330791 0.413386,
        0.491791 0.335743 0.413386,
        0.458589 0.300646 0.413386,
        0.456908 0.301307 0.413386,
        0.455259 0.302479 0.413386,
        0.454669 0.303081 0.413386,
        0.453561 0.304677 0.413386,
        0.452891 0.306401 0.413386,
        0.425824 0.306401 0.413386,
        0.425963 0.309056 0.413386,
        0.483475 0.302204 0.413386,
        0.475016 0.300415 0.413386,
        0.460021 0.300415 0.413386,
        0.462054 0.315919 0.413386,
        0.473491 0.315919 0.413386,
        0.478061 0.316795 0.413386,
        0.482545 0.318875 0.413386,
        0.486302 0.321945 0.413386,
        0.469933 0.355568 0.413386,
        0.364343 0.353159 0.413386,
        0.362165 0.347491 0.413386,
        0.471967 0.355568 0.413386,
        0.488103 0.347246 0.413386,
        0.485181 0.350507 0.413386,
        0.481240 0.353261 0.413386,
        0.476804 0.354970 0.413386,
        0.464449 0.370845 0.413386,
        0.458714 0.377692 0.413386,
        0.400293 0.362939 0.413386,
        0.458083 0.378267 0.413386,
        0.450942 0.383223 0.413386,
        0.404176 0.370980 0.413386,
        0.366980 0.356947 0.413386,
        0.398493 0.363924 0.413386,
        0.469630 0.356947 0.413386,
        0.468373 0.362657 0.413386,
        0.392794 0.366010 0.413386,
        0.386822 0.366751 0.413386,
        0.384167 0.366612 0.413386,
        0.409877 0.377789 0.413386,
        0.442972 0.386278 0.413386,
        0.416689 0.382767 0.413386,
        0.434350 0.387338 0.413386,
        0.424992 0.386132 0.413386,
        0.377893 0.365122 0.413386,
        0.372230 0.362113 0.413386,
        0.367867 0.358221 0.413386,
        0.499771 0.356947 0.413386,
        0.503278 0.352059 0.413386,
        0.505517 0.346466 0.413386,
        0.655052 0.300539 0.413386,
        0.658429 0.300237 0.413386,
        0.655052 0.304614 0.413386,
        0.658429 0.346466 0.413386,
        0.654239 0.336286 0.413386,
        0.654239 0.332174 0.413386,
        0.640441 0.316640 0.413386,
        0.640441 0.304614 0.413386,
        0.647134 0.316640 0.413386,
        0.647134 0.304614 0.413386,
        0.653224 0.316640 0.413386,
        0.653224 0.320733 0.413386,
        0.640441 0.332174 0.413386,
        0.640441 0.320733 0.413386,
        0.647134 0.332174 0.413386,
        0.647134 0.320733 0.413386,
        0.613662 0.393298 0.413386,
        0.605328 0.393298 0.413386,
        0.609472 0.392996 0.413386,
        0.605328 0.392996 0.413386,
        0.595674 0.373350 0.413386,
        0.595674 0.361324 0.413386,
        0.605328 0.373350 0.413386,
        0.605328 0.361324 0.413386,
        0.608458 0.373350 0.413386,
        0.610285 0.361324 0.413386,
        0.608458 0.377444 0.413386,
        0.609472 0.388884 0.413386,
        0.605328 0.377444 0.413386,
        0.605328 0.388884 0.413386,
        0.595674 0.377444 0.413386,
        0.595674 0.388884 0.413386,
        0.613662 0.356947 0.413386,
        0.610285 0.357249 0.413386,
        0.605328 0.356947 0.413386,
        0.605328 0.357249 0.413386,
        0.591059 0.357249 0.413386,
        0.591059 0.392996 0.413386,
        0.658429 0.286077 0.413386,
        0.647134 -0.457606 0.413386,
        0.613662 -0.457606 0.413386,
        0.605328 -0.457606 0.413386,
        0.588989 -0.457606 0.413386,
        0.582378 -0.457606 0.413386,
        0.558738 -0.457606 0.413386,
        0.572566 0.300851 0.413386,
        0.758655 0.300237 0.413386,
        0.691901 0.300237 0.413386,
        0.536826 0.336286 0.413386,
        0.536826 0.300539 0.413386,
        0.556596 0.300237 0.413386,
        0.556596 0.286077 0.413386,
        0.556596 -0.457606 0.413386,
        0.555239 0.336286 0.413386,
        0.556596 0.346466 0.413386,
        0.555239 0.332174 0.413386,
        0.556052 0.304614 0.413386,
        0.556052 0.300539 0.413386,
        0.541440 0.316640 0.413386,
        0.541440 0.304614 0.413386,
        0.554224 0.316640 0.413386,
        0.554224 0.320733 0.413386,
        0.541440 0.320733 0.413386,
        0.541440 0.332174 0.413386,
        0.661805 0.300539 0.413386,
        0.689934 0.312403 0.413386,
        0.688173 0.308706 0.413386,
        0.685518 0.305546 0.413386,
        0.689001 0.327185 0.413386,
        0.690320 0.323772 0.413386,
        0.691901 0.346466 0.413386,
        0.690909 0.318870 0.413386,
        0.690802 0.316587 0.413386,
        0.681760 0.302857 0.413386,
        0.677680 0.301270 0.413386,
        0.671637 0.300539 0.413386,
        0.661805 0.336286 0.413386,
        0.672003 0.336286 0.413386,
        0.677461 0.335683 0.413386,
        0.681776 0.334107 0.413386,
        0.685518 0.331553 0.413386,
        0.686792 0.330306 0.413386,
        0.697991 0.300539 0.413386,
        0.692892 0.300539 0.413386,
        0.719959 0.300539 0.413386,
        0.716313 0.310317 0.413386,
        0.701427 0.310317 0.413386,
        0.706508 0.336286 0.413386,
        0.711442 0.336286 0.413386,
        0.536826 0.357249 0.413386,
        0.536826 0.392996 0.413386,
        0.555677 0.357249 0.413386,
        0.645168 0.369113 0.413386,
        0.643406 0.365416 0.413386,
        0.640751 0.362256 0.413386,
        0.636994 0.359567 0.413386,
        0.644235 0.383895 0.413386,
        0.645553 0.380482 0.413386,
        0.646143 0.375580 0.413386,
        0.646035 0.373297 0.413386,
        0.627236 0.392996 0.413386,
        0.632695 0.392394 0.413386,
        0.637009 0.390817 0.413386,
        0.632913 0.357980 0.413386,
        0.626871 0.357249 0.413386,
        0.617038 0.357249 0.413386,
        0.617038 0.392996 0.413386,
        0.640751 0.388263 0.413386,
        0.642025 0.387016 0.413386,
        0.725058 0.300539 0.413386,
        0.758655 0.346466 0.413386,
        0.758655 0.356947 0.413386,
        0.758655 0.393298 0.413386,
        0.792252 0.300237 0.413386,
        0.792252 0.346466 0.413386,
        0.792252 0.356947 0.413386,
        0.792252 0.393298 0.413386,
        0.556596 0.457606 0.413386,
        0.792252 0.457606 0.413386,
        0.758655 0.457606 0.413386,
        0.691901 0.457606 0.413386,
        0.658429 0.457606 0.413386,
        0.647134 0.457606 0.413386,
        0.613662 0.457606 0.413386,
        0.605328 0.457606 0.413386,
        0.588989 0.457606 0.413386,
        -0.697726 0.457606 0.413386,
        -0.792252 0.457606 0.413386,
        -0.697726 -0.457606 0.413386,
        -0.792252 -0.457606 0.413386,
        0.846457 -0.271654 0.000000,
        0.846457 -0.492201 0.000000,
        0.839568 -0.271654 -0.078740,
        0.817029 -0.462773 -0.336361,
        0.839568 0.271654 -0.078740,
        0.817029 0.462773 -0.336361,
        0.846457 0.271654 0.000000,
        0.846457 0.492201 0.000000,
        -0.846457 0.271654 0.000000,
        -0.846457 0.492201 0.000000,
        -0.839568 0.271654 -0.078740,
        -0.817029 0.462773 -0.336361,
        -0.839568 -0.271654 -0.078740,
        -0.817029 -0.462773 -0.336361,
        -0.846457 -0.271654 0.000000,
        -0.846457 -0.492201 0.000000,
        -0.492126 0.462773 -0.354331,
        -0.492126 -0.462773 -0.354331,
        -0.797419 0.462773 -0.354331,
        -0.797419 -0.462773 -0.354331,
        -0.826846 -0.511811 0.000000,
        -0.797419 -0.482383 -0.336361,
        -0.492126 -0.482383 -0.336361,
        0.472497 -0.481924 -0.341604,
        0.481972 -0.482267 -0.337693,
        0.826846 -0.511811 0.000000,
        0.492126 -0.482383 -0.336361,
        0.797419 -0.482383 -0.336361,
        -0.481972 -0.482267 -0.337693,
        0.454107 -0.479833 -0.365506,
        0.458063 -0.480666 -0.355990,
        0.464340 -0.481379 -0.347839,
        -0.472497 -0.481924 -0.341604,
        -0.464340 -0.481379 -0.347839,
        0.452756 -0.477217 -0.395417,
        -0.458063 -0.480666 -0.355990,
        -0.454107 -0.479833 -0.365506,
        -0.452756 -0.478939 -0.375731,
        -0.452756 -0.477217 -0.395417,
        0.452756 -0.478939 -0.375731,
        0.826846 0.511811 -0.000000,
        0.797419 0.482383 -0.336361,
        0.492126 0.482383 -0.336361,
        -0.472497 0.481924 -0.341604,
        -0.481972 0.482267 -0.337693,
        -0.826846 0.511811 0.000000,
        -0.492126 0.482383 -0.336361,
        -0.797419 0.482383 -0.336361,
        0.481972 0.482267 -0.337693,
        -0.454107 0.479833 -0.365506,
        -0.458063 0.480666 -0.355990,
        -0.464340 0.481379 -0.347839,
        0.472497 0.481924 -0.341604,
        0.464340 0.481379 -0.347839,
        -0.452756 0.477217 -0.395417,
        0.458063 0.480666 -0.355990,
        0.454107 0.479833 -0.365506,
        0.452756 0.478939 -0.375731,
        0.452756 0.477217 -0.395417,
        -0.452756 0.478939 -0.375731,
        0.797419 0.462773 -0.354331,
        0.797419 -0.462773 -0.354331,
        0.492126 0.462773 -0.354331,
        0.492126 -0.462773 -0.354331,
        0.811862 0.457606 0.395417,
        0.811862 -0.457606 0.395417,
        0.792252 0.477217 0.395417,
        -0.792252 0.477217 0.395417,
        -0.811862 -0.457606 0.395417,
        -0.811862 0.457606 0.395417,
        -0.792252 -0.477217 0.395417,
        0.792252 -0.477217 0.395417,
        0.452756 0.457606 -0.413386,
        0.452756 -0.457606 -0.413386,
        -0.452756 0.457606 -0.413386,
        -0.452756 -0.457606 -0.413386,
        0.472441 0.459329 -0.374016,
        0.472441 -0.459329 -0.374016,
        0.472441 0.457606 -0.393701,
        0.472441 -0.457606 -0.393701,
        -0.472441 0.457606 -0.393701,
        -0.472441 -0.457606 -0.393701,
        -0.472441 0.459329 -0.374016,
        -0.472441 -0.459329 -0.374016,
      ]
    }
    coordIndex [
      0, 1, 2, -1,
      3, 4, 5, -1,
      6, 3, 7, -1,
      8, 6, 9, -1,
      10, 11, 12, -1,
      13, 14, 15, -1,
      16, 17, 18, -1,
      19, 20, 21, -1,
      22, 23, 21, -1,
      21, 23, 24, -1,
      21, 24, 19, -1,
      20, 19, 25, -1,
      25, 19, 26, -1,
      25, 26, 27, -1,
      23, 28, 24, -1,
      24, 28, 29, -1,
      24, 29, 30, -1,
      30, 29, 31, -1,
      30, 31, 32, -1,
      32, 31, 33, -1,
      32, 33, 27, -1,
      27, 33, 34, -1,
      27, 34, 25, -1,
      35, 36, 37, -1,
      35, 38, 39, -1,
      35, 40, 41, -1,
      42, 43, 44, -1,
      44, 43, 45, -1,
      44, 45, 46, -1,
      39, 47, 35, -1,
      35, 47, 48, -1,
      35, 48, 40, -1,
      41, 49, 35, -1,
      35, 49, 50, -1,
      35, 50, 51, -1,
      38, 35, 44, -1,
      44, 35, 52, -1,
      44, 52, 42, -1,
      51, 53, 35, -1,
      35, 53, 54, -1,
      35, 54, 36, -1,
      37, 55, 35, -1,
      35, 55, 56, -1,
      35, 56, 57, -1,
      57, 56, 58, -1,
      57, 58, 59, -1,
      59, 58, 60, -1,
      59, 60, 61, -1,
      62, 63, 64, -1,
      64, 63, 65, -1,
      64, 65, 61, -1,
      61, 65, 66, -1,
      61, 66, 59, -1,
      67, 68, 69, -1,
      69, 68, 70, -1,
      71, 72, 73, -1,
      73, 74, 71, -1,
      71, 74, 75, -1,
      71, 75, 76, -1,
      77, 78, 71, -1,
      71, 78, 79, -1,
      71, 79, 72, -1,
      17, 80, 81, -1,
      81, 80, 82, -1,
      81, 82, 77, -1,
      77, 82, 83, -1,
      77, 83, 78, -1,
      18, 84, 85, -1,
      85, 86, 18, -1,
      18, 86, 87, -1,
      18, 87, 16, -1,
      84, 18, 88, -1,
      88, 18, 89, -1,
      88, 89, 90, -1,
      90, 89, 91, -1,
      91, 89, 92, -1,
      91, 92, 93, -1,
      58, 94, 60, -1,
      60, 94, 95, -1,
      60, 95, 96, -1,
      96, 95, 97, -1,
      96, 97, 98, -1,
      99, 100, 101, -1,
      102, 103, 104, -1,
      105, 106, 107, -1,
      108, 109, 110, -1,
      110, 109, 111, -1,
      110, 111, 112, -1,
      112, 111, 105, -1,
      112, 105, 113, -1,
      113, 105, 107, -1,
      15, 114, 12, -1,
      12, 114, 115, -1,
      12, 115, 116, -1,
      116, 115, 109, -1,
      109, 115, 117, -1,
      109, 117, 111, -1,
      118, 114, 119, -1,
      119, 114, 15, -1,
      119, 15, 120, -1,
      120, 15, 14, -1,
      121, 122, 123, -1,
      124, 125, 126, -1,
      126, 125, 127, -1,
      126, 127, 121, -1,
      121, 127, 128, -1,
      121, 128, 122, -1,
      129, 130, 15, -1,
      15, 130, 131, -1,
      15, 131, 13, -1,
      132, 133, 134, -1,
      132, 134, 135, -1,
      133, 136, 134, -1,
      134, 136, 137, -1,
      134, 137, 126, -1,
      126, 137, 138, -1,
      126, 138, 124, -1,
      139, 140, 141, -1,
      12, 142, 143, -1,
      144, 145, 146, -1,
      146, 145, 147, -1,
      148, 149, 12, -1,
      12, 149, 150, -1,
      12, 150, 142, -1,
      144, 151, 145, -1,
      145, 151, 152, -1,
      145, 152, 116, -1,
      140, 148, 141, -1,
      141, 148, 12, -1,
      141, 12, 153, -1,
      153, 12, 116, -1,
      153, 116, 154, -1,
      154, 116, 152, -1,
      143, 155, 12, -1,
      12, 155, 156, -1,
      12, 156, 10, -1,
      157, 158, 159, -1,
      159, 158, 160, -1,
      159, 160, 161, -1,
      159, 162, 157, -1,
      157, 162, 163, -1,
      157, 163, 164, -1,
      164, 165, 157, -1,
      157, 165, 166, -1,
      157, 166, 167, -1,
      167, 166, 168, -1,
      167, 168, 169, -1,
      169, 168, 170, -1,
      169, 170, 141, -1,
      141, 170, 171, -1,
      141, 171, 139, -1,
      172, 173, 161, -1,
      161, 173, 174, -1,
      161, 174, 159, -1,
      175, 92, 176, -1,
      147, 145, 177, -1,
      177, 145, 92, -1,
      177, 92, 178, -1,
      179, 180, 181, -1,
      182, 183, 175, -1,
      183, 184, 175, -1,
      175, 184, 185, -1,
      175, 185, 92, -1,
      92, 185, 186, -1,
      92, 186, 178, -1,
      179, 181, 175, -1,
      175, 181, 187, -1,
      175, 187, 182, -1,
      188, 189, 180, -1,
      180, 189, 190, -1,
      180, 190, 181, -1,
      188, 191, 189, -1,
      189, 191, 192, -1,
      189, 192, 193, -1,
      193, 192, 194, -1,
      193, 195, 196, -1,
      194, 197, 193, -1,
      193, 197, 198, -1,
      193, 198, 199, -1,
      199, 200, 193, -1,
      193, 200, 201, -1,
      193, 201, 195, -1,
      196, 202, 193, -1,
      193, 202, 203, -1,
      193, 203, 204, -1,
      205, 206, 207, -1,
      207, 206, 208, -1,
      207, 208, 176, -1,
      176, 208, 209, -1,
      176, 209, 175, -1,
      210, 211, 11, -1,
      11, 211, 121, -1,
      11, 121, 12, -1,
      12, 121, 123, -1,
      12, 123, 15, -1,
      15, 123, 212, -1,
      15, 212, 129, -1,
      213, 214, 215, -1,
      215, 214, 216, -1,
      217, 218, 219, -1,
      220, 221, 92, -1,
      213, 222, 214, -1,
      214, 222, 223, -1,
      214, 223, 224, -1,
      224, 223, 225, -1,
      226, 227, 225, -1,
      225, 227, 228, -1,
      225, 228, 224, -1,
      229, 230, 217, -1,
      217, 230, 231, -1,
      217, 231, 218, -1,
      221, 232, 92, -1,
      92, 232, 233, -1,
      92, 233, 234, -1,
      235, 236, 237, -1,
      237, 236, 238, -1,
      237, 238, 239, -1,
      240, 241, 89, -1,
      89, 241, 242, -1,
      89, 242, 92, -1,
      92, 242, 243, -1,
      92, 243, 220, -1,
      219, 244, 217, -1,
      217, 244, 245, -1,
      217, 245, 89, -1,
      89, 245, 216, -1,
      89, 216, 240, -1,
      240, 216, 214, -1,
      246, 247, 225, -1,
      225, 247, 248, -1,
      225, 248, 249, -1,
      234, 250, 92, -1,
      92, 250, 251, -1,
      92, 251, 176, -1,
      176, 251, 252, -1,
      176, 252, 237, -1,
      249, 253, 225, -1,
      225, 253, 254, -1,
      225, 254, 226, -1,
      255, 256, 257, -1,
      257, 256, 258, -1,
      256, 259, 258, -1,
      258, 259, 260, -1,
      258, 260, 217, -1,
      217, 260, 261, -1,
      217, 261, 229, -1,
      262, 263, 264, -1,
      264, 263, 265, -1,
      266, 267, 264, -1,
      264, 267, 268, -1,
      264, 268, 269, -1,
      269, 270, 264, -1,
      264, 270, 271, -1,
      264, 271, 262, -1,
      272, 273, 274, -1,
      272, 274, 275, -1,
      275, 274, 276, -1,
      275, 276, 277, -1,
      277, 276, 278, -1,
      278, 276, 279, -1,
      278, 279, 280, -1,
      279, 281, 280, -1,
      280, 281, 282, -1,
      280, 282, 283, -1,
      283, 282, 284, -1,
      283, 284, 285, -1,
      286, 287, 279, -1,
      279, 287, 288, -1,
      279, 288, 281, -1,
      289, 290, 291, -1,
      291, 292, 289, -1,
      289, 292, 293, -1,
      289, 293, 279, -1,
      279, 293, 294, -1,
      279, 294, 286, -1,
      295, 296, 297, -1,
      297, 296, 298, -1,
      295, 297, 299, -1,
      299, 297, 300, -1,
      299, 300, 301, -1,
      298, 302, 297, -1,
      297, 302, 303, -1,
      297, 303, 290, -1,
      290, 303, 304, -1,
      290, 304, 291, -1,
      305, 306, 297, -1,
      297, 306, 307, -1,
      307, 308, 297, -1,
      297, 308, 309, -1,
      297, 309, 300, -1,
      310, 311, 312, -1,
      312, 313, 310, -1,
      310, 313, 314, -1,
      310, 314, 315, -1,
      305, 316, 306, -1,
      306, 316, 310, -1,
      306, 310, 317, -1,
      317, 310, 315, -1,
      318, 319, 311, -1,
      311, 319, 320, -1,
      311, 320, 321, -1,
      321, 322, 311, -1,
      311, 322, 323, -1,
      311, 323, 312, -1,
      324, 325, 326, -1,
      327, 328, 329, -1,
      330, 331, 318, -1,
      332, 333, 334, -1,
      334, 333, 335, -1,
      327, 329, 336, -1,
      330, 318, 337, -1,
      338, 339, 333, -1,
      333, 339, 340, -1,
      333, 340, 341, -1,
      326, 325, 318, -1,
      318, 325, 342, -1,
      318, 342, 337, -1,
      328, 343, 329, -1,
      329, 343, 344, -1,
      329, 344, 345, -1,
      346, 347, 348, -1,
      348, 347, 349, -1,
      348, 349, 350, -1,
      351, 341, 352, -1,
      352, 341, 353, -1,
      352, 353, 348, -1,
      348, 353, 354, -1,
      348, 354, 346, -1,
      351, 355, 341, -1,
      341, 355, 356, -1,
      341, 356, 333, -1,
      333, 356, 357, -1,
      333, 357, 335, -1,
      358, 359, 360, -1,
      360, 359, 361, -1,
      360, 361, 329, -1,
      329, 361, 362, -1,
      329, 362, 336, -1,
      363, 364, 329, -1,
      329, 364, 365, -1,
      329, 365, 333, -1,
      333, 365, 366, -1,
      333, 366, 338, -1,
      367, 368, 319, -1,
      319, 368, 369, -1,
      319, 369, 370, -1,
      370, 371, 319, -1,
      319, 371, 372, -1,
      319, 372, 373, -1,
      373, 372, 358, -1,
      373, 358, 374, -1,
      374, 358, 360, -1,
      331, 375, 318, -1,
      318, 375, 376, -1,
      318, 376, 319, -1,
      319, 376, 377, -1,
      319, 377, 367, -1,
      345, 378, 329, -1,
      329, 378, 379, -1,
      329, 379, 380, -1,
      380, 381, 329, -1,
      329, 381, 382, -1,
      329, 382, 363, -1,
      383, 384, 385, -1,
      385, 341, 383, -1,
      383, 341, 340, -1,
      383, 340, 386, -1,
      386, 340, 387, -1,
      387, 388, 386, -1,
      386, 388, 389, -1,
      386, 389, 390, -1,
      391, 392, 393, -1,
      392, 394, 393, -1,
      393, 394, 395, -1,
      393, 395, 396, -1,
      397, 393, 398, -1,
      384, 383, 397, -1,
      397, 383, 399, -1,
      397, 399, 393, -1,
      393, 399, 400, -1,
      393, 400, 391, -1,
      398, 401, 397, -1,
      397, 401, 402, -1,
      397, 402, 403, -1,
      396, 395, 404, -1,
      404, 395, 405, -1,
      404, 405, 406, -1,
      406, 405, 407, -1,
      406, 407, 408, -1,
      409, 410, 403, -1,
      403, 410, 411, -1,
      403, 411, 397, -1,
      263, 412, 265, -1,
      265, 412, 413, -1,
      265, 413, 326, -1,
      326, 413, 414, -1,
      326, 414, 324, -1,
      103, 102, 415, -1,
      415, 102, 416, -1,
      415, 416, 417, -1,
      101, 100, 418, -1,
      418, 100, 419, -1,
      418, 419, 420, -1,
      421, 422, 423, -1,
      423, 422, 424, -1,
      423, 424, 425, -1,
      425, 424, 417, -1,
      425, 417, 426, -1,
      427, 428, 429, -1,
      429, 428, 430, -1,
      429, 430, 420, -1,
      431, 432, 433, -1,
      433, 432, 434, -1,
      435, 436, 437, -1,
      437, 436, 438, -1,
      437, 438, 439, -1,
      439, 438, 440, -1,
      439, 440, 441, -1,
      441, 440, 442, -1,
      441, 442, 443, -1,
      443, 442, 444, -1,
      443, 444, 445, -1,
      445, 444, 446, -1,
      433, 442, 431, -1,
      431, 442, 440, -1,
      431, 440, 447, -1,
      447, 440, 448, -1,
      447, 448, 449, -1,
      449, 448, 450, -1,
      449, 450, 451, -1,
      434, 432, 452, -1,
      452, 432, 61, -1,
      452, 61, 451, -1,
      451, 61, 60, -1,
      451, 60, 449, -1,
      8, 453, 454, -1,
      454, 453, 134, -1,
      454, 134, 455, -1,
      455, 134, 126, -1,
      455, 126, 456, -1,
      456, 126, 121, -1,
      456, 121, 457, -1,
      457, 121, 211, -1,
      457, 211, 458, -1,
      458, 211, 257, -1,
      458, 257, 459, -1,
      459, 257, 258, -1,
      210, 205, 211, -1,
      211, 205, 207, -1,
      211, 207, 257, -1,
      257, 207, 176, -1,
      257, 176, 255, -1,
      255, 176, 237, -1,
      255, 237, 460, -1,
      460, 237, 239, -1,
      453, 416, 134, -1,
      134, 416, 102, -1,
      134, 102, 135, -1,
      135, 102, 104, -1,
      135, 104, 108, -1,
      108, 104, 99, -1,
      108, 99, 109, -1,
      109, 99, 101, -1,
      6, 7, 9, -1,
      9, 7, 461, -1,
      9, 461, 462, -1,
      463, 326, 464, -1,
      464, 326, 318, -1,
      464, 318, 465, -1,
      465, 318, 311, -1,
      465, 311, 466, -1,
      466, 311, 310, -1,
      466, 310, 467, -1,
      463, 468, 469, -1,
      468, 470, 469, -1,
      469, 470, 471, -1,
      469, 471, 465, -1,
      465, 471, 472, -1,
      465, 472, 464, -1,
      473, 474, 475, -1,
      475, 474, 471, -1,
      475, 471, 476, -1,
      476, 471, 470, -1,
      476, 470, 477, -1,
      477, 470, 478, -1,
      430, 426, 420, -1,
      420, 426, 417, -1,
      420, 417, 418, -1,
      418, 417, 416, -1,
      418, 416, 479, -1,
      480, 481, 462, -1,
      462, 481, 482, -1,
      483, 484, 485, -1,
      485, 484, 486, -1,
      485, 486, 462, -1,
      462, 486, 487, -1,
      462, 487, 480, -1,
      482, 488, 462, -1,
      462, 488, 489, -1,
      462, 489, 490, -1,
      8, 9, 453, -1,
      453, 9, 462, -1,
      453, 462, 416, -1,
      416, 462, 490, -1,
      416, 490, 479, -1,
      479, 491, 418, -1,
      418, 491, 492, -1,
      418, 492, 485, -1,
      485, 492, 493, -1,
      485, 493, 494, -1,
      494, 495, 485, -1,
      485, 495, 496, -1,
      485, 496, 483, -1,
      497, 498, 462, -1,
      499, 500, 501, -1,
      462, 498, 485, -1,
      485, 498, 502, -1,
      485, 502, 503, -1,
      17, 81, 18, -1,
      18, 81, 469, -1,
      18, 469, 89, -1,
      89, 469, 465, -1,
      89, 465, 217, -1,
      217, 465, 466, -1,
      217, 466, 258, -1,
      258, 466, 467, -1,
      258, 467, 459, -1,
      485, 19, 418, -1,
      418, 19, 24, -1,
      418, 24, 101, -1,
      101, 24, 30, -1,
      101, 30, 109, -1,
      109, 30, 447, -1,
      109, 447, 116, -1,
      116, 447, 449, -1,
      116, 449, 145, -1,
      145, 449, 60, -1,
      145, 60, 92, -1,
      92, 60, 96, -1,
      92, 96, 93, -1,
      93, 96, 98, -1,
      463, 469, 326, -1,
      326, 469, 81, -1,
      326, 81, 265, -1,
      265, 81, 504, -1,
      265, 504, 264, -1,
      504, 505, 264, -1,
      264, 505, 0, -1,
      264, 0, 77, -1,
      77, 0, 2, -1,
      77, 2, 81, -1,
      81, 2, 506, -1,
      81, 506, 504, -1,
      507, 508, 30, -1,
      30, 508, 509, -1,
      30, 509, 510, -1,
      511, 512, 32, -1,
      32, 512, 513, -1,
      32, 513, 30, -1,
      30, 513, 514, -1,
      30, 514, 507, -1,
      431, 515, 32, -1,
      32, 515, 516, -1,
      32, 516, 517, -1,
      510, 518, 30, -1,
      30, 518, 519, -1,
      30, 519, 447, -1,
      447, 519, 520, -1,
      447, 520, 431, -1,
      431, 520, 521, -1,
      431, 521, 515, -1,
      517, 522, 32, -1,
      32, 522, 523, -1,
      32, 523, 511, -1,
      501, 497, 499, -1,
      499, 497, 462, -1,
      499, 462, 524, -1,
      524, 462, 461, -1,
      524, 461, 503, -1,
      503, 461, 525, -1,
      503, 525, 485, -1,
      485, 525, 526, -1,
      485, 526, 19, -1,
      19, 526, 527, -1,
      19, 527, 26, -1,
      3, 5, 7, -1,
      7, 5, 528, -1,
      7, 528, 461, -1,
      461, 528, 529, -1,
      461, 529, 525, -1,
      525, 529, 530, -1,
      525, 530, 526, -1,
      526, 530, 531, -1,
      526, 531, 527, -1,
      76, 69, 71, -1,
      71, 69, 70, -1,
      71, 70, 77, -1,
      77, 70, 532, -1,
      77, 532, 264, -1,
      264, 532, 274, -1,
      264, 274, 266, -1,
      266, 274, 273, -1,
      531, 533, 527, -1,
      527, 533, 534, -1,
      527, 534, 26, -1,
      26, 534, 535, -1,
      26, 535, 27, -1,
      27, 535, 536, -1,
      27, 536, 32, -1,
      32, 536, 537, -1,
      32, 537, 431, -1,
      431, 537, 538, -1,
      431, 538, 432, -1,
      432, 538, 539, -1,
      432, 539, 61, -1,
      61, 539, 540, -1,
      61, 540, 64, -1,
      64, 540, 68, -1,
      64, 68, 62, -1,
      62, 68, 67, -1,
      541, 542, 543, -1,
      543, 542, 544, -1,
      545, 546, 547, -1,
      547, 546, 548, -1,
      547, 548, 549, -1,
      549, 548, 550, -1,
      549, 550, 551, -1,
      551, 550, 552, -1,
      553, 554, 555, -1,
      555, 554, 556, -1,
      555, 556, 557, -1,
      557, 556, 558, -1,
      557, 558, 559, -1,
      559, 558, 560, -1,
      561, 562, 563, -1,
      563, 562, 564, -1,
      565, 566, 567, -1,
      568, 569, 570, -1,
      570, 569, 571, -1,
      570, 571, 572, -1,
      565, 567, 570, -1,
      570, 567, 573, -1,
      570, 573, 568, -1,
      574, 575, 573, -1,
      573, 575, 576, -1,
      573, 576, 568, -1,
      577, 578, 579, -1,
      579, 578, 580, -1,
      580, 581, 579, -1,
      579, 581, 582, -1,
      579, 582, 583, -1,
      577, 579, 573, -1,
      573, 579, 584, -1,
      573, 584, 574, -1,
      585, 586, 587, -1,
      588, 589, 590, -1,
      590, 589, 591, -1,
      590, 591, 592, -1,
      585, 587, 590, -1,
      590, 587, 593, -1,
      590, 593, 588, -1,
      594, 595, 593, -1,
      593, 595, 596, -1,
      593, 596, 588, -1,
      597, 598, 599, -1,
      599, 598, 600, -1,
      600, 601, 599, -1,
      599, 601, 602, -1,
      599, 602, 603, -1,
      597, 599, 593, -1,
      593, 599, 604, -1,
      593, 604, 594, -1,
      605, 606, 607, -1,
      607, 606, 608, -1,
      552, 609, 551, -1,
      551, 609, 610, -1,
      551, 610, 545, -1,
      545, 610, 546, -1,
      611, 585, 612, -1,
      612, 585, 590, -1,
      560, 613, 559, -1,
      559, 613, 614, -1,
      559, 614, 553, -1,
      553, 614, 554, -1,
      615, 565, 616, -1,
      616, 565, 570, -1,
      617, 618, 619, -1,
      619, 618, 620, -1,
      621, 622, 623, -1,
      623, 622, 624, -1,
      625, 626, 627, -1,
      627, 626, 628, -1,
    ]
  }
}

Shape {
  appearance Appearance {
    material Material {
      diffuseColor 0.6667 0.6667 0.6667
      specularColor 0.4667 0.4667 0.4667
      ambientIntensity 0.2
      transparency 0.0000
      shininess 0.5
    }
  }
  geometry IndexedFaceSet {
    ccw TRUE
    solid FALSE
    coord DEF co Coordinate {
      point [
        0.846457 -0.271654 0.000000,
        0.839568 -0.271654 -0.078740,
        0.839568 0.271654 -0.078740,
        0.846457 0.271654 0.000000,
        -0.846457 0.271654 0.000000,
        -0.839568 0.271654 -0.078740,
        -0.839568 -0.271654 -0.078740,
        -0.846457 -0.271654 0.000000,
        -0.854331 0.271654 0.000000,
        -0.854331 -0.271654 0.000000,
        -0.535433 0.271654 -0.381890,
        -0.854331 0.271654 -0.381890,
        -0.535433 -0.271654 -0.381890,
        -0.854331 -0.271654 -0.381890,
        -0.535433 0.271654 -0.460630,
        -0.535433 -0.271654 -0.460630,
        -0.854331 0.271654 -0.460630,
        -0.854331 -0.271654 -0.460630,
        -0.887957 -0.271654 -0.456203,
        -0.887957 0.271654 -0.456203,
        -0.919291 -0.271654 -0.443224,
        -0.919291 0.271654 -0.443224,
        -0.946199 -0.271654 -0.422577,
        -0.946199 0.271654 -0.422577,
        -0.966846 -0.271654 -0.395669,
        -0.966846 0.271654 -0.395669,
        -0.979825 -0.271654 -0.364335,
        -0.979825 0.271654 -0.364335,
        -0.984252 -0.271654 -0.330709,
        -0.984252 0.271654 -0.330709,
        -0.984252 0.271654 -0.129921,
        -0.984252 -0.271654 -0.129921,
        -0.979825 -0.271654 -0.096295,
        -0.979825 0.271654 -0.096295,
        -0.966846 -0.271654 -0.064961,
        -0.966846 0.271654 -0.064961,
        -0.946199 -0.271654 -0.038053,
        -0.946199 0.271654 -0.038053,
        -0.919291 -0.271654 -0.017406,
        -0.919291 0.271654 -0.017406,
        -0.887957 -0.271654 -0.004427,
        -0.887957 0.271654 -0.004427,
        -0.854331 -0.271654 -0.078740,
        -0.854331 0.271654 -0.078740,
        -0.867578 0.271654 -0.080484,
        -0.867578 -0.271654 -0.080484,
        -0.879921 0.271654 -0.085597,
        -0.879921 -0.271654 -0.085597,
        -0.890521 0.271654 -0.093731,
        -0.890521 -0.271654 -0.093731,
        -0.898655 0.271654 -0.104331,
        -0.898655 -0.271654 -0.104331,
        -0.903768 0.271654 -0.116675,
        -0.903768 -0.271654 -0.116675,
        -0.905512 0.271654 -0.129921,
        -0.905512 -0.271654 -0.129921,
        -0.905512 0.271654 -0.330709,
        -0.905512 -0.271654 -0.330709,
        -0.903768 0.271654 -0.343955,
        -0.903768 -0.271654 -0.343955,
        -0.898655 0.271654 -0.356299,
        -0.898655 -0.271654 -0.356299,
        -0.890521 0.271654 -0.366899,
        -0.890521 -0.271654 -0.366899,
        -0.879921 0.271654 -0.375033,
        -0.879921 -0.271654 -0.375033,
        -0.867578 0.271654 -0.380146,
        -0.867578 -0.271654 -0.380146,
        0.854331 -0.271654 0.000000,
        0.854331 0.271654 0.000000,
        0.854331 0.271654 -0.381890,
        0.535433 0.271654 -0.381890,
        0.854331 -0.271654 -0.381890,
        0.535433 -0.271654 -0.381890,
        0.867578 0.271654 -0.380146,
        0.867578 -0.271654 -0.380146,
        0.879921 0.271654 -0.375033,
        0.879921 -0.271654 -0.375033,
        0.890521 0.271654 -0.366899,
        0.890521 -0.271654 -0.366899,
        0.898655 0.271654 -0.356299,
        0.898655 -0.271654 -0.356299,
        0.903768 0.271654 -0.343955,
        0.903768 -0.271654 -0.343955,
        0.905512 0.271654 -0.330709,
        0.905512 -0.271654 -0.330709,
        0.905512 0.271654 -0.129921,
        0.905512 -0.271654 -0.129921,
        0.903768 0.271654 -0.116675,
        0.903768 -0.271654 -0.116675,
        0.898655 0.271654 -0.104331,
        0.898655 -0.271654 -0.104331,
        0.890521 0.271654 -0.093731,
        0.890521 -0.271654 -0.093731,
        0.879921 0.271654 -0.085597,
        0.879921 -0.271654 -0.085597,
        0.867578 0.271654 -0.080484,
        0.867578 -0.271654 -0.080484,
        0.854331 0.271654 -0.078740,
        0.854331 -0.271654 -0.078740,
        0.887957 -0.271654 -0.004427,
        0.887957 0.271654 -0.004427,
        0.919291 -0.271654 -0.017406,
        0.919291 0.271654 -0.017406,
        0.946199 -0.271654 -0.038053,
        0.946199 0.271654 -0.038053,
        0.966846 -0.271654 -0.064961,
        0.966846 0.271654 -0.064961,
        0.979825 -0.271654 -0.096295,
        0.979825 0.271654 -0.096295,
        0.984252 -0.271654 -0.129921,
        0.984252 0.271654 -0.129921,
        0.984252 0.271654 -0.330709,
        0.984252 -0.271654 -0.330709,
        0.979825 -0.271654 -0.364335,
        0.979825 0.271654 -0.364335,
        0.966846 -0.271654 -0.395669,
        0.966846 0.271654 -0.395669,
        0.946199 -0.271654 -0.422577,
        0.946199 0.271654 -0.422577,
        0.919291 -0.271654 -0.443224,
        0.919291 0.271654 -0.443224,
        0.887957 -0.271654 -0.456203,
        0.887957 0.271654 -0.456203,
        0.854331 -0.271654 -0.460630,
        0.854331 0.271654 -0.460630,
        0.535433 0.271654 -0.460630,
        0.535433 -0.271654 -0.460630,
      ]
    }
    coordIndex [
      8, 9, 4, -1,
      4, 9, 7, -1,
      10, 11, 12, -1,
      12, 11, 13, -1,
      14, 10, 15, -1,
      15, 10, 12, -1,
      16, 14, 17, -1,
      17, 14, 15, -1,
      16, 17, 18, -1,
      16, 18, 19, -1,
      19, 18, 20, -1,
      19, 20, 21, -1,
      21, 20, 22, -1,
      21, 22, 23, -1,
      23, 22, 24, -1,
      23, 24, 25, -1,
      25, 24, 26, -1,
      25, 26, 27, -1,
      27, 26, 28, -1,
      27, 28, 29, -1,
      30, 29, 31, -1,
      31, 29, 28, -1,
      30, 31, 32, -1,
      30, 32, 33, -1,
      33, 32, 34, -1,
      33, 34, 35, -1,
      35, 34, 36, -1,
      35, 36, 37, -1,
      37, 36, 38, -1,
      37, 38, 39, -1,
      39, 38, 40, -1,
      39, 40, 41, -1,
      41, 40, 9, -1,
      41, 9, 8, -1,
      42, 43, 6, -1,
      6, 43, 5, -1,
      43, 42, 44, -1,
      44, 42, 45, -1,
      44, 45, 46, -1,
      46, 45, 47, -1,
      46, 47, 48, -1,
      48, 47, 49, -1,
      48, 49, 50, -1,
      50, 49, 51, -1,
      50, 51, 52, -1,
      52, 51, 53, -1,
      52, 53, 54, -1,
      54, 53, 55, -1,
      56, 54, 57, -1,
      57, 54, 55, -1,
      56, 57, 58, -1,
      58, 57, 59, -1,
      58, 59, 60, -1,
      60, 59, 61, -1,
      60, 61, 62, -1,
      62, 61, 63, -1,
      62, 63, 64, -1,
      64, 63, 65, -1,
      64, 65, 66, -1,
      66, 65, 67, -1,
      66, 67, 11, -1,
      11, 67, 13, -1,
      10, 14, 11, -1,
      11, 14, 16, -1,
      11, 16, 66, -1,
      66, 16, 19, -1,
      66, 19, 64, -1,
      64, 19, 21, -1,
      64, 21, 62, -1,
      62, 21, 23, -1,
      62, 23, 60, -1,
      60, 23, 25, -1,
      60, 25, 58, -1,
      58, 25, 27, -1,
      58, 27, 56, -1,
      56, 27, 29, -1,
      56, 29, 54, -1,
      54, 29, 30, -1,
      54, 30, 52, -1,
      52, 30, 33, -1,
      52, 33, 50, -1,
      50, 33, 35, -1,
      50, 35, 48, -1,
      48, 35, 37, -1,
      48, 37, 46, -1,
      46, 37, 39, -1,
      46, 39, 44, -1,
      44, 39, 41, -1,
      44, 41, 43, -1,
      43, 41, 8, -1,
      43, 8, 5, -1,
      5, 8, 4, -1,
      6, 7, 42, -1,
      42, 7, 9, -1,
      42, 9, 45, -1,
      45, 9, 40, -1,
      45, 40, 47, -1,
      47, 40, 38, -1,
      47, 38, 49, -1,
      49, 38, 36, -1,
      49, 36, 51, -1,
      51, 36, 34, -1,
      51, 34, 53, -1,
      53, 34, 32, -1,
      53, 32, 55, -1,
      55, 32, 31, -1,
      55, 31, 57, -1,
      57, 31, 28, -1,
      57, 28, 59, -1,
      59, 28, 26, -1,
      59, 26, 61, -1,
      61, 26, 24, -1,
      61, 24, 63, -1,
      63, 24, 22, -1,
      63, 22, 65, -1,
      65, 22, 20, -1,
      65, 20, 67, -1,
      67, 20, 18, -1,
      67, 18, 13, -1,
      13, 18, 17, -1,
      13, 17, 12, -1,
      12, 17, 15, -1,
      0, 68, 3, -1,
      3, 68, 69, -1,
      70, 71, 72, -1,
      72, 71, 73, -1,
      70, 72, 74, -1,
      74, 72, 75, -1,
      74, 75, 76, -1,
      76, 75, 77, -1,
      76, 77, 78, -1,
      78, 77, 79, -1,
      78, 79, 80, -1,
      80, 79, 81, -1,
      80, 81, 82, -1,
      82, 81, 83, -1,
      82, 83, 84, -1,
      84, 83, 85, -1,
      86, 84, 87, -1,
      87, 84, 85, -1,
      86, 87, 88, -1,
      88, 87, 89, -1,
      88, 89, 90, -1,
      90, 89, 91, -1,
      90, 91, 92, -1,
      92, 91, 93, -1,
      92, 93, 94, -1,
      94, 93, 95, -1,
      94, 95, 96, -1,
      96, 95, 97, -1,
      96, 97, 98, -1,
      98, 97, 99, -1,
      2, 98, 1, -1,
      1, 98, 99, -1,
      69, 68, 100, -1,
      69, 100, 101, -1,
      101, 100, 102, -1,
      101, 102, 103, -1,
      103, 102, 104, -1,
      103, 104, 105, -1,
      105, 104, 106, -1,
      105, 106, 107, -1,
      107, 106, 108, -1,
      107, 108, 109, -1,
      109, 108, 110, -1,
      109, 110, 111, -1,
      112, 111, 113, -1,
      113, 111, 110, -1,
      112, 113, 114, -1,
      112, 114, 115, -1,
      115, 114, 116, -1,
      115, 116, 117, -1,
      117, 116, 118, -1,
      117, 118, 119, -1,
      119, 118, 120, -1,
      119, 120, 121, -1,
      121, 120, 122, -1,
      121, 122, 123, -1,
      123, 122, 124, -1,
      123, 124, 125, -1,
      126, 125, 127, -1,
      127, 125, 124, -1,
      71, 126, 73, -1,
      73, 126, 127, -1,
      2, 3, 98, -1,
      98, 3, 69, -1,
      98, 69, 96, -1,
      96, 69, 101, -1,
      96, 101, 94, -1,
      94, 101, 103, -1,
      94, 103, 92, -1,
      92, 103, 105, -1,
      92, 105, 90, -1,
      90, 105, 107, -1,
      90, 107, 88, -1,
      88, 107, 109, -1,
      88, 109, 86, -1,
      86, 109, 111, -1,
      86, 111, 84, -1,
      84, 111, 112, -1,
      84, 112, 82, -1,
      82, 112, 115, -1,
      82, 115, 80, -1,
      80, 115, 117, -1,
      80, 117, 78, -1,
      78, 117, 119, -1,
      78, 119, 76, -1,
      76, 119, 121, -1,
      76, 121, 74, -1,
      74, 121, 123, -1,
      74, 123, 70, -1,
      70, 123, 125, -1,
      70, 125, 71, -1,
      71, 125, 126, -1,
      73, 127, 72, -1,
      72, 127, 124, -1,
      72, 124, 75, -1,
      75, 124, 122, -1,
      75, 122, 77, -1,
      77, 122, 120, -1,
      77, 120, 79, -1,
      79, 120, 118, -1,
      79, 118, 81, -1,
      81, 118, 116, -1,
      81, 116, 83, -1,
      83, 116, 114, -1,
      83, 114, 85, -1,
      85, 114, 113, -1,
      85, 113, 87, -1,
      87, 113, 110, -1,
      87, 110, 89, -1,
      89, 110, 108, -1,
      89, 108, 91, -1,
      91, 108, 106, -1,
      91, 106, 93, -1,
      93, 106, 104, -1,
      93, 104, 95, -1,
      95, 104, 102, -1,
      95, 102, 97, -1,
      97, 102, 100, -1,
      97, 100, 99, -1,
      99, 100, 68, -1,
      99, 68, 1, -1,
      1, 68, 0, -1,
    ]
  }
}

Shape {
  appearance Appearance {
    material Material {
      diffuseColor 0.2078 0.2078 0.2078
      specularColor 0.0157 0.0157 0.0157
      ambientIntensity 0.2
      transparency 0.0000
      shininess 0.5
    }
  }
  geometry IndexedFaceSet {
    ccw TRUE
    solid FALSE
    coord DEF co Coordinate {
      point [
        0.792252 -0.457606 0.413386,
        -0.632489 0.457606 0.413386,
        -0.632489 -0.457606 0.413386,
        0.792252 0.457606 0.413386,
        -0.697726 0.457606 0.413386,
        -0.792252 0.457606 0.413386,
        -0.697726 -0.457606 0.413386,
        -0.792252 -0.457606 0.413386,
        0.846457 -0.492201 0.000000,
        0.817029 -0.462773 -0.336361,
        0.817029 0.462773 -0.336361,
        0.846457 0.492201 0.000000,
        -0.846457 0.492201 0.000000,
        -0.817029 0.462773 -0.336361,
        -0.817029 -0.462773 -0.336361,
        -0.846457 -0.492201 0.000000,
        -0.492126 0.462773 -0.354331,
        -0.492126 -0.462773 -0.354331,
        -0.797419 0.462773 -0.354331,
        -0.797419 -0.462773 -0.354331,
        -0.826846 -0.511811 0.000000,
        -0.797419 -0.482383 -0.336361,
        -0.492126 -0.482383 -0.336361,
        0.472497 -0.481924 -0.341604,
        0.481972 -0.482267 -0.337693,
        0.826846 -0.511811 0.000000,
        0.492126 -0.482383 -0.336361,
        0.797419 -0.482383 -0.336361,
        -0.481972 -0.482267 -0.337693,
        0.454107 -0.479833 -0.365506,
        0.458063 -0.480666 -0.355990,
        0.464340 -0.481379 -0.347839,
        -0.472497 -0.481924 -0.341604,
        -0.464340 -0.481379 -0.347839,
        0.452756 -0.477217 -0.395417,
        -0.458063 -0.480666 -0.355990,
        -0.454107 -0.479833 -0.365506,
        -0.452756 -0.478939 -0.375731,
        -0.452756 -0.477217 -0.395417,
        0.452756 -0.478939 -0.375731,
        0.826846 0.511811 -0.000000,
        0.797419 0.482383 -0.336361,
        0.492126 0.482383 -0.336361,
        -0.472497 0.481924 -0.341604,
        -0.481972 0.482267 -0.337693,
        -0.826846 0.511811 0.000000,
        -0.492126 0.482383 -0.336361,
        -0.797419 0.482383 -0.336361,
        0.481972 0.482267 -0.337693,
        -0.454107 0.479833 -0.365506,
        -0.458063 0.480666 -0.355990,
        -0.464340 0.481379 -0.347839,
        0.472497 0.481924 -0.341604,
        0.464340 0.481379 -0.347839,
        -0.452756 0.477217 -0.395417,
        0.458063 0.480666 -0.355990,
        0.454107 0.479833 -0.365506,
        0.452756 0.478939 -0.375731,
        0.452756 0.477217 -0.395417,
        -0.452756 0.478939 -0.375731,
        0.797419 0.462773 -0.354331,
        0.797419 -0.462773 -0.354331,
        0.492126 0.462773 -0.354331,
        0.492126 -0.462773 -0.354331,
        0.811862 0.457606 0.395417,
        0.811862 -0.457606 0.395417,
        0.792252 0.477217 0.395417,
        -0.792252 0.477217 0.395417,
        -0.811862 -0.457606 0.395417,
        -0.811862 0.457606 0.395417,
        -0.792252 -0.477217 0.395417,
        0.792252 -0.477217 0.395417,
        0.452756 0.457606 -0.413386,
        0.452756 -0.457606 -0.413386,
        -0.452756 0.457606 -0.413386,
        -0.452756 -0.457606 -0.413386,
        0.472441 0.459329 -0.374016,
        0.472441 -0.459329 -0.374016,
        0.472441 0.457606 -0.393701,
        0.472441 -0.457606 -0.393701,
        -0.472441 0.457606 -0.393701,
        -0.472441 -0.457606 -0.393701,
        -0.472441 0.459329 -0.374016,
        -0.472441 -0.459329 -0.374016,
        -0.802470 0.481683 -0.336742,
        -0.831931 0.511144 0.000000,
        -0.834362 0.510321 0.000000,
        -0.802484 0.481678 -0.336743,
        -0.836663 0.509189 0.000000,
        -0.807181 0.479707 -0.336981,
        -0.838795 0.507766 0.000000,
        -0.807191 0.479699 -0.336981,
        -0.840722 0.506076 0.000000,
        -0.811233 0.476587 -0.337063,
        -0.842411 0.504149 0.000000,
        -0.814345 0.472545 -0.336981,
        -0.843834 0.502017 0.000000,
        -0.814352 0.472535 -0.336981,
        -0.844967 0.499717 0.000000,
        -0.816323 0.467838 -0.336743,
        -0.845790 0.497286 0.000000,
        -0.816329 0.467825 -0.336742,
        -0.811162 0.462658 0.395797,
        -0.811156 0.462672 0.395798,
        -0.809185 0.467369 0.396036,
        -0.809178 0.467378 0.396037,
        -0.806066 0.471420 0.396118,
        -0.802024 0.474532 0.396037,
        -0.802015 0.474540 0.396036,
        -0.797317 0.476511 0.395798,
        -0.797304 0.476517 0.395797,
        0.816329 0.467825 -0.336742,
        0.845790 0.497286 0.000000,
        0.844967 0.499717 0.000000,
        0.816323 0.467838 -0.336743,
        0.843834 0.502017 0.000000,
        0.814352 0.472535 -0.336981,
        0.842411 0.504149 0.000000,
        0.814345 0.472545 -0.336981,
        0.840722 0.506076 0.000000,
        0.811233 0.476587 -0.337063,
        0.838795 0.507766 0.000000,
        0.807191 0.479699 -0.336981,
        0.836663 0.509189 0.000000,
        0.807181 0.479707 -0.336981,
        0.834362 0.510321 0.000000,
        0.802484 0.481678 -0.336743,
        0.831931 0.511144 0.000000,
        0.802470 0.481683 -0.336742,
        0.797304 0.476517 0.395797,
        0.797317 0.476511 0.395798,
        0.802015 0.474540 0.396036,
        0.802024 0.474532 0.396037,
        0.806066 0.471420 0.396118,
        0.809178 0.467378 0.396037,
        0.809185 0.467369 0.396036,
        0.811156 0.462672 0.395798,
        0.811162 0.462658 0.395797,
        0.811162 -0.462658 0.395797,
        0.845790 -0.497286 -0.000000,
        0.844967 -0.499717 -0.000000,
        0.811156 -0.462672 0.395798,
        0.843834 -0.502017 -0.000000,
        0.809185 -0.467369 0.396036,
        0.842411 -0.504149 -0.000000,
        0.809178 -0.467378 0.396037,
        0.840722 -0.506076 -0.000000,
        0.806066 -0.471420 0.396118,
        0.838795 -0.507766 -0.000000,
        0.802024 -0.474532 0.396037,
        0.836663 -0.509189 -0.000000,
        0.802015 -0.474540 0.396036,
        0.834362 -0.510321 -0.000000,
        0.797317 -0.476511 0.395798,
        0.831931 -0.511144 -0.000000,
        0.797304 -0.476517 0.395797,
        0.802470 -0.481683 -0.336742,
        0.802484 -0.481678 -0.336743,
        0.807181 -0.479707 -0.336981,
        0.807191 -0.479699 -0.336981,
        0.811233 -0.476587 -0.337063,
        0.814345 -0.472545 -0.336981,
        0.814352 -0.472535 -0.336981,
        0.816323 -0.467838 -0.336743,
        0.816329 -0.467825 -0.336742,
        -0.797304 -0.476517 0.395797,
        -0.831931 -0.511144 0.000000,
        -0.834362 -0.510321 0.000000,
        -0.797317 -0.476511 0.395798,
        -0.836663 -0.509189 0.000000,
        -0.802015 -0.474540 0.396036,
        -0.838795 -0.507766 0.000000,
        -0.802024 -0.474532 0.396037,
        -0.840722 -0.506076 0.000000,
        -0.806066 -0.471420 0.396118,
        -0.842411 -0.504149 0.000000,
        -0.809178 -0.467378 0.396037,
        -0.843834 -0.502017 0.000000,
        -0.809185 -0.467369 0.396036,
        -0.844967 -0.499717 0.000000,
        -0.811156 -0.462672 0.395798,
        -0.845790 -0.497286 0.000000,
        -0.811162 -0.462658 0.395797,
        -0.816329 -0.467825 -0.336742,
        -0.816323 -0.467838 -0.336743,
        -0.814352 -0.472535 -0.336981,
        -0.814345 -0.472545 -0.336981,
        -0.811233 -0.476587 -0.337063,
        -0.807191 -0.479699 -0.336981,
        -0.807181 -0.479707 -0.336981,
        -0.802484 -0.481678 -0.336743,
        -0.802470 -0.481683 -0.336742,
        -0.487049 -0.462657 -0.354996,
        -0.487049 0.462657 -0.354996,
        -0.487032 -0.462656 -0.355004,
        -0.487032 0.462656 -0.355004,
        -0.482312 -0.462315 -0.356952,
        -0.482312 0.462315 -0.356952,
        -0.482286 -0.462311 -0.356971,
        -0.482286 0.462311 -0.356971,
        -0.478233 -0.461769 -0.360070,
        -0.478233 0.461769 -0.360070,
        -0.478210 -0.461764 -0.360099,
        -0.478210 0.461764 -0.360099,
        -0.475094 -0.461056 -0.364145,
        -0.475094 0.461056 -0.364145,
        -0.475082 -0.461051 -0.364175,
        -0.475082 0.461051 -0.364175,
        -0.473117 -0.460223 -0.368903,
        -0.473117 0.460223 -0.368903,
        -0.473114 -0.460220 -0.368921,
        -0.473114 0.460220 -0.368921,
        -0.462598 -0.457606 -0.410748,
        -0.462598 0.457606 -0.410748,
        -0.457851 0.457606 -0.412715,
        -0.469804 -0.457606 -0.403543,
        -0.469804 0.457606 -0.403543,
        -0.466675 0.457606 -0.407620,
        -0.471770 0.457606 -0.398796,
        -0.471763 0.457606 -0.398813,
        -0.471763 -0.457606 -0.398813,
        -0.471770 -0.457606 -0.398796,
        -0.466646 0.457606 -0.407643,
        -0.466646 -0.457606 -0.407643,
        -0.466675 -0.457606 -0.407620,
        -0.457832 0.457606 -0.412717,
        -0.457832 -0.457606 -0.412717,
        -0.457851 -0.457606 -0.412715,
        0.471947 -0.457606 -0.398081,
        0.471947 0.457606 -0.398081,
        0.471942 0.457606 -0.398096,
        0.471699 -0.457606 -0.398791,
        0.470491 0.457606 -0.402242,
        0.470491 -0.457606 -0.402242,
        0.470476 0.457606 -0.402267,
        0.469693 -0.457606 -0.403512,
        0.468146 0.457606 -0.405974,
        0.468146 -0.457606 -0.405974,
        0.466562 -0.457606 -0.407559,
        0.465030 0.457606 -0.409091,
        0.465030 -0.457606 -0.409091,
        0.464998 0.457606 -0.409111,
        0.462513 -0.457606 -0.410672,
        0.461297 0.457606 -0.411436,
        0.461297 -0.457606 -0.411436,
        0.457811 -0.457606 -0.412656,
        0.457136 0.457606 -0.412892,
        0.457136 -0.457606 -0.412892,
        0.457120 0.457606 -0.412894,
        0.473114 0.460220 -0.368921,
        0.487049 0.462657 -0.354996,
        0.487049 -0.462657 -0.354996,
        0.487032 0.462656 -0.355004,
        0.487032 -0.462656 -0.355004,
        0.482312 0.462315 -0.356952,
        0.482312 -0.462315 -0.356952,
        0.482286 0.462311 -0.356971,
        0.482286 -0.462311 -0.356971,
        0.478233 0.461769 -0.360070,
        0.478233 -0.461769 -0.360070,
        0.478210 0.461764 -0.360099,
        0.478210 -0.461764 -0.360099,
        0.475094 0.461056 -0.364145,
        0.475094 -0.461056 -0.364145,
        0.475082 0.461051 -0.364175,
        0.475082 -0.461051 -0.364175,
        0.473117 0.460223 -0.368903,
        0.473117 -0.460223 -0.368903,
        0.473114 -0.460220 -0.368921,
        0.813855 0.462773 -0.345454,
        0.810782 0.462773 -0.349100,
        0.810327 0.466232 -0.349100,
        0.806493 0.465204 -0.351944,
        0.802100 0.464028 -0.353725,
        0.801615 0.465196 -0.353725,
        0.799842 0.466970 -0.353725,
        0.800846 0.466200 -0.353725,
        0.798673 0.467454 -0.353725,
        0.802236 0.462773 -0.353728,
        0.815425 0.467598 -0.340970,
        0.813563 0.472094 -0.340970,
        0.810600 0.475954 -0.340970,
        0.806739 0.478917 -0.340970,
        0.802244 0.480779 -0.340970,
        0.797419 0.481414 -0.340970,
        0.797419 0.467591 -0.353728,
        0.810711 0.462773 -0.349150,
        0.806813 0.462773 -0.351944,
        0.806759 0.462773 -0.351966,
        0.802265 0.462773 -0.353725,
        0.805554 0.467470 -0.351944,
        0.804061 0.469416 -0.351944,
        0.802116 0.470909 -0.351944,
        0.799850 0.471847 -0.351944,
        0.797419 0.467619 -0.353725,
        0.797419 0.472113 -0.351966,
        0.797419 0.472167 -0.351944,
        0.797419 0.476066 -0.349150,
        0.808992 0.469455 -0.349100,
        0.806868 0.472222 -0.349100,
        0.804100 0.474346 -0.349100,
        0.800878 0.475681 -0.349100,
        0.815997 0.462773 -0.341101,
        0.813929 0.462773 -0.345365,
        0.813367 0.467046 -0.345365,
        0.811717 0.471028 -0.345365,
        0.809093 0.474448 -0.345365,
        0.805674 0.477072 -0.345365,
        0.801692 0.478721 -0.345365,
        0.816060 0.462773 -0.340970,
        0.797419 0.476137 -0.349100,
        0.797419 0.479209 -0.345454,
        0.797419 0.479283 -0.345365,
        0.797419 0.481351 -0.341101,
        0.816060 -0.462773 -0.340970,
        0.815997 -0.462773 -0.341101,
        0.813929 -0.462773 -0.345365,
        0.813855 -0.462773 -0.345454,
        0.810782 -0.462773 -0.349100,
        0.810711 -0.462773 -0.349150,
        0.806813 -0.462773 -0.351944,
        0.806759 -0.462773 -0.351966,
        0.802265 -0.462773 -0.353725,
        0.802236 -0.462773 -0.353728,
        0.492126 0.467591 -0.353732,
        0.492126 0.472116 -0.351972,
        0.492126 0.476072 -0.349159,
        0.492126 0.479220 -0.345463,
        0.492126 0.481367 -0.341109,
        0.797419 -0.479209 -0.345454,
        0.797419 -0.476137 -0.349100,
        0.800878 -0.475681 -0.349100,
        0.799850 -0.471847 -0.351944,
        0.798673 -0.467454 -0.353725,
        0.799842 -0.466970 -0.353725,
        0.801615 -0.465196 -0.353725,
        0.800846 -0.466200 -0.353725,
        0.802100 -0.464028 -0.353725,
        0.797419 -0.467591 -0.353728,
        0.802244 -0.480779 -0.340970,
        0.806739 -0.478917 -0.340970,
        0.810600 -0.475954 -0.340970,
        0.813563 -0.472094 -0.340970,
        0.815425 -0.467598 -0.340970,
        0.797419 -0.476066 -0.349150,
        0.797419 -0.472167 -0.351944,
        0.797419 -0.472113 -0.351966,
        0.797419 -0.467619 -0.353725,
        0.802116 -0.470909 -0.351944,
        0.804061 -0.469416 -0.351944,
        0.805554 -0.467470 -0.351944,
        0.806493 -0.465204 -0.351944,
        0.804100 -0.474346 -0.349100,
        0.806868 -0.472222 -0.349100,
        0.808992 -0.469455 -0.349100,
        0.810327 -0.466232 -0.349100,
        0.797419 -0.481351 -0.341101,
        0.797419 -0.479283 -0.345365,
        0.801692 -0.478721 -0.345365,
        0.805674 -0.477072 -0.345365,
        0.809093 -0.474448 -0.345365,
        0.811717 -0.471028 -0.345365,
        0.813367 -0.467046 -0.345365,
        0.797419 -0.481414 -0.340970,
        0.474358 0.465998 -0.364151,
        0.477582 0.466658 -0.359844,
        0.483222 0.481261 -0.342286,
        0.484395 0.479120 -0.346493,
        0.485420 0.475974 -0.350058,
        0.486235 0.472014 -0.352764,
        0.486789 0.467483 -0.354444,
        0.481825 0.467165 -0.356530,
        0.474924 0.480952 -0.345739,
        0.477202 0.478829 -0.349513,
        0.479189 0.475685 -0.352692,
        0.480762 0.471715 -0.355080,
        0.467804 0.480460 -0.351236,
        0.471050 0.478365 -0.354311,
        0.473874 0.475226 -0.356872,
        0.476098 0.471240 -0.358755,
        0.462355 0.479818 -0.358404,
        0.466371 0.477762 -0.360551,
        0.469851 0.474629 -0.362294,
        0.472572 0.470622 -0.363520,
        0.458959 0.479071 -0.366744,
        0.463490 0.477061 -0.367787,
        0.467399 0.473935 -0.368565,
        0.470429 0.469902 -0.369027,
        0.472378 0.465229 -0.369142,
        0.471770 0.464404 -0.374460,
        0.457851 0.478270 -0.375673,
        0.462598 0.476311 -0.375502,
        0.466675 0.473195 -0.375229,
        0.469804 0.469134 -0.374874,
        0.492126 -0.472116 -0.351972,
        0.492126 -0.467591 -0.353732,
        0.492126 -0.476072 -0.349159,
        0.492126 -0.479220 -0.345463,
        0.492126 -0.481367 -0.341109,
        0.457162 0.476719 -0.395373,
        0.457828 0.476485 -0.395352,
        0.461344 0.475252 -0.395244,
        0.462540 0.474498 -0.395179,
        0.465091 0.472889 -0.395038,
        0.466587 0.471385 -0.394906,
        0.468212 0.469750 -0.394763,
        0.469706 0.467351 -0.394553,
        0.470549 0.465996 -0.394435,
        0.471694 0.462656 -0.394143,
        0.471982 0.461815 -0.394069,
        0.486789 -0.467483 -0.354444,
        0.481825 -0.467165 -0.356530,
        0.477582 -0.466658 -0.359844,
        0.474358 -0.465998 -0.364151,
        0.472378 -0.465229 -0.369142,
        0.458959 -0.479071 -0.366744,
        0.457851 -0.478270 -0.375673,
        0.463490 -0.477061 -0.367787,
        0.462598 -0.476311 -0.375502,
        0.467399 -0.473935 -0.368565,
        0.466675 -0.473195 -0.375229,
        0.470429 -0.469902 -0.369027,
        0.469804 -0.469134 -0.374874,
        0.471770 -0.464404 -0.374460,
        0.462355 -0.479818 -0.358404,
        0.466371 -0.477762 -0.360551,
        0.469851 -0.474629 -0.362294,
        0.472572 -0.470622 -0.363520,
        0.467804 -0.480460 -0.351236,
        0.471050 -0.478365 -0.354311,
        0.473874 -0.475226 -0.356872,
        0.476098 -0.471240 -0.358755,
        0.474924 -0.480952 -0.345739,
        0.477202 -0.478829 -0.349513,
        0.479189 -0.475685 -0.352692,
        0.480762 -0.471715 -0.355080,
        0.483222 -0.481261 -0.342286,
        0.484395 -0.479120 -0.346493,
        0.485420 -0.475974 -0.350058,
        0.486235 -0.472014 -0.352764,
        0.452756 0.466896 -0.410922,
        0.452756 0.468403 -0.410161,
        0.456195 0.468437 -0.409775,
        0.452756 0.470840 -0.408135,
        0.452756 0.471814 -0.407326,
        0.455501 0.471841 -0.407018,
        0.454667 0.474522 -0.403586,
        0.453736 0.476344 -0.399652,
        0.454668 0.476373 -0.399328,
        0.456726 0.476552 -0.397278,
        0.456201 0.476480 -0.398110,
        0.457052 0.476633 -0.396350,
        0.457034 0.460182 -0.412742,
        0.461098 0.460306 -0.411325,
        0.464743 0.460506 -0.409044,
        0.467788 0.460771 -0.406011,
        0.470078 0.461089 -0.402379,
        0.471500 0.461443 -0.398331,
        0.452756 0.473992 -0.404471,
        0.452756 0.474503 -0.403801,
        0.452756 0.476161 -0.400146,
        0.452756 0.476335 -0.399762,
        0.458111 0.474666 -0.401934,
        0.459471 0.474785 -0.400579,
        0.460494 0.474927 -0.398957,
        0.461129 0.475085 -0.397148,
        0.456482 0.474577 -0.402953,
        0.455503 0.476419 -0.398805,
        0.458108 0.471920 -0.406109,
        0.460447 0.472048 -0.404645,
        0.462400 0.472219 -0.402700,
        0.463870 0.472422 -0.400370,
        0.464782 0.472650 -0.397772,
        0.459462 0.468537 -0.408636,
        0.462393 0.468697 -0.406802,
        0.464840 0.468911 -0.404363,
        0.466681 0.469166 -0.401444,
        0.467825 0.469451 -0.398189,
        0.452756 0.462394 -0.412666,
        0.452756 0.464445 -0.412160,
        0.456715 0.464484 -0.411715,
        0.460476 0.464599 -0.410404,
        0.463850 0.464783 -0.408293,
        0.466667 0.465029 -0.405486,
        0.468787 0.465323 -0.402125,
        0.470102 0.465651 -0.398379,
        0.452756 0.460140 -0.413222,
        0.457162 -0.476719 -0.395373,
        0.457828 -0.476485 -0.395352,
        0.461344 -0.475252 -0.395244,
        0.462540 -0.474498 -0.395179,
        0.465091 -0.472889 -0.395038,
        0.466587 -0.471385 -0.394906,
        0.468212 -0.469750 -0.394763,
        0.469706 -0.467351 -0.394553,
        0.470549 -0.465996 -0.394435,
        0.471982 -0.461815 -0.394069,
        0.471694 -0.462656 -0.394143,
        -0.452756 0.460140 -0.413222,
        -0.452756 0.462394 -0.412666,
        -0.452756 0.464445 -0.412160,
        -0.452756 0.466896 -0.410922,
        -0.452756 0.468403 -0.410161,
        -0.452756 0.470840 -0.408135,
        -0.452756 0.471814 -0.407326,
        -0.452756 0.473992 -0.404471,
        -0.452756 0.474503 -0.403801,
        -0.452756 0.476161 -0.400146,
        -0.452756 0.476335 -0.399762,
        0.461052 -0.475058 -0.397459,
        0.457012 -0.476620 -0.396509,
        0.456572 -0.476527 -0.397568,
        0.466351 -0.460631 -0.407612,
        0.471327 -0.461382 -0.399026,
        0.469406 -0.460978 -0.403646,
        0.462369 -0.460364 -0.410656,
        0.457732 -0.460197 -0.412570,
        0.452756 -0.460140 -0.413222,
        0.452756 -0.476335 -0.399762,
        0.453896 -0.476348 -0.399613,
        0.452756 -0.476161 -0.400146,
        0.454959 -0.476386 -0.399174,
        0.460194 -0.474877 -0.399522,
        0.455872 -0.476447 -0.398477,
        0.458829 -0.474722 -0.401294,
        0.457050 -0.474603 -0.402654,
        0.454979 -0.474528 -0.403509,
        0.464671 -0.472611 -0.398218,
        0.463439 -0.472351 -0.401182,
        0.461478 -0.472128 -0.403727,
        0.458924 -0.471957 -0.405680,
        0.455948 -0.471850 -0.406907,
        0.467685 -0.469402 -0.398748,
        0.452756 -0.474503 -0.403801,
        0.452756 -0.473992 -0.404471,
        0.452756 -0.471814 -0.407326,
        0.452756 -0.470840 -0.408135,
        0.466141 -0.469077 -0.402462,
        0.463685 -0.468798 -0.405651,
        0.460484 -0.468584 -0.408098,
        0.456756 -0.468449 -0.409636,
        0.469943 -0.465594 -0.399022,
        0.468165 -0.465220 -0.403297,
        0.465337 -0.464899 -0.406968,
        0.461652 -0.464653 -0.409785,
        0.457361 -0.464498 -0.411556,
        0.452756 -0.468403 -0.410161,
        0.452756 -0.466896 -0.410922,
        0.452756 -0.464445 -0.412160,
        0.452756 -0.462394 -0.412666,
        -0.461052 0.475058 -0.397459,
        -0.457012 0.476620 -0.396509,
        -0.456572 0.476527 -0.397568,
        -0.457162 0.476719 -0.395373,
        -0.471327 0.461382 -0.399026,
        -0.469406 0.460978 -0.403646,
        -0.466351 0.460631 -0.407612,
        -0.462369 0.460364 -0.410656,
        -0.457732 0.460197 -0.412570,
        -0.453896 0.476348 -0.399613,
        -0.454959 0.476386 -0.399174,
        -0.460194 0.474877 -0.399522,
        -0.455872 0.476447 -0.398477,
        -0.458829 0.474722 -0.401294,
        -0.457050 0.474603 -0.402654,
        -0.454979 0.474528 -0.403509,
        -0.465091 0.472889 -0.395038,
        -0.462540 0.474498 -0.395179,
        -0.461344 0.475252 -0.395244,
        -0.457828 0.476485 -0.395352,
        -0.464671 0.472611 -0.398218,
        -0.463439 0.472351 -0.401182,
        -0.461478 0.472128 -0.403727,
        -0.458924 0.471957 -0.405680,
        -0.455948 0.471850 -0.406907,
        -0.469706 0.467351 -0.394553,
        -0.468212 0.469750 -0.394763,
        -0.467685 0.469402 -0.398748,
        -0.466587 0.471385 -0.394906,
        -0.466141 0.469077 -0.402462,
        -0.463685 0.468798 -0.405651,
        -0.460484 0.468584 -0.408098,
        -0.456756 0.468449 -0.409636,
        -0.471694 0.462656 -0.394143,
        -0.470549 0.465996 -0.394435,
        -0.469943 0.465594 -0.399022,
        -0.468165 0.465220 -0.403297,
        -0.465337 0.464899 -0.406968,
        -0.461652 0.464653 -0.409785,
        -0.457361 0.464498 -0.411556,
        -0.471982 0.461815 -0.394069,
        -0.452756 -0.476335 -0.399762,
        -0.452756 -0.476161 -0.400146,
        -0.452756 -0.474503 -0.403801,
        -0.452756 -0.473992 -0.404471,
        -0.452756 -0.471814 -0.407326,
        -0.452756 -0.470840 -0.408135,
        -0.452756 -0.468403 -0.410161,
        -0.452756 -0.466896 -0.410922,
        -0.452756 -0.464445 -0.412160,
        -0.452756 -0.462394 -0.412666,
        -0.452756 -0.460140 -0.413222,
        -0.457851 0.478270 -0.375673,
        -0.462598 0.476311 -0.375502,
        -0.466675 0.473195 -0.375229,
        -0.469804 0.469134 -0.374874,
        -0.471770 0.464404 -0.374460,
        -0.454979 -0.474528 -0.403509,
        -0.453896 -0.476348 -0.399613,
        -0.454959 -0.476386 -0.399174,
        -0.457732 -0.460197 -0.412570,
        -0.462369 -0.460364 -0.410656,
        -0.466351 -0.460631 -0.407612,
        -0.469406 -0.460978 -0.403646,
        -0.471327 -0.461382 -0.399026,
        -0.471982 -0.461815 -0.394069,
        -0.457162 -0.476719 -0.395373,
        -0.457012 -0.476620 -0.396509,
        -0.457828 -0.476485 -0.395352,
        -0.456572 -0.476527 -0.397568,
        -0.457050 -0.474603 -0.402654,
        -0.455872 -0.476447 -0.398477,
        -0.458829 -0.474722 -0.401294,
        -0.460194 -0.474877 -0.399522,
        -0.461052 -0.475058 -0.397459,
        -0.455948 -0.471850 -0.406907,
        -0.458924 -0.471957 -0.405680,
        -0.461478 -0.472128 -0.403727,
        -0.463439 -0.472351 -0.401182,
        -0.464671 -0.472611 -0.398218,
        -0.456756 -0.468449 -0.409636,
        -0.461344 -0.475252 -0.395244,
        -0.462540 -0.474498 -0.395179,
        -0.465091 -0.472889 -0.395038,
        -0.466587 -0.471385 -0.394906,
        -0.467685 -0.469402 -0.398748,
        -0.466141 -0.469077 -0.402462,
        -0.463685 -0.468798 -0.405651,
        -0.460484 -0.468584 -0.408098,
        -0.457361 -0.464498 -0.411556,
        -0.461652 -0.464653 -0.409785,
        -0.465337 -0.464899 -0.406968,
        -0.468165 -0.465220 -0.403297,
        -0.469943 -0.465594 -0.399022,
        -0.468212 -0.469750 -0.394763,
        -0.469706 -0.467351 -0.394553,
        -0.470549 -0.465996 -0.394435,
        -0.471694 -0.462656 -0.394143,
        -0.486789 0.467483 -0.354444,
        -0.481825 0.467165 -0.356530,
        -0.477582 0.466658 -0.359844,
        -0.474358 0.465998 -0.364151,
        -0.472378 0.465229 -0.369142,
        -0.458959 0.479071 -0.366744,
        -0.463490 0.477061 -0.367787,
        -0.467399 0.473935 -0.368565,
        -0.470429 0.469902 -0.369027,
        -0.462355 0.479818 -0.358404,
        -0.466371 0.477762 -0.360551,
        -0.469851 0.474629 -0.362294,
        -0.472572 0.470622 -0.363520,
        -0.467804 0.480460 -0.351236,
        -0.471050 0.478365 -0.354311,
        -0.473874 0.475226 -0.356872,
        -0.476098 0.471240 -0.358755,
        -0.474924 0.480952 -0.345739,
        -0.477202 0.478829 -0.349513,
        -0.479189 0.475685 -0.352692,
        -0.480762 0.471715 -0.355080,
        -0.483222 0.481261 -0.342286,
        -0.484395 0.479120 -0.346493,
        -0.485420 0.475974 -0.350058,
        -0.486235 0.472014 -0.352764,
        -0.492126 0.481367 -0.341109,
        -0.492126 0.479220 -0.345463,
        -0.492126 0.476072 -0.349159,
        -0.492126 0.472116 -0.351972,
        -0.492126 0.467591 -0.353732,
        -0.457851 -0.478270 -0.375673,
        -0.462598 -0.476311 -0.375502,
        -0.466675 -0.473195 -0.375229,
        -0.469804 -0.469134 -0.374874,
        -0.471770 -0.464404 -0.374460,
        -0.797419 0.467591 -0.353728,
        -0.797419 0.467619 -0.353725,
        -0.797419 0.472113 -0.351966,
        -0.797419 0.472167 -0.351944,
        -0.797419 0.476066 -0.349150,
        -0.797419 0.476137 -0.349100,
        -0.797419 0.479209 -0.345454,
        -0.797419 0.479283 -0.345365,
        -0.797419 0.481351 -0.341101,
        -0.797419 0.481414 -0.340970,
        -0.474358 -0.465998 -0.364151,
        -0.477582 -0.466658 -0.359844,
        -0.483222 -0.481261 -0.342286,
        -0.492126 -0.481367 -0.341109,
        -0.484395 -0.479120 -0.346493,
        -0.492126 -0.479220 -0.345463,
        -0.485420 -0.475974 -0.350058,
        -0.492126 -0.476072 -0.349159,
        -0.486235 -0.472014 -0.352764,
        -0.492126 -0.472116 -0.351972,
        -0.486789 -0.467483 -0.354444,
        -0.492126 -0.467591 -0.353732,
        -0.481825 -0.467165 -0.356530,
        -0.474924 -0.480952 -0.345739,
        -0.477202 -0.478829 -0.349513,
        -0.479189 -0.475685 -0.352692,
        -0.480762 -0.471715 -0.355080,
        -0.467804 -0.480460 -0.351236,
        -0.471050 -0.478365 -0.354311,
        -0.473874 -0.475226 -0.356872,
        -0.476098 -0.471240 -0.358755,
        -0.462355 -0.479818 -0.358404,
        -0.466371 -0.477762 -0.360551,
        -0.469851 -0.474629 -0.362294,
        -0.472572 -0.470622 -0.363520,
        -0.458959 -0.479071 -0.366744,
        -0.463490 -0.477061 -0.367787,
        -0.467399 -0.473935 -0.368565,
        -0.470429 -0.469902 -0.369027,
        -0.472378 -0.465229 -0.369142,
        -0.800878 0.475681 -0.349100,
        -0.799850 0.471847 -0.351944,
        -0.798673 0.467454 -0.353725,
        -0.799842 0.466970 -0.353725,
        -0.801615 0.465196 -0.353725,
        -0.800846 0.466200 -0.353725,
        -0.802100 0.464028 -0.353725,
        -0.802244 0.480779 -0.340970,
        -0.806739 0.478917 -0.340970,
        -0.810600 0.475954 -0.340970,
        -0.813563 0.472094 -0.340970,
        -0.815425 0.467598 -0.340970,
        -0.816060 0.462773 -0.340970,
        -0.802236 0.462773 -0.353728,
        -0.802116 0.470909 -0.351944,
        -0.804061 0.469416 -0.351944,
        -0.805554 0.467470 -0.351944,
        -0.806493 0.465204 -0.351944,
        -0.802265 0.462773 -0.353725,
        -0.806759 0.462773 -0.351966,
        -0.806813 0.462773 -0.351944,
        -0.810711 0.462773 -0.349150,
        -0.804100 0.474346 -0.349100,
        -0.806868 0.472222 -0.349100,
        -0.808992 0.469455 -0.349100,
        -0.810327 0.466232 -0.349100,
        -0.801692 0.478721 -0.345365,
        -0.805674 0.477072 -0.345365,
        -0.809093 0.474448 -0.345365,
        -0.811717 0.471028 -0.345365,
        -0.813367 0.467046 -0.345365,
        -0.810782 0.462773 -0.349100,
        -0.813855 0.462773 -0.345454,
        -0.813929 0.462773 -0.345365,
        -0.815997 0.462773 -0.341101,
        -0.797419 -0.467591 -0.353728,
        -0.797419 -0.467619 -0.353725,
        -0.797419 -0.472113 -0.351966,
        -0.797419 -0.472167 -0.351944,
        -0.797419 -0.476066 -0.349150,
        -0.797419 -0.476137 -0.349100,
        -0.797419 -0.479209 -0.345454,
        -0.797419 -0.479283 -0.345365,
        -0.797419 -0.481351 -0.341101,
        -0.797419 -0.481414 -0.340970,
        -0.802236 -0.462773 -0.353728,
        -0.816060 -0.462773 -0.340970,
        -0.815997 -0.462773 -0.341101,
        -0.813929 -0.462773 -0.345365,
        -0.813855 -0.462773 -0.345454,
        -0.810782 -0.462773 -0.349100,
        -0.810711 -0.462773 -0.349150,
        -0.806813 -0.462773 -0.351944,
        -0.806759 -0.462773 -0.351966,
        -0.802265 -0.462773 -0.353725,
        -0.810327 -0.466232 -0.349100,
        -0.806493 -0.465204 -0.351944,
        -0.802100 -0.464028 -0.353725,
        -0.801615 -0.465196 -0.353725,
        -0.799842 -0.466970 -0.353725,
        -0.800846 -0.466200 -0.353725,
        -0.798673 -0.467454 -0.353725,
        -0.815425 -0.467598 -0.340970,
        -0.813563 -0.472094 -0.340970,
        -0.810600 -0.475954 -0.340970,
        -0.806739 -0.478917 -0.340970,
        -0.802244 -0.480779 -0.340970,
        -0.805554 -0.467470 -0.351944,
        -0.804061 -0.469416 -0.351944,
        -0.802116 -0.470909 -0.351944,
        -0.799850 -0.471847 -0.351944,
        -0.808992 -0.469455 -0.349100,
        -0.806868 -0.472222 -0.349100,
        -0.804100 -0.474346 -0.349100,
        -0.800878 -0.475681 -0.349100,
        -0.813367 -0.467046 -0.345365,
        -0.811717 -0.471028 -0.345365,
        -0.809093 -0.474448 -0.345365,
        -0.805674 -0.477072 -0.345365,
        -0.801692 -0.478721 -0.345365,
        -0.792252 -0.462424 0.412783,
        -0.793506 -0.462287 0.412780,
        -0.801592 -0.457606 0.411021,
        -0.801646 -0.457606 0.411000,
        -0.801326 -0.460038 0.411000,
        -0.805545 -0.457606 0.408206,
        -0.805615 -0.457606 0.408155,
        -0.805160 -0.461065 0.408155,
        -0.808200 -0.461880 0.404420,
        -0.810258 -0.462431 0.400026,
        -0.808396 -0.466927 0.400026,
        -0.792252 -0.476248 0.400026,
        -0.797077 -0.475613 0.400026,
        -0.810893 -0.457606 0.400026,
        -0.810830 -0.457606 0.400156,
        -0.808763 -0.457606 0.404420,
        -0.808688 -0.457606 0.404509,
        -0.792252 -0.476185 0.400156,
        -0.796526 -0.473554 0.404420,
        -0.806551 -0.465862 0.404420,
        -0.805433 -0.470788 0.400026,
        -0.792252 -0.474117 0.404420,
        -0.792252 -0.474042 0.404509,
        -0.795711 -0.470515 0.408155,
        -0.803825 -0.464288 0.408155,
        -0.803927 -0.469281 0.404420,
        -0.792252 -0.470970 0.408155,
        -0.792252 -0.470899 0.408206,
        -0.794683 -0.466680 0.411000,
        -0.801702 -0.467056 0.408155,
        -0.800387 -0.462304 0.411000,
        -0.796933 -0.458861 0.412780,
        -0.801573 -0.473750 0.400026,
        -0.800507 -0.471905 0.404420,
        -0.798934 -0.469180 0.408155,
        -0.796949 -0.465742 0.411000,
        -0.794675 -0.461803 0.412780,
        -0.797069 -0.457606 0.412783,
        -0.797098 -0.457606 0.412780,
        -0.798894 -0.464249 0.411000,
        -0.796449 -0.460030 0.412780,
        -0.795679 -0.461033 0.412780,
        -0.792252 -0.467000 0.411000,
        -0.792252 -0.466946 0.411021,
        -0.792252 -0.462452 0.412780,
        -0.632489 -0.469417 0.409449,
        -0.697726 -0.469417 0.409449,
        0.792252 -0.462452 0.412780,
        -0.632489 -0.462424 0.412787,
        -0.632489 -0.466949 0.411028,
        0.792252 -0.462424 0.412783,
        -0.697726 -0.466949 0.411028,
        -0.697726 -0.462424 0.412787,
        0.792252 -0.476248 0.400026,
        0.792252 -0.476185 0.400156,
        0.792252 -0.474117 0.404420,
        0.792252 -0.474042 0.404509,
        0.792252 -0.470970 0.408155,
        0.792252 -0.470899 0.408206,
        0.792252 -0.467000 0.411000,
        0.792252 -0.466946 0.411021,
        -0.797069 0.457606 0.412783,
        -0.810893 0.457606 0.400026,
        -0.810830 0.457606 0.400156,
        -0.808763 0.457606 0.404420,
        -0.808688 0.457606 0.404509,
        -0.805615 0.457606 0.408155,
        -0.805545 0.457606 0.408206,
        -0.801646 0.457606 0.411000,
        -0.801592 0.457606 0.411021,
        -0.797098 0.457606 0.412780,
        0.797069 -0.457606 0.412783,
        0.796933 -0.458861 0.412780,
        0.794683 -0.466680 0.411000,
        0.795711 -0.470515 0.408155,
        0.796526 -0.473554 0.404420,
        0.797077 -0.475613 0.400026,
        0.801573 -0.473750 0.400026,
        0.810893 -0.457606 0.400026,
        0.810258 -0.462431 0.400026,
        0.810830 -0.457606 0.400156,
        0.808200 -0.461880 0.404420,
        0.800507 -0.471905 0.404420,
        0.805433 -0.470788 0.400026,
        0.808763 -0.457606 0.404420,
        0.808688 -0.457606 0.404509,
        0.805160 -0.461065 0.408155,
        0.798934 -0.469180 0.408155,
        0.803927 -0.469281 0.404420,
        0.805615 -0.457606 0.408155,
        0.805545 -0.457606 0.408206,
        0.801326 -0.460038 0.411000,
        0.801702 -0.467056 0.408155,
        0.796949 -0.465742 0.411000,
        0.793506 -0.462287 0.412780,
        0.808396 -0.466927 0.400026,
        0.806551 -0.465862 0.404420,
        0.803825 -0.464288 0.408155,
        0.800387 -0.462304 0.411000,
        0.796449 -0.460030 0.412780,
        0.798894 -0.464249 0.411000,
        0.794675 -0.461803 0.412780,
        0.795679 -0.461033 0.412780,
        0.801646 -0.457606 0.411000,
        0.801592 -0.457606 0.411021,
        0.797098 -0.457606 0.412780,
        -0.796933 0.458861 0.412780,
        -0.792252 0.466946 0.411021,
        -0.792252 0.467000 0.411000,
        -0.794683 0.466680 0.411000,
        -0.792252 0.470899 0.408206,
        -0.792252 0.470970 0.408155,
        -0.795711 0.470515 0.408155,
        -0.796526 0.473554 0.404420,
        -0.797077 0.475613 0.400026,
        -0.801573 0.473750 0.400026,
        -0.810258 0.462431 0.400026,
        -0.792252 0.476248 0.400026,
        -0.792252 0.476185 0.400156,
        -0.792252 0.474117 0.404420,
        -0.792252 0.474042 0.404509,
        -0.808200 0.461880 0.404420,
        -0.800507 0.471905 0.404420,
        -0.805433 0.470788 0.400026,
        -0.805160 0.461065 0.408155,
        -0.798934 0.469180 0.408155,
        -0.803927 0.469281 0.404420,
        -0.801326 0.460038 0.411000,
        -0.801702 0.467056 0.408155,
        -0.796949 0.465742 0.411000,
        -0.793506 0.462287 0.412780,
        -0.808396 0.466927 0.400026,
        -0.806551 0.465862 0.404420,
        -0.803825 0.464288 0.408155,
        -0.800387 0.462304 0.411000,
        -0.796449 0.460030 0.412780,
        -0.792252 0.462424 0.412783,
        -0.792252 0.462452 0.412780,
        -0.798894 0.464249 0.411000,
        -0.794675 0.461803 0.412780,
        -0.795679 0.461033 0.412780,
        0.810893 0.457606 0.400026,
        0.810830 0.457606 0.400156,
        0.808763 0.457606 0.404420,
        0.808688 0.457606 0.404509,
        0.805615 0.457606 0.408155,
        0.805545 0.457606 0.408206,
        0.801646 0.457606 0.411000,
        0.801592 0.457606 0.411021,
        0.797098 0.457606 0.412780,
        0.797069 0.457606 0.412783,
        -0.697726 0.462424 0.412787,
        -0.632489 0.466949 0.411028,
        -0.632489 0.462424 0.412787,
        0.792252 0.462424 0.412783,
        -0.632489 0.469417 0.409449,
        -0.697726 0.469417 0.409449,
        -0.697726 0.466949 0.411028,
        0.792252 0.476248 0.400026,
        0.792252 0.476185 0.400156,
        0.792252 0.474117 0.404420,
        0.792252 0.474042 0.404509,
        0.792252 0.470970 0.408155,
        0.792252 0.470899 0.408206,
        0.792252 0.467000 0.411000,
        0.792252 0.466946 0.411021,
        0.792252 0.462452 0.412780,
        0.793506 0.462287 0.412780,
        0.801326 0.460038 0.411000,
        0.805160 0.461065 0.408155,
        0.808200 0.461880 0.404420,
        0.810258 0.462431 0.400026,
        0.808396 0.466927 0.400026,
        0.797077 0.475613 0.400026,
        0.796526 0.473554 0.404420,
        0.806551 0.465862 0.404420,
        0.805433 0.470788 0.400026,
        0.795711 0.470515 0.408155,
        0.803825 0.464288 0.408155,
        0.803927 0.469281 0.404420,
        0.794683 0.466680 0.411000,
        0.801702 0.467056 0.408155,
        0.800387 0.462304 0.411000,
        0.796933 0.458861 0.412780,
        0.801573 0.473750 0.400026,
        0.800507 0.471905 0.404420,
        0.798934 0.469180 0.408155,
        0.796949 0.465742 0.411000,
        0.794675 0.461803 0.412780,
        0.798894 0.464249 0.411000,
        0.796449 0.460030 0.412780,
        0.795679 0.461033 0.412780,
      ]
    }
    coordIndex [
      47, 84, 45, -1,
      45, 84, 85, -1,
      85, 84, 86, -1,
      86, 84, 87, -1,
      86, 87, 88, -1,
      88, 87, 89, -1,
      88, 89, 90, -1,
      90, 89, 91, -1,
      90, 91, 92, -1,
      92, 91, 93, -1,
      92, 93, 94, -1,
      94, 93, 95, -1,
      94, 95, 96, -1,
      96, 95, 97, -1,
      96, 97, 98, -1,
      98, 97, 99, -1,
      98, 99, 100, -1,
      99, 101, 100, -1,
      100, 101, 13, -1,
      100, 13, 12, -1,
      69, 102, 12, -1,
      12, 102, 100, -1,
      100, 102, 98, -1,
      98, 102, 103, -1,
      98, 103, 96, -1,
      96, 103, 104, -1,
      96, 104, 94, -1,
      94, 104, 105, -1,
      94, 105, 92, -1,
      92, 105, 106, -1,
      92, 106, 90, -1,
      90, 106, 107, -1,
      90, 107, 88, -1,
      88, 107, 108, -1,
      88, 108, 86, -1,
      86, 108, 109, -1,
      86, 109, 85, -1,
      109, 110, 85, -1,
      85, 110, 67, -1,
      85, 67, 45, -1,
      10, 111, 11, -1,
      11, 111, 112, -1,
      112, 111, 113, -1,
      113, 111, 114, -1,
      113, 114, 115, -1,
      115, 114, 116, -1,
      115, 116, 117, -1,
      117, 116, 118, -1,
      117, 118, 119, -1,
      119, 118, 120, -1,
      119, 120, 121, -1,
      121, 120, 122, -1,
      121, 122, 123, -1,
      123, 122, 124, -1,
      123, 124, 125, -1,
      125, 124, 126, -1,
      125, 126, 127, -1,
      126, 128, 127, -1,
      127, 128, 41, -1,
      127, 41, 40, -1,
      66, 129, 40, -1,
      40, 129, 127, -1,
      127, 129, 125, -1,
      125, 129, 130, -1,
      125, 130, 123, -1,
      123, 130, 131, -1,
      123, 131, 121, -1,
      121, 131, 132, -1,
      121, 132, 119, -1,
      119, 132, 133, -1,
      119, 133, 117, -1,
      117, 133, 134, -1,
      117, 134, 115, -1,
      115, 134, 135, -1,
      115, 135, 113, -1,
      113, 135, 136, -1,
      113, 136, 112, -1,
      136, 137, 112, -1,
      112, 137, 64, -1,
      112, 64, 11, -1,
      65, 138, 8, -1,
      8, 138, 139, -1,
      139, 138, 140, -1,
      140, 138, 141, -1,
      140, 141, 142, -1,
      142, 141, 143, -1,
      142, 143, 144, -1,
      144, 143, 145, -1,
      144, 145, 146, -1,
      146, 145, 147, -1,
      146, 147, 148, -1,
      148, 147, 149, -1,
      148, 149, 150, -1,
      150, 149, 151, -1,
      150, 151, 152, -1,
      152, 151, 153, -1,
      152, 153, 154, -1,
      153, 155, 154, -1,
      154, 155, 71, -1,
      154, 71, 25, -1,
      27, 156, 25, -1,
      25, 156, 154, -1,
      154, 156, 152, -1,
      152, 156, 157, -1,
      152, 157, 150, -1,
      150, 157, 158, -1,
      150, 158, 148, -1,
      148, 158, 159, -1,
      148, 159, 146, -1,
      146, 159, 160, -1,
      146, 160, 144, -1,
      144, 160, 161, -1,
      144, 161, 142, -1,
      142, 161, 162, -1,
      142, 162, 140, -1,
      140, 162, 163, -1,
      140, 163, 139, -1,
      163, 164, 139, -1,
      139, 164, 9, -1,
      139, 9, 8, -1,
      70, 165, 20, -1,
      20, 165, 166, -1,
      166, 165, 167, -1,
      167, 165, 168, -1,
      167, 168, 169, -1,
      169, 168, 170, -1,
      169, 170, 171, -1,
      171, 170, 172, -1,
      171, 172, 173, -1,
      173, 172, 174, -1,
      173, 174, 175, -1,
      175, 174, 176, -1,
      175, 176, 177, -1,
      177, 176, 178, -1,
      177, 178, 179, -1,
      179, 178, 180, -1,
      179, 180, 181, -1,
      180, 182, 181, -1,
      181, 182, 68, -1,
      181, 68, 15, -1,
      14, 183, 15, -1,
      15, 183, 181, -1,
      181, 183, 179, -1,
      179, 183, 184, -1,
      179, 184, 177, -1,
      177, 184, 185, -1,
      177, 185, 175, -1,
      175, 185, 186, -1,
      175, 186, 173, -1,
      173, 186, 187, -1,
      173, 187, 171, -1,
      171, 187, 188, -1,
      171, 188, 169, -1,
      169, 188, 189, -1,
      169, 189, 167, -1,
      167, 189, 190, -1,
      167, 190, 166, -1,
      190, 191, 166, -1,
      166, 191, 21, -1,
      166, 21, 20, -1,
      17, 16, 192, -1,
      192, 16, 193, -1,
      192, 193, 194, -1,
      194, 193, 195, -1,
      194, 195, 196, -1,
      196, 195, 197, -1,
      196, 197, 198, -1,
      198, 197, 199, -1,
      198, 199, 200, -1,
      200, 199, 201, -1,
      200, 201, 202, -1,
      202, 201, 203, -1,
      202, 203, 204, -1,
      204, 203, 205, -1,
      204, 205, 206, -1,
      206, 205, 207, -1,
      206, 207, 208, -1,
      208, 207, 209, -1,
      208, 209, 210, -1,
      209, 211, 210, -1,
      210, 211, 82, -1,
      210, 82, 83, -1,
      212, 213, 214, -1,
      215, 216, 217, -1,
      81, 80, 218, -1,
      216, 215, 219, -1,
      219, 215, 220, -1,
      219, 220, 218, -1,
      218, 220, 221, -1,
      218, 221, 81, -1,
      213, 212, 222, -1,
      222, 212, 223, -1,
      222, 223, 217, -1,
      217, 223, 224, -1,
      217, 224, 215, -1,
      74, 75, 225, -1,
      225, 75, 226, -1,
      225, 226, 214, -1,
      214, 226, 227, -1,
      214, 227, 212, -1,
      79, 228, 78, -1,
      78, 228, 229, -1,
      229, 228, 230, -1,
      230, 228, 231, -1,
      230, 231, 232, -1,
      232, 231, 233, -1,
      232, 233, 234, -1,
      234, 233, 235, -1,
      234, 235, 236, -1,
      235, 237, 236, -1,
      236, 237, 238, -1,
      236, 238, 239, -1,
      239, 238, 240, -1,
      239, 240, 241, -1,
      241, 240, 242, -1,
      241, 242, 243, -1,
      242, 244, 243, -1,
      243, 244, 245, -1,
      243, 245, 246, -1,
      246, 245, 247, -1,
      246, 247, 248, -1,
      248, 247, 73, -1,
      248, 73, 72, -1,
      77, 76, 249, -1,
      62, 63, 250, -1,
      250, 63, 251, -1,
      250, 251, 252, -1,
      252, 251, 253, -1,
      252, 253, 254, -1,
      254, 253, 255, -1,
      254, 255, 256, -1,
      256, 255, 257, -1,
      256, 257, 258, -1,
      258, 257, 259, -1,
      258, 259, 260, -1,
      260, 259, 261, -1,
      260, 261, 262, -1,
      262, 261, 263, -1,
      262, 263, 264, -1,
      264, 263, 265, -1,
      264, 265, 266, -1,
      266, 265, 267, -1,
      266, 267, 249, -1,
      249, 267, 268, -1,
      249, 268, 77, -1,
      269, 270, 271, -1,
      272, 273, 274, -1,
      60, 275, 276, -1,
      277, 275, 60, -1,
      274, 273, 60, -1,
      278, 60, 273, -1,
      279, 114, 111, -1,
      114, 279, 116, -1,
      116, 279, 280, -1,
      116, 280, 118, -1,
      118, 280, 281, -1,
      118, 281, 120, -1,
      120, 281, 282, -1,
      120, 282, 122, -1,
      122, 282, 124, -1,
      124, 282, 283, -1,
      124, 283, 126, -1,
      126, 283, 128, -1,
      128, 283, 284, -1,
      128, 284, 41, -1,
      285, 277, 60, -1,
      286, 287, 272, -1,
      272, 287, 288, -1,
      272, 288, 273, -1,
      273, 288, 289, -1,
      273, 289, 278, -1,
      290, 276, 291, -1,
      291, 276, 275, -1,
      291, 275, 292, -1,
      292, 275, 277, -1,
      292, 277, 293, -1,
      285, 294, 277, -1,
      277, 294, 295, -1,
      277, 295, 293, -1,
      293, 295, 296, -1,
      293, 296, 297, -1,
      271, 290, 298, -1,
      298, 290, 291, -1,
      298, 291, 299, -1,
      299, 291, 292, -1,
      299, 292, 300, -1,
      300, 292, 293, -1,
      300, 293, 301, -1,
      301, 293, 297, -1,
      302, 303, 304, -1,
      304, 303, 269, -1,
      269, 271, 304, -1,
      304, 271, 298, -1,
      304, 298, 305, -1,
      305, 298, 299, -1,
      305, 299, 306, -1,
      306, 299, 300, -1,
      306, 300, 307, -1,
      307, 300, 301, -1,
      307, 301, 308, -1,
      270, 286, 271, -1,
      271, 286, 272, -1,
      271, 272, 290, -1,
      290, 272, 274, -1,
      290, 274, 276, -1,
      276, 274, 60, -1,
      302, 279, 309, -1,
      309, 279, 111, -1,
      309, 111, 10, -1,
      297, 310, 301, -1,
      301, 310, 311, -1,
      301, 311, 308, -1,
      308, 311, 312, -1,
      308, 312, 313, -1,
      302, 304, 279, -1,
      279, 304, 305, -1,
      279, 305, 280, -1,
      280, 305, 306, -1,
      280, 306, 281, -1,
      281, 306, 307, -1,
      281, 307, 282, -1,
      282, 307, 308, -1,
      282, 308, 283, -1,
      283, 308, 313, -1,
      283, 313, 284, -1,
      61, 60, 278, -1,
      10, 9, 309, -1,
      309, 9, 314, -1,
      309, 314, 302, -1,
      302, 314, 315, -1,
      302, 315, 303, -1,
      303, 315, 316, -1,
      303, 316, 269, -1,
      269, 316, 317, -1,
      269, 317, 270, -1,
      270, 317, 318, -1,
      270, 318, 286, -1,
      286, 318, 319, -1,
      286, 319, 287, -1,
      287, 319, 320, -1,
      287, 320, 288, -1,
      288, 320, 321, -1,
      288, 321, 289, -1,
      289, 321, 322, -1,
      289, 322, 278, -1,
      278, 322, 323, -1,
      278, 323, 61, -1,
      62, 324, 60, -1,
      60, 324, 285, -1,
      285, 324, 294, -1,
      294, 324, 325, -1,
      294, 325, 295, -1,
      295, 325, 296, -1,
      296, 325, 326, -1,
      296, 326, 297, -1,
      297, 326, 310, -1,
      310, 326, 327, -1,
      310, 327, 311, -1,
      311, 327, 312, -1,
      312, 327, 328, -1,
      312, 328, 313, -1,
      313, 328, 284, -1,
      284, 328, 42, -1,
      284, 42, 41, -1,
      329, 330, 331, -1,
      332, 333, 334, -1,
      61, 335, 336, -1,
      337, 335, 61, -1,
      334, 333, 61, -1,
      338, 61, 333, -1,
      339, 157, 156, -1,
      157, 339, 158, -1,
      158, 339, 340, -1,
      158, 340, 159, -1,
      159, 340, 341, -1,
      159, 341, 160, -1,
      160, 341, 342, -1,
      160, 342, 161, -1,
      161, 342, 162, -1,
      162, 342, 343, -1,
      162, 343, 163, -1,
      163, 343, 164, -1,
      164, 343, 314, -1,
      164, 314, 9, -1,
      323, 337, 61, -1,
      344, 345, 332, -1,
      332, 345, 346, -1,
      332, 346, 333, -1,
      333, 346, 347, -1,
      333, 347, 338, -1,
      348, 336, 349, -1,
      349, 336, 335, -1,
      349, 335, 350, -1,
      350, 335, 337, -1,
      350, 337, 351, -1,
      323, 322, 337, -1,
      337, 322, 321, -1,
      337, 321, 351, -1,
      351, 321, 320, -1,
      351, 320, 319, -1,
      331, 348, 352, -1,
      352, 348, 349, -1,
      352, 349, 353, -1,
      353, 349, 350, -1,
      353, 350, 354, -1,
      354, 350, 351, -1,
      354, 351, 355, -1,
      355, 351, 319, -1,
      356, 357, 358, -1,
      358, 357, 329, -1,
      329, 331, 358, -1,
      358, 331, 352, -1,
      358, 352, 359, -1,
      359, 352, 353, -1,
      359, 353, 360, -1,
      360, 353, 354, -1,
      360, 354, 361, -1,
      361, 354, 355, -1,
      361, 355, 362, -1,
      330, 344, 331, -1,
      331, 344, 332, -1,
      331, 332, 348, -1,
      348, 332, 334, -1,
      348, 334, 336, -1,
      336, 334, 61, -1,
      356, 339, 363, -1,
      363, 339, 156, -1,
      363, 156, 27, -1,
      319, 318, 355, -1,
      355, 318, 317, -1,
      355, 317, 362, -1,
      362, 317, 316, -1,
      362, 316, 315, -1,
      356, 358, 339, -1,
      339, 358, 359, -1,
      339, 359, 340, -1,
      340, 359, 360, -1,
      340, 360, 341, -1,
      341, 360, 361, -1,
      341, 361, 342, -1,
      342, 361, 362, -1,
      342, 362, 343, -1,
      343, 362, 315, -1,
      343, 315, 314, -1,
      260, 262, 364, -1,
      256, 258, 365, -1,
      48, 42, 366, -1,
      366, 42, 328, -1,
      366, 328, 367, -1,
      367, 328, 327, -1,
      367, 327, 368, -1,
      368, 327, 326, -1,
      368, 326, 369, -1,
      369, 326, 325, -1,
      369, 325, 370, -1,
      370, 325, 324, -1,
      252, 254, 371, -1,
      252, 371, 250, -1,
      52, 48, 372, -1,
      372, 48, 366, -1,
      372, 366, 373, -1,
      373, 366, 367, -1,
      373, 367, 374, -1,
      374, 367, 368, -1,
      374, 368, 375, -1,
      375, 368, 369, -1,
      375, 369, 371, -1,
      371, 369, 370, -1,
      371, 370, 250, -1,
      250, 370, 324, -1,
      250, 324, 62, -1,
      53, 52, 376, -1,
      376, 52, 372, -1,
      376, 372, 377, -1,
      377, 372, 373, -1,
      377, 373, 378, -1,
      378, 373, 374, -1,
      378, 374, 379, -1,
      379, 374, 375, -1,
      379, 375, 365, -1,
      365, 375, 371, -1,
      365, 371, 256, -1,
      256, 371, 254, -1,
      55, 53, 380, -1,
      380, 53, 376, -1,
      380, 376, 381, -1,
      381, 376, 377, -1,
      381, 377, 382, -1,
      382, 377, 378, -1,
      382, 378, 383, -1,
      383, 378, 379, -1,
      383, 379, 364, -1,
      364, 379, 365, -1,
      364, 365, 260, -1,
      260, 365, 258, -1,
      56, 55, 384, -1,
      384, 55, 380, -1,
      384, 380, 385, -1,
      385, 380, 381, -1,
      385, 381, 386, -1,
      386, 381, 382, -1,
      386, 382, 387, -1,
      387, 382, 383, -1,
      387, 383, 388, -1,
      388, 383, 364, -1,
      388, 364, 264, -1,
      264, 364, 262, -1,
      249, 76, 389, -1,
      249, 389, 266, -1,
      57, 56, 390, -1,
      390, 56, 384, -1,
      390, 384, 391, -1,
      391, 384, 385, -1,
      391, 385, 392, -1,
      392, 385, 386, -1,
      392, 386, 393, -1,
      393, 386, 387, -1,
      393, 387, 389, -1,
      389, 387, 388, -1,
      389, 388, 266, -1,
      266, 388, 264, -1,
      394, 395, 338, -1,
      338, 395, 63, -1,
      338, 63, 61, -1,
      338, 347, 394, -1,
      394, 347, 346, -1,
      394, 346, 396, -1,
      346, 345, 396, -1,
      396, 345, 344, -1,
      396, 344, 397, -1,
      344, 330, 397, -1,
      397, 330, 329, -1,
      397, 329, 398, -1,
      329, 357, 398, -1,
      398, 357, 356, -1,
      398, 356, 26, -1,
      26, 356, 363, -1,
      26, 363, 27, -1,
      58, 57, 399, -1,
      399, 57, 390, -1,
      399, 390, 400, -1,
      400, 390, 401, -1,
      401, 390, 391, -1,
      401, 391, 402, -1,
      402, 391, 403, -1,
      403, 391, 392, -1,
      403, 392, 404, -1,
      404, 392, 405, -1,
      405, 392, 393, -1,
      405, 393, 406, -1,
      406, 393, 407, -1,
      407, 393, 389, -1,
      407, 389, 408, -1,
      408, 389, 409, -1,
      409, 389, 76, -1,
      409, 76, 78, -1,
      253, 251, 410, -1,
      257, 255, 411, -1,
      261, 259, 412, -1,
      265, 263, 413, -1,
      268, 267, 414, -1,
      29, 39, 415, -1,
      415, 39, 416, -1,
      415, 416, 417, -1,
      417, 416, 418, -1,
      417, 418, 419, -1,
      419, 418, 420, -1,
      419, 420, 421, -1,
      421, 420, 422, -1,
      421, 422, 414, -1,
      414, 422, 423, -1,
      414, 423, 268, -1,
      268, 423, 77, -1,
      30, 29, 424, -1,
      424, 29, 415, -1,
      424, 415, 425, -1,
      425, 415, 417, -1,
      425, 417, 426, -1,
      426, 417, 419, -1,
      426, 419, 427, -1,
      427, 419, 421, -1,
      427, 421, 413, -1,
      413, 421, 414, -1,
      413, 414, 265, -1,
      265, 414, 267, -1,
      31, 30, 428, -1,
      428, 30, 424, -1,
      428, 424, 429, -1,
      429, 424, 425, -1,
      429, 425, 430, -1,
      430, 425, 426, -1,
      430, 426, 431, -1,
      431, 426, 427, -1,
      431, 427, 412, -1,
      412, 427, 413, -1,
      412, 413, 261, -1,
      261, 413, 263, -1,
      23, 31, 432, -1,
      432, 31, 428, -1,
      432, 428, 433, -1,
      433, 428, 429, -1,
      433, 429, 434, -1,
      434, 429, 430, -1,
      434, 430, 435, -1,
      435, 430, 431, -1,
      435, 431, 411, -1,
      411, 431, 412, -1,
      411, 412, 257, -1,
      257, 412, 259, -1,
      24, 23, 436, -1,
      436, 23, 432, -1,
      436, 432, 437, -1,
      437, 432, 433, -1,
      437, 433, 438, -1,
      438, 433, 434, -1,
      438, 434, 439, -1,
      439, 434, 435, -1,
      439, 435, 410, -1,
      410, 435, 411, -1,
      410, 411, 253, -1,
      253, 411, 255, -1,
      26, 24, 398, -1,
      398, 24, 436, -1,
      398, 436, 397, -1,
      397, 436, 437, -1,
      397, 437, 396, -1,
      396, 437, 438, -1,
      396, 438, 394, -1,
      394, 438, 439, -1,
      394, 439, 395, -1,
      395, 439, 410, -1,
      395, 410, 63, -1,
      63, 410, 251, -1,
      440, 441, 442, -1,
      443, 444, 445, -1,
      446, 447, 448, -1,
      58, 449, 450, -1,
      451, 449, 58, -1,
      448, 447, 58, -1,
      248, 452, 246, -1,
      246, 452, 453, -1,
      246, 453, 243, -1,
      243, 453, 454, -1,
      243, 454, 241, -1,
      241, 454, 239, -1,
      239, 454, 455, -1,
      239, 455, 236, -1,
      236, 455, 456, -1,
      236, 456, 234, -1,
      234, 456, 232, -1,
      232, 456, 457, -1,
      232, 457, 230, -1,
      230, 457, 229, -1,
      229, 457, 409, -1,
      229, 409, 78, -1,
      458, 459, 446, -1,
      446, 459, 460, -1,
      446, 460, 447, -1,
      447, 460, 461, -1,
      447, 461, 58, -1,
      462, 450, 463, -1,
      463, 450, 449, -1,
      463, 449, 464, -1,
      464, 449, 451, -1,
      464, 451, 465, -1,
      444, 458, 445, -1,
      445, 458, 446, -1,
      445, 446, 466, -1,
      466, 446, 448, -1,
      466, 448, 467, -1,
      467, 448, 58, -1,
      58, 399, 451, -1,
      451, 399, 400, -1,
      451, 400, 465, -1,
      465, 400, 401, -1,
      465, 401, 402, -1,
      468, 462, 469, -1,
      469, 462, 463, -1,
      469, 463, 470, -1,
      470, 463, 464, -1,
      470, 464, 471, -1,
      471, 464, 465, -1,
      471, 465, 472, -1,
      472, 465, 402, -1,
      472, 402, 403, -1,
      442, 468, 473, -1,
      473, 468, 469, -1,
      473, 469, 474, -1,
      474, 469, 470, -1,
      474, 470, 475, -1,
      475, 470, 471, -1,
      475, 471, 476, -1,
      476, 471, 472, -1,
      476, 472, 477, -1,
      477, 472, 403, -1,
      477, 403, 404, -1,
      478, 479, 480, -1,
      480, 479, 440, -1,
      440, 442, 480, -1,
      480, 442, 473, -1,
      480, 473, 481, -1,
      481, 473, 474, -1,
      481, 474, 482, -1,
      482, 474, 475, -1,
      482, 475, 483, -1,
      483, 475, 476, -1,
      483, 476, 484, -1,
      484, 476, 477, -1,
      484, 477, 485, -1,
      441, 443, 442, -1,
      442, 443, 445, -1,
      442, 445, 468, -1,
      468, 445, 466, -1,
      468, 466, 462, -1,
      462, 466, 467, -1,
      462, 467, 450, -1,
      450, 467, 58, -1,
      248, 72, 452, -1,
      452, 72, 486, -1,
      452, 486, 478, -1,
      404, 405, 477, -1,
      477, 405, 406, -1,
      477, 406, 485, -1,
      485, 406, 407, -1,
      485, 407, 408, -1,
      478, 480, 452, -1,
      452, 480, 481, -1,
      452, 481, 453, -1,
      453, 481, 482, -1,
      453, 482, 454, -1,
      454, 482, 483, -1,
      454, 483, 455, -1,
      455, 483, 484, -1,
      455, 484, 456, -1,
      456, 484, 485, -1,
      456, 485, 457, -1,
      457, 485, 408, -1,
      457, 408, 409, -1,
      34, 487, 39, -1,
      39, 487, 416, -1,
      487, 488, 416, -1,
      416, 488, 489, -1,
      416, 489, 418, -1,
      489, 490, 418, -1,
      418, 490, 491, -1,
      418, 491, 420, -1,
      491, 492, 420, -1,
      420, 492, 493, -1,
      420, 493, 422, -1,
      493, 494, 422, -1,
      422, 494, 495, -1,
      422, 495, 423, -1,
      79, 77, 496, -1,
      496, 77, 423, -1,
      496, 423, 497, -1,
      497, 423, 495, -1,
      72, 74, 486, -1,
      486, 74, 498, -1,
      486, 498, 478, -1,
      478, 498, 499, -1,
      478, 499, 479, -1,
      479, 499, 500, -1,
      479, 500, 440, -1,
      440, 500, 501, -1,
      440, 501, 441, -1,
      441, 501, 502, -1,
      441, 502, 443, -1,
      443, 502, 503, -1,
      443, 503, 444, -1,
      444, 503, 504, -1,
      444, 504, 458, -1,
      458, 504, 505, -1,
      458, 505, 459, -1,
      459, 505, 506, -1,
      459, 506, 460, -1,
      460, 506, 507, -1,
      460, 507, 461, -1,
      461, 507, 508, -1,
      461, 508, 58, -1,
      58, 508, 54, -1,
      509, 510, 511, -1,
      511, 510, 34, -1,
      487, 34, 510, -1,
      240, 238, 512, -1,
      513, 231, 228, -1,
      231, 513, 233, -1,
      233, 513, 514, -1,
      233, 514, 235, -1,
      512, 238, 514, -1,
      514, 238, 237, -1,
      514, 237, 235, -1,
      240, 512, 242, -1,
      242, 512, 515, -1,
      242, 515, 244, -1,
      244, 515, 516, -1,
      244, 516, 245, -1,
      245, 516, 247, -1,
      247, 516, 517, -1,
      247, 517, 73, -1,
      34, 518, 519, -1,
      519, 518, 520, -1,
      521, 34, 519, -1,
      522, 523, 524, -1,
      524, 523, 521, -1,
      524, 521, 525, -1,
      525, 521, 519, -1,
      525, 519, 526, -1,
      526, 519, 520, -1,
      491, 490, 509, -1,
      509, 490, 489, -1,
      509, 489, 510, -1,
      510, 489, 488, -1,
      510, 488, 487, -1,
      527, 522, 528, -1,
      528, 522, 524, -1,
      528, 524, 529, -1,
      529, 524, 525, -1,
      529, 525, 530, -1,
      530, 525, 526, -1,
      530, 526, 531, -1,
      494, 493, 532, -1,
      532, 493, 492, -1,
      520, 533, 526, -1,
      526, 533, 534, -1,
      526, 534, 531, -1,
      531, 534, 535, -1,
      531, 535, 536, -1,
      492, 527, 532, -1,
      532, 527, 528, -1,
      532, 528, 537, -1,
      537, 528, 529, -1,
      537, 529, 538, -1,
      538, 529, 530, -1,
      538, 530, 539, -1,
      539, 530, 531, -1,
      539, 531, 540, -1,
      540, 531, 536, -1,
      497, 495, 541, -1,
      541, 495, 494, -1,
      494, 532, 541, -1,
      541, 532, 537, -1,
      541, 537, 542, -1,
      542, 537, 538, -1,
      542, 538, 543, -1,
      543, 538, 539, -1,
      543, 539, 544, -1,
      544, 539, 540, -1,
      544, 540, 545, -1,
      523, 34, 521, -1,
      492, 491, 527, -1,
      527, 491, 509, -1,
      527, 509, 522, -1,
      522, 509, 511, -1,
      522, 511, 523, -1,
      523, 511, 34, -1,
      497, 513, 496, -1,
      496, 513, 228, -1,
      496, 228, 79, -1,
      536, 546, 540, -1,
      540, 546, 547, -1,
      540, 547, 545, -1,
      545, 547, 548, -1,
      545, 548, 549, -1,
      497, 541, 513, -1,
      513, 541, 542, -1,
      513, 542, 514, -1,
      514, 542, 543, -1,
      514, 543, 512, -1,
      512, 543, 544, -1,
      512, 544, 515, -1,
      515, 544, 545, -1,
      515, 545, 516, -1,
      516, 545, 549, -1,
      516, 549, 517, -1,
      550, 551, 552, -1,
      552, 551, 54, -1,
      553, 54, 551, -1,
      218, 554, 219, -1,
      219, 554, 555, -1,
      219, 555, 216, -1,
      216, 555, 217, -1,
      217, 555, 556, -1,
      217, 556, 222, -1,
      222, 556, 557, -1,
      222, 557, 213, -1,
      213, 557, 214, -1,
      214, 557, 558, -1,
      214, 558, 225, -1,
      225, 558, 498, -1,
      225, 498, 74, -1,
      54, 508, 559, -1,
      559, 508, 507, -1,
      560, 54, 559, -1,
      561, 562, 563, -1,
      563, 562, 560, -1,
      563, 560, 564, -1,
      564, 560, 559, -1,
      564, 559, 565, -1,
      565, 559, 507, -1,
      566, 567, 550, -1,
      550, 567, 568, -1,
      550, 568, 551, -1,
      551, 568, 569, -1,
      551, 569, 553, -1,
      570, 561, 571, -1,
      571, 561, 563, -1,
      571, 563, 572, -1,
      572, 563, 564, -1,
      572, 564, 573, -1,
      573, 564, 565, -1,
      573, 565, 574, -1,
      575, 576, 577, -1,
      577, 576, 578, -1,
      507, 506, 565, -1,
      565, 506, 505, -1,
      565, 505, 574, -1,
      574, 505, 504, -1,
      574, 504, 503, -1,
      578, 570, 577, -1,
      577, 570, 571, -1,
      577, 571, 579, -1,
      579, 571, 572, -1,
      579, 572, 580, -1,
      580, 572, 573, -1,
      580, 573, 581, -1,
      581, 573, 574, -1,
      581, 574, 582, -1,
      582, 574, 503, -1,
      583, 584, 585, -1,
      585, 584, 575, -1,
      575, 577, 585, -1,
      585, 577, 579, -1,
      585, 579, 586, -1,
      586, 579, 580, -1,
      586, 580, 587, -1,
      587, 580, 581, -1,
      587, 581, 588, -1,
      588, 581, 582, -1,
      588, 582, 589, -1,
      562, 54, 560, -1,
      578, 566, 570, -1,
      570, 566, 550, -1,
      570, 550, 561, -1,
      561, 550, 552, -1,
      561, 552, 562, -1,
      562, 552, 54, -1,
      583, 554, 590, -1,
      590, 554, 218, -1,
      590, 218, 80, -1,
      503, 502, 582, -1,
      582, 502, 501, -1,
      582, 501, 589, -1,
      589, 501, 500, -1,
      589, 500, 499, -1,
      583, 585, 554, -1,
      554, 585, 586, -1,
      554, 586, 555, -1,
      555, 586, 587, -1,
      555, 587, 556, -1,
      556, 587, 588, -1,
      556, 588, 557, -1,
      557, 588, 589, -1,
      557, 589, 558, -1,
      558, 589, 499, -1,
      558, 499, 498, -1,
      34, 38, 518, -1,
      518, 38, 591, -1,
      518, 591, 520, -1,
      520, 591, 592, -1,
      520, 592, 533, -1,
      533, 592, 593, -1,
      533, 593, 534, -1,
      534, 593, 594, -1,
      534, 594, 535, -1,
      535, 594, 595, -1,
      535, 595, 536, -1,
      536, 595, 596, -1,
      536, 596, 546, -1,
      546, 596, 597, -1,
      546, 597, 547, -1,
      547, 597, 598, -1,
      547, 598, 548, -1,
      548, 598, 599, -1,
      548, 599, 549, -1,
      549, 599, 600, -1,
      549, 600, 517, -1,
      517, 600, 601, -1,
      517, 601, 73, -1,
      73, 601, 75, -1,
      54, 553, 59, -1,
      59, 553, 602, -1,
      553, 569, 602, -1,
      602, 569, 568, -1,
      602, 568, 603, -1,
      568, 567, 603, -1,
      603, 567, 566, -1,
      603, 566, 604, -1,
      566, 578, 604, -1,
      604, 578, 576, -1,
      604, 576, 605, -1,
      576, 575, 605, -1,
      605, 575, 584, -1,
      605, 584, 606, -1,
      80, 82, 590, -1,
      590, 82, 606, -1,
      590, 606, 583, -1,
      583, 606, 584, -1,
      607, 608, 609, -1,
      609, 608, 38, -1,
      226, 610, 227, -1,
      227, 610, 611, -1,
      227, 611, 212, -1,
      212, 611, 612, -1,
      212, 612, 223, -1,
      223, 612, 224, -1,
      224, 612, 613, -1,
      224, 613, 215, -1,
      215, 613, 614, -1,
      215, 614, 220, -1,
      220, 614, 221, -1,
      221, 614, 615, -1,
      221, 615, 81, -1,
      594, 593, 607, -1,
      607, 593, 592, -1,
      607, 592, 608, -1,
      608, 592, 591, -1,
      608, 591, 38, -1,
      38, 616, 617, -1,
      617, 616, 618, -1,
      619, 38, 617, -1,
      620, 621, 622, -1,
      622, 621, 619, -1,
      622, 619, 623, -1,
      623, 619, 617, -1,
      623, 617, 624, -1,
      624, 617, 618, -1,
      625, 620, 626, -1,
      626, 620, 622, -1,
      626, 622, 627, -1,
      627, 622, 623, -1,
      627, 623, 628, -1,
      628, 623, 624, -1,
      628, 624, 629, -1,
      598, 597, 630, -1,
      630, 597, 596, -1,
      618, 631, 624, -1,
      624, 631, 632, -1,
      624, 632, 629, -1,
      629, 632, 633, -1,
      629, 633, 634, -1,
      634, 635, 629, -1,
      629, 635, 636, -1,
      629, 636, 628, -1,
      628, 636, 637, -1,
      628, 637, 627, -1,
      627, 637, 638, -1,
      627, 638, 626, -1,
      626, 638, 630, -1,
      626, 630, 625, -1,
      625, 630, 596, -1,
      625, 596, 595, -1,
      600, 599, 639, -1,
      639, 599, 598, -1,
      598, 630, 639, -1,
      639, 630, 638, -1,
      639, 638, 640, -1,
      640, 638, 637, -1,
      640, 637, 641, -1,
      641, 637, 636, -1,
      641, 636, 642, -1,
      642, 636, 635, -1,
      642, 635, 643, -1,
      621, 38, 619, -1,
      595, 594, 625, -1,
      625, 594, 607, -1,
      625, 607, 620, -1,
      620, 607, 609, -1,
      620, 609, 621, -1,
      621, 609, 38, -1,
      226, 75, 610, -1,
      610, 75, 601, -1,
      610, 601, 600, -1,
      634, 644, 635, -1,
      635, 644, 645, -1,
      635, 645, 643, -1,
      643, 645, 646, -1,
      643, 646, 647, -1,
      600, 639, 610, -1,
      610, 639, 640, -1,
      610, 640, 611, -1,
      611, 640, 641, -1,
      611, 641, 612, -1,
      612, 641, 642, -1,
      612, 642, 613, -1,
      613, 642, 643, -1,
      613, 643, 614, -1,
      614, 643, 647, -1,
      614, 647, 615, -1,
      195, 193, 648, -1,
      199, 197, 649, -1,
      203, 201, 650, -1,
      207, 205, 651, -1,
      211, 209, 652, -1,
      49, 59, 653, -1,
      653, 59, 602, -1,
      653, 602, 654, -1,
      654, 602, 603, -1,
      654, 603, 655, -1,
      655, 603, 604, -1,
      655, 604, 656, -1,
      656, 604, 605, -1,
      656, 605, 652, -1,
      652, 605, 606, -1,
      652, 606, 211, -1,
      211, 606, 82, -1,
      50, 49, 657, -1,
      657, 49, 653, -1,
      657, 653, 658, -1,
      658, 653, 654, -1,
      658, 654, 659, -1,
      659, 654, 655, -1,
      659, 655, 660, -1,
      660, 655, 656, -1,
      660, 656, 651, -1,
      651, 656, 652, -1,
      651, 652, 207, -1,
      207, 652, 209, -1,
      51, 50, 661, -1,
      661, 50, 657, -1,
      661, 657, 662, -1,
      662, 657, 658, -1,
      662, 658, 663, -1,
      663, 658, 659, -1,
      663, 659, 664, -1,
      664, 659, 660, -1,
      664, 660, 650, -1,
      650, 660, 651, -1,
      650, 651, 203, -1,
      203, 651, 205, -1,
      43, 51, 665, -1,
      665, 51, 661, -1,
      665, 661, 666, -1,
      666, 661, 662, -1,
      666, 662, 667, -1,
      667, 662, 663, -1,
      667, 663, 668, -1,
      668, 663, 664, -1,
      668, 664, 649, -1,
      649, 664, 650, -1,
      649, 650, 199, -1,
      199, 650, 201, -1,
      44, 43, 669, -1,
      669, 43, 665, -1,
      669, 665, 670, -1,
      670, 665, 666, -1,
      670, 666, 671, -1,
      671, 666, 667, -1,
      671, 667, 672, -1,
      672, 667, 668, -1,
      672, 668, 648, -1,
      648, 668, 649, -1,
      648, 649, 195, -1,
      195, 649, 197, -1,
      46, 44, 673, -1,
      673, 44, 669, -1,
      673, 669, 674, -1,
      674, 669, 670, -1,
      674, 670, 675, -1,
      675, 670, 671, -1,
      675, 671, 676, -1,
      676, 671, 672, -1,
      676, 672, 677, -1,
      677, 672, 648, -1,
      677, 648, 16, -1,
      16, 648, 193, -1,
      38, 37, 616, -1,
      616, 37, 678, -1,
      616, 678, 618, -1,
      618, 678, 631, -1,
      631, 678, 679, -1,
      631, 679, 632, -1,
      632, 679, 633, -1,
      633, 679, 680, -1,
      633, 680, 634, -1,
      634, 680, 644, -1,
      644, 680, 681, -1,
      644, 681, 645, -1,
      645, 681, 646, -1,
      646, 681, 682, -1,
      646, 682, 647, -1,
      647, 682, 615, -1,
      615, 682, 83, -1,
      615, 83, 81, -1,
      676, 677, 683, -1,
      683, 677, 16, -1,
      683, 16, 18, -1,
      683, 684, 676, -1,
      676, 684, 685, -1,
      676, 685, 675, -1,
      685, 686, 675, -1,
      675, 686, 687, -1,
      675, 687, 674, -1,
      687, 688, 674, -1,
      674, 688, 689, -1,
      674, 689, 673, -1,
      689, 690, 673, -1,
      673, 690, 691, -1,
      673, 691, 46, -1,
      46, 691, 692, -1,
      46, 692, 47, -1,
      202, 204, 693, -1,
      198, 200, 694, -1,
      28, 22, 695, -1,
      695, 22, 696, -1,
      695, 696, 697, -1,
      697, 696, 698, -1,
      697, 698, 699, -1,
      699, 698, 700, -1,
      699, 700, 701, -1,
      701, 700, 702, -1,
      701, 702, 703, -1,
      703, 702, 704, -1,
      194, 196, 705, -1,
      194, 705, 192, -1,
      32, 28, 706, -1,
      706, 28, 695, -1,
      706, 695, 707, -1,
      707, 695, 697, -1,
      707, 697, 708, -1,
      708, 697, 699, -1,
      708, 699, 709, -1,
      709, 699, 701, -1,
      709, 701, 705, -1,
      705, 701, 703, -1,
      705, 703, 192, -1,
      192, 703, 704, -1,
      192, 704, 17, -1,
      33, 32, 710, -1,
      710, 32, 706, -1,
      710, 706, 711, -1,
      711, 706, 707, -1,
      711, 707, 712, -1,
      712, 707, 708, -1,
      712, 708, 713, -1,
      713, 708, 709, -1,
      713, 709, 694, -1,
      694, 709, 705, -1,
      694, 705, 198, -1,
      198, 705, 196, -1,
      35, 33, 714, -1,
      714, 33, 710, -1,
      714, 710, 715, -1,
      715, 710, 711, -1,
      715, 711, 716, -1,
      716, 711, 712, -1,
      716, 712, 717, -1,
      717, 712, 713, -1,
      717, 713, 693, -1,
      693, 713, 694, -1,
      693, 694, 202, -1,
      202, 694, 200, -1,
      36, 35, 718, -1,
      718, 35, 714, -1,
      718, 714, 719, -1,
      719, 714, 715, -1,
      719, 715, 720, -1,
      720, 715, 716, -1,
      720, 716, 721, -1,
      721, 716, 717, -1,
      721, 717, 722, -1,
      722, 717, 693, -1,
      722, 693, 206, -1,
      206, 693, 204, -1,
      210, 83, 682, -1,
      210, 682, 208, -1,
      37, 36, 678, -1,
      678, 36, 718, -1,
      678, 718, 679, -1,
      679, 718, 719, -1,
      679, 719, 680, -1,
      680, 719, 720, -1,
      680, 720, 681, -1,
      681, 720, 721, -1,
      681, 721, 682, -1,
      682, 721, 722, -1,
      682, 722, 208, -1,
      208, 722, 206, -1,
      689, 688, 723, -1,
      724, 725, 726, -1,
      18, 727, 728, -1,
      729, 727, 18, -1,
      726, 725, 18, -1,
      683, 18, 725, -1,
      730, 87, 84, -1,
      87, 730, 89, -1,
      89, 730, 731, -1,
      89, 731, 91, -1,
      91, 731, 732, -1,
      91, 732, 93, -1,
      93, 732, 733, -1,
      93, 733, 95, -1,
      95, 733, 97, -1,
      97, 733, 734, -1,
      97, 734, 99, -1,
      99, 734, 101, -1,
      101, 734, 735, -1,
      101, 735, 13, -1,
      736, 729, 18, -1,
      687, 686, 724, -1,
      724, 686, 685, -1,
      724, 685, 725, -1,
      725, 685, 684, -1,
      725, 684, 683, -1,
      737, 728, 738, -1,
      738, 728, 727, -1,
      738, 727, 739, -1,
      739, 727, 729, -1,
      739, 729, 740, -1,
      736, 741, 729, -1,
      729, 741, 742, -1,
      729, 742, 740, -1,
      740, 742, 743, -1,
      740, 743, 744, -1,
      723, 737, 745, -1,
      745, 737, 738, -1,
      745, 738, 746, -1,
      746, 738, 739, -1,
      746, 739, 747, -1,
      747, 739, 740, -1,
      747, 740, 748, -1,
      748, 740, 744, -1,
      691, 690, 749, -1,
      749, 690, 689, -1,
      689, 723, 749, -1,
      749, 723, 745, -1,
      749, 745, 750, -1,
      750, 745, 746, -1,
      750, 746, 751, -1,
      751, 746, 747, -1,
      751, 747, 752, -1,
      752, 747, 748, -1,
      752, 748, 753, -1,
      688, 687, 723, -1,
      723, 687, 724, -1,
      723, 724, 737, -1,
      737, 724, 726, -1,
      737, 726, 728, -1,
      728, 726, 18, -1,
      691, 730, 692, -1,
      692, 730, 84, -1,
      692, 84, 47, -1,
      744, 754, 748, -1,
      748, 754, 755, -1,
      748, 755, 753, -1,
      753, 755, 756, -1,
      753, 756, 757, -1,
      691, 749, 730, -1,
      730, 749, 750, -1,
      730, 750, 731, -1,
      731, 750, 751, -1,
      731, 751, 732, -1,
      732, 751, 752, -1,
      732, 752, 733, -1,
      733, 752, 753, -1,
      733, 753, 734, -1,
      734, 753, 757, -1,
      734, 757, 735, -1,
      17, 704, 19, -1,
      19, 704, 758, -1,
      758, 704, 759, -1,
      759, 704, 702, -1,
      759, 702, 760, -1,
      760, 702, 761, -1,
      761, 702, 700, -1,
      761, 700, 762, -1,
      762, 700, 763, -1,
      763, 700, 698, -1,
      763, 698, 764, -1,
      764, 698, 765, -1,
      765, 698, 696, -1,
      765, 696, 766, -1,
      766, 696, 767, -1,
      767, 696, 22, -1,
      767, 22, 21, -1,
      18, 19, 768, -1,
      14, 13, 769, -1,
      769, 13, 735, -1,
      769, 735, 770, -1,
      770, 735, 757, -1,
      770, 757, 771, -1,
      771, 757, 756, -1,
      771, 756, 772, -1,
      772, 756, 755, -1,
      772, 755, 773, -1,
      773, 755, 754, -1,
      773, 754, 774, -1,
      774, 754, 744, -1,
      774, 744, 775, -1,
      775, 744, 743, -1,
      775, 743, 776, -1,
      776, 743, 742, -1,
      776, 742, 777, -1,
      777, 742, 741, -1,
      777, 741, 768, -1,
      768, 741, 736, -1,
      768, 736, 18, -1,
      772, 773, 778, -1,
      779, 780, 781, -1,
      19, 782, 783, -1,
      784, 782, 19, -1,
      781, 780, 19, -1,
      768, 19, 780, -1,
      785, 184, 183, -1,
      184, 785, 185, -1,
      185, 785, 786, -1,
      185, 786, 186, -1,
      186, 786, 787, -1,
      186, 787, 187, -1,
      187, 787, 788, -1,
      187, 788, 188, -1,
      188, 788, 189, -1,
      189, 788, 789, -1,
      189, 789, 190, -1,
      190, 789, 191, -1,
      191, 789, 767, -1,
      191, 767, 21, -1,
      758, 784, 19, -1,
      774, 775, 779, -1,
      779, 775, 776, -1,
      779, 776, 780, -1,
      780, 776, 777, -1,
      780, 777, 768, -1,
      790, 783, 791, -1,
      791, 783, 782, -1,
      791, 782, 792, -1,
      792, 782, 784, -1,
      792, 784, 793, -1,
      758, 759, 784, -1,
      784, 759, 760, -1,
      784, 760, 793, -1,
      793, 760, 761, -1,
      793, 761, 762, -1,
      778, 790, 794, -1,
      794, 790, 791, -1,
      794, 791, 795, -1,
      795, 791, 792, -1,
      795, 792, 796, -1,
      796, 792, 793, -1,
      796, 793, 797, -1,
      797, 793, 762, -1,
      770, 771, 798, -1,
      798, 771, 772, -1,
      772, 778, 798, -1,
      798, 778, 794, -1,
      798, 794, 799, -1,
      799, 794, 795, -1,
      799, 795, 800, -1,
      800, 795, 796, -1,
      800, 796, 801, -1,
      801, 796, 797, -1,
      801, 797, 802, -1,
      773, 774, 778, -1,
      778, 774, 779, -1,
      778, 779, 790, -1,
      790, 779, 781, -1,
      790, 781, 783, -1,
      783, 781, 19, -1,
      770, 785, 769, -1,
      769, 785, 183, -1,
      769, 183, 14, -1,
      762, 763, 797, -1,
      797, 763, 764, -1,
      797, 764, 802, -1,
      802, 764, 765, -1,
      802, 765, 766, -1,
      770, 798, 785, -1,
      785, 798, 799, -1,
      785, 799, 786, -1,
      786, 799, 800, -1,
      786, 800, 787, -1,
      787, 800, 801, -1,
      787, 801, 788, -1,
      788, 801, 802, -1,
      788, 802, 789, -1,
      789, 802, 766, -1,
      789, 766, 767, -1,
      803, 7, 804, -1,
      805, 806, 807, -1,
      808, 809, 810, -1,
      811, 812, 813, -1,
      165, 70, 814, -1,
      170, 168, 815, -1,
      815, 168, 165, -1,
      182, 180, 812, -1,
      812, 180, 178, -1,
      812, 178, 813, -1,
      813, 178, 176, -1,
      813, 176, 174, -1,
      68, 182, 816, -1,
      816, 182, 812, -1,
      816, 812, 817, -1,
      817, 812, 811, -1,
      817, 811, 818, -1,
      818, 811, 819, -1,
      165, 814, 815, -1,
      815, 814, 820, -1,
      815, 820, 821, -1,
      809, 819, 810, -1,
      810, 819, 811, -1,
      810, 811, 822, -1,
      822, 811, 813, -1,
      822, 813, 823, -1,
      823, 813, 174, -1,
      820, 824, 821, -1,
      821, 824, 825, -1,
      821, 825, 826, -1,
      806, 808, 807, -1,
      807, 808, 810, -1,
      807, 810, 827, -1,
      827, 810, 822, -1,
      827, 822, 828, -1,
      828, 822, 823, -1,
      825, 829, 826, -1,
      826, 829, 830, -1,
      826, 830, 831, -1,
      828, 832, 827, -1,
      827, 832, 833, -1,
      827, 833, 807, -1,
      807, 833, 834, -1,
      807, 834, 805, -1,
      172, 170, 835, -1,
      835, 170, 815, -1,
      835, 815, 836, -1,
      836, 815, 821, -1,
      836, 821, 837, -1,
      837, 821, 826, -1,
      837, 826, 838, -1,
      838, 826, 831, -1,
      838, 831, 839, -1,
      839, 831, 804, -1,
      839, 804, 7, -1,
      7, 840, 834, -1,
      834, 840, 841, -1,
      834, 841, 805, -1,
      832, 842, 833, -1,
      833, 842, 843, -1,
      833, 843, 834, -1,
      834, 843, 7, -1,
      842, 844, 843, -1,
      843, 844, 7, -1,
      830, 845, 831, -1,
      831, 845, 846, -1,
      831, 846, 804, -1,
      804, 846, 847, -1,
      804, 847, 803, -1,
      174, 172, 823, -1,
      823, 172, 835, -1,
      823, 835, 828, -1,
      828, 835, 836, -1,
      828, 836, 832, -1,
      832, 836, 837, -1,
      832, 837, 842, -1,
      842, 837, 838, -1,
      842, 838, 844, -1,
      844, 838, 839, -1,
      844, 839, 7, -1,
      848, 849, 830, -1,
      850, 851, 852, -1,
      850, 853, 851, -1,
      851, 853, 0, -1,
      851, 0, 2, -1,
      854, 855, 803, -1,
      803, 855, 6, -1,
      803, 6, 7, -1,
      803, 847, 854, -1,
      854, 847, 846, -1,
      854, 846, 849, -1,
      849, 846, 845, -1,
      849, 845, 830, -1,
      70, 71, 814, -1,
      814, 71, 856, -1,
      814, 856, 820, -1,
      820, 856, 857, -1,
      820, 857, 824, -1,
      824, 857, 858, -1,
      824, 858, 825, -1,
      825, 858, 859, -1,
      825, 859, 829, -1,
      829, 859, 860, -1,
      829, 860, 830, -1,
      830, 860, 861, -1,
      830, 861, 848, -1,
      848, 861, 862, -1,
      848, 862, 852, -1,
      852, 862, 863, -1,
      852, 863, 850, -1,
      7, 5, 864, -1,
      69, 68, 865, -1,
      865, 68, 816, -1,
      865, 816, 866, -1,
      866, 816, 817, -1,
      866, 817, 867, -1,
      867, 817, 818, -1,
      867, 818, 868, -1,
      868, 818, 819, -1,
      868, 819, 869, -1,
      869, 819, 809, -1,
      869, 809, 870, -1,
      870, 809, 808, -1,
      870, 808, 871, -1,
      871, 808, 806, -1,
      871, 806, 872, -1,
      872, 806, 805, -1,
      872, 805, 873, -1,
      873, 805, 841, -1,
      873, 841, 864, -1,
      864, 841, 840, -1,
      864, 840, 7, -1,
      874, 0, 875, -1,
      863, 862, 876, -1,
      861, 860, 877, -1,
      878, 879, 880, -1,
      138, 65, 881, -1,
      143, 141, 882, -1,
      882, 141, 138, -1,
      155, 153, 879, -1,
      879, 153, 151, -1,
      879, 151, 880, -1,
      880, 151, 149, -1,
      880, 149, 147, -1,
      71, 155, 856, -1,
      856, 155, 879, -1,
      856, 879, 857, -1,
      857, 879, 878, -1,
      857, 878, 858, -1,
      858, 878, 859, -1,
      138, 881, 882, -1,
      882, 881, 883, -1,
      882, 883, 884, -1,
      860, 859, 877, -1,
      877, 859, 878, -1,
      877, 878, 885, -1,
      885, 878, 880, -1,
      885, 880, 886, -1,
      886, 880, 147, -1,
      883, 887, 884, -1,
      884, 887, 888, -1,
      884, 888, 889, -1,
      862, 861, 876, -1,
      876, 861, 877, -1,
      876, 877, 890, -1,
      890, 877, 885, -1,
      890, 885, 891, -1,
      891, 885, 886, -1,
      888, 892, 889, -1,
      889, 892, 893, -1,
      889, 893, 894, -1,
      891, 895, 890, -1,
      890, 895, 896, -1,
      890, 896, 876, -1,
      876, 896, 897, -1,
      876, 897, 863, -1,
      145, 143, 898, -1,
      898, 143, 882, -1,
      898, 882, 899, -1,
      899, 882, 884, -1,
      899, 884, 900, -1,
      900, 884, 889, -1,
      900, 889, 901, -1,
      901, 889, 894, -1,
      901, 894, 902, -1,
      902, 894, 875, -1,
      902, 875, 0, -1,
      0, 853, 897, -1,
      897, 853, 850, -1,
      897, 850, 863, -1,
      895, 903, 896, -1,
      896, 903, 904, -1,
      896, 904, 897, -1,
      897, 904, 0, -1,
      903, 905, 904, -1,
      904, 905, 0, -1,
      893, 906, 894, -1,
      894, 906, 907, -1,
      894, 907, 875, -1,
      875, 907, 908, -1,
      875, 908, 874, -1,
      147, 145, 886, -1,
      886, 145, 898, -1,
      886, 898, 891, -1,
      891, 898, 899, -1,
      891, 899, 895, -1,
      895, 899, 900, -1,
      895, 900, 903, -1,
      903, 900, 901, -1,
      903, 901, 905, -1,
      905, 901, 902, -1,
      905, 902, 0, -1,
      864, 5, 909, -1,
      910, 911, 912, -1,
      913, 914, 915, -1,
      916, 917, 918, -1,
      102, 69, 865, -1,
      104, 103, 919, -1,
      919, 103, 102, -1,
      110, 109, 917, -1,
      917, 109, 108, -1,
      917, 108, 918, -1,
      918, 108, 107, -1,
      918, 107, 106, -1,
      67, 110, 920, -1,
      920, 110, 917, -1,
      920, 917, 921, -1,
      921, 917, 916, -1,
      921, 916, 922, -1,
      922, 916, 923, -1,
      102, 865, 919, -1,
      919, 865, 866, -1,
      919, 866, 924, -1,
      914, 923, 915, -1,
      915, 923, 916, -1,
      915, 916, 925, -1,
      925, 916, 918, -1,
      925, 918, 926, -1,
      926, 918, 106, -1,
      866, 867, 924, -1,
      924, 867, 868, -1,
      924, 868, 927, -1,
      911, 913, 912, -1,
      912, 913, 915, -1,
      912, 915, 928, -1,
      928, 915, 925, -1,
      928, 925, 929, -1,
      929, 925, 926, -1,
      868, 869, 927, -1,
      927, 869, 870, -1,
      927, 870, 930, -1,
      929, 931, 928, -1,
      928, 931, 932, -1,
      928, 932, 912, -1,
      912, 932, 933, -1,
      912, 933, 910, -1,
      105, 104, 934, -1,
      934, 104, 919, -1,
      934, 919, 935, -1,
      935, 919, 924, -1,
      935, 924, 936, -1,
      936, 924, 927, -1,
      936, 927, 937, -1,
      937, 927, 930, -1,
      937, 930, 938, -1,
      938, 930, 909, -1,
      938, 909, 5, -1,
      5, 939, 933, -1,
      933, 939, 940, -1,
      933, 940, 910, -1,
      931, 941, 932, -1,
      932, 941, 942, -1,
      932, 942, 933, -1,
      933, 942, 5, -1,
      941, 943, 942, -1,
      942, 943, 5, -1,
      870, 871, 930, -1,
      930, 871, 872, -1,
      930, 872, 909, -1,
      909, 872, 873, -1,
      909, 873, 864, -1,
      106, 105, 926, -1,
      926, 105, 934, -1,
      926, 934, 929, -1,
      929, 934, 935, -1,
      929, 935, 931, -1,
      931, 935, 936, -1,
      931, 936, 941, -1,
      941, 936, 937, -1,
      941, 937, 943, -1,
      943, 937, 938, -1,
      943, 938, 5, -1,
      3, 0, 874, -1,
      65, 64, 881, -1,
      881, 64, 944, -1,
      881, 944, 883, -1,
      883, 944, 945, -1,
      883, 945, 887, -1,
      887, 945, 946, -1,
      887, 946, 888, -1,
      888, 946, 947, -1,
      888, 947, 892, -1,
      892, 947, 948, -1,
      892, 948, 893, -1,
      893, 948, 949, -1,
      893, 949, 906, -1,
      906, 949, 950, -1,
      906, 950, 907, -1,
      907, 950, 951, -1,
      907, 951, 908, -1,
      908, 951, 952, -1,
      908, 952, 874, -1,
      874, 952, 953, -1,
      874, 953, 3, -1,
      5, 4, 954, -1,
      955, 956, 957, -1,
      957, 956, 1, -1,
      957, 1, 3, -1,
      958, 913, 959, -1,
      959, 913, 911, -1,
      959, 911, 960, -1,
      911, 910, 960, -1,
      960, 910, 940, -1,
      960, 940, 954, -1,
      954, 940, 939, -1,
      954, 939, 5, -1,
      66, 67, 961, -1,
      961, 67, 920, -1,
      961, 920, 962, -1,
      962, 920, 921, -1,
      962, 921, 963, -1,
      963, 921, 922, -1,
      963, 922, 964, -1,
      964, 922, 923, -1,
      964, 923, 965, -1,
      965, 923, 914, -1,
      965, 914, 966, -1,
      966, 914, 913, -1,
      966, 913, 967, -1,
      967, 913, 958, -1,
      967, 958, 968, -1,
      968, 958, 955, -1,
      968, 955, 969, -1,
      969, 955, 957, -1,
      957, 3, 970, -1,
      951, 950, 971, -1,
      949, 948, 972, -1,
      973, 974, 975, -1,
      129, 66, 961, -1,
      131, 130, 976, -1,
      976, 130, 129, -1,
      137, 136, 974, -1,
      974, 136, 135, -1,
      974, 135, 975, -1,
      975, 135, 134, -1,
      975, 134, 133, -1,
      64, 137, 944, -1,
      944, 137, 974, -1,
      944, 974, 945, -1,
      945, 974, 973, -1,
      945, 973, 946, -1,
      946, 973, 947, -1,
      129, 961, 976, -1,
      976, 961, 962, -1,
      976, 962, 977, -1,
      948, 947, 972, -1,
      972, 947, 973, -1,
      972, 973, 978, -1,
      978, 973, 975, -1,
      978, 975, 979, -1,
      979, 975, 133, -1,
      962, 963, 977, -1,
      977, 963, 964, -1,
      977, 964, 980, -1,
      950, 949, 971, -1,
      971, 949, 972, -1,
      971, 972, 981, -1,
      981, 972, 978, -1,
      981, 978, 982, -1,
      982, 978, 979, -1,
      964, 965, 980, -1,
      980, 965, 966, -1,
      980, 966, 983, -1,
      982, 984, 981, -1,
      981, 984, 985, -1,
      981, 985, 971, -1,
      971, 985, 986, -1,
      971, 986, 951, -1,
      132, 131, 987, -1,
      987, 131, 976, -1,
      987, 976, 988, -1,
      988, 976, 977, -1,
      988, 977, 989, -1,
      989, 977, 980, -1,
      989, 980, 990, -1,
      990, 980, 983, -1,
      990, 983, 991, -1,
      991, 983, 970, -1,
      991, 970, 3, -1,
      3, 953, 986, -1,
      986, 953, 952, -1,
      986, 952, 951, -1,
      984, 992, 985, -1,
      985, 992, 993, -1,
      985, 993, 986, -1,
      986, 993, 3, -1,
      992, 994, 993, -1,
      993, 994, 3, -1,
      966, 967, 983, -1,
      983, 967, 968, -1,
      983, 968, 970, -1,
      970, 968, 969, -1,
      970, 969, 957, -1,
      133, 132, 979, -1,
      979, 132, 987, -1,
      979, 987, 982, -1,
      982, 987, 988, -1,
      982, 988, 984, -1,
      984, 988, 989, -1,
      984, 989, 992, -1,
      992, 989, 990, -1,
      992, 990, 994, -1,
      994, 990, 991, -1,
      994, 991, 3, -1,
    ]
  }
}

Shape {
  appearance Appearance {
    material Material {
      diffuseColor 0.3490 0.3490 0.3490
      specularColor 0.0235 0.0235 0.0235
      ambientIntensity 0.2
      transparency 0.0000
      shininess 0.5
    }
  }
  geometry IndexedFaceSet {
    ccw TRUE
    solid FALSE
    coord DEF co Coordinate {
      point [
        -0.632489 0.457606 0.413386,
        -0.632489 -0.457606 0.413386,
        -0.697726 0.457606 0.413386,
        -0.697726 -0.457606 0.413386,
        -0.632489 -0.469417 0.409449,
        -0.697726 -0.469417 0.409449,
        -0.632489 -0.462424 0.412787,
        -0.632489 -0.466949 0.411028,
        -0.697726 -0.466949 0.411028,
        -0.697726 -0.462424 0.412787,
        -0.697726 0.462424 0.412787,
        -0.632489 0.466949 0.411028,
        -0.632489 0.462424 0.412787,
        -0.632489 0.469417 0.409449,
        -0.697726 0.469417 0.409449,
        -0.697726 0.466949 0.411028,
      ]
    }
    coordIndex [
      15, 10, 2, -1,
      9, 8, 3, -1,
      3, 8, 5, -1,
      3, 5, 2, -1,
      2, 5, 14, -1,
      2, 14, 15, -1,
      7, 6, 1, -1,
      12, 11, 0, -1,
      0, 11, 13, -1,
      0, 13, 1, -1,
      1, 13, 4, -1,
      1, 4, 7, -1,
      14, 5, 13, -1,
      13, 5, 4, -1,
    ]
  }
}

Shape {
  appearance Appearance {
    material Material {
      diffuseColor 1.0000 1.0000 1.0000
      specularColor 0.5020 0.5020 0.5020
      ambientIntensity 0.2
      transparency 0.0000
      shininess 0.5
    }
  }
  geometry IndexedFaceSet {
    ccw TRUE
    solid FALSE
    coord DEF co Coordinate {
      point [
        0.661805 0.300539 0.413386,
        0.689934 0.312403 0.413386,
        0.688173 0.308706 0.413386,
        0.685518 0.305546 0.413386,
        0.689001 0.327185 0.413386,
        0.690320 0.323772 0.413386,
        0.690909 0.318870 0.413386,
        0.690802 0.316587 0.413386,
        0.681760 0.302857 0.413386,
        0.677680 0.301270 0.413386,
        0.671637 0.300539 0.413386,
        0.661805 0.336286 0.413386,
        0.672003 0.336286 0.413386,
        0.677461 0.335683 0.413386,
        0.681776 0.334107 0.413386,
        0.685518 0.331553 0.413386,
        0.686792 0.330306 0.413386,
        0.684007 0.310535 0.417323,
        0.682237 0.308343 0.417323,
        0.685518 0.305546 0.417323,
        0.681802 0.307937 0.417323,
        0.681760 0.302857 0.417323,
        0.679491 0.306339 0.417323,
        0.677680 0.301270 0.417323,
        0.676531 0.305198 0.417323,
        0.671637 0.300539 0.417323,
        0.671610 0.304614 0.417323,
        0.661805 0.300539 0.417323,
        0.666420 0.304614 0.417323,
        0.661805 0.336286 0.417323,
        0.666420 0.332174 0.417323,
        0.672003 0.336286 0.417323,
        0.671820 0.332174 0.417323,
        0.677461 0.335683 0.417323,
        0.676611 0.331620 0.417323,
        0.681776 0.334107 0.417323,
        0.679679 0.330469 0.417323,
        0.685518 0.331553 0.417323,
        0.682137 0.328811 0.417323,
        0.686792 0.330306 0.417323,
        0.683150 0.327810 0.417323,
        0.689001 0.327185 0.417323,
        0.684532 0.325802 0.417323,
        0.690320 0.323772 0.417323,
        0.685535 0.323183 0.417323,
        0.690909 0.318870 0.417323,
        0.686057 0.318742 0.417323,
        0.690802 0.316587 0.417323,
        0.685937 0.316457 0.417323,
        0.689934 0.312403 0.417323,
        0.685240 0.313187 0.417323,
        0.688173 0.308706 0.417323,
        0.682137 0.328811 0.413386,
        0.683150 0.327810 0.413386,
        0.684532 0.325802 0.413386,
        0.685535 0.323183 0.413386,
        0.686057 0.318742 0.413386,
        0.671820 0.332174 0.413386,
        0.676611 0.331620 0.413386,
        0.679679 0.330469 0.413386,
        0.666420 0.332174 0.413386,
        0.666420 0.304614 0.413386,
        0.671610 0.304614 0.413386,
        0.682237 0.308343 0.413386,
        0.681802 0.307937 0.413386,
        0.679491 0.306339 0.413386,
        0.676531 0.305198 0.413386,
        0.685937 0.316457 0.413386,
        0.685240 0.313187 0.413386,
        0.684007 0.310535 0.413386,
      ]
    }
    coordIndex [
      17, 18, 19, -1,
      19, 18, 20, -1,
      19, 20, 21, -1,
      21, 20, 22, -1,
      21, 22, 23, -1,
      23, 22, 24, -1,
      23, 24, 25, -1,
      25, 24, 26, -1,
      25, 26, 27, -1,
      27, 26, 28, -1,
      27, 28, 29, -1,
      29, 28, 30, -1,
      29, 30, 31, -1,
      31, 30, 32, -1,
      31, 32, 33, -1,
      33, 32, 34, -1,
      33, 34, 35, -1,
      35, 34, 36, -1,
      35, 36, 37, -1,
      37, 36, 38, -1,
      37, 38, 39, -1,
      39, 38, 40, -1,
      39, 40, 41, -1,
      41, 40, 42, -1,
      41, 42, 43, -1,
      43, 42, 44, -1,
      43, 44, 45, -1,
      45, 44, 46, -1,
      45, 46, 47, -1,
      47, 46, 48, -1,
      47, 48, 49, -1,
      49, 48, 50, -1,
      49, 50, 51, -1,
      51, 50, 17, -1,
      51, 17, 19, -1,
      19, 3, 2, -1,
      19, 2, 51, -1,
      51, 2, 1, -1,
      51, 1, 49, -1,
      49, 1, 7, -1,
      49, 7, 47, -1,
      47, 7, 6, -1,
      47, 6, 45, -1,
      45, 6, 5, -1,
      45, 5, 43, -1,
      43, 5, 4, -1,
      43, 4, 41, -1,
      41, 4, 16, -1,
      41, 16, 39, -1,
      39, 16, 15, -1,
      39, 15, 37, -1,
      37, 15, 14, -1,
      37, 14, 35, -1,
      35, 14, 13, -1,
      35, 13, 33, -1,
      33, 13, 12, -1,
      33, 12, 31, -1,
      29, 31, 11, -1,
      11, 31, 12, -1,
      27, 29, 0, -1,
      0, 29, 11, -1,
      25, 27, 10, -1,
      10, 27, 0, -1,
      25, 10, 9, -1,
      25, 9, 23, -1,
      23, 9, 8, -1,
      23, 8, 21, -1,
      21, 8, 3, -1,
      21, 3, 19, -1,
      38, 52, 53, -1,
      38, 53, 40, -1,
      40, 53, 54, -1,
      40, 54, 42, -1,
      42, 54, 55, -1,
      42, 55, 44, -1,
      44, 55, 56, -1,
      44, 56, 46, -1,
      32, 57, 58, -1,
      32, 58, 34, -1,
      34, 58, 59, -1,
      34, 59, 36, -1,
      36, 59, 52, -1,
      36, 52, 38, -1,
      32, 30, 57, -1,
      57, 30, 60, -1,
      30, 28, 60, -1,
      60, 28, 61, -1,
      28, 26, 61, -1,
      61, 26, 62, -1,
      18, 63, 64, -1,
      18, 64, 20, -1,
      20, 64, 65, -1,
      20, 65, 22, -1,
      22, 65, 66, -1,
      22, 66, 24, -1,
      24, 66, 62, -1,
      24, 62, 26, -1,
      46, 56, 67, -1,
      46, 67, 48, -1,
      48, 67, 68, -1,
      48, 68, 50, -1,
      50, 68, 69, -1,
      50, 69, 17, -1,
      17, 69, 63, -1,
      17, 63, 18, -1,
    ]
  }
}

Shape {
  appearance Appearance {
    material Material {
      diffuseColor 0.2078 0.2078 0.2078
      specularColor 0.0157 0.0157 0.0157
      ambientIntensity 0.2
      transparency 0.0000
      shininess 0.5
    }
  }
  geometry IndexedFaceSet {
    ccw TRUE
    solid FALSE
    coord DEF co Coordinate {
      point [
        0.682137 0.328811 0.413386,
        0.683150 0.327810 0.413386,
        0.684532 0.325802 0.413386,
        0.685535 0.323183 0.413386,
        0.686057 0.318742 0.413386,
        0.671820 0.332174 0.413386,
        0.676611 0.331620 0.413386,
        0.679679 0.330469 0.413386,
        0.666420 0.332174 0.413386,
        0.666420 0.304614 0.413386,
        0.671610 0.304614 0.413386,
        0.682237 0.308343 0.413386,
        0.681802 0.307937 0.413386,
        0.679491 0.306339 0.413386,
        0.676531 0.305198 0.413386,
        0.685937 0.316457 0.413386,
        0.685240 0.313187 0.413386,
        0.684007 0.310535 0.413386,
      ]
    }
    coordIndex [
      8, 9, 5, -1,
      5, 9, 10, -1,
      10, 14, 5, -1,
      5, 14, 13, -1,
      5, 13, 12, -1,
      12, 11, 5, -1,
      5, 11, 17, -1,
      5, 17, 16, -1,
      4, 0, 7, -1,
      3, 2, 4, -1,
      4, 2, 1, -1,
      4, 1, 0, -1,
      16, 15, 5, -1,
      5, 15, 4, -1,
      5, 4, 6, -1,
      6, 4, 7, -1,
    ]
  }
}

Shape {
  appearance Appearance {
    material Material {
      diffuseColor 1.0000 1.0000 1.0000
      specularColor 0.5020 0.5020 0.5020
      ambientIntensity 0.2
      transparency 0.0000
      shininess 0.5
    }
  }
  geometry IndexedFaceSet {
    ccw TRUE
    solid FALSE
    coord DEF co Coordinate {
      point [
        0.597371 0.300291 0.413386,
        0.596840 0.300237 0.413386,
        0.612828 0.293405 0.413386,
        0.613663 0.294337 0.413386,
        0.618172 0.306881 0.413386,
        0.618720 0.304779 0.413386,
        0.618839 0.304779 0.413386,
        0.631001 0.326070 0.413386,
        0.626359 0.326070 0.413386,
        0.613662 0.319853 0.413386,
        0.619387 0.306844 0.413386,
        0.619044 0.305654 0.413386,
        0.613662 0.307835 0.413386,
        0.606493 0.326070 0.413386,
        0.611501 0.326070 0.413386,
        0.616508 0.300594 0.413386,
        0.616357 0.300237 0.413386,
        0.614544 0.295952 0.413386,
        0.607416 0.288879 0.413386,
        0.607416 0.292863 0.413386,
        0.613662 0.289311 0.413386,
        0.612113 0.288721 0.413386,
        0.610304 0.288513 0.413386,
        0.609315 0.288549 0.413386,
        0.609956 0.292351 0.413386,
        0.611052 0.292476 0.413386,
        0.612031 0.292849 0.413386,
        0.619414 0.296683 0.413386,
        0.617387 0.292735 0.413386,
        0.620816 0.300237 0.413386,
        0.615749 0.290767 0.413386,
        0.615443 0.290487 0.413386,
        0.613880 0.289394 0.413386,
        0.602665 0.311706 0.413386,
        0.603500 0.310472 0.413386,
        0.602939 0.321172 0.413386,
        0.603400 0.304266 0.413386,
        0.602566 0.303085 0.413386,
        0.591160 0.325428 0.413386,
        0.589817 0.324626 0.413386,
        0.588989 0.323883 0.413386,
        0.603978 0.309152 0.413386,
        0.604163 0.307483 0.413386,
        0.603950 0.305685 0.413386,
        0.593620 0.326302 0.413386,
        0.596889 0.326655 0.413386,
        0.602939 0.325522 0.413386,
        0.599898 0.326400 0.413386,
        0.601285 0.301964 0.413386,
        0.599853 0.301128 0.413386,
        0.596450 0.323018 0.413386,
        0.595125 0.322919 0.413386,
        0.591562 0.319582 0.413386,
        0.593928 0.322602 0.413386,
        0.592923 0.322068 0.413386,
        0.591603 0.318987 0.413386,
        0.591780 0.318291 0.413386,
        0.592103 0.317687 0.413386,
        0.592539 0.317206 0.413386,
        0.594118 0.316220 0.413386,
        0.599447 0.322670 0.413386,
        0.596889 0.315013 0.413386,
        0.601967 0.321732 0.413386,
        0.598623 0.314312 0.413386,
        0.601597 0.312658 0.413386,
        0.592248 0.321471 0.413386,
        0.591864 0.320901 0.413386,
        0.591643 0.320296 0.413386,
        0.586920 0.306058 0.413386,
        0.588489 0.323433 0.413386,
        0.587657 0.322223 0.413386,
        0.588597 0.305014 0.413386,
        0.588989 0.304863 0.413386,
        0.588989 0.314349 0.413386,
        0.588217 0.315141 0.413386,
        0.587633 0.316074 0.413386,
        0.587140 0.317442 0.413386,
        0.586947 0.319180 0.413386,
        0.587124 0.320781 0.413386,
        0.588950 0.314375 0.413386,
        0.591401 0.303938 0.413386,
        0.593728 0.311760 0.413386,
        0.591059 0.312983 0.413386,
        0.594285 0.303591 0.413386,
        0.594483 0.303592 0.413386,
        0.596668 0.310529 0.413386,
        0.596778 0.303849 0.413386,
        0.599567 0.307045 0.413386,
        0.599523 0.307602 0.413386,
        0.597933 0.304272 0.413386,
        0.598342 0.304520 0.413386,
        0.598856 0.304976 0.413386,
        0.599246 0.305554 0.413386,
        0.599474 0.306191 0.413386,
        0.599319 0.308301 0.413386,
        0.598973 0.308895 0.413386,
        0.598415 0.309476 0.413386,
        0.591176 0.300237 0.413386,
        0.589783 0.300394 0.413386,
        0.588989 0.300683 0.413386,
        0.586920 0.301434 0.413386,
        0.593846 0.299936 0.413386,
        0.608332 0.292563 0.413386,
        0.562151 0.312716 0.413386,
        0.562832 0.319930 0.413386,
        0.561254 0.311435 0.413386,
        0.560638 0.309857 0.413386,
        0.561101 0.303826 0.413386,
        0.560559 0.305340 0.413386,
        0.574290 0.326417 0.413386,
        0.576185 0.325848 0.413386,
        0.563526 0.313904 0.413386,
        0.565441 0.314881 0.413386,
        0.565594 0.321715 0.413386,
        0.568808 0.315708 0.413386,
        0.572719 0.322859 0.413386,
        0.571202 0.323018 0.413386,
        0.568389 0.322709 0.413386,
        0.564039 0.300894 0.413386,
        0.562531 0.301946 0.413386,
        0.562032 0.302451 0.413386,
        0.577676 0.325002 0.413386,
        0.578874 0.323865 0.413386,
        0.579793 0.322424 0.413386,
        0.576374 0.304486 0.413386,
        0.576256 0.304486 0.413386,
        0.576374 0.300539 0.413386,
        0.575539 0.303399 0.413386,
        0.574123 0.301884 0.413386,
        0.562832 0.324279 0.413386,
        0.563774 0.324824 0.413386,
        0.567107 0.326110 0.413386,
        0.571623 0.326655 0.413386,
        0.560337 0.307374 0.413386,
        0.560351 0.307928 0.413386,
        0.576374 0.316768 0.413386,
        0.576219 0.318748 0.413386,
        0.575756 0.320342 0.413386,
        0.575230 0.321264 0.413386,
        0.580497 0.320398 0.413386,
        0.580852 0.316969 0.413386,
        0.580852 0.300539 0.413386,
        0.574553 0.321984 0.413386,
        0.573758 0.322496 0.413386,
        0.570873 0.300237 0.413386,
        0.570752 0.300194 0.413386,
        0.568434 0.299936 0.413386,
        0.565837 0.300237 0.413386,
        0.565755 0.300247 0.413386,
        0.572566 0.300851 0.413386,
        0.619387 0.306844 0.417323,
        0.619044 0.305654 0.417323,
        0.618839 0.304779 0.417323,
        0.618720 0.304779 0.417323,
        0.618172 0.306881 0.417323,
        0.611501 0.326070 0.417323,
        0.606493 0.326070 0.417323,
        0.616508 0.300594 0.417323,
        0.614544 0.295952 0.417323,
        0.613663 0.294337 0.417323,
        0.612828 0.293405 0.417323,
        0.612031 0.292849 0.417323,
        0.611052 0.292476 0.417323,
        0.609956 0.292351 0.417323,
        0.608332 0.292563 0.417323,
        0.607416 0.292863 0.417323,
        0.607416 0.288879 0.417323,
        0.609315 0.288549 0.417323,
        0.610304 0.288513 0.417323,
        0.612113 0.288721 0.417323,
        0.613880 0.289394 0.417323,
        0.615443 0.290487 0.417323,
        0.615749 0.290767 0.417323,
        0.617387 0.292735 0.417323,
        0.619414 0.296683 0.417323,
        0.631001 0.326070 0.417323,
        0.626359 0.326070 0.417323,
        0.593846 0.299936 0.417323,
        0.597371 0.300291 0.417323,
        0.599853 0.301128 0.417323,
        0.601285 0.301964 0.417323,
        0.602566 0.303085 0.417323,
        0.603400 0.304266 0.417323,
        0.603950 0.305685 0.417323,
        0.604163 0.307483 0.417323,
        0.603978 0.309152 0.417323,
        0.603500 0.310472 0.417323,
        0.602665 0.311706 0.417323,
        0.601597 0.312658 0.417323,
        0.598623 0.314312 0.417323,
        0.596889 0.315013 0.417323,
        0.594118 0.316220 0.417323,
        0.592539 0.317206 0.417323,
        0.592103 0.317687 0.417323,
        0.591780 0.318291 0.417323,
        0.591603 0.318987 0.417323,
        0.591562 0.319582 0.417323,
        0.591643 0.320296 0.417323,
        0.591864 0.320901 0.417323,
        0.592248 0.321471 0.417323,
        0.592923 0.322068 0.417323,
        0.593928 0.322602 0.417323,
        0.595125 0.322919 0.417323,
        0.596450 0.323018 0.417323,
        0.599447 0.322670 0.417323,
        0.601967 0.321732 0.417323,
        0.602939 0.321172 0.417323,
        0.602939 0.325522 0.417323,
        0.599898 0.326400 0.417323,
        0.596889 0.326655 0.417323,
        0.593620 0.326302 0.417323,
        0.591160 0.325428 0.417323,
        0.589817 0.324626 0.417323,
        0.588489 0.323433 0.417323,
        0.587657 0.322223 0.417323,
        0.587124 0.320781 0.417323,
        0.586947 0.319180 0.417323,
        0.587140 0.317442 0.417323,
        0.587633 0.316074 0.417323,
        0.588217 0.315141 0.417323,
        0.593728 0.311760 0.417323,
        0.591059 0.312983 0.417323,
        0.588950 0.314375 0.417323,
        0.596668 0.310529 0.417323,
        0.598415 0.309476 0.417323,
        0.598973 0.308895 0.417323,
        0.599319 0.308301 0.417323,
        0.599523 0.307602 0.417323,
        0.599567 0.307045 0.417323,
        0.599474 0.306191 0.417323,
        0.599246 0.305554 0.417323,
        0.598856 0.304976 0.417323,
        0.598342 0.304520 0.417323,
        0.597933 0.304272 0.417323,
        0.596778 0.303849 0.417323,
        0.594483 0.303592 0.417323,
        0.594285 0.303591 0.417323,
        0.586920 0.306058 0.417323,
        0.588597 0.305014 0.417323,
        0.591401 0.303938 0.417323,
        0.586920 0.301434 0.417323,
        0.589783 0.300394 0.417323,
        0.576374 0.300539 0.417323,
        0.580852 0.300539 0.417323,
        0.576374 0.304486 0.417323,
        0.580852 0.316969 0.417323,
        0.576374 0.316768 0.417323,
        0.566630 0.311409 0.417323,
        0.567676 0.311913 0.417323,
        0.576256 0.304486 0.417323,
        0.573894 0.305144 0.417323,
        0.575539 0.303399 0.417323,
        0.572629 0.304290 0.417323,
        0.570398 0.312546 0.417323,
        0.576374 0.313350 0.417323,
        0.576374 0.310901 0.417323,
        0.576370 0.310604 0.417323,
        0.576082 0.308606 0.417323,
        0.575425 0.307009 0.417323,
        0.574456 0.305693 0.417323,
        0.576219 0.318748 0.417323,
        0.580497 0.320398 0.417323,
        0.575756 0.320342 0.417323,
        0.579793 0.322424 0.417323,
        0.575230 0.321264 0.417323,
        0.578874 0.323865 0.417323,
        0.574553 0.321984 0.417323,
        0.577676 0.325002 0.417323,
        0.573758 0.322496 0.417323,
        0.576185 0.325848 0.417323,
        0.572719 0.322859 0.417323,
        0.574290 0.326417 0.417323,
        0.571202 0.323018 0.417323,
        0.571623 0.326655 0.417323,
        0.568389 0.322709 0.417323,
        0.567107 0.326110 0.417323,
        0.565594 0.321715 0.417323,
        0.563774 0.324824 0.417323,
        0.562832 0.319930 0.417323,
        0.562832 0.324279 0.417323,
        0.565796 0.305143 0.417323,
        0.562531 0.301946 0.417323,
        0.566177 0.304761 0.417323,
        0.564039 0.300894 0.417323,
        0.567069 0.304151 0.417323,
        0.565755 0.300247 0.417323,
        0.568082 0.303780 0.417323,
        0.568434 0.299936 0.417323,
        0.569594 0.303609 0.417323,
        0.570752 0.300194 0.417323,
        0.571270 0.303796 0.417323,
        0.572566 0.300851 0.417323,
        0.574123 0.301884 0.417323,
        0.564917 0.308450 0.417323,
        0.560351 0.307928 0.417323,
        0.564879 0.307739 0.417323,
        0.560337 0.307374 0.417323,
        0.564993 0.306711 0.417323,
        0.560559 0.305340 0.417323,
        0.565287 0.305898 0.417323,
        0.561101 0.303826 0.417323,
        0.562032 0.302451 0.417323,
        0.568808 0.315708 0.417323,
        0.565441 0.314881 0.417323,
        0.566067 0.310974 0.417323,
        0.563526 0.313904 0.417323,
        0.565531 0.310311 0.417323,
        0.562151 0.312716 0.417323,
        0.565138 0.309476 0.417323,
        0.561254 0.311435 0.417323,
        0.560638 0.309857 0.417323,
        0.574456 0.305693 0.413386,
        0.573894 0.305144 0.413386,
        0.572629 0.304290 0.413386,
        0.571270 0.303796 0.413386,
        0.569594 0.303609 0.413386,
        0.576374 0.310901 0.413386,
        0.576370 0.310604 0.413386,
        0.576082 0.308606 0.413386,
        0.575425 0.307009 0.413386,
        0.576374 0.313350 0.413386,
        0.570398 0.312546 0.413386,
        0.566067 0.310974 0.413386,
        0.566630 0.311409 0.413386,
        0.567676 0.311913 0.413386,
        0.564879 0.307739 0.413386,
        0.564917 0.308450 0.413386,
        0.565138 0.309476 0.413386,
        0.565531 0.310311 0.413386,
        0.566177 0.304761 0.413386,
        0.565796 0.305143 0.413386,
        0.565287 0.305898 0.413386,
        0.564993 0.306711 0.413386,
        0.568082 0.303780 0.413386,
        0.567069 0.304151 0.413386,
      ]
    }
    coordIndex [
      150, 10, 11, -1,
      150, 11, 151, -1,
      151, 11, 6, -1,
      151, 6, 152, -1,
      153, 152, 5, -1,
      5, 152, 6, -1,
      154, 153, 4, -1,
      4, 153, 5, -1,
      154, 4, 155, -1,
      155, 4, 9, -1,
      155, 9, 14, -1,
      156, 155, 13, -1,
      13, 155, 14, -1,
      156, 13, 157, -1,
      157, 13, 12, -1,
      157, 12, 15, -1,
      17, 158, 16, -1,
      16, 158, 157, -1,
      16, 157, 15, -1,
      158, 17, 3, -1,
      158, 3, 159, -1,
      159, 3, 2, -1,
      159, 2, 160, -1,
      160, 2, 26, -1,
      160, 26, 161, -1,
      161, 26, 25, -1,
      161, 25, 162, -1,
      162, 25, 24, -1,
      162, 24, 163, -1,
      163, 24, 102, -1,
      163, 102, 164, -1,
      164, 102, 19, -1,
      164, 19, 165, -1,
      166, 165, 18, -1,
      18, 165, 19, -1,
      166, 18, 23, -1,
      166, 23, 167, -1,
      167, 23, 22, -1,
      167, 22, 168, -1,
      168, 22, 21, -1,
      168, 21, 169, -1,
      169, 21, 20, -1,
      169, 20, 170, -1,
      20, 32, 170, -1,
      170, 32, 31, -1,
      170, 31, 171, -1,
      171, 31, 30, -1,
      171, 30, 172, -1,
      172, 30, 28, -1,
      172, 28, 173, -1,
      173, 28, 27, -1,
      173, 27, 174, -1,
      7, 175, 29, -1,
      29, 175, 174, -1,
      29, 174, 27, -1,
      176, 175, 8, -1,
      8, 175, 7, -1,
      150, 176, 10, -1,
      10, 176, 8, -1,
      151, 152, 174, -1,
      175, 176, 174, -1,
      174, 176, 150, -1,
      174, 150, 151, -1,
      155, 156, 154, -1,
      154, 156, 157, -1,
      154, 157, 153, -1,
      165, 166, 164, -1,
      164, 166, 167, -1,
      164, 167, 163, -1,
      163, 167, 168, -1,
      163, 168, 162, -1,
      162, 168, 169, -1,
      162, 169, 161, -1,
      161, 169, 170, -1,
      161, 170, 160, -1,
      173, 159, 172, -1,
      172, 159, 160, -1,
      172, 160, 171, -1,
      171, 160, 170, -1,
      152, 153, 174, -1,
      174, 153, 157, -1,
      174, 157, 173, -1,
      173, 157, 158, -1,
      173, 158, 159, -1,
      101, 1, 177, -1,
      177, 1, 178, -1,
      1, 0, 178, -1,
      178, 0, 49, -1,
      178, 49, 179, -1,
      179, 49, 48, -1,
      179, 48, 180, -1,
      180, 48, 37, -1,
      180, 37, 181, -1,
      181, 37, 36, -1,
      181, 36, 182, -1,
      182, 36, 43, -1,
      182, 43, 183, -1,
      183, 43, 42, -1,
      183, 42, 184, -1,
      184, 42, 41, -1,
      184, 41, 185, -1,
      185, 41, 34, -1,
      185, 34, 186, -1,
      186, 34, 33, -1,
      186, 33, 187, -1,
      187, 33, 64, -1,
      187, 64, 188, -1,
      188, 64, 63, -1,
      188, 63, 189, -1,
      189, 63, 61, -1,
      189, 61, 190, -1,
      190, 61, 59, -1,
      190, 59, 191, -1,
      191, 59, 58, -1,
      191, 58, 192, -1,
      192, 58, 57, -1,
      192, 57, 193, -1,
      193, 57, 56, -1,
      193, 56, 194, -1,
      194, 56, 55, -1,
      194, 55, 195, -1,
      195, 55, 52, -1,
      195, 52, 196, -1,
      196, 52, 67, -1,
      196, 67, 197, -1,
      197, 67, 66, -1,
      197, 66, 198, -1,
      198, 66, 65, -1,
      198, 65, 199, -1,
      199, 65, 54, -1,
      199, 54, 200, -1,
      200, 54, 53, -1,
      200, 53, 201, -1,
      201, 53, 51, -1,
      201, 51, 202, -1,
      202, 51, 50, -1,
      202, 50, 203, -1,
      203, 50, 60, -1,
      203, 60, 204, -1,
      204, 60, 62, -1,
      204, 62, 205, -1,
      205, 62, 35, -1,
      205, 35, 206, -1,
      207, 206, 46, -1,
      46, 206, 35, -1,
      207, 46, 47, -1,
      207, 47, 208, -1,
      208, 47, 45, -1,
      208, 45, 209, -1,
      209, 45, 44, -1,
      209, 44, 210, -1,
      210, 44, 38, -1,
      210, 38, 211, -1,
      211, 38, 39, -1,
      211, 39, 212, -1,
      39, 40, 212, -1,
      212, 40, 213, -1,
      40, 69, 213, -1,
      213, 69, 70, -1,
      213, 70, 214, -1,
      214, 70, 78, -1,
      214, 78, 215, -1,
      215, 78, 77, -1,
      215, 77, 216, -1,
      216, 77, 76, -1,
      216, 76, 217, -1,
      217, 76, 75, -1,
      217, 75, 218, -1,
      218, 75, 74, -1,
      218, 74, 219, -1,
      81, 220, 221, -1,
      219, 74, 79, -1,
      219, 79, 222, -1,
      222, 79, 73, -1,
      222, 73, 221, -1,
      221, 73, 82, -1,
      221, 82, 81, -1,
      220, 81, 85, -1,
      220, 85, 223, -1,
      223, 85, 96, -1,
      223, 96, 224, -1,
      224, 96, 95, -1,
      224, 95, 225, -1,
      225, 95, 94, -1,
      225, 94, 226, -1,
      226, 94, 88, -1,
      226, 88, 227, -1,
      227, 88, 87, -1,
      227, 87, 228, -1,
      228, 87, 93, -1,
      228, 93, 229, -1,
      229, 93, 92, -1,
      229, 92, 230, -1,
      230, 92, 91, -1,
      230, 91, 231, -1,
      231, 91, 90, -1,
      231, 90, 232, -1,
      232, 90, 89, -1,
      232, 89, 233, -1,
      233, 89, 86, -1,
      233, 86, 234, -1,
      234, 86, 84, -1,
      234, 84, 235, -1,
      235, 84, 83, -1,
      235, 83, 236, -1,
      68, 237, 238, -1,
      236, 83, 80, -1,
      236, 80, 239, -1,
      239, 80, 72, -1,
      239, 72, 238, -1,
      238, 72, 71, -1,
      238, 71, 68, -1,
      240, 237, 100, -1,
      100, 237, 68, -1,
      100, 99, 240, -1,
      240, 99, 241, -1,
      101, 177, 97, -1,
      97, 177, 241, -1,
      97, 241, 98, -1,
      98, 241, 99, -1,
      199, 200, 211, -1,
      211, 200, 210, -1,
      223, 190, 220, -1,
      220, 190, 191, -1,
      179, 180, 231, -1,
      231, 180, 181, -1,
      231, 181, 230, -1,
      230, 181, 182, -1,
      230, 182, 229, -1,
      229, 182, 183, -1,
      229, 183, 228, -1,
      228, 183, 184, -1,
      228, 184, 227, -1,
      227, 184, 185, -1,
      227, 185, 226, -1,
      226, 185, 186, -1,
      226, 186, 225, -1,
      225, 186, 187, -1,
      225, 187, 224, -1,
      224, 187, 188, -1,
      224, 188, 223, -1,
      223, 188, 189, -1,
      223, 189, 190, -1,
      177, 236, 241, -1,
      241, 236, 239, -1,
      241, 239, 240, -1,
      240, 239, 238, -1,
      240, 238, 237, -1,
      200, 201, 210, -1,
      210, 201, 202, -1,
      210, 202, 209, -1,
      209, 202, 203, -1,
      209, 203, 208, -1,
      208, 203, 204, -1,
      208, 204, 207, -1,
      207, 204, 205, -1,
      207, 205, 206, -1,
      231, 232, 179, -1,
      179, 232, 233, -1,
      179, 233, 178, -1,
      178, 233, 234, -1,
      178, 234, 177, -1,
      177, 234, 235, -1,
      177, 235, 236, -1,
      211, 212, 199, -1,
      199, 212, 213, -1,
      199, 213, 198, -1,
      198, 213, 214, -1,
      198, 214, 197, -1,
      197, 214, 215, -1,
      197, 215, 196, -1,
      196, 215, 216, -1,
      196, 216, 195, -1,
      195, 216, 217, -1,
      195, 217, 194, -1,
      194, 217, 218, -1,
      194, 218, 193, -1,
      193, 218, 219, -1,
      193, 219, 192, -1,
      192, 219, 222, -1,
      192, 222, 191, -1,
      191, 222, 221, -1,
      191, 221, 220, -1,
      242, 243, 244, -1,
      244, 243, 245, -1,
      246, 247, 248, -1,
      249, 250, 251, -1,
      251, 250, 252, -1,
      253, 254, 245, -1,
      245, 254, 255, -1,
      255, 256, 245, -1,
      245, 256, 257, -1,
      245, 257, 244, -1,
      244, 257, 258, -1,
      244, 258, 249, -1,
      249, 258, 259, -1,
      249, 259, 250, -1,
      248, 253, 246, -1,
      246, 253, 245, -1,
      246, 245, 260, -1,
      260, 245, 261, -1,
      260, 261, 262, -1,
      262, 261, 263, -1,
      262, 263, 264, -1,
      264, 263, 265, -1,
      264, 265, 266, -1,
      266, 265, 267, -1,
      266, 267, 268, -1,
      268, 267, 269, -1,
      268, 269, 270, -1,
      270, 269, 271, -1,
      270, 271, 272, -1,
      272, 271, 273, -1,
      272, 273, 274, -1,
      274, 273, 275, -1,
      274, 275, 276, -1,
      276, 275, 277, -1,
      276, 277, 278, -1,
      278, 277, 279, -1,
      280, 281, 282, -1,
      282, 281, 283, -1,
      282, 283, 284, -1,
      284, 283, 285, -1,
      284, 285, 286, -1,
      286, 285, 287, -1,
      286, 287, 288, -1,
      288, 287, 289, -1,
      288, 289, 290, -1,
      290, 289, 291, -1,
      290, 291, 252, -1,
      252, 291, 292, -1,
      252, 292, 251, -1,
      293, 294, 295, -1,
      295, 294, 296, -1,
      295, 296, 297, -1,
      297, 296, 298, -1,
      297, 298, 299, -1,
      299, 298, 300, -1,
      299, 300, 280, -1,
      280, 300, 301, -1,
      280, 301, 281, -1,
      246, 302, 247, -1,
      247, 302, 303, -1,
      247, 303, 304, -1,
      304, 303, 305, -1,
      304, 305, 306, -1,
      306, 305, 307, -1,
      306, 307, 308, -1,
      308, 307, 309, -1,
      308, 309, 293, -1,
      293, 309, 310, -1,
      293, 310, 294, -1,
      272, 116, 115, -1,
      272, 115, 270, -1,
      270, 115, 143, -1,
      270, 143, 268, -1,
      268, 143, 142, -1,
      268, 142, 266, -1,
      266, 142, 138, -1,
      266, 138, 264, -1,
      264, 138, 137, -1,
      264, 137, 262, -1,
      262, 137, 136, -1,
      262, 136, 260, -1,
      260, 136, 135, -1,
      260, 135, 246, -1,
      302, 246, 114, -1,
      114, 246, 135, -1,
      302, 114, 112, -1,
      302, 112, 303, -1,
      303, 112, 111, -1,
      303, 111, 305, -1,
      305, 111, 103, -1,
      305, 103, 307, -1,
      307, 103, 105, -1,
      307, 105, 309, -1,
      309, 105, 106, -1,
      309, 106, 310, -1,
      310, 106, 134, -1,
      310, 134, 294, -1,
      294, 134, 133, -1,
      294, 133, 296, -1,
      296, 133, 108, -1,
      296, 108, 298, -1,
      298, 108, 107, -1,
      298, 107, 300, -1,
      300, 107, 120, -1,
      300, 120, 301, -1,
      301, 120, 119, -1,
      301, 119, 281, -1,
      146, 287, 147, -1,
      147, 287, 285, -1,
      147, 285, 148, -1,
      148, 285, 283, -1,
      148, 283, 118, -1,
      118, 283, 281, -1,
      118, 281, 119, -1,
      287, 146, 145, -1,
      287, 145, 289, -1,
      289, 145, 144, -1,
      289, 144, 291, -1,
      144, 149, 291, -1,
      291, 149, 128, -1,
      291, 128, 292, -1,
      292, 128, 127, -1,
      292, 127, 251, -1,
      251, 127, 125, -1,
      251, 125, 249, -1,
      244, 249, 124, -1,
      124, 249, 125, -1,
      242, 244, 126, -1,
      126, 244, 124, -1,
      243, 242, 141, -1,
      141, 242, 126, -1,
      245, 243, 140, -1,
      140, 243, 141, -1,
      245, 140, 139, -1,
      245, 139, 261, -1,
      261, 139, 123, -1,
      261, 123, 263, -1,
      263, 123, 122, -1,
      263, 122, 265, -1,
      265, 122, 121, -1,
      265, 121, 267, -1,
      267, 121, 110, -1,
      267, 110, 269, -1,
      269, 110, 109, -1,
      269, 109, 271, -1,
      271, 109, 132, -1,
      271, 132, 273, -1,
      273, 132, 131, -1,
      273, 131, 275, -1,
      275, 131, 130, -1,
      275, 130, 277, -1,
      277, 130, 129, -1,
      277, 129, 279, -1,
      278, 279, 104, -1,
      104, 279, 129, -1,
      278, 104, 113, -1,
      278, 113, 276, -1,
      276, 113, 117, -1,
      276, 117, 274, -1,
      274, 117, 116, -1,
      274, 116, 272, -1,
      259, 311, 312, -1,
      259, 312, 250, -1,
      250, 312, 313, -1,
      250, 313, 252, -1,
      252, 313, 314, -1,
      252, 314, 290, -1,
      290, 314, 315, -1,
      290, 315, 288, -1,
      255, 316, 317, -1,
      255, 317, 256, -1,
      256, 317, 318, -1,
      256, 318, 257, -1,
      257, 318, 319, -1,
      257, 319, 258, -1,
      258, 319, 311, -1,
      258, 311, 259, -1,
      255, 254, 316, -1,
      316, 254, 320, -1,
      254, 253, 320, -1,
      320, 253, 321, -1,
      304, 322, 323, -1,
      304, 323, 247, -1,
      247, 323, 324, -1,
      247, 324, 248, -1,
      248, 324, 321, -1,
      248, 321, 253, -1,
      295, 325, 326, -1,
      295, 326, 293, -1,
      293, 326, 327, -1,
      293, 327, 308, -1,
      308, 327, 328, -1,
      308, 328, 306, -1,
      306, 328, 322, -1,
      306, 322, 304, -1,
      282, 329, 330, -1,
      282, 330, 280, -1,
      280, 330, 331, -1,
      280, 331, 299, -1,
      299, 331, 332, -1,
      299, 332, 297, -1,
      297, 332, 325, -1,
      297, 325, 295, -1,
      288, 315, 333, -1,
      288, 333, 286, -1,
      286, 333, 334, -1,
      286, 334, 284, -1,
      284, 334, 329, -1,
      284, 329, 282, -1,
    ]
  }
}

Shape {
  appearance Appearance {
    material Material {
      diffuseColor 0.2078 0.2078 0.2078
      specularColor 0.0157 0.0157 0.0157
      ambientIntensity 0.2
      transparency 0.0000
      shininess 0.5
    }
  }
  geometry IndexedFaceSet {
    ccw TRUE
    solid FALSE
    coord DEF co Coordinate {
      point [
        0.574456 0.305693 0.413386,
        0.573894 0.305144 0.413386,
        0.572629 0.304290 0.413386,
        0.571270 0.303796 0.413386,
        0.569594 0.303609 0.413386,
        0.576374 0.310901 0.413386,
        0.576370 0.310604 0.413386,
        0.576082 0.308606 0.413386,
        0.575425 0.307009 0.413386,
        0.576374 0.313350 0.413386,
        0.570398 0.312546 0.413386,
        0.566067 0.310974 0.413386,
        0.566630 0.311409 0.413386,
        0.567676 0.311913 0.413386,
        0.564879 0.307739 0.413386,
        0.564917 0.308450 0.413386,
        0.565138 0.309476 0.413386,
        0.565531 0.310311 0.413386,
        0.566177 0.304761 0.413386,
        0.565796 0.305143 0.413386,
        0.565287 0.305898 0.413386,
        0.564993 0.306711 0.413386,
        0.568082 0.303780 0.413386,
        0.567069 0.304151 0.413386,
      ]
    }
    coordIndex [
      6, 5, 11, -1,
      5, 9, 10, -1,
      10, 13, 5, -1,
      5, 13, 12, -1,
      5, 12, 11, -1,
      6, 11, 7, -1,
      7, 11, 17, -1,
      7, 17, 8, -1,
      19, 18, 1, -1,
      19, 1, 20, -1,
      2, 1, 3, -1,
      3, 1, 4, -1,
      17, 16, 8, -1,
      8, 16, 15, -1,
      8, 15, 0, -1,
      0, 15, 14, -1,
      0, 14, 1, -1,
      1, 14, 21, -1,
      1, 21, 20, -1,
      18, 23, 1, -1,
      1, 23, 22, -1,
      1, 22, 4, -1,
    ]
  }
}

Shape {
  appearance Appearance {
    material Material {
      diffuseColor 1.0000 1.0000 1.0000
      specularColor 0.5020 0.5020 0.5020
      ambientIntensity 0.2
      transparency 0.0000
      shininess 0.5
    }
  }
  geometry IndexedFaceSet {
    ccw TRUE
    solid FALSE
    coord DEF co Coordinate {
      point [
        0.491197 0.365120 0.413386,
        0.498091 0.359290 0.413386,
        0.458222 0.396531 0.413386,
        0.462937 0.393298 0.413386,
        0.468662 0.389371 0.413386,
        0.477154 0.379519 0.413386,
        0.482387 0.369293 0.413386,
        0.483633 0.368874 0.413386,
        0.434096 0.402588 0.413386,
        0.445557 0.401269 0.413386,
        0.422071 0.401174 0.413386,
        0.410316 0.396788 0.413386,
        0.404614 0.393298 0.413386,
        0.403597 0.392676 0.413386,
        0.376556 0.380764 0.413386,
        0.386568 0.382001 0.413386,
        0.397624 0.387561 0.413386,
        0.389491 0.381842 0.413386,
        0.392414 0.381493 0.413386,
        0.357339 0.369801 0.413386,
        0.359056 0.371426 0.413386,
        0.367140 0.377108 0.413386,
        0.346038 0.346466 0.413386,
        0.347172 0.352818 0.413386,
        0.349003 0.356947 0.413386,
        0.351229 0.361968 0.413386,
        0.364003 0.306358 0.413386,
        0.356069 0.313123 0.413386,
        0.350265 0.321409 0.413386,
        0.373189 0.301884 0.413386,
        0.376722 0.300237 0.413386,
        0.376402 0.300923 0.413386,
        0.346624 0.330871 0.413386,
        0.345394 0.340826 0.413386,
        0.345466 0.343266 0.413386,
        0.390037 0.286077 0.413386,
        0.387707 0.287055 0.413386,
        0.382735 0.290801 0.413386,
        0.378953 0.295465 0.413386,
        0.411069 0.286077 0.413386,
        0.406703 0.284399 0.413386,
        0.400547 0.283640 0.413386,
        0.399573 0.283658 0.413386,
        0.393572 0.284593 0.413386,
        0.424361 0.300237 0.413386,
        0.424335 0.300127 0.413386,
        0.421326 0.294464 0.413386,
        0.417433 0.290101 0.413386,
        0.412371 0.286577 0.413386,
        0.506386 0.344297 0.413386,
        0.507549 0.335997 0.413386,
        0.456815 0.315231 0.413386,
        0.458559 0.315920 0.413386,
        0.461546 0.330406 0.413386,
        0.498145 0.311852 0.413386,
        0.491230 0.305998 0.413386,
        0.419609 0.326085 0.413386,
        0.453667 0.343876 0.413386,
        0.415165 0.330131 0.413386,
        0.409770 0.333021 0.413386,
        0.455253 0.314124 0.413386,
        0.503191 0.318881 0.413386,
        0.491665 0.337982 0.413386,
        0.490469 0.342863 0.413386,
        0.488524 0.346466 0.413386,
        0.362039 0.346466 0.413386,
        0.506383 0.326928 0.413386,
        0.460529 0.316173 0.413386,
        0.460776 0.316155 0.413386,
        0.461539 0.315986 0.413386,
        0.363537 0.331188 0.413386,
        0.366558 0.326048 0.413386,
        0.379463 0.323413 0.413386,
        0.371115 0.321365 0.413386,
        0.376656 0.317952 0.413386,
        0.388861 0.331830 0.413386,
        0.383664 0.328218 0.413386,
        0.361406 0.341335 0.413386,
        0.361712 0.337407 0.413386,
        0.394474 0.333978 0.413386,
        0.400547 0.334727 0.413386,
        0.403635 0.334544 0.413386,
        0.452650 0.308294 0.413386,
        0.452715 0.309297 0.413386,
        0.425963 0.311598 0.413386,
        0.453225 0.311231 0.413386,
        0.454202 0.312965 0.413386,
        0.486630 0.322298 0.413386,
        0.489427 0.326262 0.413386,
        0.491180 0.330791 0.413386,
        0.491791 0.335743 0.413386,
        0.458589 0.300646 0.413386,
        0.456908 0.301307 0.413386,
        0.455259 0.302479 0.413386,
        0.454669 0.303081 0.413386,
        0.453561 0.304677 0.413386,
        0.452891 0.306401 0.413386,
        0.425824 0.306401 0.413386,
        0.425963 0.309056 0.413386,
        0.483475 0.302204 0.413386,
        0.475016 0.300415 0.413386,
        0.460021 0.300415 0.413386,
        0.462054 0.315919 0.413386,
        0.473491 0.315919 0.413386,
        0.478061 0.316795 0.413386,
        0.482545 0.318875 0.413386,
        0.486302 0.321945 0.413386,
        0.469933 0.355568 0.413386,
        0.364343 0.353159 0.413386,
        0.362165 0.347491 0.413386,
        0.471967 0.355568 0.413386,
        0.488103 0.347246 0.413386,
        0.485181 0.350507 0.413386,
        0.481240 0.353261 0.413386,
        0.476804 0.354970 0.413386,
        0.464449 0.370845 0.413386,
        0.458714 0.377692 0.413386,
        0.400293 0.362939 0.413386,
        0.458083 0.378267 0.413386,
        0.450942 0.383223 0.413386,
        0.404176 0.370980 0.413386,
        0.366980 0.356947 0.413386,
        0.398493 0.363924 0.413386,
        0.469630 0.356947 0.413386,
        0.468373 0.362657 0.413386,
        0.392794 0.366010 0.413386,
        0.386822 0.366751 0.413386,
        0.384167 0.366612 0.413386,
        0.409877 0.377789 0.413386,
        0.442972 0.386278 0.413386,
        0.416689 0.382767 0.413386,
        0.434350 0.387338 0.413386,
        0.424992 0.386132 0.413386,
        0.377893 0.365122 0.413386,
        0.372230 0.362113 0.413386,
        0.367867 0.358221 0.413386,
        0.499771 0.356947 0.413386,
        0.503278 0.352059 0.413386,
        0.505517 0.346466 0.413386,
        0.378953 0.295465 0.417323,
        0.382735 0.290801 0.417323,
        0.376656 0.317952 0.417323,
        0.425963 0.311598 0.417323,
        0.461546 0.330406 0.417323,
        0.410138 0.309970 0.417323,
        0.409562 0.312328 0.417323,
        0.372230 0.362113 0.417323,
        0.377893 0.365122 0.417323,
        0.376556 0.380764 0.417323,
        0.419609 0.326085 0.417323,
        0.400293 0.318715 0.417323,
        0.402428 0.318480 0.417323,
        0.392414 0.381493 0.417323,
        0.400293 0.362939 0.417323,
        0.404176 0.370980 0.417323,
        0.404786 0.317631 0.417323,
        0.406828 0.316247 0.417323,
        0.408462 0.314416 0.417323,
        0.371115 0.321365 0.417323,
        0.373189 0.301884 0.417323,
        0.376402 0.300923 0.417323,
        0.386568 0.382001 0.417323,
        0.453667 0.343876 0.417323,
        0.425963 0.309056 0.417323,
        0.410141 0.307681 0.417323,
        0.425824 0.306401 0.417323,
        0.397807 0.318396 0.417323,
        0.394474 0.333978 0.417323,
        0.395587 0.317520 0.417323,
        0.388861 0.331830 0.417323,
        0.393600 0.316106 0.417323,
        0.383664 0.328218 0.417323,
        0.392596 0.315044 0.417323,
        0.379463 0.323413 0.417323,
        0.391282 0.312942 0.417323,
        0.390533 0.310550 0.417323,
        0.390407 0.308073 0.417323,
        0.409770 0.333021 0.417323,
        0.403635 0.334544 0.417323,
        0.400547 0.334727 0.417323,
        0.469933 0.355568 0.417323,
        0.471967 0.355568 0.417323,
        0.482387 0.369293 0.417323,
        0.476804 0.354970 0.417323,
        0.483633 0.368874 0.417323,
        0.481240 0.353261 0.417323,
        0.491197 0.365120 0.417323,
        0.498091 0.359290 0.417323,
        0.397624 0.387561 0.417323,
        0.409877 0.377789 0.417323,
        0.403597 0.392676 0.417323,
        0.416689 0.382767 0.417323,
        0.410316 0.396788 0.417323,
        0.384167 0.366612 0.417323,
        0.386822 0.366751 0.417323,
        0.389491 0.381842 0.417323,
        0.392794 0.366010 0.417323,
        0.398493 0.363924 0.417323,
        0.498145 0.311852 0.417323,
        0.486302 0.321945 0.417323,
        0.491230 0.305998 0.417323,
        0.482545 0.318875 0.417323,
        0.483475 0.302204 0.417323,
        0.478061 0.316795 0.417323,
        0.475016 0.300415 0.417323,
        0.473491 0.315919 0.417323,
        0.460021 0.300415 0.417323,
        0.462054 0.315919 0.417323,
        0.458589 0.300646 0.417323,
        0.415165 0.330131 0.417323,
        0.485181 0.350507 0.417323,
        0.488103 0.347246 0.417323,
        0.503278 0.352059 0.417323,
        0.490469 0.342863 0.417323,
        0.506386 0.344297 0.417323,
        0.491665 0.337982 0.417323,
        0.507549 0.335997 0.417323,
        0.491791 0.335743 0.417323,
        0.506383 0.326928 0.417323,
        0.491180 0.330791 0.417323,
        0.503191 0.318881 0.417323,
        0.489427 0.326262 0.417323,
        0.486630 0.322298 0.417323,
        0.468662 0.389371 0.417323,
        0.458714 0.377692 0.417323,
        0.477154 0.379519 0.417323,
        0.464449 0.370845 0.417323,
        0.468373 0.362657 0.417323,
        0.362165 0.347491 0.417323,
        0.345466 0.343266 0.417323,
        0.361406 0.341335 0.417323,
        0.345394 0.340826 0.417323,
        0.361712 0.337407 0.417323,
        0.346624 0.330871 0.417323,
        0.363537 0.331188 0.417323,
        0.350265 0.321409 0.417323,
        0.366558 0.326048 0.417323,
        0.356069 0.313123 0.417323,
        0.364003 0.306358 0.417323,
        0.390877 0.305689 0.417323,
        0.391883 0.303553 0.417323,
        0.422071 0.401174 0.417323,
        0.424992 0.386132 0.417323,
        0.434096 0.402588 0.417323,
        0.434350 0.387338 0.417323,
        0.445557 0.401269 0.417323,
        0.442972 0.386278 0.417323,
        0.458222 0.396531 0.417323,
        0.450942 0.383223 0.417323,
        0.458083 0.378267 0.417323,
        0.367140 0.377108 0.417323,
        0.359056 0.371426 0.417323,
        0.367867 0.358221 0.417323,
        0.357339 0.369801 0.417323,
        0.364343 0.353159 0.417323,
        0.351229 0.361968 0.417323,
        0.347172 0.352818 0.417323,
        0.424335 0.300127 0.417323,
        0.409539 0.305241 0.417323,
        0.421326 0.294464 0.417323,
        0.408361 0.303055 0.417323,
        0.417433 0.290101 0.417323,
        0.406967 0.301478 0.417323,
        0.412371 0.286577 0.417323,
        0.405035 0.300095 0.417323,
        0.406703 0.284399 0.417323,
        0.402833 0.299217 0.417323,
        0.400547 0.283640 0.417323,
        0.400293 0.298890 0.417323,
        0.399573 0.283658 0.417323,
        0.399860 0.298899 0.417323,
        0.393572 0.284593 0.417323,
        0.397578 0.299271 0.417323,
        0.387707 0.287055 0.417323,
        0.395281 0.300258 0.417323,
        0.393335 0.301749 0.417323,
        0.460776 0.316155 0.417323,
        0.454669 0.303081 0.417323,
        0.455259 0.302479 0.417323,
        0.461539 0.315986 0.417323,
        0.456908 0.301307 0.417323,
        0.452650 0.308294 0.417323,
        0.452891 0.306401 0.417323,
        0.453561 0.304677 0.417323,
        0.458559 0.315920 0.417323,
        0.456815 0.315231 0.417323,
        0.452715 0.309297 0.417323,
        0.455253 0.314124 0.417323,
        0.454202 0.312965 0.417323,
        0.453225 0.311231 0.417323,
        0.460529 0.316173 0.417323,
        0.400293 0.318715 0.413386,
        0.402428 0.318480 0.413386,
        0.404786 0.317631 0.413386,
        0.406828 0.316247 0.413386,
        0.408462 0.314416 0.413386,
        0.409562 0.312328 0.413386,
        0.410138 0.309970 0.413386,
        0.410141 0.307681 0.413386,
        0.409539 0.305241 0.413386,
        0.408361 0.303055 0.413386,
        0.406967 0.301478 0.413386,
        0.405035 0.300095 0.413386,
        0.402833 0.299217 0.413386,
        0.400293 0.298890 0.413386,
        0.399860 0.298899 0.413386,
        0.397578 0.299271 0.413386,
        0.395281 0.300258 0.413386,
        0.393335 0.301749 0.413386,
        0.391883 0.303553 0.413386,
        0.390877 0.305689 0.413386,
        0.390407 0.308073 0.413386,
        0.390533 0.310550 0.413386,
        0.391282 0.312942 0.413386,
        0.392596 0.315044 0.413386,
        0.393600 0.316106 0.413386,
        0.395587 0.317520 0.413386,
        0.397807 0.318396 0.413386,
      ]
    }
    coordIndex [
      139, 140, 141, -1,
      142, 143, 144, -1,
      144, 143, 145, -1,
      146, 147, 148, -1,
      149, 150, 151, -1,
      152, 153, 154, -1,
      151, 155, 149, -1,
      149, 155, 156, -1,
      149, 156, 157, -1,
      158, 159, 141, -1,
      141, 159, 160, -1,
      141, 160, 139, -1,
      148, 147, 161, -1,
      145, 143, 157, -1,
      157, 143, 162, -1,
      157, 162, 149, -1,
      142, 144, 163, -1,
      163, 144, 164, -1,
      163, 164, 165, -1,
      166, 167, 168, -1,
      168, 167, 169, -1,
      168, 169, 170, -1,
      170, 169, 171, -1,
      170, 171, 172, -1,
      172, 171, 173, -1,
      172, 173, 174, -1,
      174, 173, 141, -1,
      174, 141, 175, -1,
      175, 141, 176, -1,
      177, 178, 166, -1,
      166, 178, 179, -1,
      166, 179, 167, -1,
      180, 181, 182, -1,
      182, 181, 183, -1,
      182, 183, 184, -1,
      184, 183, 185, -1,
      184, 185, 186, -1,
      186, 185, 187, -1,
      152, 154, 188, -1,
      188, 154, 189, -1,
      188, 189, 190, -1,
      190, 189, 191, -1,
      190, 191, 192, -1,
      147, 193, 161, -1,
      161, 193, 194, -1,
      161, 194, 195, -1,
      195, 194, 196, -1,
      195, 196, 152, -1,
      152, 196, 197, -1,
      152, 197, 153, -1,
      198, 199, 200, -1,
      200, 199, 201, -1,
      200, 201, 202, -1,
      202, 201, 203, -1,
      202, 203, 204, -1,
      204, 203, 205, -1,
      204, 205, 206, -1,
      206, 205, 207, -1,
      206, 207, 208, -1,
      150, 149, 166, -1,
      166, 149, 209, -1,
      166, 209, 177, -1,
      185, 210, 187, -1,
      187, 210, 211, -1,
      187, 211, 212, -1,
      212, 211, 213, -1,
      212, 213, 214, -1,
      214, 213, 215, -1,
      214, 215, 216, -1,
      216, 215, 217, -1,
      216, 217, 218, -1,
      218, 217, 219, -1,
      218, 219, 220, -1,
      220, 219, 221, -1,
      220, 221, 198, -1,
      198, 221, 222, -1,
      198, 222, 199, -1,
      223, 224, 225, -1,
      225, 224, 226, -1,
      225, 226, 182, -1,
      182, 226, 227, -1,
      182, 227, 180, -1,
      228, 229, 230, -1,
      230, 229, 231, -1,
      230, 231, 232, -1,
      232, 231, 233, -1,
      232, 233, 234, -1,
      234, 233, 235, -1,
      234, 235, 236, -1,
      236, 235, 237, -1,
      236, 237, 158, -1,
      158, 237, 238, -1,
      158, 238, 159, -1,
      176, 141, 239, -1,
      239, 141, 140, -1,
      239, 140, 240, -1,
      192, 191, 241, -1,
      241, 191, 242, -1,
      241, 242, 243, -1,
      243, 242, 244, -1,
      243, 244, 245, -1,
      245, 244, 246, -1,
      245, 246, 247, -1,
      247, 246, 248, -1,
      247, 248, 223, -1,
      223, 248, 249, -1,
      223, 249, 224, -1,
      148, 250, 146, -1,
      146, 250, 251, -1,
      146, 251, 252, -1,
      252, 251, 253, -1,
      252, 253, 254, -1,
      254, 253, 255, -1,
      254, 255, 228, -1,
      228, 255, 256, -1,
      228, 256, 229, -1,
      165, 164, 257, -1,
      257, 164, 258, -1,
      257, 258, 259, -1,
      259, 258, 260, -1,
      259, 260, 261, -1,
      261, 260, 262, -1,
      261, 262, 263, -1,
      263, 262, 264, -1,
      263, 264, 265, -1,
      265, 264, 266, -1,
      265, 266, 267, -1,
      267, 266, 268, -1,
      267, 268, 269, -1,
      269, 268, 270, -1,
      269, 270, 271, -1,
      271, 270, 272, -1,
      271, 272, 273, -1,
      273, 272, 274, -1,
      273, 274, 140, -1,
      140, 274, 275, -1,
      140, 275, 240, -1,
      276, 277, 278, -1,
      207, 279, 208, -1,
      208, 279, 276, -1,
      208, 276, 280, -1,
      280, 276, 278, -1,
      281, 282, 276, -1,
      276, 282, 283, -1,
      276, 283, 277, -1,
      284, 285, 286, -1,
      285, 287, 286, -1,
      286, 287, 288, -1,
      286, 288, 289, -1,
      281, 276, 286, -1,
      286, 276, 290, -1,
      286, 290, 284, -1,
      136, 187, 137, -1,
      137, 187, 212, -1,
      137, 212, 138, -1,
      138, 212, 214, -1,
      138, 214, 49, -1,
      49, 214, 216, -1,
      49, 216, 50, -1,
      136, 1, 187, -1,
      187, 1, 0, -1,
      187, 0, 186, -1,
      186, 0, 7, -1,
      186, 7, 184, -1,
      184, 7, 6, -1,
      184, 6, 182, -1,
      182, 6, 5, -1,
      182, 5, 225, -1,
      225, 5, 4, -1,
      225, 4, 223, -1,
      223, 4, 247, -1,
      247, 4, 3, -1,
      3, 2, 247, -1,
      247, 2, 9, -1,
      247, 9, 245, -1,
      245, 9, 8, -1,
      245, 8, 243, -1,
      13, 190, 12, -1,
      12, 190, 192, -1,
      12, 192, 11, -1,
      11, 192, 241, -1,
      11, 241, 10, -1,
      10, 241, 243, -1,
      10, 243, 8, -1,
      190, 13, 16, -1,
      190, 16, 188, -1,
      188, 16, 18, -1,
      188, 18, 152, -1,
      152, 18, 17, -1,
      152, 17, 195, -1,
      195, 17, 15, -1,
      195, 15, 161, -1,
      161, 15, 14, -1,
      161, 14, 148, -1,
      148, 14, 21, -1,
      148, 21, 250, -1,
      250, 21, 20, -1,
      250, 20, 251, -1,
      251, 20, 19, -1,
      251, 19, 253, -1,
      256, 255, 25, -1,
      25, 255, 253, -1,
      25, 253, 19, -1,
      25, 24, 256, -1,
      256, 24, 23, -1,
      256, 23, 229, -1,
      229, 23, 22, -1,
      22, 34, 229, -1,
      229, 34, 33, -1,
      229, 33, 231, -1,
      231, 33, 32, -1,
      231, 32, 233, -1,
      233, 32, 28, -1,
      233, 28, 235, -1,
      235, 28, 27, -1,
      235, 27, 237, -1,
      237, 27, 26, -1,
      237, 26, 238, -1,
      238, 26, 29, -1,
      238, 29, 159, -1,
      159, 29, 31, -1,
      159, 31, 160, -1,
      160, 31, 30, -1,
      160, 30, 139, -1,
      30, 38, 139, -1,
      139, 38, 37, -1,
      139, 37, 140, -1,
      140, 37, 36, -1,
      140, 36, 273, -1,
      273, 36, 35, -1,
      273, 35, 271, -1,
      35, 43, 271, -1,
      271, 43, 42, -1,
      271, 42, 269, -1,
      269, 42, 41, -1,
      269, 41, 267, -1,
      98, 163, 165, -1,
      267, 41, 40, -1,
      267, 40, 265, -1,
      265, 40, 39, -1,
      265, 39, 263, -1,
      39, 48, 263, -1,
      263, 48, 47, -1,
      263, 47, 261, -1,
      261, 47, 46, -1,
      261, 46, 259, -1,
      259, 46, 45, -1,
      259, 45, 257, -1,
      257, 45, 44, -1,
      257, 44, 165, -1,
      165, 44, 97, -1,
      165, 97, 98, -1,
      142, 163, 84, -1,
      84, 163, 98, -1,
      143, 142, 53, -1,
      53, 142, 84, -1,
      162, 143, 57, -1,
      57, 143, 53, -1,
      149, 162, 56, -1,
      56, 162, 57, -1,
      149, 56, 58, -1,
      149, 58, 209, -1,
      209, 58, 59, -1,
      209, 59, 177, -1,
      177, 59, 81, -1,
      177, 81, 178, -1,
      178, 81, 80, -1,
      178, 80, 179, -1,
      179, 80, 79, -1,
      179, 79, 167, -1,
      167, 79, 75, -1,
      167, 75, 169, -1,
      169, 75, 76, -1,
      169, 76, 171, -1,
      171, 76, 72, -1,
      171, 72, 173, -1,
      173, 72, 74, -1,
      173, 74, 141, -1,
      141, 74, 73, -1,
      141, 73, 158, -1,
      158, 73, 71, -1,
      158, 71, 236, -1,
      236, 71, 70, -1,
      236, 70, 234, -1,
      234, 70, 78, -1,
      234, 78, 232, -1,
      232, 78, 77, -1,
      232, 77, 230, -1,
      77, 65, 230, -1,
      230, 65, 228, -1,
      65, 109, 228, -1,
      228, 109, 108, -1,
      228, 108, 254, -1,
      254, 108, 121, -1,
      254, 121, 252, -1,
      121, 135, 252, -1,
      252, 135, 134, -1,
      252, 134, 146, -1,
      146, 134, 133, -1,
      146, 133, 147, -1,
      147, 133, 127, -1,
      147, 127, 193, -1,
      193, 127, 126, -1,
      193, 126, 194, -1,
      194, 126, 125, -1,
      194, 125, 196, -1,
      196, 125, 122, -1,
      196, 122, 197, -1,
      197, 122, 117, -1,
      197, 117, 153, -1,
      153, 117, 120, -1,
      153, 120, 154, -1,
      154, 120, 128, -1,
      154, 128, 189, -1,
      189, 128, 130, -1,
      189, 130, 191, -1,
      191, 130, 132, -1,
      191, 132, 242, -1,
      242, 132, 131, -1,
      242, 131, 244, -1,
      107, 180, 123, -1,
      123, 180, 227, -1,
      123, 227, 124, -1,
      124, 227, 226, -1,
      124, 226, 115, -1,
      115, 226, 224, -1,
      115, 224, 116, -1,
      116, 224, 249, -1,
      116, 249, 118, -1,
      118, 249, 248, -1,
      118, 248, 119, -1,
      119, 248, 246, -1,
      119, 246, 129, -1,
      129, 246, 244, -1,
      129, 244, 131, -1,
      181, 180, 110, -1,
      110, 180, 107, -1,
      181, 110, 114, -1,
      181, 114, 183, -1,
      183, 114, 113, -1,
      183, 113, 185, -1,
      185, 113, 112, -1,
      185, 112, 210, -1,
      210, 112, 111, -1,
      210, 111, 211, -1,
      211, 111, 64, -1,
      211, 64, 213, -1,
      64, 63, 213, -1,
      213, 63, 62, -1,
      213, 62, 215, -1,
      215, 62, 90, -1,
      215, 90, 217, -1,
      217, 90, 89, -1,
      217, 89, 219, -1,
      219, 89, 88, -1,
      219, 88, 221, -1,
      221, 88, 87, -1,
      221, 87, 222, -1,
      222, 87, 106, -1,
      222, 106, 199, -1,
      199, 106, 105, -1,
      199, 105, 201, -1,
      201, 105, 104, -1,
      201, 104, 203, -1,
      203, 104, 103, -1,
      203, 103, 205, -1,
      207, 205, 102, -1,
      102, 205, 103, -1,
      207, 102, 69, -1,
      207, 69, 279, -1,
      279, 69, 68, -1,
      279, 68, 276, -1,
      276, 68, 67, -1,
      276, 67, 290, -1,
      290, 67, 52, -1,
      290, 52, 284, -1,
      284, 52, 51, -1,
      284, 51, 285, -1,
      285, 51, 60, -1,
      285, 60, 287, -1,
      287, 60, 86, -1,
      287, 86, 288, -1,
      288, 86, 85, -1,
      288, 85, 289, -1,
      289, 85, 83, -1,
      289, 83, 286, -1,
      286, 83, 82, -1,
      286, 82, 281, -1,
      281, 82, 96, -1,
      281, 96, 282, -1,
      282, 96, 95, -1,
      282, 95, 283, -1,
      283, 95, 94, -1,
      283, 94, 277, -1,
      277, 94, 93, -1,
      277, 93, 278, -1,
      278, 93, 92, -1,
      278, 92, 280, -1,
      280, 92, 91, -1,
      280, 91, 208, -1,
      208, 91, 101, -1,
      208, 101, 206, -1,
      204, 206, 100, -1,
      100, 206, 101, -1,
      204, 100, 99, -1,
      204, 99, 202, -1,
      202, 99, 55, -1,
      202, 55, 200, -1,
      200, 55, 54, -1,
      200, 54, 198, -1,
      198, 54, 61, -1,
      198, 61, 220, -1,
      220, 61, 66, -1,
      220, 66, 218, -1,
      218, 66, 50, -1,
      218, 50, 216, -1,
      150, 291, 292, -1,
      150, 292, 151, -1,
      151, 292, 293, -1,
      151, 293, 155, -1,
      155, 293, 294, -1,
      155, 294, 156, -1,
      156, 294, 295, -1,
      156, 295, 157, -1,
      157, 295, 296, -1,
      157, 296, 145, -1,
      145, 296, 297, -1,
      145, 297, 144, -1,
      144, 297, 298, -1,
      144, 298, 164, -1,
      164, 298, 299, -1,
      164, 299, 258, -1,
      258, 299, 300, -1,
      258, 300, 260, -1,
      260, 300, 301, -1,
      260, 301, 262, -1,
      262, 301, 302, -1,
      262, 302, 264, -1,
      264, 302, 303, -1,
      264, 303, 266, -1,
      266, 303, 304, -1,
      266, 304, 268, -1,
      268, 304, 305, -1,
      268, 305, 270, -1,
      270, 305, 306, -1,
      270, 306, 272, -1,
      272, 306, 307, -1,
      272, 307, 274, -1,
      274, 307, 308, -1,
      274, 308, 275, -1,
      275, 308, 309, -1,
      275, 309, 240, -1,
      240, 309, 310, -1,
      240, 310, 239, -1,
      239, 310, 311, -1,
      239, 311, 176, -1,
      176, 311, 312, -1,
      176, 312, 175, -1,
      175, 312, 313, -1,
      175, 313, 174, -1,
      174, 313, 314, -1,
      174, 314, 172, -1,
      172, 314, 315, -1,
      172, 315, 170, -1,
      170, 315, 316, -1,
      170, 316, 168, -1,
      168, 316, 317, -1,
      168, 317, 166, -1,
      166, 317, 291, -1,
      166, 291, 150, -1,
    ]
  }
}

Shape {
  appearance Appearance {
    material Material {
      diffuseColor 0.2078 0.2078 0.2078
      specularColor 0.0157 0.0157 0.0157
      ambientIntensity 0.2
      transparency 0.0000
      shininess 0.5
    }
  }
  geometry IndexedFaceSet {
    ccw TRUE
    solid FALSE
    coord DEF co Coordinate {
      point [
        0.400293 0.318715 0.413386,
        0.402428 0.318480 0.413386,
        0.404786 0.317631 0.413386,
        0.406828 0.316247 0.413386,
        0.408462 0.314416 0.413386,
        0.409562 0.312328 0.413386,
        0.410138 0.309970 0.413386,
        0.410141 0.307681 0.413386,
        0.409539 0.305241 0.413386,
        0.408361 0.303055 0.413386,
        0.406967 0.301478 0.413386,
        0.405035 0.300095 0.413386,
        0.402833 0.299217 0.413386,
        0.400293 0.298890 0.413386,
        0.399860 0.298899 0.413386,
        0.397578 0.299271 0.413386,
        0.395281 0.300258 0.413386,
        0.393335 0.301749 0.413386,
        0.391883 0.303553 0.413386,
        0.390877 0.305689 0.413386,
        0.390407 0.308073 0.413386,
        0.390533 0.310550 0.413386,
        0.391282 0.312942 0.413386,
        0.392596 0.315044 0.413386,
        0.393600 0.316106 0.413386,
        0.395587 0.317520 0.413386,
        0.397807 0.318396 0.413386,
      ]
    }
    coordIndex [
      14, 24, 23, -1,
      12, 11, 1, -1,
      0, 26, 14, -1,
      14, 26, 25, -1,
      14, 25, 24, -1,
      19, 18, 23, -1,
      23, 18, 17, -1,
      0, 14, 1, -1,
      1, 14, 13, -1,
      1, 13, 12, -1,
      22, 21, 23, -1,
      23, 21, 20, -1,
      23, 20, 19, -1,
      17, 16, 23, -1,
      23, 16, 15, -1,
      23, 15, 14, -1,
      11, 10, 1, -1,
      1, 10, 9, -1,
      1, 9, 8, -1,
      8, 7, 1, -1,
      1, 7, 6, -1,
      1, 6, 5, -1,
      5, 4, 1, -1,
      1, 4, 3, -1,
      1, 3, 2, -1,
    ]
  }
}

Shape {
  appearance Appearance {
    material Material {
      diffuseColor 1.0000 1.0000 1.0000
      specularColor 0.5020 0.5020 0.5020
      ambientIntensity 0.2
      transparency 0.0000
      shininess 0.5
    }
  }
  geometry IndexedFaceSet {
    ccw TRUE
    solid FALSE
    coord DEF co Coordinate {
      point [
        0.645168 0.369113 0.413386,
        0.643406 0.365416 0.413386,
        0.640751 0.362256 0.413386,
        0.636994 0.359567 0.413386,
        0.644235 0.383895 0.413386,
        0.645553 0.380482 0.413386,
        0.646143 0.375580 0.413386,
        0.646035 0.373297 0.413386,
        0.627236 0.392996 0.413386,
        0.632695 0.392394 0.413386,
        0.637009 0.390817 0.413386,
        0.632913 0.357980 0.413386,
        0.626871 0.357249 0.413386,
        0.617038 0.357249 0.413386,
        0.617038 0.392996 0.413386,
        0.640751 0.388263 0.413386,
        0.642025 0.387016 0.413386,
        0.639240 0.367244 0.417323,
        0.637471 0.365053 0.417323,
        0.640751 0.362256 0.417323,
        0.637035 0.364647 0.417323,
        0.636994 0.359567 0.417323,
        0.634725 0.363049 0.417323,
        0.632913 0.357980 0.417323,
        0.631765 0.361908 0.417323,
        0.626871 0.357249 0.417323,
        0.626843 0.361324 0.417323,
        0.617038 0.357249 0.417323,
        0.621653 0.361324 0.417323,
        0.617038 0.392996 0.417323,
        0.621653 0.388884 0.417323,
        0.627236 0.392996 0.417323,
        0.627054 0.388884 0.417323,
        0.632695 0.392394 0.417323,
        0.631844 0.388330 0.417323,
        0.637009 0.390817 0.417323,
        0.634913 0.387179 0.417323,
        0.640751 0.388263 0.417323,
        0.637370 0.385522 0.417323,
        0.642025 0.387016 0.417323,
        0.638383 0.384520 0.417323,
        0.644235 0.383895 0.417323,
        0.639765 0.382512 0.417323,
        0.645553 0.380482 0.417323,
        0.640769 0.379893 0.417323,
        0.646143 0.375580 0.417323,
        0.641291 0.375452 0.417323,
        0.646035 0.373297 0.417323,
        0.641170 0.373167 0.417323,
        0.645168 0.369113 0.417323,
        0.640474 0.369896 0.417323,
        0.643406 0.365416 0.417323,
        0.637370 0.385522 0.413386,
        0.638383 0.384520 0.413386,
        0.639765 0.382512 0.413386,
        0.640769 0.379893 0.413386,
        0.641291 0.375452 0.413386,
        0.627054 0.388884 0.413386,
        0.631844 0.388330 0.413386,
        0.634913 0.387179 0.413386,
        0.621653 0.388884 0.413386,
        0.621653 0.361324 0.413386,
        0.626843 0.361324 0.413386,
        0.637471 0.365053 0.413386,
        0.637035 0.364647 0.413386,
        0.634725 0.363049 0.413386,
        0.631765 0.361908 0.413386,
        0.641170 0.373167 0.413386,
        0.640474 0.369896 0.413386,
        0.639240 0.367244 0.413386,
      ]
    }
    coordIndex [
      17, 18, 19, -1,
      19, 18, 20, -1,
      19, 20, 21, -1,
      21, 20, 22, -1,
      21, 22, 23, -1,
      23, 22, 24, -1,
      23, 24, 25, -1,
      25, 24, 26, -1,
      25, 26, 27, -1,
      27, 26, 28, -1,
      27, 28, 29, -1,
      29, 28, 30, -1,
      29, 30, 31, -1,
      31, 30, 32, -1,
      31, 32, 33, -1,
      33, 32, 34, -1,
      33, 34, 35, -1,
      35, 34, 36, -1,
      35, 36, 37, -1,
      37, 36, 38, -1,
      37, 38, 39, -1,
      39, 38, 40, -1,
      39, 40, 41, -1,
      41, 40, 42, -1,
      41, 42, 43, -1,
      43, 42, 44, -1,
      43, 44, 45, -1,
      45, 44, 46, -1,
      45, 46, 47, -1,
      47, 46, 48, -1,
      47, 48, 49, -1,
      49, 48, 50, -1,
      49, 50, 51, -1,
      51, 50, 17, -1,
      51, 17, 19, -1,
      19, 2, 1, -1,
      19, 1, 51, -1,
      51, 1, 0, -1,
      51, 0, 49, -1,
      49, 0, 7, -1,
      49, 7, 47, -1,
      47, 7, 6, -1,
      47, 6, 45, -1,
      45, 6, 5, -1,
      45, 5, 43, -1,
      43, 5, 4, -1,
      43, 4, 41, -1,
      41, 4, 16, -1,
      41, 16, 39, -1,
      39, 16, 15, -1,
      39, 15, 37, -1,
      37, 15, 10, -1,
      37, 10, 35, -1,
      35, 10, 9, -1,
      35, 9, 33, -1,
      33, 9, 8, -1,
      33, 8, 31, -1,
      29, 31, 14, -1,
      14, 31, 8, -1,
      27, 29, 13, -1,
      13, 29, 14, -1,
      25, 27, 12, -1,
      12, 27, 13, -1,
      25, 12, 11, -1,
      25, 11, 23, -1,
      23, 11, 3, -1,
      23, 3, 21, -1,
      21, 3, 2, -1,
      21, 2, 19, -1,
      38, 52, 53, -1,
      38, 53, 40, -1,
      40, 53, 54, -1,
      40, 54, 42, -1,
      42, 54, 55, -1,
      42, 55, 44, -1,
      44, 55, 56, -1,
      44, 56, 46, -1,
      32, 57, 58, -1,
      32, 58, 34, -1,
      34, 58, 59, -1,
      34, 59, 36, -1,
      36, 59, 52, -1,
      36, 52, 38, -1,
      32, 30, 57, -1,
      57, 30, 60, -1,
      30, 28, 60, -1,
      60, 28, 61, -1,
      28, 26, 61, -1,
      61, 26, 62, -1,
      18, 63, 64, -1,
      18, 64, 20, -1,
      20, 64, 65, -1,
      20, 65, 22, -1,
      22, 65, 66, -1,
      22, 66, 24, -1,
      24, 66, 62, -1,
      24, 62, 26, -1,
      46, 56, 67, -1,
      46, 67, 48, -1,
      48, 67, 68, -1,
      48, 68, 50, -1,
      50, 68, 69, -1,
      50, 69, 17, -1,
      17, 69, 63, -1,
      17, 63, 18, -1,
    ]
  }
}

Shape {
  appearance Appearance {
    material Material {
      diffuseColor 0.2078 0.2078 0.2078
      specularColor 0.0157 0.0157 0.0157
      ambientIntensity 0.2
      transparency 0.0000
      shininess 0.5
    }
  }
  geometry IndexedFaceSet {
    ccw TRUE
    solid FALSE
    coord DEF co Coordinate {
      point [
        0.637370 0.385522 0.413386,
        0.638383 0.384520 0.413386,
        0.639765 0.382512 0.413386,
        0.640769 0.379893 0.413386,
        0.641291 0.375452 0.413386,
        0.627054 0.388884 0.413386,
        0.631844 0.388330 0.413386,
        0.634913 0.387179 0.413386,
        0.621653 0.388884 0.413386,
        0.621653 0.361324 0.413386,
        0.626843 0.361324 0.413386,
        0.637471 0.365053 0.413386,
        0.637035 0.364647 0.413386,
        0.634725 0.363049 0.413386,
        0.631765 0.361908 0.413386,
        0.641170 0.373167 0.413386,
        0.640474 0.369896 0.413386,
        0.639240 0.367244 0.413386,
      ]
    }
    coordIndex [
      8, 9, 5, -1,
      5, 9, 10, -1,
      10, 14, 5, -1,
      5, 14, 13, -1,
      5, 13, 12, -1,
      12, 11, 5, -1,
      5, 11, 17, -1,
      5, 17, 16, -1,
      4, 0, 7, -1,
      3, 2, 4, -1,
      4, 2, 1, -1,
      4, 1, 0, -1,
      16, 15, 5, -1,
      5, 15, 4, -1,
      5, 4, 6, -1,
      6, 4, 7, -1,
    ]
  }
}

Shape {
  appearance Appearance {
    material Material {
      diffuseColor 1.0000 1.0000 1.0000
      specularColor 0.5020 0.5020 0.5020
      ambientIntensity 0.2
      transparency 0.0000
      shininess 0.5
    }
  }
  geometry IndexedFaceSet {
    ccw TRUE
    solid FALSE
    coord DEF co Coordinate {
      point [
        0.559287 0.364920 0.413386,
        0.558738 0.366334 0.413386,
        0.582378 0.387957 0.413386,
        0.574675 0.360758 0.413386,
        0.576978 0.360878 0.413386,
        0.565481 0.385185 0.413386,
        0.563757 0.382697 0.413386,
        0.562029 0.373276 0.413386,
        0.562620 0.369728 0.413386,
        0.575479 0.389433 0.413386,
        0.573932 0.389363 0.413386,
        0.565738 0.385467 0.413386,
        0.570844 0.388733 0.413386,
        0.568049 0.387398 0.413386,
        0.562564 0.379604 0.413386,
        0.561982 0.374720 0.413386,
        0.563793 0.366862 0.413386,
        0.565491 0.364522 0.413386,
        0.566413 0.363633 0.413386,
        0.579880 0.388907 0.413386,
        0.568807 0.362033 0.413386,
        0.571413 0.361109 0.413386,
        0.580922 0.361748 0.413386,
        0.582378 0.362434 0.413386,
        0.583506 0.387528 0.413386,
        0.583904 0.363152 0.413386,
        0.583904 0.387313 0.413386,
        0.579271 0.393298 0.413386,
        0.580114 0.393231 0.413386,
        0.582378 0.392578 0.413386,
        0.583904 0.392137 0.413386,
        0.575433 0.393600 0.413386,
        0.572941 0.393298 0.413386,
        0.559711 0.384951 0.413386,
        0.562302 0.388336 0.413386,
        0.563089 0.389093 0.413386,
        0.566546 0.391530 0.413386,
        0.570285 0.392977 0.413386,
        0.558013 0.380980 0.413386,
        0.558738 0.382677 0.413386,
        0.557836 0.368656 0.413386,
        0.557139 0.374446 0.413386,
        0.557202 0.376313 0.413386,
        0.567535 0.357698 0.413386,
        0.564221 0.359387 0.413386,
        0.561726 0.361525 0.413386,
        0.561416 0.361865 0.413386,
        0.570722 0.356947 0.413386,
        0.571321 0.356806 0.413386,
        0.574008 0.356646 0.413386,
        0.577162 0.356947 0.413386,
        0.583904 0.358729 0.413386,
        0.583294 0.358425 0.413386,
        0.582378 0.358125 0.413386,
        0.579456 0.357167 0.413386,
        0.697991 0.300539 0.413386,
        0.692892 0.300539 0.413386,
        0.719959 0.300539 0.413386,
        0.716313 0.310317 0.413386,
        0.701427 0.310317 0.413386,
        0.706508 0.336286 0.413386,
        0.711442 0.336286 0.413386,
        0.725058 0.300539 0.413386,
        0.574675 0.360758 0.417323,
        0.571413 0.361109 0.417323,
        0.568807 0.362033 0.417323,
        0.566413 0.363633 0.417323,
        0.565491 0.364522 0.417323,
        0.563793 0.366862 0.417323,
        0.562620 0.369728 0.417323,
        0.562029 0.373276 0.417323,
        0.561982 0.374720 0.417323,
        0.562564 0.379604 0.417323,
        0.563757 0.382697 0.417323,
        0.565481 0.385185 0.417323,
        0.565738 0.385467 0.417323,
        0.568049 0.387398 0.417323,
        0.570844 0.388733 0.417323,
        0.573932 0.389363 0.417323,
        0.575479 0.389433 0.417323,
        0.583904 0.387313 0.417323,
        0.583506 0.387528 0.417323,
        0.579880 0.388907 0.417323,
        0.583904 0.392137 0.417323,
        0.580114 0.393231 0.417323,
        0.575433 0.393600 0.417323,
        0.570285 0.392977 0.417323,
        0.566546 0.391530 0.417323,
        0.563089 0.389093 0.417323,
        0.562302 0.388336 0.417323,
        0.559711 0.384951 0.417323,
        0.558013 0.380980 0.417323,
        0.557202 0.376313 0.417323,
        0.557139 0.374446 0.417323,
        0.557836 0.368656 0.417323,
        0.559287 0.364920 0.417323,
        0.561416 0.361865 0.417323,
        0.561726 0.361525 0.417323,
        0.574008 0.356646 0.417323,
        0.571321 0.356806 0.417323,
        0.564221 0.359387 0.417323,
        0.567535 0.357698 0.417323,
        0.583904 0.358729 0.417323,
        0.583294 0.358425 0.417323,
        0.579456 0.357167 0.417323,
        0.583904 0.363152 0.417323,
        0.580922 0.361748 0.417323,
        0.576978 0.360878 0.417323,
        0.702889 0.314356 0.417323,
        0.701427 0.310317 0.417323,
        0.714887 0.314356 0.417323,
        0.716313 0.310317 0.417323,
        0.708235 0.329214 0.417323,
        0.706508 0.336286 0.417323,
        0.692892 0.300539 0.417323,
        0.697991 0.300539 0.417323,
        0.708544 0.330280 0.417323,
        0.708820 0.331717 0.417323,
        0.711442 0.336286 0.417323,
        0.708930 0.331717 0.417323,
        0.709219 0.330205 0.417323,
        0.709487 0.329214 0.417323,
        0.725058 0.300539 0.417323,
        0.719959 0.300539 0.417323,
        0.708235 0.329214 0.413386,
        0.708544 0.330280 0.413386,
        0.708820 0.331717 0.413386,
        0.702889 0.314356 0.413386,
        0.714887 0.314356 0.413386,
        0.709487 0.329214 0.413386,
        0.708930 0.331717 0.413386,
        0.709219 0.330205 0.413386,
      ]
    }
    coordIndex [
      63, 3, 21, -1,
      63, 21, 64, -1,
      64, 21, 20, -1,
      64, 20, 65, -1,
      65, 20, 18, -1,
      65, 18, 66, -1,
      66, 18, 17, -1,
      66, 17, 67, -1,
      67, 17, 16, -1,
      67, 16, 68, -1,
      68, 16, 8, -1,
      68, 8, 69, -1,
      69, 8, 7, -1,
      69, 7, 70, -1,
      70, 7, 15, -1,
      70, 15, 71, -1,
      71, 15, 14, -1,
      71, 14, 72, -1,
      72, 14, 6, -1,
      72, 6, 73, -1,
      73, 6, 5, -1,
      73, 5, 74, -1,
      74, 5, 11, -1,
      74, 11, 75, -1,
      75, 11, 13, -1,
      75, 13, 76, -1,
      76, 13, 12, -1,
      76, 12, 77, -1,
      77, 12, 10, -1,
      77, 10, 78, -1,
      78, 10, 9, -1,
      78, 9, 79, -1,
      26, 80, 81, -1,
      79, 9, 19, -1,
      79, 19, 82, -1,
      82, 19, 2, -1,
      82, 2, 81, -1,
      81, 2, 24, -1,
      81, 24, 26, -1,
      83, 80, 30, -1,
      30, 80, 26, -1,
      83, 30, 29, -1,
      83, 29, 84, -1,
      31, 85, 27, -1,
      27, 85, 84, -1,
      27, 84, 28, -1,
      28, 84, 29, -1,
      85, 31, 32, -1,
      85, 32, 86, -1,
      32, 37, 86, -1,
      86, 37, 36, -1,
      86, 36, 87, -1,
      87, 36, 35, -1,
      87, 35, 88, -1,
      88, 35, 34, -1,
      88, 34, 89, -1,
      89, 34, 33, -1,
      89, 33, 90, -1,
      90, 33, 39, -1,
      90, 39, 91, -1,
      39, 38, 91, -1,
      91, 38, 42, -1,
      91, 42, 92, -1,
      92, 42, 41, -1,
      92, 41, 93, -1,
      93, 41, 40, -1,
      93, 40, 94, -1,
      94, 40, 1, -1,
      94, 1, 95, -1,
      1, 0, 95, -1,
      95, 0, 46, -1,
      95, 46, 96, -1,
      96, 46, 45, -1,
      96, 45, 97, -1,
      49, 98, 99, -1,
      97, 45, 44, -1,
      97, 44, 100, -1,
      100, 44, 43, -1,
      100, 43, 101, -1,
      101, 43, 47, -1,
      101, 47, 99, -1,
      99, 47, 48, -1,
      99, 48, 49, -1,
      51, 102, 103, -1,
      98, 49, 104, -1,
      104, 49, 50, -1,
      50, 54, 104, -1,
      104, 54, 53, -1,
      104, 53, 103, -1,
      103, 53, 52, -1,
      103, 52, 51, -1,
      105, 102, 25, -1,
      25, 102, 51, -1,
      25, 23, 105, -1,
      105, 23, 106, -1,
      23, 22, 106, -1,
      106, 22, 4, -1,
      106, 4, 107, -1,
      107, 4, 3, -1,
      107, 3, 63, -1,
      72, 73, 90, -1,
      76, 77, 86, -1,
      90, 73, 89, -1,
      86, 77, 85, -1,
      86, 87, 76, -1,
      76, 87, 88, -1,
      76, 88, 75, -1,
      75, 88, 89, -1,
      75, 89, 74, -1,
      74, 89, 73, -1,
      77, 78, 85, -1,
      85, 78, 79, -1,
      85, 79, 84, -1,
      84, 79, 82, -1,
      84, 82, 83, -1,
      83, 82, 81, -1,
      83, 81, 80, -1,
      93, 71, 92, -1,
      92, 71, 72, -1,
      92, 72, 91, -1,
      91, 72, 90, -1,
      102, 105, 103, -1,
      103, 105, 106, -1,
      103, 106, 104, -1,
      104, 106, 107, -1,
      104, 107, 98, -1,
      98, 107, 63, -1,
      98, 63, 99, -1,
      99, 63, 64, -1,
      99, 64, 101, -1,
      101, 64, 65, -1,
      101, 65, 100, -1,
      100, 65, 66, -1,
      100, 66, 97, -1,
      97, 66, 67, -1,
      97, 67, 96, -1,
      96, 67, 68, -1,
      96, 68, 95, -1,
      95, 68, 94, -1,
      94, 68, 69, -1,
      94, 69, 93, -1,
      93, 69, 70, -1,
      93, 70, 71, -1,
      108, 109, 110, -1,
      110, 109, 111, -1,
      112, 113, 108, -1,
      108, 113, 114, -1,
      108, 114, 109, -1,
      109, 114, 115, -1,
      112, 116, 113, -1,
      113, 116, 117, -1,
      113, 117, 118, -1,
      118, 117, 119, -1,
      118, 119, 120, -1,
      120, 121, 118, -1,
      118, 121, 110, -1,
      118, 110, 122, -1,
      122, 110, 111, -1,
      122, 111, 123, -1,
      113, 118, 60, -1,
      60, 118, 61, -1,
      114, 113, 56, -1,
      56, 113, 60, -1,
      115, 114, 55, -1,
      55, 114, 56, -1,
      109, 115, 59, -1,
      59, 115, 55, -1,
      111, 109, 58, -1,
      58, 109, 59, -1,
      123, 111, 57, -1,
      57, 111, 58, -1,
      122, 123, 62, -1,
      62, 123, 57, -1,
      118, 122, 61, -1,
      61, 122, 62, -1,
      112, 124, 125, -1,
      112, 125, 116, -1,
      116, 125, 126, -1,
      116, 126, 117, -1,
      112, 108, 124, -1,
      124, 108, 127, -1,
      108, 110, 127, -1,
      127, 110, 128, -1,
      110, 121, 128, -1,
      128, 121, 129, -1,
      119, 130, 131, -1,
      119, 131, 120, -1,
      120, 131, 129, -1,
      120, 129, 121, -1,
      119, 117, 130, -1,
      130, 117, 126, -1,
    ]
  }
}

Shape {
  appearance Appearance {
    material Material {
      diffuseColor 0.2078 0.2078 0.2078
      specularColor 0.0157 0.0157 0.0157
      ambientIntensity 0.2
      transparency 0.0000
      shininess 0.5
    }
  }
  geometry IndexedFaceSet {
    ccw TRUE
    solid FALSE
    coord DEF co Coordinate {
      point [
        0.708235 0.329214 0.413386,
        0.708544 0.330280 0.413386,
        0.708820 0.331717 0.413386,
        0.702889 0.314356 0.413386,
        0.714887 0.314356 0.413386,
        0.709487 0.329214 0.413386,
        0.708930 0.331717 0.413386,
        0.709219 0.330205 0.413386,
      ]
    }
    coordIndex [
      6, 2, 7, -1,
      7, 2, 1, -1,
      7, 1, 5, -1,
      5, 1, 0, -1,
      5, 0, 4, -1,
      4, 0, 3, -1,
    ]
  }
}

Shape {
  appearance Appearance {
    material Material {
      diffuseColor 1.0000 1.0000 1.0000
      specularColor 0.5020 0.5020 0.5020
      ambientIntensity 0.2
      transparency 0.0000
      shininess 0.5
    }
  }
  geometry IndexedFaceSet {
    ccw TRUE
    solid FALSE
    coord DEF co Coordinate {
      point [
        0.680291 0.357249 0.413386,
        0.675192 0.357249 0.413386,
        0.671546 0.367026 0.413386,
        0.658429 0.367026 0.413386,
        0.666676 0.392996 0.413386,
        0.656660 0.367026 0.413386,
        0.653224 0.357249 0.413386,
        0.648126 0.357249 0.413386,
        0.658429 0.384299 0.413386,
        0.661741 0.392996 0.413386,
        0.635826 0.336286 0.413386,
        0.647134 0.336286 0.413386,
        0.647134 0.300539 0.413386,
        0.635826 0.300539 0.413386,
        0.655052 0.300539 0.413386,
        0.655052 0.304614 0.413386,
        0.654239 0.336286 0.413386,
        0.654239 0.332174 0.413386,
        0.640441 0.316640 0.413386,
        0.640441 0.304614 0.413386,
        0.647134 0.316640 0.413386,
        0.647134 0.304614 0.413386,
        0.653224 0.316640 0.413386,
        0.653224 0.320733 0.413386,
        0.640441 0.332174 0.413386,
        0.640441 0.320733 0.413386,
        0.647134 0.332174 0.413386,
        0.647134 0.320733 0.413386,
        0.536826 0.336286 0.413386,
        0.536826 0.300539 0.413386,
        0.555239 0.336286 0.413386,
        0.555239 0.332174 0.413386,
        0.556052 0.304614 0.413386,
        0.556052 0.300539 0.413386,
        0.541440 0.316640 0.413386,
        0.541440 0.304614 0.413386,
        0.554224 0.316640 0.413386,
        0.554224 0.320733 0.413386,
        0.541440 0.320733 0.413386,
        0.541440 0.332174 0.413386,
        0.655052 0.304614 0.417323,
        0.640441 0.304614 0.417323,
        0.640441 0.316640 0.417323,
        0.653224 0.316640 0.417323,
        0.653224 0.320733 0.417323,
        0.640441 0.320733 0.417323,
        0.640441 0.332174 0.417323,
        0.654239 0.332174 0.417323,
        0.654239 0.336286 0.417323,
        0.635826 0.336286 0.417323,
        0.635826 0.300539 0.417323,
        0.655052 0.300539 0.417323,
        0.541440 0.304614 0.417323,
        0.556052 0.304614 0.417323,
        0.541440 0.316640 0.417323,
        0.554224 0.316640 0.417323,
        0.554224 0.320733 0.417323,
        0.541440 0.320733 0.417323,
        0.541440 0.332174 0.417323,
        0.555239 0.332174 0.417323,
        0.555239 0.336286 0.417323,
        0.536826 0.336286 0.417323,
        0.536826 0.300539 0.417323,
        0.556052 0.300539 0.417323,
        0.658122 0.371065 0.417323,
        0.656660 0.367026 0.417323,
        0.670120 0.371065 0.417323,
        0.671546 0.367026 0.417323,
        0.663468 0.385924 0.417323,
        0.661741 0.392996 0.417323,
        0.648126 0.357249 0.417323,
        0.653224 0.357249 0.417323,
        0.663778 0.386991 0.417323,
        0.664053 0.388428 0.417323,
        0.666676 0.392996 0.417323,
        0.664163 0.388428 0.417323,
        0.664452 0.386915 0.417323,
        0.664720 0.385924 0.417323,
        0.680291 0.357249 0.417323,
        0.675192 0.357249 0.417323,
        0.663468 0.385924 0.413386,
        0.663778 0.386991 0.413386,
        0.664053 0.388428 0.413386,
        0.658122 0.371065 0.413386,
        0.670120 0.371065 0.413386,
        0.664720 0.385924 0.413386,
        0.664163 0.388428 0.413386,
        0.664452 0.386915 0.413386,
      ]
    }
    coordIndex [
      40, 15, 41, -1,
      41, 15, 21, -1,
      41, 21, 19, -1,
      42, 41, 18, -1,
      18, 41, 19, -1,
      42, 18, 43, -1,
      43, 18, 20, -1,
      43, 20, 22, -1,
      44, 43, 23, -1,
      23, 43, 22, -1,
      25, 45, 27, -1,
      27, 45, 44, -1,
      27, 44, 23, -1,
      46, 45, 24, -1,
      24, 45, 25, -1,
      17, 47, 26, -1,
      26, 47, 46, -1,
      26, 46, 24, -1,
      48, 47, 16, -1,
      16, 47, 17, -1,
      10, 49, 11, -1,
      11, 49, 48, -1,
      11, 48, 16, -1,
      50, 49, 13, -1,
      13, 49, 10, -1,
      50, 13, 51, -1,
      51, 13, 12, -1,
      51, 12, 14, -1,
      40, 51, 15, -1,
      15, 51, 14, -1,
      50, 51, 40, -1,
      40, 41, 50, -1,
      50, 41, 42, -1,
      50, 42, 49, -1,
      47, 48, 46, -1,
      46, 48, 49, -1,
      46, 49, 45, -1,
      45, 49, 42, -1,
      45, 42, 44, -1,
      44, 42, 43, -1,
      52, 53, 35, -1,
      35, 53, 32, -1,
      54, 52, 34, -1,
      34, 52, 35, -1,
      55, 54, 36, -1,
      36, 54, 34, -1,
      56, 55, 37, -1,
      37, 55, 36, -1,
      57, 56, 38, -1,
      38, 56, 37, -1,
      58, 57, 39, -1,
      39, 57, 38, -1,
      59, 58, 31, -1,
      31, 58, 39, -1,
      60, 59, 30, -1,
      30, 59, 31, -1,
      61, 60, 28, -1,
      28, 60, 30, -1,
      62, 61, 29, -1,
      29, 61, 28, -1,
      63, 62, 33, -1,
      33, 62, 29, -1,
      53, 63, 32, -1,
      32, 63, 33, -1,
      62, 63, 53, -1,
      53, 52, 62, -1,
      62, 52, 54, -1,
      62, 54, 61, -1,
      59, 60, 58, -1,
      58, 60, 61, -1,
      58, 61, 57, -1,
      57, 61, 54, -1,
      57, 54, 56, -1,
      56, 54, 55, -1,
      64, 65, 66, -1,
      66, 65, 67, -1,
      68, 69, 64, -1,
      64, 69, 70, -1,
      64, 70, 65, -1,
      65, 70, 71, -1,
      68, 72, 69, -1,
      69, 72, 73, -1,
      69, 73, 74, -1,
      74, 73, 75, -1,
      74, 75, 76, -1,
      76, 77, 74, -1,
      74, 77, 66, -1,
      74, 66, 78, -1,
      78, 66, 67, -1,
      78, 67, 79, -1,
      69, 74, 9, -1,
      9, 74, 4, -1,
      7, 70, 8, -1,
      8, 70, 69, -1,
      8, 69, 9, -1,
      71, 70, 6, -1,
      6, 70, 7, -1,
      65, 71, 5, -1,
      5, 71, 6, -1,
      2, 67, 3, -1,
      3, 67, 65, -1,
      3, 65, 5, -1,
      79, 67, 1, -1,
      1, 67, 2, -1,
      78, 79, 0, -1,
      0, 79, 1, -1,
      74, 78, 4, -1,
      4, 78, 0, -1,
      68, 80, 81, -1,
      68, 81, 72, -1,
      72, 81, 82, -1,
      72, 82, 73, -1,
      68, 64, 80, -1,
      80, 64, 83, -1,
      64, 66, 83, -1,
      83, 66, 84, -1,
      66, 77, 84, -1,
      84, 77, 85, -1,
      75, 86, 87, -1,
      75, 87, 76, -1,
      76, 87, 85, -1,
      76, 85, 77, -1,
      75, 73, 86, -1,
      86, 73, 82, -1,
    ]
  }
}

Shape {
  appearance Appearance {
    material Material {
      diffuseColor 0.2078 0.2078 0.2078
      specularColor 0.0157 0.0157 0.0157
      ambientIntensity 0.2
      transparency 0.0000
      shininess 0.5
    }
  }
  geometry IndexedFaceSet {
    ccw TRUE
    solid FALSE
    coord DEF co Coordinate {
      point [
        0.663468 0.385924 0.413386,
        0.663778 0.386991 0.413386,
        0.664053 0.388428 0.413386,
        0.658122 0.371065 0.413386,
        0.670120 0.371065 0.413386,
        0.664720 0.385924 0.413386,
        0.664163 0.388428 0.413386,
        0.664452 0.386915 0.413386,
      ]
    }
    coordIndex [
      6, 2, 7, -1,
      7, 2, 1, -1,
      7, 1, 5, -1,
      5, 1, 0, -1,
      5, 0, 4, -1,
      4, 0, 3, -1,
    ]
  }
}

Shape {
  appearance Appearance {
    material Material {
      diffuseColor 1.0000 1.0000 1.0000
      specularColor 0.5020 0.5020 0.5020
      ambientIntensity 0.2
      transparency 0.0000
      shininess 0.5
    }
  }
  geometry IndexedFaceSet {
    ccw TRUE
    solid FALSE
    coord DEF co Coordinate {
      point [
        0.541440 0.392996 0.413386,
        0.541440 0.361324 0.413386,
        0.555677 0.361324 0.413386,
        0.609472 0.392996 0.413386,
        0.605328 0.392996 0.413386,
        0.595674 0.373350 0.413386,
        0.595674 0.361324 0.413386,
        0.605328 0.373350 0.413386,
        0.605328 0.361324 0.413386,
        0.608458 0.373350 0.413386,
        0.610285 0.361324 0.413386,
        0.608458 0.377444 0.413386,
        0.609472 0.388884 0.413386,
        0.605328 0.377444 0.413386,
        0.605328 0.388884 0.413386,
        0.595674 0.377444 0.413386,
        0.595674 0.388884 0.413386,
        0.610285 0.357249 0.413386,
        0.605328 0.357249 0.413386,
        0.591059 0.357249 0.413386,
        0.591059 0.392996 0.413386,
        0.536826 0.357249 0.413386,
        0.536826 0.392996 0.413386,
        0.555677 0.357249 0.413386,
        0.595674 0.361324 0.417323,
        0.610285 0.361324 0.417323,
        0.595674 0.373350 0.417323,
        0.608458 0.373350 0.417323,
        0.608458 0.377444 0.417323,
        0.595674 0.377444 0.417323,
        0.595674 0.388884 0.417323,
        0.609472 0.388884 0.417323,
        0.609472 0.392996 0.417323,
        0.591059 0.392996 0.417323,
        0.591059 0.357249 0.417323,
        0.610285 0.357249 0.417323,
        0.541440 0.361324 0.417323,
        0.555677 0.361324 0.417323,
        0.541440 0.392996 0.417323,
        0.536826 0.392996 0.417323,
        0.536826 0.357249 0.417323,
        0.555677 0.357249 0.417323,
      ]
    }
    coordIndex [
      6, 24, 8, -1,
      8, 24, 25, -1,
      8, 25, 10, -1,
      26, 24, 5, -1,
      5, 24, 6, -1,
      26, 5, 27, -1,
      27, 5, 7, -1,
      27, 7, 9, -1,
      28, 27, 11, -1,
      11, 27, 9, -1,
      15, 29, 13, -1,
      13, 29, 28, -1,
      13, 28, 11, -1,
      30, 29, 16, -1,
      16, 29, 15, -1,
      30, 16, 31, -1,
      31, 16, 14, -1,
      31, 14, 12, -1,
      32, 31, 3, -1,
      3, 31, 12, -1,
      20, 33, 4, -1,
      4, 33, 32, -1,
      4, 32, 3, -1,
      34, 33, 19, -1,
      19, 33, 20, -1,
      34, 19, 35, -1,
      35, 19, 18, -1,
      35, 18, 17, -1,
      25, 35, 10, -1,
      10, 35, 17, -1,
      34, 35, 25, -1,
      25, 24, 34, -1,
      34, 24, 26, -1,
      34, 26, 33, -1,
      31, 32, 30, -1,
      30, 32, 33, -1,
      30, 33, 29, -1,
      29, 33, 26, -1,
      29, 26, 28, -1,
      28, 26, 27, -1,
      36, 37, 1, -1,
      1, 37, 2, -1,
      38, 36, 0, -1,
      0, 36, 1, -1,
      39, 38, 22, -1,
      22, 38, 0, -1,
      40, 39, 21, -1,
      21, 39, 22, -1,
      41, 40, 23, -1,
      23, 40, 21, -1,
      37, 41, 2, -1,
      2, 41, 23, -1,
      38, 39, 36, -1,
      36, 39, 40, -1,
      36, 40, 37, -1,
      37, 40, 41, -1,
    ]
  }
}
