#VRML V2.0 utf8

Shape {
  appearance Appearance {
    material Material {
      diffuseColor 0.2235 0.2235 0.2235
      specularColor 0.1804 0.1804 0.1804
      ambientIntensity 0.2
      transparency 0.0000
      shininess 0.5
    }
  }
  geometry IndexedFaceSet {
    ccw TRUE
    solid FALSE
    coord DEF co Coordinate {
      point [
        0.669291 0.000000 1.259843,
        0.664411 -0.080674 1.259843,
        0.000000 0.000000 1.259843,
        0.625798 0.237334 1.259843,
        0.649843 0.160172 1.259843,
        0.664411 0.080674 1.259843,
        0.500972 0.443822 1.259843,
        0.550816 0.380201 1.259843,
        0.592628 0.311035 1.259843,
        0.311035 0.592628 1.259843,
        0.380201 0.550816 1.259843,
        0.443822 0.500972 1.259843,
        0.080674 0.664411 1.259843,
        0.160172 0.649843 1.259843,
        0.237334 0.625798 1.259843,
        -0.160172 0.649843 1.259843,
        -0.080674 0.664411 1.259843,
        -0.000000 0.669291 1.259843,
        -0.380201 0.550816 1.259843,
        -0.311035 0.592628 1.259843,
        -0.237334 0.625798 1.259843,
        -0.550816 0.380201 1.259843,
        -0.500972 0.443822 1.259843,
        -0.443822 0.500972 1.259843,
        -0.649843 0.160172 1.259843,
        -0.625798 0.237334 1.259843,
        -0.592628 0.311035 1.259843,
        -0.664411 -0.080674 1.259843,
        -0.669291 -0.000000 1.259843,
        -0.664411 0.080674 1.259843,
        -0.592628 -0.311035 1.259843,
        -0.625798 -0.237334 1.259843,
        -0.649843 -0.160172 1.259843,
        -0.443822 -0.500972 1.259843,
        -0.500972 -0.443822 1.259843,
        -0.550816 -0.380201 1.259843,
        -0.237334 -0.625798 1.259843,
        -0.311035 -0.592628 1.259843,
        -0.380201 -0.550816 1.259843,
        0.000000 -0.669291 1.259843,
        -0.080674 -0.664411 1.259843,
        -0.160172 -0.649843 1.259843,
        0.237334 -0.625798 1.259843,
        0.160172 -0.649843 1.259843,
        0.080674 -0.664411 1.259843,
        0.443822 -0.500972 1.259843,
        0.380201 -0.550816 1.259843,
        0.311035 -0.592628 1.259843,
        0.592628 -0.311035 1.259843,
        0.550816 -0.380201 1.259843,
        0.500972 -0.443822 1.259843,
        0.649843 -0.160172 1.259843,
        0.625798 -0.237334 1.259843,
        0.233268 -0.590694 1.912539,
        0.225099 -0.593509 1.912539,
        -0.517078 -0.368732 1.912539,
        -0.522366 -0.360576 1.912539,
        -0.153035 0.616371 1.912539,
        -0.151976 0.616585 1.912539,
        0.070109 0.631203 1.912539,
        0.076512 0.630204 1.912539,
        0.561332 0.297051 1.912539,
        0.562257 0.295099 1.912539,
        0.634463 0.028092 1.912539,
        0.630166 0.076526 1.912539,
        0.629498 0.084056 1.912539,
        0.619606 0.139362 1.912539,
        0.616205 0.151870 1.912539,
        0.604864 0.193578 1.912539,
        0.593253 0.224997 1.912539,
        0.585389 0.246278 1.912539,
        0.532882 0.345499 1.912539,
        0.522219 0.360452 1.912539,
        0.423561 0.473211 1.912539,
        0.463726 0.433926 1.912539,
        0.474965 0.420795 1.912539,
        0.500261 0.391243 1.912539,
        0.421054 0.475263 1.912539,
        0.380081 0.508794 1.912539,
        0.360428 0.522163 1.912539,
        0.225099 0.593509 1.912539,
        0.233268 0.590694 1.912539,
        0.284561 0.567766 1.912539,
        0.294937 0.561978 1.912539,
        0.333626 0.540395 1.912539,
        0.180149 0.608998 1.912539,
        0.151836 0.616028 1.912539,
        0.125621 0.622537 1.912539,
        0.014049 0.634930 1.912539,
        0.000010 0.634619 1.912539,
        -0.042121 0.633687 1.912539,
        -0.076486 0.629870 1.912539,
        -0.097961 0.627484 1.912539,
        -0.206911 0.600434 1.912539,
        -0.224998 0.593291 1.912539,
        -0.360664 0.522523 1.912539,
        -0.357203 0.525108 1.912539,
        -0.309396 0.554623 1.912539,
        -0.294910 0.561883 1.912539,
        -0.259168 0.579797 1.912539,
        -0.402215 0.491484 1.912539,
        -0.420730 0.474911 1.912539,
        -0.522366 0.360576 1.912539,
        -0.517078 0.368732 1.912539,
        -0.482466 0.412989 1.912539,
        -0.475086 0.420875 1.912539,
        -0.444078 0.454013 1.912539,
        -0.547643 0.321590 1.912539,
        -0.561794 0.294850 1.912539,
        -0.593616 0.225120 1.912539,
        -0.573922 0.271931 1.912539,
        -0.612835 0.166633 1.912539,
        -0.595709 0.220143 1.912539,
        -0.632600 0.056129 1.912539,
        -0.629883 0.076475 1.912539,
        -0.625163 0.111819 1.912539,
        -0.616153 0.151878 1.912539,
        -0.635085 -0.000000 1.912539,
        -0.632600 -0.056129 1.912539,
        -0.629883 -0.076475 1.912539,
        -0.593616 -0.225120 1.912539,
        -0.595709 -0.220143 1.912539,
        -0.612835 -0.166633 1.912539,
        -0.616153 -0.151878 1.912539,
        -0.625163 -0.111819 1.912539,
        -0.573922 -0.271931 1.912539,
        -0.561794 -0.294850 1.912539,
        -0.547643 -0.321590 1.912539,
        -0.482466 -0.412989 1.912539,
        -0.475086 -0.420875 1.912539,
        -0.444078 -0.454013 1.912539,
        -0.420730 -0.474911 1.912539,
        -0.360664 -0.522523 1.912539,
        -0.402215 -0.491484 1.912539,
        -0.309396 -0.554623 1.912539,
        -0.357203 -0.525108 1.912539,
        -0.259168 -0.579797 1.912539,
        -0.294910 -0.561883 1.912539,
        -0.153035 -0.616371 1.912539,
        -0.206911 -0.600434 1.912539,
        -0.224998 -0.593291 1.912539,
        -0.151976 -0.616585 1.912539,
        -0.097961 -0.627484 1.912539,
        -0.076486 -0.629870 1.912539,
        0.076512 -0.630204 1.912539,
        0.070109 -0.631203 1.912539,
        0.014049 -0.634930 1.912539,
        0.000010 -0.634619 1.912539,
        -0.042121 -0.633687 1.912539,
        0.125621 -0.622537 1.912539,
        0.151836 -0.616028 1.912539,
        0.180149 -0.608998 1.912539,
        0.284561 -0.567766 1.912539,
        0.294937 -0.561978 1.912539,
        0.333626 -0.540395 1.912539,
        0.360428 -0.522163 1.912539,
        0.421054 -0.475263 1.912539,
        0.380081 -0.508794 1.912539,
        0.463726 -0.433926 1.912539,
        0.423561 -0.473211 1.912539,
        0.500261 -0.391243 1.912539,
        0.474965 -0.420795 1.912539,
        0.561332 -0.297051 1.912539,
        0.532882 -0.345499 1.912539,
        0.522219 -0.360452 1.912539,
        0.562257 -0.295099 1.912539,
        0.585389 -0.246278 1.912539,
        0.593253 -0.224997 1.912539,
        0.629498 -0.084056 1.912539,
        0.619606 -0.139362 1.912539,
        0.616205 -0.151870 1.912539,
        0.604864 -0.193578 1.912539,
        0.635085 0.000000 1.912539,
        0.634463 -0.028092 1.912539,
        0.630166 -0.076526 1.912539,
        -0.576111 0.000000 1.968504,
        -0.573856 -0.050917 1.968504,
        0.000000 0.000000 1.968504,
        -0.573856 0.050917 1.968504,
        -0.540392 0.199701 1.968504,
        -0.555927 0.151159 1.968504,
        -0.567111 0.101435 1.968504,
        -0.469062 0.334492 1.968504,
        -0.496789 0.291727 1.968504,
        -0.520628 0.246679 1.968504,
        -0.364865 0.445844 1.968504,
        -0.402841 0.411853 1.968504,
        -0.437664 0.374638 1.968504,
        -0.235101 0.525957 1.968504,
        -0.280665 0.503121 1.968504,
        -0.324033 0.476347 1.968504,
        -0.088865 0.569216 1.968504,
        -0.138824 0.559135 1.968504,
        -0.187697 0.544677 1.968504,
        0.063599 0.572589 1.968504,
        0.012745 0.575970 1.968504,
        -0.038209 0.574842 1.968504,
        0.211606 0.535842 1.968504,
        0.163420 0.552447 1.968504,
        0.113956 0.564728 1.968504,
        0.344786 0.461547 1.968504,
        0.302646 0.490213 1.968504,
        0.258136 0.515043 1.968504,
        0.453807 0.354912 1.968504,
        0.420664 0.393631 1.968504,
        0.384229 0.429269 1.968504,
        0.531030 0.223409 1.968504,
        0.509207 0.269467 1.968504,
        0.483398 0.313416 1.968504,
        0.571043 0.076250 1.968504,
        0.562069 0.126421 1.968504,
        0.548696 0.175602 1.968504,
        0.571043 -0.076250 1.968504,
        0.575547 -0.025483 1.968504,
        0.575547 0.025483 1.968504,
        0.531030 -0.223409 1.968504,
        0.548696 -0.175602 1.968504,
        0.562069 -0.126421 1.968504,
        0.453807 -0.354912 1.968504,
        0.483398 -0.313416 1.968504,
        0.509207 -0.269467 1.968504,
        0.344786 -0.461547 1.968504,
        0.384229 -0.429269 1.968504,
        0.420664 -0.393631 1.968504,
        0.211606 -0.535842 1.968504,
        0.258136 -0.515043 1.968504,
        0.302646 -0.490213 1.968504,
        0.063599 -0.572589 1.968504,
        0.113956 -0.564728 1.968504,
        0.163420 -0.552447 1.968504,
        -0.088865 -0.569216 1.968504,
        -0.038209 -0.574842 1.968504,
        0.012745 -0.575970 1.968504,
        -0.235101 -0.525957 1.968504,
        -0.187697 -0.544677 1.968504,
        -0.138824 -0.559135 1.968504,
        -0.364865 -0.445844 1.968504,
        -0.324033 -0.476347 1.968504,
        -0.280665 -0.503121 1.968504,
        -0.469062 -0.334492 1.968504,
        -0.437664 -0.374638 1.968504,
        -0.402841 -0.411853 1.968504,
        -0.540392 -0.199701 1.968504,
        -0.520628 -0.246679 1.968504,
        -0.496789 -0.291727 1.968504,
        -0.567111 -0.101435 1.968504,
        -0.555927 -0.151159 1.968504,
        -0.610275 -0.165937 1.927207,
        -0.593222 -0.219224 1.927207,
        -0.571525 -0.270795 1.927207,
        -0.545356 -0.320247 1.927207,
        -0.514919 -0.367192 1.927207,
        -0.480451 -0.411264 1.927207,
        -0.442223 -0.452117 1.927207,
        -0.400535 -0.489431 1.927207,
        -0.355711 -0.522915 1.927207,
        -0.308104 -0.552307 1.927207,
        -0.258085 -0.577376 1.927207,
        -0.206047 -0.597926 1.927207,
        -0.152396 -0.613797 1.927207,
        -0.097552 -0.624864 1.927207,
        -0.041945 -0.631040 1.927207,
        0.013991 -0.632278 1.927207,
        0.069817 -0.628567 1.927207,
        0.125096 -0.619937 1.927207,
        0.179397 -0.606455 1.927207,
        0.232293 -0.588227 1.927207,
        0.283372 -0.565395 1.927207,
        0.332233 -0.538138 1.927207,
        0.378493 -0.506669 1.927207,
        0.421792 -0.471235 1.927207,
        0.461789 -0.432113 1.927207,
        0.498172 -0.389609 1.927207,
        0.530656 -0.344056 1.927207,
        0.558988 -0.295810 1.927207,
        0.582944 -0.245250 1.927207,
        0.602338 -0.192769 1.927207,
        0.617018 -0.138780 1.927207,
        0.626869 -0.083705 1.927207,
        0.631814 -0.027975 1.927207,
        0.631814 0.027975 1.927207,
        0.626869 0.083705 1.927207,
        0.617018 0.138780 1.927207,
        0.602338 0.192769 1.927207,
        0.582944 0.245250 1.927207,
        0.558988 0.295810 1.927207,
        0.530656 0.344056 1.927207,
        0.498172 0.389609 1.927207,
        0.461789 0.432113 1.927207,
        0.421792 0.471235 1.927207,
        0.378493 0.506669 1.927207,
        0.332233 0.538138 1.927207,
        0.283372 0.565395 1.927207,
        0.232293 0.588227 1.927207,
        0.179397 0.606455 1.927207,
        0.125096 0.619937 1.927207,
        0.069817 0.628567 1.927207,
        0.013991 0.632278 1.927207,
        -0.041945 0.631040 1.927207,
        -0.097552 0.624864 1.927207,
        -0.152396 0.613797 1.927207,
        -0.206047 0.597926 1.927207,
        -0.258085 0.577376 1.927207,
        -0.308104 0.552307 1.927207,
        -0.355711 0.522915 1.927207,
        -0.400535 0.489431 1.927207,
        -0.442223 0.452117 1.927207,
        -0.480451 0.411264 1.927207,
        -0.514919 0.367192 1.927207,
        -0.545356 0.320247 1.927207,
        -0.571525 0.270795 1.927207,
        -0.593222 0.219224 1.927207,
        -0.610275 0.165937 1.927207,
        -0.622553 0.111352 1.927207,
        -0.629958 0.055894 1.927207,
        -0.632433 0.000000 1.927207,
        -0.629958 -0.055894 1.927207,
        -0.622553 -0.111352 1.927207,
        -0.623742 0.055343 1.940743,
        -0.616410 0.110253 1.940743,
        -0.604254 0.164300 1.940743,
        -0.587368 0.217061 1.940743,
        -0.565886 0.268123 1.940743,
        -0.539975 0.317087 1.940743,
        -0.509838 0.363569 1.940743,
        -0.475710 0.407206 1.940743,
        -0.437860 0.447656 1.940743,
        -0.396583 0.484602 1.940743,
        -0.352202 0.517756 1.940743,
        -0.305064 0.546857 1.940743,
        -0.255539 0.571679 1.940743,
        -0.204014 0.592026 1.940743,
        -0.150892 0.607741 1.940743,
        -0.096589 0.618698 1.940743,
        -0.041531 0.624813 1.940743,
        0.013853 0.626039 1.940743,
        0.069128 0.622365 1.940743,
        0.123862 0.613820 1.940743,
        0.177627 0.600471 1.940743,
        0.230002 0.582423 1.940743,
        0.280576 0.559816 1.940743,
        0.328955 0.532828 1.940743,
        0.374759 0.501670 1.940743,
        0.417630 0.466585 1.940743,
        0.457233 0.427850 1.940743,
        0.493257 0.385765 1.940743,
        0.525420 0.340661 1.940743,
        0.553472 0.292892 1.940743,
        0.577192 0.242830 1.940743,
        0.596395 0.190867 1.940743,
        0.610930 0.137411 1.940743,
        0.620683 0.082879 1.940743,
        0.625580 0.027698 1.940743,
        0.625580 -0.027698 1.940743,
        0.620683 -0.082879 1.940743,
        0.610930 -0.137411 1.940743,
        0.596395 -0.190867 1.940743,
        0.577192 -0.242830 1.940743,
        0.553472 -0.292892 1.940743,
        0.525420 -0.340661 1.940743,
        0.493257 -0.385765 1.940743,
        0.457233 -0.427850 1.940743,
        0.417630 -0.466585 1.940743,
        0.374759 -0.501670 1.940743,
        0.328955 -0.532828 1.940743,
        0.280576 -0.559816 1.940743,
        0.230002 -0.582423 1.940743,
        0.177627 -0.600471 1.940743,
        0.123862 -0.613820 1.940743,
        0.069128 -0.622365 1.940743,
        0.013853 -0.626039 1.940743,
        -0.041531 -0.624813 1.940743,
        -0.096589 -0.618698 1.940743,
        -0.150892 -0.607741 1.940743,
        -0.204014 -0.592026 1.940743,
        -0.255539 -0.571679 1.940743,
        -0.305064 -0.546857 1.940743,
        -0.352202 -0.517756 1.940743,
        -0.396583 -0.484602 1.940743,
        -0.437860 -0.447656 1.940743,
        -0.475710 -0.407206 1.940743,
        -0.509838 -0.363569 1.940743,
        -0.539975 -0.317087 1.940743,
        -0.565886 -0.268123 1.940743,
        -0.587368 -0.217061 1.940743,
        -0.604254 -0.164300 1.940743,
        -0.616410 -0.110253 1.940743,
        -0.623742 -0.055343 1.940743,
        -0.626192 0.000000 1.940743,
        -0.614348 0.054509 1.952286,
        -0.607126 0.108592 1.952286,
        -0.595153 0.161825 1.952286,
        -0.578522 0.213792 1.952286,
        -0.557363 0.264085 1.952286,
        -0.531843 0.312311 1.952286,
        -0.502159 0.358094 1.952286,
        -0.468546 0.401073 1.952286,
        -0.431265 0.440914 1.952286,
        -0.390610 0.477304 1.952286,
        -0.346897 0.509958 1.952286,
        -0.300470 0.538621 1.952286,
        -0.251690 0.563069 1.952286,
        -0.200941 0.583110 1.952286,
        -0.148620 0.598588 1.952286,
        -0.095135 0.609380 1.952286,
        -0.040906 0.615404 1.952286,
        0.013644 0.616611 1.952286,
        0.068087 0.612992 1.952286,
        0.121996 0.604576 1.952286,
        0.174952 0.591428 1.952286,
        0.226537 0.573651 1.952286,
        0.276350 0.551385 1.952286,
        0.324000 0.524804 1.952286,
        0.369115 0.494115 1.952286,
        0.411340 0.459559 1.952286,
        0.450346 0.421406 1.952286,
        0.485828 0.379955 1.952286,
        0.517507 0.335531 1.952286,
        0.545137 0.288481 1.952286,
        0.568499 0.239172 1.952286,
        0.587413 0.187993 1.952286,
        0.601729 0.135341 1.952286,
        0.611336 0.081631 1.952286,
        0.616158 0.027281 1.952286,
        0.616158 -0.027281 1.952286,
        0.611336 -0.081631 1.952286,
        0.601729 -0.135341 1.952286,
        0.587413 -0.187993 1.952286,
        0.568499 -0.239172 1.952286,
        0.545137 -0.288481 1.952286,
        0.517507 -0.335531 1.952286,
        0.485828 -0.379955 1.952286,
        0.450346 -0.421406 1.952286,
        0.411340 -0.459559 1.952286,
        0.369115 -0.494115 1.952286,
        0.324000 -0.524804 1.952286,
        0.276350 -0.551385 1.952286,
        0.226537 -0.573651 1.952286,
        0.174952 -0.591428 1.952286,
        0.121996 -0.604576 1.952286,
        0.068087 -0.612992 1.952286,
        0.013644 -0.616611 1.952286,
        -0.040906 -0.615404 1.952286,
        -0.095135 -0.609380 1.952286,
        -0.148620 -0.598588 1.952286,
        -0.200941 -0.583110 1.952286,
        -0.251690 -0.563069 1.952286,
        -0.300470 -0.538621 1.952286,
        -0.346897 -0.509958 1.952286,
        -0.390610 -0.477304 1.952286,
        -0.431265 -0.440914 1.952286,
        -0.468546 -0.401073 1.952286,
        -0.502159 -0.358094 1.952286,
        -0.531843 -0.312311 1.952286,
        -0.557363 -0.264085 1.952286,
        -0.578522 -0.213792 1.952286,
        -0.595153 -0.161825 1.952286,
        -0.607126 -0.108592 1.952286,
        -0.614348 -0.054509 1.952286,
        -0.616761 0.000000 1.952286,
        -0.602375 0.053447 1.961100,
        -0.595294 0.106476 1.961100,
        -0.583554 0.158671 1.961100,
        -0.567247 0.209625 1.961100,
        -0.546501 0.258938 1.961100,
        -0.521477 0.306225 1.961100,
        -0.492372 0.351115 1.961100,
        -0.459414 0.393256 1.961100,
        -0.422860 0.432320 1.961100,
        -0.382997 0.468001 1.961100,
        -0.340136 0.500019 1.961100,
        -0.294613 0.528124 1.961100,
        -0.246785 0.552095 1.961100,
        -0.197025 0.571746 1.961100,
        -0.145723 0.586921 1.961100,
        -0.093281 0.597504 1.961100,
        -0.040108 0.603410 1.961100,
        0.013378 0.604593 1.961100,
        0.066760 0.601045 1.961100,
        0.119619 0.592793 1.961100,
        0.171542 0.579901 1.961100,
        0.222122 0.562471 1.961100,
        0.270965 0.540639 1.961100,
        0.317686 0.514575 1.961100,
        0.361921 0.484485 1.961100,
        0.403323 0.450602 1.961100,
        0.441569 0.413193 1.961100,
        0.476359 0.372550 1.961100,
        0.507421 0.328992 1.961100,
        0.534512 0.282858 1.961100,
        0.557420 0.234511 1.961100,
        0.575964 0.184329 1.961100,
        0.590002 0.132704 1.961100,
        0.599421 0.080040 1.961100,
        0.604149 0.026750 1.961100,
        0.604149 -0.026750 1.961100,
        0.599421 -0.080040 1.961100,
        0.590002 -0.132704 1.961100,
        0.575964 -0.184329 1.961100,
        0.557420 -0.234511 1.961100,
        0.534512 -0.282858 1.961100,
        0.507421 -0.328992 1.961100,
        0.476359 -0.372550 1.961100,
        0.441569 -0.413193 1.961100,
        0.403323 -0.450602 1.961100,
        0.361921 -0.484485 1.961100,
        0.317686 -0.514575 1.961100,
        0.270965 -0.540639 1.961100,
        0.222122 -0.562471 1.961100,
        0.171542 -0.579901 1.961100,
        0.119619 -0.592793 1.961100,
        0.066760 -0.601045 1.961100,
        0.013378 -0.604593 1.961100,
        -0.040108 -0.603410 1.961100,
        -0.093281 -0.597504 1.961100,
        -0.145723 -0.586921 1.961100,
        -0.197025 -0.571746 1.961100,
        -0.246785 -0.552095 1.961100,
        -0.294613 -0.528124 1.961100,
        -0.340136 -0.500019 1.961100,
        -0.382997 -0.468001 1.961100,
        -0.422860 -0.432320 1.961100,
        -0.459414 -0.393256 1.961100,
        -0.492372 -0.351115 1.961100,
        -0.521477 -0.306225 1.961100,
        -0.546501 -0.258938 1.961100,
        -0.567247 -0.209625 1.961100,
        -0.583554 -0.158671 1.961100,
        -0.595294 -0.106476 1.961100,
        -0.602375 -0.053447 1.961100,
        -0.604741 0.000000 1.961100,
        -0.588585 0.052224 1.966623,
        -0.581666 0.104038 1.966623,
        -0.570195 0.155039 1.966623,
        -0.554261 0.204826 1.966623,
        -0.533990 0.253010 1.966623,
        -0.509539 0.299214 1.966623,
        -0.481100 0.343076 1.966623,
        -0.448897 0.384254 1.966623,
        -0.413180 0.422424 1.966623,
        -0.374229 0.457287 1.966623,
        -0.332350 0.488572 1.966623,
        -0.287869 0.516033 1.966623,
        -0.241135 0.539456 1.966623,
        -0.192515 0.558657 1.966623,
        -0.142387 0.573485 1.966623,
        -0.091145 0.583825 1.966623,
        -0.039190 0.589596 1.966623,
        0.013072 0.590752 1.966623,
        0.065231 0.587285 1.966623,
        0.116881 0.579222 1.966623,
        0.167615 0.566626 1.966623,
        0.217037 0.549594 1.966623,
        0.264761 0.528262 1.966623,
        0.310413 0.502795 1.966623,
        0.353635 0.473393 1.966623,
        0.394090 0.440287 1.966623,
        0.431461 0.403734 1.966623,
        0.465454 0.364021 1.966623,
        0.495805 0.321460 1.966623,
        0.522276 0.276383 1.966623,
        0.544659 0.229143 1.966623,
        0.562779 0.180109 1.966623,
        0.576494 0.129666 1.966623,
        0.585698 0.078207 1.966623,
        0.590319 0.026137 1.966623,
        0.590319 -0.026137 1.966623,
        0.585698 -0.078207 1.966623,
        0.576494 -0.129666 1.966623,
        0.562779 -0.180109 1.966623,
        0.544659 -0.229143 1.966623,
        0.522276 -0.276383 1.966623,
        0.495805 -0.321460 1.966623,
        0.465454 -0.364021 1.966623,
        0.431461 -0.403734 1.966623,
        0.394090 -0.440287 1.966623,
        0.353635 -0.473393 1.966623,
        0.310413 -0.502795 1.966623,
        0.264761 -0.528262 1.966623,
        0.217037 -0.549594 1.966623,
        0.167615 -0.566626 1.966623,
        0.116881 -0.579222 1.966623,
        0.065231 -0.587285 1.966623,
        0.013072 -0.590752 1.966623,
        -0.039190 -0.589596 1.966623,
        -0.091145 -0.583825 1.966623,
        -0.142387 -0.573485 1.966623,
        -0.192515 -0.558657 1.966623,
        -0.241135 -0.539456 1.966623,
        -0.287869 -0.516033 1.966623,
        -0.332350 -0.488572 1.966623,
        -0.374229 -0.457287 1.966623,
        -0.413180 -0.422424 1.966623,
        -0.448897 -0.384254 1.966623,
        -0.481100 -0.343076 1.966623,
        -0.509539 -0.299214 1.966623,
        -0.533990 -0.253010 1.966623,
        -0.554261 -0.204826 1.966623,
        -0.570195 -0.155039 1.966623,
        -0.581666 -0.104038 1.966623,
        -0.588585 -0.052224 1.966623,
        -0.590897 0.000000 1.966623,
      ]
    }
    coordIndex [
      0, 1, 2, -1,
      3, 4, 2, -1,
      2, 4, 5, -1,
      2, 5, 0, -1,
      6, 7, 2, -1,
      2, 7, 8, -1,
      2, 8, 3, -1,
      9, 10, 2, -1,
      2, 10, 11, -1,
      2, 11, 6, -1,
      12, 13, 2, -1,
      2, 13, 14, -1,
      2, 14, 9, -1,
      15, 16, 2, -1,
      2, 16, 17, -1,
      2, 17, 12, -1,
      18, 19, 2, -1,
      2, 19, 20, -1,
      2, 20, 15, -1,
      21, 22, 2, -1,
      2, 22, 23, -1,
      2, 23, 18, -1,
      24, 25, 2, -1,
      2, 25, 26, -1,
      2, 26, 21, -1,
      27, 28, 2, -1,
      2, 28, 29, -1,
      2, 29, 24, -1,
      30, 31, 2, -1,
      2, 31, 32, -1,
      2, 32, 27, -1,
      33, 34, 2, -1,
      2, 34, 35, -1,
      2, 35, 30, -1,
      36, 37, 2, -1,
      2, 37, 38, -1,
      2, 38, 33, -1,
      39, 40, 2, -1,
      2, 40, 41, -1,
      2, 41, 36, -1,
      42, 43, 2, -1,
      2, 43, 44, -1,
      2, 44, 39, -1,
      45, 46, 2, -1,
      2, 46, 47, -1,
      2, 47, 42, -1,
      48, 49, 2, -1,
      2, 49, 50, -1,
      2, 50, 45, -1,
      1, 51, 2, -1,
      2, 51, 52, -1,
      2, 52, 48, -1,
      53, 54, 42, -1,
      55, 56, 35, -1,
      57, 58, 15, -1,
      59, 60, 12, -1,
      61, 62, 8, -1,
      63, 0, 64, -1,
      64, 0, 5, -1,
      64, 5, 65, -1,
      65, 5, 66, -1,
      66, 5, 4, -1,
      66, 4, 67, -1,
      67, 4, 68, -1,
      68, 4, 3, -1,
      68, 3, 69, -1,
      8, 62, 3, -1,
      3, 62, 70, -1,
      3, 70, 69, -1,
      61, 8, 71, -1,
      71, 8, 7, -1,
      71, 7, 72, -1,
      73, 74, 6, -1,
      6, 74, 75, -1,
      6, 75, 7, -1,
      7, 75, 76, -1,
      7, 76, 72, -1,
      73, 6, 77, -1,
      77, 6, 11, -1,
      77, 11, 78, -1,
      78, 11, 10, -1,
      78, 10, 79, -1,
      14, 80, 81, -1,
      14, 81, 9, -1,
      81, 82, 9, -1,
      9, 82, 83, -1,
      9, 83, 10, -1,
      10, 83, 84, -1,
      10, 84, 79, -1,
      80, 14, 85, -1,
      85, 14, 13, -1,
      85, 13, 86, -1,
      12, 60, 13, -1,
      13, 60, 87, -1,
      13, 87, 86, -1,
      59, 12, 88, -1,
      88, 12, 17, -1,
      88, 17, 89, -1,
      89, 17, 90, -1,
      90, 17, 16, -1,
      90, 16, 91, -1,
      15, 58, 16, -1,
      16, 58, 92, -1,
      16, 92, 91, -1,
      57, 15, 93, -1,
      93, 15, 20, -1,
      93, 20, 94, -1,
      18, 95, 96, -1,
      18, 96, 19, -1,
      96, 97, 19, -1,
      19, 97, 98, -1,
      19, 98, 20, -1,
      20, 98, 99, -1,
      20, 99, 94, -1,
      95, 18, 100, -1,
      100, 18, 23, -1,
      100, 23, 101, -1,
      21, 102, 103, -1,
      21, 103, 22, -1,
      103, 104, 22, -1,
      22, 104, 105, -1,
      22, 105, 23, -1,
      23, 105, 106, -1,
      23, 106, 101, -1,
      102, 21, 107, -1,
      107, 21, 26, -1,
      107, 26, 108, -1,
      25, 109, 26, -1,
      26, 109, 110, -1,
      26, 110, 108, -1,
      24, 111, 25, -1,
      25, 111, 112, -1,
      25, 112, 109, -1,
      113, 114, 29, -1,
      29, 114, 115, -1,
      29, 115, 24, -1,
      24, 115, 116, -1,
      24, 116, 111, -1,
      113, 29, 117, -1,
      117, 29, 28, -1,
      117, 28, 118, -1,
      118, 28, 27, -1,
      118, 27, 119, -1,
      31, 120, 121, -1,
      31, 121, 32, -1,
      121, 122, 32, -1,
      32, 122, 123, -1,
      32, 123, 27, -1,
      27, 123, 124, -1,
      27, 124, 119, -1,
      120, 31, 125, -1,
      125, 31, 30, -1,
      125, 30, 126, -1,
      35, 56, 30, -1,
      30, 56, 127, -1,
      30, 127, 126, -1,
      55, 35, 128, -1,
      128, 35, 34, -1,
      128, 34, 129, -1,
      129, 34, 130, -1,
      130, 34, 33, -1,
      130, 33, 131, -1,
      38, 132, 33, -1,
      33, 132, 133, -1,
      33, 133, 131, -1,
      37, 134, 38, -1,
      38, 134, 135, -1,
      38, 135, 132, -1,
      36, 136, 37, -1,
      37, 136, 137, -1,
      37, 137, 134, -1,
      138, 139, 36, -1,
      36, 139, 140, -1,
      36, 140, 136, -1,
      138, 36, 141, -1,
      141, 36, 41, -1,
      141, 41, 142, -1,
      142, 41, 40, -1,
      142, 40, 143, -1,
      44, 144, 145, -1,
      44, 145, 39, -1,
      145, 146, 39, -1,
      39, 146, 147, -1,
      39, 147, 40, -1,
      40, 147, 148, -1,
      40, 148, 143, -1,
      144, 44, 149, -1,
      149, 44, 43, -1,
      149, 43, 150, -1,
      42, 54, 43, -1,
      43, 54, 151, -1,
      43, 151, 150, -1,
      53, 42, 152, -1,
      152, 42, 47, -1,
      152, 47, 153, -1,
      153, 47, 154, -1,
      154, 47, 46, -1,
      154, 46, 155, -1,
      45, 156, 46, -1,
      46, 156, 157, -1,
      46, 157, 155, -1,
      50, 158, 45, -1,
      45, 158, 159, -1,
      45, 159, 156, -1,
      49, 160, 50, -1,
      50, 160, 161, -1,
      50, 161, 158, -1,
      162, 163, 49, -1,
      49, 163, 164, -1,
      49, 164, 160, -1,
      162, 49, 165, -1,
      165, 49, 48, -1,
      165, 48, 166, -1,
      166, 48, 52, -1,
      166, 52, 167, -1,
      51, 1, 168, -1,
      168, 169, 51, -1,
      51, 169, 170, -1,
      51, 170, 52, -1,
      52, 170, 171, -1,
      52, 171, 167, -1,
      63, 172, 0, -1,
      0, 172, 173, -1,
      0, 173, 1, -1,
      1, 173, 174, -1,
      1, 174, 168, -1,
      175, 176, 177, -1,
      175, 177, 178, -1,
      179, 180, 177, -1,
      177, 180, 181, -1,
      177, 181, 178, -1,
      182, 183, 177, -1,
      177, 183, 184, -1,
      177, 184, 179, -1,
      185, 186, 177, -1,
      177, 186, 187, -1,
      177, 187, 182, -1,
      188, 189, 177, -1,
      177, 189, 190, -1,
      177, 190, 185, -1,
      191, 192, 177, -1,
      177, 192, 193, -1,
      177, 193, 188, -1,
      194, 195, 177, -1,
      177, 195, 196, -1,
      177, 196, 191, -1,
      197, 198, 177, -1,
      177, 198, 199, -1,
      177, 199, 194, -1,
      200, 201, 177, -1,
      177, 201, 202, -1,
      177, 202, 197, -1,
      203, 204, 177, -1,
      177, 204, 205, -1,
      177, 205, 200, -1,
      206, 207, 177, -1,
      177, 207, 208, -1,
      177, 208, 203, -1,
      209, 210, 177, -1,
      177, 210, 211, -1,
      177, 211, 206, -1,
      212, 213, 177, -1,
      177, 213, 214, -1,
      177, 214, 209, -1,
      215, 216, 177, -1,
      177, 216, 217, -1,
      177, 217, 212, -1,
      218, 219, 177, -1,
      177, 219, 220, -1,
      177, 220, 215, -1,
      221, 222, 177, -1,
      177, 222, 223, -1,
      177, 223, 218, -1,
      224, 225, 177, -1,
      177, 225, 226, -1,
      177, 226, 221, -1,
      227, 228, 177, -1,
      177, 228, 229, -1,
      177, 229, 224, -1,
      230, 231, 177, -1,
      177, 231, 232, -1,
      177, 232, 227, -1,
      233, 234, 177, -1,
      177, 234, 235, -1,
      177, 235, 230, -1,
      236, 237, 177, -1,
      177, 237, 238, -1,
      177, 238, 233, -1,
      239, 240, 177, -1,
      177, 240, 241, -1,
      177, 241, 236, -1,
      242, 243, 177, -1,
      177, 243, 244, -1,
      177, 244, 239, -1,
      176, 245, 177, -1,
      177, 245, 246, -1,
      177, 246, 242, -1,
      247, 122, 121, -1,
      247, 121, 248, -1,
      248, 121, 120, -1,
      248, 120, 249, -1,
      120, 125, 249, -1,
      249, 125, 126, -1,
      249, 126, 250, -1,
      250, 126, 127, -1,
      250, 127, 251, -1,
      251, 127, 56, -1,
      56, 55, 251, -1,
      251, 55, 128, -1,
      251, 128, 252, -1,
      252, 128, 129, -1,
      252, 129, 253, -1,
      253, 129, 130, -1,
      253, 130, 254, -1,
      254, 130, 131, -1,
      131, 133, 254, -1,
      254, 133, 132, -1,
      254, 132, 255, -1,
      132, 135, 255, -1,
      255, 135, 134, -1,
      255, 134, 256, -1,
      256, 134, 137, -1,
      256, 137, 257, -1,
      257, 137, 136, -1,
      257, 136, 258, -1,
      258, 136, 140, -1,
      140, 139, 258, -1,
      258, 139, 138, -1,
      258, 138, 259, -1,
      259, 138, 141, -1,
      259, 141, 260, -1,
      141, 142, 260, -1,
      260, 142, 143, -1,
      260, 143, 261, -1,
      261, 143, 148, -1,
      261, 148, 262, -1,
      262, 148, 147, -1,
      147, 146, 262, -1,
      262, 146, 145, -1,
      262, 145, 263, -1,
      263, 145, 144, -1,
      263, 144, 264, -1,
      144, 149, 264, -1,
      264, 149, 150, -1,
      264, 150, 265, -1,
      150, 151, 265, -1,
      265, 151, 54, -1,
      265, 54, 266, -1,
      54, 53, 266, -1,
      266, 53, 152, -1,
      266, 152, 267, -1,
      267, 152, 153, -1,
      267, 153, 268, -1,
      268, 153, 154, -1,
      268, 154, 269, -1,
      269, 154, 155, -1,
      155, 157, 269, -1,
      269, 157, 156, -1,
      269, 156, 270, -1,
      156, 159, 270, -1,
      270, 159, 158, -1,
      270, 158, 271, -1,
      271, 158, 161, -1,
      271, 161, 272, -1,
      272, 161, 160, -1,
      272, 160, 273, -1,
      273, 160, 164, -1,
      164, 163, 273, -1,
      273, 163, 162, -1,
      273, 162, 274, -1,
      274, 162, 165, -1,
      274, 165, 275, -1,
      165, 166, 275, -1,
      275, 166, 167, -1,
      275, 167, 276, -1,
      276, 167, 171, -1,
      276, 171, 277, -1,
      277, 171, 170, -1,
      170, 169, 277, -1,
      277, 169, 168, -1,
      277, 168, 278, -1,
      278, 168, 174, -1,
      278, 174, 279, -1,
      279, 174, 173, -1,
      279, 173, 280, -1,
      280, 173, 172, -1,
      172, 63, 280, -1,
      280, 63, 64, -1,
      280, 64, 281, -1,
      64, 65, 281, -1,
      281, 65, 66, -1,
      281, 66, 282, -1,
      282, 66, 67, -1,
      282, 67, 283, -1,
      283, 67, 68, -1,
      283, 68, 284, -1,
      284, 68, 69, -1,
      69, 70, 284, -1,
      284, 70, 62, -1,
      284, 62, 285, -1,
      62, 61, 285, -1,
      285, 61, 71, -1,
      285, 71, 286, -1,
      286, 71, 72, -1,
      286, 72, 287, -1,
      287, 72, 76, -1,
      287, 76, 288, -1,
      288, 76, 75, -1,
      75, 74, 288, -1,
      288, 74, 73, -1,
      288, 73, 289, -1,
      289, 73, 77, -1,
      289, 77, 290, -1,
      77, 78, 290, -1,
      290, 78, 79, -1,
      290, 79, 291, -1,
      291, 79, 84, -1,
      291, 84, 292, -1,
      292, 84, 83, -1,
      83, 82, 292, -1,
      292, 82, 81, -1,
      292, 81, 293, -1,
      293, 81, 80, -1,
      293, 80, 294, -1,
      294, 80, 85, -1,
      294, 85, 295, -1,
      295, 85, 86, -1,
      86, 87, 295, -1,
      295, 87, 60, -1,
      295, 60, 296, -1,
      60, 59, 296, -1,
      296, 59, 88, -1,
      296, 88, 297, -1,
      297, 88, 89, -1,
      297, 89, 298, -1,
      298, 89, 90, -1,
      298, 90, 299, -1,
      299, 90, 91, -1,
      91, 92, 299, -1,
      299, 92, 58, -1,
      299, 58, 300, -1,
      58, 57, 300, -1,
      300, 57, 93, -1,
      300, 93, 301, -1,
      301, 93, 94, -1,
      301, 94, 302, -1,
      302, 94, 99, -1,
      302, 99, 303, -1,
      303, 99, 98, -1,
      98, 97, 303, -1,
      303, 97, 96, -1,
      303, 96, 304, -1,
      304, 96, 95, -1,
      304, 95, 305, -1,
      95, 100, 305, -1,
      305, 100, 101, -1,
      305, 101, 306, -1,
      306, 101, 106, -1,
      306, 106, 307, -1,
      307, 106, 105, -1,
      105, 104, 307, -1,
      307, 104, 103, -1,
      307, 103, 308, -1,
      308, 103, 102, -1,
      308, 102, 309, -1,
      309, 102, 107, -1,
      309, 107, 310, -1,
      310, 107, 108, -1,
      108, 110, 310, -1,
      310, 110, 109, -1,
      310, 109, 311, -1,
      109, 112, 311, -1,
      311, 112, 111, -1,
      311, 111, 312, -1,
      312, 111, 116, -1,
      312, 116, 313, -1,
      313, 116, 115, -1,
      313, 115, 314, -1,
      314, 115, 114, -1,
      114, 113, 314, -1,
      314, 113, 117, -1,
      314, 117, 315, -1,
      315, 117, 118, -1,
      315, 118, 316, -1,
      316, 118, 119, -1,
      316, 119, 317, -1,
      317, 119, 124, -1,
      317, 124, 247, -1,
      247, 124, 123, -1,
      247, 123, 122, -1,
      315, 318, 314, -1,
      314, 318, 319, -1,
      314, 319, 313, -1,
      313, 319, 320, -1,
      313, 320, 312, -1,
      312, 320, 321, -1,
      312, 321, 311, -1,
      311, 321, 322, -1,
      311, 322, 310, -1,
      310, 322, 323, -1,
      310, 323, 309, -1,
      309, 323, 324, -1,
      309, 324, 308, -1,
      308, 324, 325, -1,
      308, 325, 307, -1,
      307, 325, 326, -1,
      307, 326, 306, -1,
      306, 326, 327, -1,
      306, 327, 305, -1,
      305, 327, 328, -1,
      305, 328, 304, -1,
      304, 328, 329, -1,
      304, 329, 303, -1,
      303, 329, 330, -1,
      303, 330, 302, -1,
      302, 330, 331, -1,
      302, 331, 301, -1,
      301, 331, 332, -1,
      301, 332, 300, -1,
      300, 332, 333, -1,
      300, 333, 299, -1,
      299, 333, 334, -1,
      299, 334, 298, -1,
      298, 334, 335, -1,
      298, 335, 297, -1,
      297, 335, 336, -1,
      297, 336, 296, -1,
      296, 336, 337, -1,
      296, 337, 295, -1,
      295, 337, 338, -1,
      295, 338, 294, -1,
      294, 338, 339, -1,
      294, 339, 293, -1,
      293, 339, 340, -1,
      293, 340, 292, -1,
      292, 340, 341, -1,
      292, 341, 291, -1,
      291, 341, 342, -1,
      291, 342, 290, -1,
      290, 342, 343, -1,
      290, 343, 289, -1,
      289, 343, 344, -1,
      289, 344, 288, -1,
      288, 344, 345, -1,
      288, 345, 287, -1,
      287, 345, 346, -1,
      287, 346, 286, -1,
      286, 346, 347, -1,
      286, 347, 285, -1,
      285, 347, 348, -1,
      285, 348, 284, -1,
      284, 348, 349, -1,
      284, 349, 283, -1,
      283, 349, 350, -1,
      283, 350, 282, -1,
      282, 350, 351, -1,
      282, 351, 281, -1,
      281, 351, 352, -1,
      281, 352, 280, -1,
      280, 352, 353, -1,
      280, 353, 279, -1,
      279, 353, 354, -1,
      279, 354, 278, -1,
      278, 354, 355, -1,
      278, 355, 277, -1,
      277, 355, 356, -1,
      277, 356, 276, -1,
      276, 356, 357, -1,
      276, 357, 275, -1,
      275, 357, 358, -1,
      275, 358, 274, -1,
      274, 358, 359, -1,
      274, 359, 273, -1,
      273, 359, 360, -1,
      273, 360, 272, -1,
      272, 360, 361, -1,
      272, 361, 271, -1,
      271, 361, 362, -1,
      271, 362, 270, -1,
      270, 362, 363, -1,
      270, 363, 269, -1,
      269, 363, 364, -1,
      269, 364, 268, -1,
      268, 364, 365, -1,
      268, 365, 267, -1,
      267, 365, 366, -1,
      267, 366, 266, -1,
      266, 366, 367, -1,
      266, 367, 265, -1,
      265, 367, 368, -1,
      265, 368, 264, -1,
      264, 368, 369, -1,
      264, 369, 263, -1,
      263, 369, 370, -1,
      263, 370, 262, -1,
      262, 370, 371, -1,
      262, 371, 261, -1,
      261, 371, 372, -1,
      261, 372, 260, -1,
      260, 372, 373, -1,
      260, 373, 259, -1,
      259, 373, 374, -1,
      259, 374, 258, -1,
      258, 374, 375, -1,
      258, 375, 257, -1,
      257, 375, 376, -1,
      257, 376, 256, -1,
      256, 376, 377, -1,
      256, 377, 255, -1,
      255, 377, 378, -1,
      255, 378, 254, -1,
      254, 378, 379, -1,
      254, 379, 253, -1,
      253, 379, 380, -1,
      253, 380, 252, -1,
      252, 380, 381, -1,
      252, 381, 251, -1,
      251, 381, 382, -1,
      251, 382, 250, -1,
      250, 382, 383, -1,
      250, 383, 249, -1,
      249, 383, 384, -1,
      249, 384, 248, -1,
      248, 384, 385, -1,
      248, 385, 247, -1,
      247, 385, 386, -1,
      247, 386, 317, -1,
      317, 386, 387, -1,
      317, 387, 316, -1,
      316, 387, 388, -1,
      316, 388, 315, -1,
      315, 388, 318, -1,
      388, 389, 318, -1,
      318, 389, 390, -1,
      318, 390, 319, -1,
      319, 390, 391, -1,
      319, 391, 320, -1,
      320, 391, 392, -1,
      320, 392, 321, -1,
      321, 392, 393, -1,
      321, 393, 322, -1,
      322, 393, 394, -1,
      322, 394, 323, -1,
      323, 394, 395, -1,
      323, 395, 324, -1,
      324, 395, 396, -1,
      324, 396, 325, -1,
      325, 396, 397, -1,
      325, 397, 326, -1,
      326, 397, 398, -1,
      326, 398, 327, -1,
      327, 398, 399, -1,
      327, 399, 328, -1,
      328, 399, 400, -1,
      328, 400, 329, -1,
      329, 400, 401, -1,
      329, 401, 330, -1,
      330, 401, 402, -1,
      330, 402, 331, -1,
      331, 402, 403, -1,
      331, 403, 332, -1,
      332, 403, 404, -1,
      332, 404, 333, -1,
      333, 404, 405, -1,
      333, 405, 334, -1,
      334, 405, 406, -1,
      334, 406, 335, -1,
      335, 406, 407, -1,
      335, 407, 336, -1,
      336, 407, 408, -1,
      336, 408, 337, -1,
      337, 408, 409, -1,
      337, 409, 338, -1,
      338, 409, 410, -1,
      338, 410, 339, -1,
      339, 410, 411, -1,
      339, 411, 340, -1,
      340, 411, 412, -1,
      340, 412, 341, -1,
      341, 412, 413, -1,
      341, 413, 342, -1,
      342, 413, 414, -1,
      342, 414, 343, -1,
      343, 414, 415, -1,
      343, 415, 344, -1,
      344, 415, 416, -1,
      344, 416, 345, -1,
      345, 416, 417, -1,
      345, 417, 346, -1,
      346, 417, 418, -1,
      346, 418, 347, -1,
      347, 418, 419, -1,
      347, 419, 348, -1,
      348, 419, 420, -1,
      348, 420, 349, -1,
      349, 420, 421, -1,
      349, 421, 350, -1,
      350, 421, 422, -1,
      350, 422, 351, -1,
      351, 422, 423, -1,
      351, 423, 352, -1,
      352, 423, 424, -1,
      352, 424, 353, -1,
      353, 424, 425, -1,
      353, 425, 354, -1,
      354, 425, 426, -1,
      354, 426, 355, -1,
      355, 426, 427, -1,
      355, 427, 356, -1,
      356, 427, 428, -1,
      356, 428, 357, -1,
      357, 428, 429, -1,
      357, 429, 358, -1,
      358, 429, 430, -1,
      358, 430, 359, -1,
      359, 430, 431, -1,
      359, 431, 360, -1,
      360, 431, 432, -1,
      360, 432, 361, -1,
      361, 432, 433, -1,
      361, 433, 362, -1,
      362, 433, 434, -1,
      362, 434, 363, -1,
      363, 434, 435, -1,
      363, 435, 364, -1,
      364, 435, 436, -1,
      364, 436, 365, -1,
      365, 436, 437, -1,
      365, 437, 366, -1,
      366, 437, 438, -1,
      366, 438, 367, -1,
      367, 438, 439, -1,
      367, 439, 368, -1,
      368, 439, 440, -1,
      368, 440, 369, -1,
      369, 440, 441, -1,
      369, 441, 370, -1,
      370, 441, 442, -1,
      370, 442, 371, -1,
      371, 442, 443, -1,
      371, 443, 372, -1,
      372, 443, 444, -1,
      372, 444, 373, -1,
      373, 444, 445, -1,
      373, 445, 374, -1,
      374, 445, 446, -1,
      374, 446, 375, -1,
      375, 446, 447, -1,
      375, 447, 376, -1,
      376, 447, 448, -1,
      376, 448, 377, -1,
      377, 448, 449, -1,
      377, 449, 378, -1,
      378, 449, 450, -1,
      378, 450, 379, -1,
      379, 450, 451, -1,
      379, 451, 380, -1,
      380, 451, 452, -1,
      380, 452, 381, -1,
      381, 452, 453, -1,
      381, 453, 382, -1,
      382, 453, 454, -1,
      382, 454, 383, -1,
      383, 454, 455, -1,
      383, 455, 384, -1,
      384, 455, 456, -1,
      384, 456, 385, -1,
      385, 456, 457, -1,
      385, 457, 386, -1,
      386, 457, 458, -1,
      386, 458, 387, -1,
      387, 458, 459, -1,
      387, 459, 388, -1,
      388, 459, 389, -1,
      459, 460, 389, -1,
      389, 460, 461, -1,
      389, 461, 390, -1,
      390, 461, 462, -1,
      390, 462, 391, -1,
      391, 462, 463, -1,
      391, 463, 392, -1,
      392, 463, 464, -1,
      392, 464, 393, -1,
      393, 464, 465, -1,
      393, 465, 394, -1,
      394, 465, 466, -1,
      394, 466, 395, -1,
      395, 466, 467, -1,
      395, 467, 396, -1,
      396, 467, 468, -1,
      396, 468, 397, -1,
      397, 468, 469, -1,
      397, 469, 398, -1,
      398, 469, 470, -1,
      398, 470, 399, -1,
      399, 470, 471, -1,
      399, 471, 400, -1,
      400, 471, 472, -1,
      400, 472, 401, -1,
      401, 472, 473, -1,
      401, 473, 402, -1,
      402, 473, 474, -1,
      402, 474, 403, -1,
      403, 474, 475, -1,
      403, 475, 404, -1,
      404, 475, 476, -1,
      404, 476, 405, -1,
      405, 476, 477, -1,
      405, 477, 406, -1,
      406, 477, 478, -1,
      406, 478, 407, -1,
      407, 478, 479, -1,
      407, 479, 408, -1,
      408, 479, 480, -1,
      408, 480, 409, -1,
      409, 480, 481, -1,
      409, 481, 410, -1,
      410, 481, 482, -1,
      410, 482, 411, -1,
      411, 482, 483, -1,
      411, 483, 412, -1,
      412, 483, 484, -1,
      412, 484, 413, -1,
      413, 484, 485, -1,
      413, 485, 414, -1,
      414, 485, 486, -1,
      414, 486, 415, -1,
      415, 486, 487, -1,
      415, 487, 416, -1,
      416, 487, 488, -1,
      416, 488, 417, -1,
      417, 488, 489, -1,
      417, 489, 418, -1,
      418, 489, 490, -1,
      418, 490, 419, -1,
      419, 490, 491, -1,
      419, 491, 420, -1,
      420, 491, 492, -1,
      420, 492, 421, -1,
      421, 492, 493, -1,
      421, 493, 422, -1,
      422, 493, 494, -1,
      422, 494, 423, -1,
      423, 494, 495, -1,
      423, 495, 424, -1,
      424, 495, 496, -1,
      424, 496, 425, -1,
      425, 496, 497, -1,
      425, 497, 426, -1,
      426, 497, 498, -1,
      426, 498, 427, -1,
      427, 498, 499, -1,
      427, 499, 428, -1,
      428, 499, 500, -1,
      428, 500, 429, -1,
      429, 500, 501, -1,
      429, 501, 430, -1,
      430, 501, 502, -1,
      430, 502, 431, -1,
      431, 502, 503, -1,
      431, 503, 432, -1,
      432, 503, 504, -1,
      432, 504, 433, -1,
      433, 504, 505, -1,
      433, 505, 434, -1,
      434, 505, 506, -1,
      434, 506, 435, -1,
      435, 506, 507, -1,
      435, 507, 436, -1,
      436, 507, 508, -1,
      436, 508, 437, -1,
      437, 508, 509, -1,
      437, 509, 438, -1,
      438, 509, 510, -1,
      438, 510, 439, -1,
      439, 510, 511, -1,
      439, 511, 440, -1,
      440, 511, 512, -1,
      440, 512, 441, -1,
      441, 512, 513, -1,
      441, 513, 442, -1,
      442, 513, 514, -1,
      442, 514, 443, -1,
      443, 514, 515, -1,
      443, 515, 444, -1,
      444, 515, 516, -1,
      444, 516, 445, -1,
      445, 516, 517, -1,
      445, 517, 446, -1,
      446, 517, 518, -1,
      446, 518, 447, -1,
      447, 518, 519, -1,
      447, 519, 448, -1,
      448, 519, 520, -1,
      448, 520, 449, -1,
      449, 520, 521, -1,
      449, 521, 450, -1,
      450, 521, 522, -1,
      450, 522, 451, -1,
      451, 522, 523, -1,
      451, 523, 452, -1,
      452, 523, 524, -1,
      452, 524, 453, -1,
      453, 524, 525, -1,
      453, 525, 454, -1,
      454, 525, 526, -1,
      454, 526, 455, -1,
      455, 526, 527, -1,
      455, 527, 456, -1,
      456, 527, 528, -1,
      456, 528, 457, -1,
      457, 528, 529, -1,
      457, 529, 458, -1,
      458, 529, 530, -1,
      458, 530, 459, -1,
      459, 530, 460, -1,
      530, 531, 460, -1,
      460, 531, 532, -1,
      460, 532, 461, -1,
      461, 532, 533, -1,
      461, 533, 462, -1,
      462, 533, 534, -1,
      462, 534, 463, -1,
      463, 534, 535, -1,
      463, 535, 464, -1,
      464, 535, 536, -1,
      464, 536, 465, -1,
      465, 536, 537, -1,
      465, 537, 466, -1,
      466, 537, 538, -1,
      466, 538, 467, -1,
      467, 538, 539, -1,
      467, 539, 468, -1,
      468, 539, 540, -1,
      468, 540, 469, -1,
      469, 540, 541, -1,
      469, 541, 470, -1,
      470, 541, 542, -1,
      470, 542, 471, -1,
      471, 542, 543, -1,
      471, 543, 472, -1,
      472, 543, 544, -1,
      472, 544, 473, -1,
      473, 544, 545, -1,
      473, 545, 474, -1,
      474, 545, 546, -1,
      474, 546, 475, -1,
      475, 546, 547, -1,
      475, 547, 476, -1,
      476, 547, 548, -1,
      476, 548, 477, -1,
      477, 548, 549, -1,
      477, 549, 478, -1,
      478, 549, 550, -1,
      478, 550, 479, -1,
      479, 550, 551, -1,
      479, 551, 480, -1,
      480, 551, 552, -1,
      480, 552, 481, -1,
      481, 552, 553, -1,
      481, 553, 482, -1,
      482, 553, 554, -1,
      482, 554, 483, -1,
      483, 554, 555, -1,
      483, 555, 484, -1,
      484, 555, 556, -1,
      484, 556, 485, -1,
      485, 556, 557, -1,
      485, 557, 486, -1,
      486, 557, 558, -1,
      486, 558, 487, -1,
      487, 558, 559, -1,
      487, 559, 488, -1,
      488, 559, 560, -1,
      488, 560, 489, -1,
      489, 560, 561, -1,
      489, 561, 490, -1,
      490, 561, 562, -1,
      490, 562, 491, -1,
      491, 562, 563, -1,
      491, 563, 492, -1,
      492, 563, 564, -1,
      492, 564, 493, -1,
      493, 564, 565, -1,
      493, 565, 494, -1,
      494, 565, 566, -1,
      494, 566, 495, -1,
      495, 566, 567, -1,
      495, 567, 496, -1,
      496, 567, 568, -1,
      496, 568, 497, -1,
      497, 568, 569, -1,
      497, 569, 498, -1,
      498, 569, 570, -1,
      498, 570, 499, -1,
      499, 570, 571, -1,
      499, 571, 500, -1,
      500, 571, 572, -1,
      500, 572, 501, -1,
      501, 572, 573, -1,
      501, 573, 502, -1,
      502, 573, 574, -1,
      502, 574, 503, -1,
      503, 574, 575, -1,
      503, 575, 504, -1,
      504, 575, 576, -1,
      504, 576, 505, -1,
      505, 576, 577, -1,
      505, 577, 506, -1,
      506, 577, 578, -1,
      506, 578, 507, -1,
      507, 578, 579, -1,
      507, 579, 508, -1,
      508, 579, 580, -1,
      508, 580, 509, -1,
      509, 580, 581, -1,
      509, 581, 510, -1,
      510, 581, 582, -1,
      510, 582, 511, -1,
      511, 582, 583, -1,
      511, 583, 512, -1,
      512, 583, 584, -1,
      512, 584, 513, -1,
      513, 584, 585, -1,
      513, 585, 514, -1,
      514, 585, 586, -1,
      514, 586, 515, -1,
      515, 586, 587, -1,
      515, 587, 516, -1,
      516, 587, 588, -1,
      516, 588, 517, -1,
      517, 588, 589, -1,
      517, 589, 518, -1,
      518, 589, 590, -1,
      518, 590, 519, -1,
      519, 590, 591, -1,
      519, 591, 520, -1,
      520, 591, 592, -1,
      520, 592, 521, -1,
      521, 592, 593, -1,
      521, 593, 522, -1,
      522, 593, 594, -1,
      522, 594, 523, -1,
      523, 594, 595, -1,
      523, 595, 524, -1,
      524, 595, 596, -1,
      524, 596, 525, -1,
      525, 596, 597, -1,
      525, 597, 526, -1,
      526, 597, 598, -1,
      526, 598, 527, -1,
      527, 598, 599, -1,
      527, 599, 528, -1,
      528, 599, 600, -1,
      528, 600, 529, -1,
      529, 600, 601, -1,
      529, 601, 530, -1,
      530, 601, 531, -1,
      601, 178, 531, -1,
      531, 178, 181, -1,
      531, 181, 532, -1,
      532, 181, 180, -1,
      532, 180, 533, -1,
      533, 180, 179, -1,
      533, 179, 534, -1,
      534, 179, 184, -1,
      534, 184, 535, -1,
      535, 184, 183, -1,
      535, 183, 536, -1,
      536, 183, 182, -1,
      536, 182, 537, -1,
      537, 182, 187, -1,
      537, 187, 538, -1,
      538, 187, 186, -1,
      538, 186, 539, -1,
      539, 186, 185, -1,
      539, 185, 540, -1,
      540, 185, 190, -1,
      540, 190, 541, -1,
      541, 190, 189, -1,
      541, 189, 542, -1,
      542, 189, 188, -1,
      542, 188, 543, -1,
      543, 188, 193, -1,
      543, 193, 544, -1,
      544, 193, 192, -1,
      544, 192, 545, -1,
      545, 192, 191, -1,
      545, 191, 546, -1,
      546, 191, 196, -1,
      546, 196, 547, -1,
      547, 196, 195, -1,
      547, 195, 548, -1,
      548, 195, 194, -1,
      548, 194, 549, -1,
      549, 194, 199, -1,
      549, 199, 550, -1,
      550, 199, 198, -1,
      550, 198, 551, -1,
      551, 198, 197, -1,
      551, 197, 552, -1,
      552, 197, 202, -1,
      552, 202, 553, -1,
      553, 202, 201, -1,
      553, 201, 554, -1,
      554, 201, 200, -1,
      554, 200, 555, -1,
      555, 200, 205, -1,
      555, 205, 556, -1,
      556, 205, 204, -1,
      556, 204, 557, -1,
      557, 204, 203, -1,
      557, 203, 558, -1,
      558, 203, 208, -1,
      558, 208, 559, -1,
      559, 208, 207, -1,
      559, 207, 560, -1,
      560, 207, 206, -1,
      560, 206, 561, -1,
      561, 206, 211, -1,
      561, 211, 562, -1,
      562, 211, 210, -1,
      562, 210, 563, -1,
      563, 210, 209, -1,
      563, 209, 564, -1,
      564, 209, 214, -1,
      564, 214, 565, -1,
      565, 214, 213, -1,
      565, 213, 566, -1,
      566, 213, 212, -1,
      566, 212, 567, -1,
      567, 212, 217, -1,
      567, 217, 568, -1,
      568, 217, 216, -1,
      568, 216, 569, -1,
      569, 216, 215, -1,
      569, 215, 570, -1,
      570, 215, 220, -1,
      570, 220, 571, -1,
      571, 220, 219, -1,
      571, 219, 572, -1,
      572, 219, 218, -1,
      572, 218, 573, -1,
      573, 218, 223, -1,
      573, 223, 574, -1,
      574, 223, 222, -1,
      574, 222, 575, -1,
      575, 222, 221, -1,
      575, 221, 576, -1,
      576, 221, 226, -1,
      576, 226, 577, -1,
      577, 226, 225, -1,
      577, 225, 578, -1,
      578, 225, 224, -1,
      578, 224, 579, -1,
      579, 224, 229, -1,
      579, 229, 580, -1,
      580, 229, 228, -1,
      580, 228, 581, -1,
      581, 228, 227, -1,
      581, 227, 582, -1,
      582, 227, 232, -1,
      582, 232, 583, -1,
      583, 232, 231, -1,
      583, 231, 584, -1,
      584, 231, 230, -1,
      584, 230, 585, -1,
      585, 230, 235, -1,
      585, 235, 586, -1,
      586, 235, 234, -1,
      586, 234, 587, -1,
      587, 234, 233, -1,
      587, 233, 588, -1,
      588, 233, 238, -1,
      588, 238, 589, -1,
      589, 238, 237, -1,
      589, 237, 590, -1,
      590, 237, 236, -1,
      590, 236, 591, -1,
      591, 236, 241, -1,
      591, 241, 592, -1,
      592, 241, 240, -1,
      592, 240, 593, -1,
      593, 240, 239, -1,
      593, 239, 594, -1,
      594, 239, 244, -1,
      594, 244, 595, -1,
      595, 244, 243, -1,
      595, 243, 596, -1,
      596, 243, 242, -1,
      596, 242, 597, -1,
      597, 242, 246, -1,
      597, 246, 598, -1,
      598, 246, 245, -1,
      598, 245, 599, -1,
      599, 245, 176, -1,
      599, 176, 600, -1,
      600, 176, 175, -1,
      600, 175, 601, -1,
      601, 175, 178, -1,
    ]
  }
}

Shape {
  appearance Appearance {
    material Material {
      diffuseColor 0.8510 0.8510 0.8510
      specularColor 0.4235 0.4235 0.4235
      ambientIntensity 0.2
      transparency 0.0000
      shininess 0.5
    }
  }
  geometry IndexedFaceSet {
    ccw TRUE
    solid FALSE
    coord DEF co Coordinate {
      point [
        1.181102 -1.181102 1.377953,
        1.181102 -1.181102 1.259843,
        1.181102 -0.000000 1.377953,
        1.181102 1.181102 1.259843,
        1.181102 1.181102 1.377953,
        0.000000 1.181102 1.377953,
        -1.181102 1.181102 1.259843,
        -1.181102 1.181102 1.377953,
        -1.181102 -0.000000 1.377953,
        -1.181102 -1.181102 1.259843,
        -1.181102 -1.181102 1.377953,
        0.000000 -1.181102 1.377953,
        -0.657655 0.946965 1.377953,
        -0.649606 0.885827 1.377953,
        0.000000 0.706680 1.377953,
        1.113998 0.946965 1.377953,
        1.122047 0.885827 1.377953,
        1.113998 0.824689 1.377953,
        1.090400 0.767717 1.377953,
        1.052860 0.718794 1.377953,
        1.003937 0.681254 1.377953,
        0.946965 0.657655 1.377953,
        0.708661 0.000000 1.377953,
        0.885827 0.649606 1.377953,
        0.700746 0.105620 1.377953,
        0.824689 0.657655 1.377953,
        0.677178 0.208881 1.377953,
        0.638482 0.307477 1.377953,
        0.649606 0.885827 1.377953,
        0.657655 0.946965 1.377953,
        0.585524 0.399203 1.377953,
        0.767717 0.681254 1.377953,
        0.519485 0.482012 1.377953,
        0.718794 0.718794 1.377953,
        0.441843 0.554054 1.377953,
        0.681254 0.767717 1.377953,
        0.354331 0.613719 1.377953,
        0.258903 0.659674 1.377953,
        0.657655 0.824689 1.377953,
        0.157692 0.690894 1.377953,
        0.681254 1.003937 1.377953,
        0.718794 1.052860 1.377953,
        0.767717 1.090400 1.377953,
        1.003937 1.090400 1.377953,
        1.052860 1.052860 1.377953,
        1.090400 1.003937 1.377953,
        0.824689 1.113998 1.377953,
        0.885827 1.122047 1.377953,
        0.946965 1.113998 1.377953,
        -0.700746 0.105620 1.377953,
        -0.824689 0.657655 1.377953,
        -0.885827 0.649606 1.377953,
        -0.657655 0.824689 1.377953,
        -0.681254 0.767717 1.377953,
        -0.354331 0.613719 1.377953,
        0.052958 0.706680 1.377953,
        -0.258903 0.659674 1.377953,
        -0.157692 0.690894 1.377953,
        -0.052958 0.706680 1.377953,
        -0.767717 1.090400 1.377953,
        -0.718794 1.052860 1.377953,
        -0.681254 1.003937 1.377953,
        -0.946965 0.657655 1.377953,
        -1.003937 0.681254 1.377953,
        -1.052860 0.718794 1.377953,
        -1.090400 0.767717 1.377953,
        -0.708661 0.000000 1.377953,
        -1.113998 0.824689 1.377953,
        -1.122047 0.885827 1.377953,
        -1.113998 0.946965 1.377953,
        -1.090400 1.003937 1.377953,
        -1.052860 1.052860 1.377953,
        -1.003937 1.090400 1.377953,
        -0.946965 1.113998 1.377953,
        -0.885827 1.122047 1.377953,
        -0.824689 1.113998 1.377953,
        -0.677178 0.208881 1.377953,
        -0.638482 0.307477 1.377953,
        -0.767717 0.681254 1.377953,
        -0.585524 0.399203 1.377953,
        -0.718794 0.718794 1.377953,
        -0.519485 0.482012 1.377953,
        -0.441843 0.554054 1.377953,
        -0.649606 -0.885827 1.377953,
        -0.657655 -0.946965 1.377953,
        -1.090400 -1.003937 1.377953,
        -1.052860 -1.052860 1.377953,
        -1.003937 -1.090400 1.377953,
        -1.113998 -0.946965 1.377953,
        -1.122047 -0.885827 1.377953,
        -0.681254 -1.003937 1.377953,
        -0.718794 -1.052860 1.377953,
        -0.767717 -1.090400 1.377953,
        -0.824689 -1.113998 1.377953,
        -0.885827 -1.122047 1.377953,
        -0.946965 -1.113998 1.377953,
        -1.113998 -0.824689 1.377953,
        -1.090400 -0.767717 1.377953,
        -1.052860 -0.718794 1.377953,
        -0.681254 -0.767717 1.377953,
        -0.657655 -0.824689 1.377953,
        -0.258903 -0.659674 1.377953,
        -1.003937 -0.681254 1.377953,
        -0.946965 -0.657655 1.377953,
        -0.885827 -0.649606 1.377953,
        -0.700746 -0.105620 1.377953,
        -0.824689 -0.657655 1.377953,
        -0.677178 -0.208881 1.377953,
        -0.354331 -0.613719 1.377953,
        -0.441843 -0.554054 1.377953,
        -0.718794 -0.718794 1.377953,
        -0.519485 -0.482012 1.377953,
        -0.767717 -0.681254 1.377953,
        -0.585524 -0.399203 1.377953,
        -0.638482 -0.307477 1.377953,
        1.090400 -1.003937 1.377953,
        1.052860 -1.052860 1.377953,
        1.003937 -1.090400 1.377953,
        0.824689 -1.113998 1.377953,
        0.885827 -1.122047 1.377953,
        0.946965 -1.113998 1.377953,
        0.767717 -1.090400 1.377953,
        0.718794 -1.052860 1.377953,
        0.681254 -1.003937 1.377953,
        0.657655 -0.946965 1.377953,
        0.649606 -0.885827 1.377953,
        0.000000 -0.706680 1.377953,
        -0.052958 -0.706680 1.377953,
        -0.157692 -0.690894 1.377953,
        0.657655 -0.824689 1.377953,
        0.681254 -0.767717 1.377953,
        0.354331 -0.613719 1.377953,
        1.003937 -0.681254 1.377953,
        1.052860 -0.718794 1.377953,
        1.090400 -0.767717 1.377953,
        0.258903 -0.659674 1.377953,
        0.157692 -0.690894 1.377953,
        0.052958 -0.706680 1.377953,
        0.824689 -0.657655 1.377953,
        0.885827 -0.649606 1.377953,
        0.700746 -0.105620 1.377953,
        0.946965 -0.657655 1.377953,
        1.113998 -0.824689 1.377953,
        1.122047 -0.885827 1.377953,
        1.113998 -0.946965 1.377953,
        0.677178 -0.208881 1.377953,
        0.638482 -0.307477 1.377953,
        0.767717 -0.681254 1.377953,
        0.585524 -0.399203 1.377953,
        0.718794 -0.718794 1.377953,
        0.519485 -0.482012 1.377953,
        0.441843 -0.554054 1.377953,
        -0.157692 0.690894 1.259843,
        -0.258903 0.659674 1.259843,
        -0.354331 0.613719 1.259843,
        -0.441843 0.554054 1.259843,
        -0.519485 0.482012 1.259843,
        -0.585524 0.399203 1.259843,
        -0.638482 0.307477 1.259843,
        -0.677178 0.208881 1.259843,
        -0.700746 0.105620 1.259843,
        -0.708661 0.000000 1.259843,
        -0.700746 -0.105620 1.259843,
        -0.677178 -0.208881 1.259843,
        0.157692 -0.690894 1.259843,
        0.258903 -0.659674 1.259843,
        -0.638482 -0.307477 1.259843,
        -0.585524 -0.399203 1.259843,
        -0.519485 -0.482012 1.259843,
        -0.441843 -0.554054 1.259843,
        -0.354331 -0.613719 1.259843,
        -0.258903 -0.659674 1.259843,
        -0.157692 -0.690894 1.259843,
        -0.052958 -0.706680 1.259843,
        0.052958 -0.706680 1.259843,
        0.354331 -0.613719 1.259843,
        0.441843 -0.554054 1.259843,
        0.519485 -0.482012 1.259843,
        0.585524 -0.399203 1.259843,
        0.638482 -0.307477 1.259843,
        0.677178 -0.208881 1.259843,
        0.700746 -0.105620 1.259843,
        0.708661 -0.000000 1.259843,
        0.700746 0.105620 1.259843,
        0.677178 0.208881 1.259843,
        0.638482 0.307477 1.259843,
        0.585524 0.399203 1.259843,
        0.519485 0.482012 1.259843,
        0.441843 0.554054 1.259843,
        0.354331 0.613719 1.259843,
        0.258903 0.659674 1.259843,
        0.157692 0.690894 1.259843,
        0.052958 0.706680 1.259843,
        -0.052958 0.706680 1.259843,
      ]
    }
    coordIndex [
      0, 1, 2, -1,
      2, 1, 3, -1,
      2, 3, 4, -1,
      4, 3, 5, -1,
      5, 3, 6, -1,
      5, 6, 7, -1,
      7, 6, 8, -1,
      8, 6, 9, -1,
      8, 9, 10, -1,
      10, 9, 11, -1,
      11, 9, 1, -1,
      11, 1, 0, -1,
      12, 13, 14, -1,
      15, 16, 4, -1,
      4, 16, 2, -1,
      16, 17, 2, -1,
      2, 17, 18, -1,
      2, 18, 19, -1,
      19, 20, 2, -1,
      2, 20, 21, -1,
      2, 21, 22, -1,
      22, 21, 23, -1,
      22, 23, 24, -1,
      24, 23, 25, -1,
      24, 25, 26, -1,
      26, 25, 27, -1,
      28, 29, 5, -1,
      27, 25, 30, -1,
      30, 25, 31, -1,
      30, 31, 32, -1,
      32, 31, 33, -1,
      32, 33, 34, -1,
      34, 33, 35, -1,
      34, 35, 36, -1,
      36, 35, 37, -1,
      37, 35, 38, -1,
      37, 38, 39, -1,
      29, 40, 5, -1,
      5, 40, 41, -1,
      5, 41, 42, -1,
      43, 44, 4, -1,
      4, 44, 45, -1,
      4, 45, 15, -1,
      42, 46, 5, -1,
      5, 46, 47, -1,
      5, 47, 4, -1,
      4, 47, 48, -1,
      4, 48, 43, -1,
      49, 50, 51, -1,
      52, 53, 54, -1,
      39, 38, 55, -1,
      55, 38, 28, -1,
      55, 28, 14, -1,
      14, 28, 5, -1,
      14, 5, 12, -1,
      54, 56, 52, -1,
      52, 56, 57, -1,
      52, 57, 13, -1,
      13, 57, 58, -1,
      13, 58, 14, -1,
      59, 60, 5, -1,
      5, 60, 61, -1,
      5, 61, 12, -1,
      62, 63, 8, -1,
      8, 63, 64, -1,
      8, 64, 65, -1,
      62, 8, 51, -1,
      51, 8, 66, -1,
      51, 66, 49, -1,
      65, 67, 8, -1,
      8, 67, 68, -1,
      8, 68, 7, -1,
      7, 68, 69, -1,
      69, 70, 7, -1,
      7, 70, 71, -1,
      7, 71, 72, -1,
      72, 73, 7, -1,
      7, 73, 74, -1,
      7, 74, 5, -1,
      5, 74, 75, -1,
      5, 75, 59, -1,
      49, 76, 50, -1,
      50, 76, 77, -1,
      50, 77, 78, -1,
      78, 77, 79, -1,
      78, 79, 80, -1,
      80, 79, 81, -1,
      80, 81, 53, -1,
      53, 81, 82, -1,
      53, 82, 54, -1,
      83, 84, 11, -1,
      85, 10, 86, -1,
      86, 10, 87, -1,
      85, 88, 10, -1,
      10, 88, 89, -1,
      10, 89, 8, -1,
      84, 90, 11, -1,
      11, 90, 91, -1,
      11, 91, 92, -1,
      92, 93, 11, -1,
      11, 93, 94, -1,
      11, 94, 10, -1,
      10, 94, 95, -1,
      10, 95, 87, -1,
      89, 96, 8, -1,
      8, 96, 97, -1,
      8, 97, 98, -1,
      99, 100, 101, -1,
      98, 102, 8, -1,
      8, 102, 103, -1,
      8, 103, 66, -1,
      66, 103, 104, -1,
      66, 104, 105, -1,
      105, 104, 106, -1,
      105, 106, 107, -1,
      101, 108, 99, -1,
      99, 108, 109, -1,
      99, 109, 110, -1,
      110, 109, 111, -1,
      110, 111, 112, -1,
      112, 111, 113, -1,
      112, 113, 106, -1,
      106, 113, 114, -1,
      106, 114, 107, -1,
      115, 116, 0, -1,
      0, 116, 117, -1,
      118, 11, 119, -1,
      119, 11, 0, -1,
      119, 0, 120, -1,
      120, 0, 117, -1,
      118, 121, 11, -1,
      11, 121, 122, -1,
      11, 122, 123, -1,
      124, 125, 126, -1,
      123, 124, 11, -1,
      11, 124, 126, -1,
      11, 126, 83, -1,
      83, 126, 127, -1,
      83, 127, 100, -1,
      100, 127, 128, -1,
      100, 128, 101, -1,
      129, 130, 131, -1,
      132, 133, 2, -1,
      2, 133, 134, -1,
      131, 135, 129, -1,
      129, 135, 136, -1,
      129, 136, 125, -1,
      125, 136, 137, -1,
      125, 137, 126, -1,
      138, 139, 140, -1,
      140, 139, 22, -1,
      22, 139, 2, -1,
      2, 139, 141, -1,
      2, 141, 132, -1,
      134, 142, 2, -1,
      2, 142, 143, -1,
      2, 143, 0, -1,
      0, 143, 144, -1,
      0, 144, 115, -1,
      140, 145, 138, -1,
      138, 145, 146, -1,
      138, 146, 147, -1,
      147, 146, 148, -1,
      147, 148, 149, -1,
      149, 148, 150, -1,
      149, 150, 130, -1,
      130, 150, 151, -1,
      130, 151, 131, -1,
      152, 153, 6, -1,
      153, 154, 6, -1,
      6, 154, 155, -1,
      6, 155, 156, -1,
      156, 157, 6, -1,
      6, 157, 158, -1,
      6, 158, 159, -1,
      159, 160, 6, -1,
      6, 160, 161, -1,
      6, 161, 9, -1,
      9, 161, 162, -1,
      9, 162, 163, -1,
      164, 165, 1, -1,
      163, 166, 9, -1,
      9, 166, 167, -1,
      9, 167, 168, -1,
      168, 169, 9, -1,
      9, 169, 170, -1,
      9, 170, 171, -1,
      171, 172, 9, -1,
      9, 172, 173, -1,
      9, 173, 1, -1,
      1, 173, 174, -1,
      1, 174, 164, -1,
      165, 175, 1, -1,
      1, 175, 176, -1,
      1, 176, 177, -1,
      177, 178, 1, -1,
      1, 178, 179, -1,
      1, 179, 180, -1,
      180, 181, 1, -1,
      1, 181, 182, -1,
      1, 182, 3, -1,
      3, 182, 183, -1,
      3, 183, 184, -1,
      184, 185, 3, -1,
      3, 185, 186, -1,
      3, 186, 187, -1,
      187, 188, 3, -1,
      3, 188, 189, -1,
      3, 189, 190, -1,
      190, 191, 3, -1,
      3, 191, 192, -1,
      3, 192, 6, -1,
      6, 192, 193, -1,
      6, 193, 152, -1,
      192, 14, 193, -1,
      193, 14, 58, -1,
      193, 58, 152, -1,
      152, 58, 57, -1,
      152, 57, 153, -1,
      153, 57, 56, -1,
      153, 56, 154, -1,
      154, 56, 54, -1,
      154, 54, 155, -1,
      155, 54, 82, -1,
      155, 82, 156, -1,
      156, 82, 81, -1,
      156, 81, 157, -1,
      157, 81, 79, -1,
      157, 79, 158, -1,
      158, 79, 77, -1,
      158, 77, 159, -1,
      159, 77, 76, -1,
      159, 76, 160, -1,
      160, 76, 49, -1,
      160, 49, 161, -1,
      161, 49, 66, -1,
      161, 66, 162, -1,
      162, 66, 105, -1,
      162, 105, 163, -1,
      163, 105, 107, -1,
      163, 107, 166, -1,
      166, 107, 114, -1,
      166, 114, 167, -1,
      167, 114, 113, -1,
      167, 113, 168, -1,
      168, 113, 111, -1,
      168, 111, 169, -1,
      169, 111, 109, -1,
      169, 109, 170, -1,
      170, 109, 108, -1,
      170, 108, 171, -1,
      171, 108, 101, -1,
      171, 101, 172, -1,
      172, 101, 128, -1,
      172, 128, 173, -1,
      128, 127, 173, -1,
      173, 127, 126, -1,
      173, 126, 174, -1,
      174, 126, 137, -1,
      174, 137, 164, -1,
      164, 137, 136, -1,
      164, 136, 165, -1,
      165, 136, 135, -1,
      165, 135, 175, -1,
      175, 135, 131, -1,
      175, 131, 176, -1,
      176, 131, 151, -1,
      176, 151, 177, -1,
      177, 151, 150, -1,
      177, 150, 178, -1,
      178, 150, 148, -1,
      178, 148, 179, -1,
      179, 148, 146, -1,
      179, 146, 180, -1,
      180, 146, 145, -1,
      180, 145, 181, -1,
      181, 145, 140, -1,
      181, 140, 182, -1,
      182, 140, 22, -1,
      182, 22, 183, -1,
      183, 22, 24, -1,
      183, 24, 184, -1,
      184, 24, 26, -1,
      184, 26, 185, -1,
      185, 26, 27, -1,
      185, 27, 186, -1,
      186, 27, 30, -1,
      186, 30, 187, -1,
      187, 30, 32, -1,
      187, 32, 188, -1,
      188, 32, 34, -1,
      188, 34, 189, -1,
      189, 34, 36, -1,
      189, 36, 190, -1,
      190, 36, 37, -1,
      190, 37, 191, -1,
      191, 37, 39, -1,
      191, 39, 192, -1,
      192, 39, 55, -1,
      192, 55, 14, -1,
    ]
  }
}

Shape {
  appearance Appearance {
    material Material {
      diffuseColor 0.2235 0.2235 0.2235
      specularColor 0.1804 0.1804 0.1804
      ambientIntensity 0.2
      transparency 0.0000
      shininess 0.5
    }
  }
  geometry IndexedFaceSet {
    ccw TRUE
    solid FALSE
    coord DEF co Coordinate {
      point [
        1.181102 -1.181102 1.259843,
        1.181102 1.181102 1.259843,
        -1.181102 1.181102 1.259843,
        -1.181102 -1.181102 1.259843,
        -0.657655 0.946965 1.377953,
        -0.649606 0.885827 1.377953,
        1.113998 0.946965 1.377953,
        1.122047 0.885827 1.377953,
        1.113998 0.824689 1.377953,
        1.090400 0.767717 1.377953,
        1.052860 0.718794 1.377953,
        1.003937 0.681254 1.377953,
        0.946965 0.657655 1.377953,
        0.885827 0.649606 1.377953,
        0.824689 0.657655 1.377953,
        0.649606 0.885827 1.377953,
        0.657655 0.946965 1.377953,
        0.767717 0.681254 1.377953,
        0.718794 0.718794 1.377953,
        0.681254 0.767717 1.377953,
        0.657655 0.824689 1.377953,
        0.681254 1.003937 1.377953,
        0.718794 1.052860 1.377953,
        0.767717 1.090400 1.377953,
        1.003937 1.090400 1.377953,
        1.052860 1.052860 1.377953,
        1.090400 1.003937 1.377953,
        0.824689 1.113998 1.377953,
        0.885827 1.122047 1.377953,
        0.946965 1.113998 1.377953,
        -0.824689 0.657655 1.377953,
        -0.885827 0.649606 1.377953,
        -0.657655 0.824689 1.377953,
        -0.681254 0.767717 1.377953,
        -0.767717 1.090400 1.377953,
        -0.718794 1.052860 1.377953,
        -0.681254 1.003937 1.377953,
        -0.946965 0.657655 1.377953,
        -1.003937 0.681254 1.377953,
        -1.052860 0.718794 1.377953,
        -1.090400 0.767717 1.377953,
        -1.113998 0.824689 1.377953,
        -1.122047 0.885827 1.377953,
        -1.113998 0.946965 1.377953,
        -1.090400 1.003937 1.377953,
        -1.052860 1.052860 1.377953,
        -1.003937 1.090400 1.377953,
        -0.946965 1.113998 1.377953,
        -0.885827 1.122047 1.377953,
        -0.824689 1.113998 1.377953,
        -0.767717 0.681254 1.377953,
        -0.718794 0.718794 1.377953,
        -0.649606 -0.885827 1.377953,
        -0.657655 -0.946965 1.377953,
        -1.090400 -1.003937 1.377953,
        -1.052860 -1.052860 1.377953,
        -1.003937 -1.090400 1.377953,
        -1.113998 -0.946965 1.377953,
        -1.122047 -0.885827 1.377953,
        -0.681254 -1.003937 1.377953,
        -0.718794 -1.052860 1.377953,
        -0.767717 -1.090400 1.377953,
        -0.824689 -1.113998 1.377953,
        -0.885827 -1.122047 1.377953,
        -0.946965 -1.113998 1.377953,
        -1.113998 -0.824689 1.377953,
        -1.090400 -0.767717 1.377953,
        -1.052860 -0.718794 1.377953,
        -0.681254 -0.767717 1.377953,
        -0.657655 -0.824689 1.377953,
        -1.003937 -0.681254 1.377953,
        -0.946965 -0.657655 1.377953,
        -0.885827 -0.649606 1.377953,
        -0.824689 -0.657655 1.377953,
        -0.718794 -0.718794 1.377953,
        -0.767717 -0.681254 1.377953,
        1.090400 -1.003937 1.377953,
        1.052860 -1.052860 1.377953,
        1.003937 -1.090400 1.377953,
        0.824689 -1.113998 1.377953,
        0.885827 -1.122047 1.377953,
        0.946965 -1.113998 1.377953,
        0.767717 -1.090400 1.377953,
        0.718794 -1.052860 1.377953,
        0.681254 -1.003937 1.377953,
        0.657655 -0.946965 1.377953,
        0.649606 -0.885827 1.377953,
        0.657655 -0.824689 1.377953,
        0.681254 -0.767717 1.377953,
        1.003937 -0.681254 1.377953,
        1.052860 -0.718794 1.377953,
        1.090400 -0.767717 1.377953,
        0.824689 -0.657655 1.377953,
        0.885827 -0.649606 1.377953,
        0.946965 -0.657655 1.377953,
        1.113998 -0.824689 1.377953,
        1.122047 -0.885827 1.377953,
        1.113998 -0.946965 1.377953,
        0.767717 -0.681254 1.377953,
        0.718794 -0.718794 1.377953,
        -1.118025 0.842421 1.437008,
        -1.106096 0.800494 1.437008,
        -1.113056 0.824957 1.437008,
        -1.052351 0.719352 1.437008,
        -1.060396 0.726686 1.437008,
        -1.086665 0.761473 1.437008,
        -1.089899 0.767966 1.437008,
        -1.028181 0.697319 1.437008,
        -1.003465 0.682015 1.437008,
        -0.991119 0.674371 1.437008,
        -0.950472 0.658624 1.437008,
        -0.907622 0.650614 1.437008,
        -0.946909 0.657958 1.437008,
        -0.864031 0.650614 1.437008,
        -0.885827 0.650614 1.437008,
        -0.768188 0.682015 1.437008,
        -0.780534 0.674371 1.437008,
        -0.821182 0.658624 1.437008,
        -0.824745 0.657958 1.437008,
        -0.743472 0.697319 1.437008,
        -0.719303 0.719352 1.437008,
        -0.711258 0.726686 1.437008,
        -0.684988 0.761473 1.437008,
        -0.665558 0.800494 1.437008,
        -0.681755 0.767966 1.437008,
        -0.653628 0.842421 1.437008,
        -0.658598 0.824957 1.437008,
        -0.653628 0.929232 1.437008,
        -0.649606 0.885827 1.437008,
        -0.665558 0.971159 1.437008,
        -0.658598 0.946697 1.437008,
        -0.719303 1.052302 1.437008,
        -0.711258 1.044967 1.437008,
        -0.684988 1.010181 1.437008,
        -0.681755 1.003687 1.437008,
        -0.743472 1.074335 1.437008,
        -0.768188 1.089638 1.437008,
        -0.780534 1.097283 1.437008,
        -0.821182 1.113030 1.437008,
        -0.864031 1.121039 1.437008,
        -0.824745 1.113696 1.437008,
        -0.907622 1.121039 1.437008,
        -0.885827 1.121039 1.437008,
        -1.003465 1.089638 1.437008,
        -0.991119 1.097283 1.437008,
        -0.950472 1.113030 1.437008,
        -0.946909 1.113696 1.437008,
        -1.028181 1.074335 1.437008,
        -1.052351 1.052302 1.437008,
        -1.060396 1.044967 1.437008,
        -1.086665 1.010181 1.437008,
        -1.106096 0.971159 1.437008,
        -1.089899 1.003687 1.437008,
        -1.122047 0.885827 1.437008,
        -1.118025 0.929232 1.437008,
        -1.113056 0.946697 1.437008,
        -0.708661 0.885827 1.496063,
        -0.711678 0.918381 1.496063,
        -0.885827 0.885827 1.496063,
        -0.735198 0.792561 1.496063,
        -0.720625 0.821827 1.496063,
        -0.711678 0.853273 1.496063,
        -0.806857 0.727235 1.496063,
        -0.779061 0.744446 1.496063,
        -0.754900 0.766471 1.496063,
        -0.902174 0.709417 1.496063,
        -0.869480 0.709417 1.496063,
        -0.837343 0.715424 1.496063,
        -0.992593 0.744446 1.496063,
        -0.964796 0.727235 1.496063,
        -0.934310 0.715424 1.496063,
        -1.051028 0.821827 1.496063,
        -1.036456 0.792561 1.496063,
        -1.016754 0.766471 1.496063,
        -1.059976 0.918381 1.496063,
        -1.062992 0.885827 1.496063,
        -1.059976 0.853273 1.496063,
        -1.016754 1.005182 1.496063,
        -1.036456 0.979092 1.496063,
        -1.051028 0.949826 1.496063,
        -0.934310 1.056229 1.496063,
        -0.964796 1.044419 1.496063,
        -0.992593 1.027208 1.496063,
        -0.837343 1.056229 1.496063,
        -0.869480 1.062236 1.496063,
        -0.902174 1.062236 1.496063,
        -0.754900 1.005182 1.496063,
        -0.779061 1.027208 1.496063,
        -0.806857 1.044419 1.496063,
        -0.720625 0.949826 1.496063,
        -0.735198 0.979092 1.496063,
        0.653628 0.842421 1.437008,
        0.665558 0.800494 1.437008,
        0.658598 0.824957 1.437008,
        0.719303 0.719352 1.437008,
        0.711258 0.726686 1.437008,
        0.684988 0.761473 1.437008,
        0.681755 0.767966 1.437008,
        0.743472 0.697319 1.437008,
        0.768188 0.682015 1.437008,
        0.780534 0.674371 1.437008,
        0.821182 0.658624 1.437008,
        0.864031 0.650614 1.437008,
        0.824745 0.657958 1.437008,
        0.907622 0.650614 1.437008,
        0.885827 0.650614 1.437008,
        1.003465 0.682015 1.437008,
        0.991119 0.674371 1.437008,
        0.950472 0.658624 1.437008,
        0.946909 0.657958 1.437008,
        1.028181 0.697319 1.437008,
        1.052351 0.719352 1.437008,
        1.060396 0.726686 1.437008,
        1.086665 0.761473 1.437008,
        1.106096 0.800494 1.437008,
        1.089899 0.767966 1.437008,
        1.118025 0.842421 1.437008,
        1.113056 0.824957 1.437008,
        1.118025 0.929232 1.437008,
        1.122047 0.885827 1.437008,
        1.106096 0.971159 1.437008,
        1.113056 0.946697 1.437008,
        1.052351 1.052302 1.437008,
        1.060396 1.044967 1.437008,
        1.086665 1.010181 1.437008,
        1.089899 1.003687 1.437008,
        1.028181 1.074335 1.437008,
        1.003465 1.089638 1.437008,
        0.991119 1.097283 1.437008,
        0.950472 1.113030 1.437008,
        0.907622 1.121039 1.437008,
        0.946909 1.113696 1.437008,
        0.864031 1.121039 1.437008,
        0.885827 1.121039 1.437008,
        0.768188 1.089638 1.437008,
        0.780534 1.097283 1.437008,
        0.821182 1.113030 1.437008,
        0.824745 1.113696 1.437008,
        0.743472 1.074335 1.437008,
        0.719303 1.052302 1.437008,
        0.711258 1.044967 1.437008,
        0.684988 1.010181 1.437008,
        0.665558 0.971159 1.437008,
        0.681755 1.003687 1.437008,
        0.649606 0.885827 1.437008,
        0.653628 0.929232 1.437008,
        0.658598 0.946697 1.437008,
        1.062992 0.885827 1.496063,
        1.059976 0.918381 1.496063,
        0.885827 0.885827 1.496063,
        1.036456 0.792561 1.496063,
        1.051028 0.821827 1.496063,
        1.059976 0.853273 1.496063,
        0.964796 0.727235 1.496063,
        0.992593 0.744446 1.496063,
        1.016754 0.766471 1.496063,
        0.869480 0.709417 1.496063,
        0.902174 0.709417 1.496063,
        0.934310 0.715424 1.496063,
        0.779061 0.744446 1.496063,
        0.806857 0.727235 1.496063,
        0.837343 0.715424 1.496063,
        0.720625 0.821827 1.496063,
        0.735198 0.792561 1.496063,
        0.754900 0.766471 1.496063,
        0.711678 0.918381 1.496063,
        0.708661 0.885827 1.496063,
        0.711678 0.853273 1.496063,
        0.754900 1.005182 1.496063,
        0.735198 0.979092 1.496063,
        0.720625 0.949826 1.496063,
        0.837343 1.056229 1.496063,
        0.806857 1.044419 1.496063,
        0.779061 1.027208 1.496063,
        0.934310 1.056229 1.496063,
        0.902174 1.062236 1.496063,
        0.869480 1.062236 1.496063,
        1.016754 1.005182 1.496063,
        0.992593 1.027208 1.496063,
        0.964796 1.044419 1.496063,
        1.051028 0.949826 1.496063,
        1.036456 0.979092 1.496063,
        -1.118025 -0.929232 1.437008,
        -1.106096 -0.971159 1.437008,
        -1.113056 -0.946697 1.437008,
        -1.052351 -1.052302 1.437008,
        -1.060396 -1.044967 1.437008,
        -1.086665 -1.010181 1.437008,
        -1.089899 -1.003687 1.437008,
        -1.028181 -1.074335 1.437008,
        -1.003465 -1.089638 1.437008,
        -0.991119 -1.097283 1.437008,
        -0.950472 -1.113030 1.437008,
        -0.907622 -1.121039 1.437008,
        -0.946909 -1.113696 1.437008,
        -0.864031 -1.121039 1.437008,
        -0.885827 -1.121039 1.437008,
        -0.768188 -1.089638 1.437008,
        -0.780534 -1.097283 1.437008,
        -0.821182 -1.113030 1.437008,
        -0.824745 -1.113696 1.437008,
        -0.743472 -1.074335 1.437008,
        -0.719303 -1.052302 1.437008,
        -0.711258 -1.044967 1.437008,
        -0.684988 -1.010181 1.437008,
        -0.665558 -0.971159 1.437008,
        -0.681755 -1.003687 1.437008,
        -0.653628 -0.929232 1.437008,
        -0.658598 -0.946697 1.437008,
        -0.653628 -0.842421 1.437008,
        -0.649606 -0.885827 1.437008,
        -0.665558 -0.800494 1.437008,
        -0.658598 -0.824957 1.437008,
        -0.719303 -0.719352 1.437008,
        -0.711258 -0.726686 1.437008,
        -0.684988 -0.761473 1.437008,
        -0.681755 -0.767966 1.437008,
        -0.743472 -0.697319 1.437008,
        -0.768188 -0.682015 1.437008,
        -0.780534 -0.674371 1.437008,
        -0.821182 -0.658624 1.437008,
        -0.864031 -0.650614 1.437008,
        -0.824745 -0.657958 1.437008,
        -0.907622 -0.650614 1.437008,
        -0.885827 -0.650614 1.437008,
        -1.003465 -0.682015 1.437008,
        -0.991119 -0.674371 1.437008,
        -0.950472 -0.658624 1.437008,
        -0.946909 -0.657958 1.437008,
        -1.028181 -0.697319 1.437008,
        -1.052351 -0.719352 1.437008,
        -1.060396 -0.726686 1.437008,
        -1.086665 -0.761473 1.437008,
        -1.106096 -0.800494 1.437008,
        -1.089899 -0.767966 1.437008,
        -1.122047 -0.885827 1.437008,
        -1.118025 -0.842421 1.437008,
        -1.113056 -0.824957 1.437008,
        -0.708661 -0.885827 1.496063,
        -0.711678 -0.853273 1.496063,
        -0.885827 -0.885827 1.496063,
        -0.735198 -0.979092 1.496063,
        -0.720625 -0.949826 1.496063,
        -0.711678 -0.918381 1.496063,
        -0.806857 -1.044419 1.496063,
        -0.779061 -1.027208 1.496063,
        -0.754900 -1.005182 1.496063,
        -0.902174 -1.062236 1.496063,
        -0.869480 -1.062236 1.496063,
        -0.837343 -1.056229 1.496063,
        -0.992593 -1.027208 1.496063,
        -0.964796 -1.044419 1.496063,
        -0.934310 -1.056229 1.496063,
        -1.051028 -0.949826 1.496063,
        -1.036456 -0.979092 1.496063,
        -1.016754 -1.005182 1.496063,
        -1.059976 -0.853273 1.496063,
        -1.062992 -0.885827 1.496063,
        -1.059976 -0.918381 1.496063,
        -1.016754 -0.766471 1.496063,
        -1.036456 -0.792561 1.496063,
        -1.051028 -0.821827 1.496063,
        -0.934310 -0.715424 1.496063,
        -0.964796 -0.727235 1.496063,
        -0.992593 -0.744446 1.496063,
        -0.837343 -0.715424 1.496063,
        -0.869480 -0.709417 1.496063,
        -0.902174 -0.709417 1.496063,
        -0.754900 -0.766471 1.496063,
        -0.779061 -0.744446 1.496063,
        -0.806857 -0.727235 1.496063,
        -0.720625 -0.821827 1.496063,
        -0.735198 -0.792561 1.496063,
        0.653628 -0.929232 1.437008,
        0.665558 -0.971159 1.437008,
        0.658598 -0.946697 1.437008,
        0.719303 -1.052302 1.437008,
        0.711258 -1.044967 1.437008,
        0.684988 -1.010181 1.437008,
        0.681755 -1.003687 1.437008,
        0.743472 -1.074335 1.437008,
        0.768188 -1.089638 1.437008,
        0.780534 -1.097283 1.437008,
        0.821182 -1.113030 1.437008,
        0.864031 -1.121039 1.437008,
        0.824745 -1.113696 1.437008,
        0.907622 -1.121039 1.437008,
        0.885827 -1.121039 1.437008,
        1.003465 -1.089638 1.437008,
        0.991119 -1.097283 1.437008,
        0.950472 -1.113030 1.437008,
        0.946909 -1.113696 1.437008,
        1.028181 -1.074335 1.437008,
        1.052351 -1.052302 1.437008,
        1.060396 -1.044967 1.437008,
        1.086665 -1.010181 1.437008,
        1.106096 -0.971159 1.437008,
        1.089899 -1.003687 1.437008,
        1.118025 -0.929232 1.437008,
        1.113056 -0.946697 1.437008,
        1.118025 -0.842421 1.437008,
        1.122047 -0.885827 1.437008,
        1.106096 -0.800494 1.437008,
        1.113056 -0.824957 1.437008,
        1.052351 -0.719352 1.437008,
        1.060396 -0.726686 1.437008,
        1.086665 -0.761473 1.437008,
        1.089899 -0.767966 1.437008,
        1.028181 -0.697319 1.437008,
        1.003465 -0.682015 1.437008,
        0.991119 -0.674371 1.437008,
        0.950472 -0.658624 1.437008,
        0.907622 -0.650614 1.437008,
        0.946909 -0.657958 1.437008,
        0.864031 -0.650614 1.437008,
        0.885827 -0.650614 1.437008,
        0.768188 -0.682015 1.437008,
        0.780534 -0.674371 1.437008,
        0.821182 -0.658624 1.437008,
        0.824745 -0.657958 1.437008,
        0.743472 -0.697319 1.437008,
        0.719303 -0.719352 1.437008,
        0.711258 -0.726686 1.437008,
        0.684988 -0.761473 1.437008,
        0.665558 -0.800494 1.437008,
        0.681755 -0.767966 1.437008,
        0.649606 -0.885827 1.437008,
        0.653628 -0.842421 1.437008,
        0.658598 -0.824957 1.437008,
        1.062992 -0.885827 1.496063,
        1.059976 -0.853273 1.496063,
        0.885827 -0.885827 1.496063,
        1.036456 -0.979092 1.496063,
        1.051028 -0.949826 1.496063,
        1.059976 -0.918381 1.496063,
        0.964796 -1.044419 1.496063,
        0.992593 -1.027208 1.496063,
        1.016754 -1.005182 1.496063,
        0.869480 -1.062236 1.496063,
        0.902174 -1.062236 1.496063,
        0.934310 -1.056229 1.496063,
        0.779061 -1.027208 1.496063,
        0.806857 -1.044419 1.496063,
        0.837343 -1.056229 1.496063,
        0.720625 -0.949826 1.496063,
        0.735198 -0.979092 1.496063,
        0.754900 -1.005182 1.496063,
        0.711678 -0.853273 1.496063,
        0.708661 -0.885827 1.496063,
        0.711678 -0.918381 1.496063,
        0.754900 -0.766471 1.496063,
        0.735198 -0.792561 1.496063,
        0.720625 -0.821827 1.496063,
        0.837343 -0.715424 1.496063,
        0.806857 -0.727235 1.496063,
        0.779061 -0.744446 1.496063,
        0.934310 -0.715424 1.496063,
        0.902174 -0.709417 1.496063,
        0.869480 -0.709417 1.496063,
        1.016754 -0.766471 1.496063,
        0.992593 -0.744446 1.496063,
        0.964796 -0.727235 1.496063,
        1.051028 -0.821827 1.496063,
        1.036456 -0.792561 1.496063,
        -0.667434 -0.801221 1.452293,
        -0.686699 -0.762532 1.452293,
        -0.744685 -0.698924 1.452293,
        -0.864217 -0.652618 1.452293,
        -0.907437 -0.652618 1.452293,
        -0.949921 -0.660559 1.452293,
        -1.026969 -0.698924 1.452293,
        -1.104219 -0.801221 1.452293,
        -1.104219 -0.970433 1.452293,
        -1.084955 -1.009122 1.452293,
        -1.026969 -1.072729 1.452293,
        -0.907437 -1.119036 1.452293,
        -0.821733 -1.111094 1.452293,
        -0.744685 -1.072729 1.452293,
        -0.667434 -0.970433 1.452293,
        -0.696654 -0.921189 1.494051,
        -0.706372 -0.955348 1.494051,
        -0.682653 -0.923806 1.488151,
        -0.693091 -0.960493 1.488151,
        -0.670631 -0.926054 1.478766,
        -0.681687 -0.964911 1.478766,
        -0.661406 -0.927778 1.466535,
        -0.672935 -0.968301 1.466535,
        -0.655606 -0.928863 1.452293,
        -0.743605 -1.015480 1.494051,
        -0.769850 -1.039405 1.494051,
        -0.733079 -1.025075 1.488151,
        -0.761267 -1.050771 1.488151,
        -0.724040 -1.033315 1.478766,
        -0.753896 -1.060531 1.478766,
        -0.717105 -1.039637 1.466535,
        -0.748240 -1.068021 1.466535,
        -0.712745 -1.043612 1.452293,
        -0.868070 -1.077456 1.494051,
        -0.903584 -1.077456 1.494051,
        -0.866756 -1.091638 1.488151,
        -0.904898 -1.091638 1.488151,
        -0.865627 -1.103817 1.478766,
        -0.906026 -1.103817 1.478766,
        -0.864761 -1.113161 1.466535,
        -0.906893 -1.113161 1.466535,
        -0.864217 -1.119036 1.452293,
        -0.971609 -1.058101 1.494051,
        -1.001804 -1.039405 1.494051,
        -0.977958 -1.070851 1.488151,
        -1.010387 -1.050771 1.488151,
        -0.983409 -1.081799 1.478766,
        -1.017758 -1.060531 1.478766,
        -0.987593 -1.090200 1.466535,
        -1.023413 -1.068021 1.466535,
        -0.990222 -1.095481 1.452293,
        -1.075000 -0.850464 1.494051,
        -1.065281 -0.816306 1.494051,
        -1.089000 -0.847847 1.488151,
        -1.078562 -0.811161 1.488151,
        -1.101023 -0.845600 1.478766,
        -1.089967 -0.806743 1.478766,
        -1.110248 -0.843875 1.466535,
        -1.098718 -0.803352 1.466535,
        -1.116047 -0.842791 1.452293,
        -1.028049 -0.756174 1.494051,
        -1.001804 -0.732248 1.494051,
        -1.038575 -0.746579 1.488151,
        -1.010387 -0.720882 1.488151,
        -1.047613 -0.738339 1.478766,
        -1.017758 -0.711122 1.478766,
        -1.054549 -0.732016 1.466535,
        -1.023413 -0.703633 1.466535,
        -1.058909 -0.728042 1.452293,
        -0.800044 -0.713553 1.494051,
        -0.769850 -0.732248 1.494051,
        -0.793696 -0.700803 1.488151,
        -0.761267 -0.720882 1.488151,
        -0.788244 -0.689854 1.478766,
        -0.753896 -0.711122 1.478766,
        -0.784061 -0.681453 1.466535,
        -0.748240 -0.703633 1.466535,
        -0.781431 -0.676172 1.452293,
        -0.693377 -0.885827 1.494051,
        -0.679134 -0.885827 1.488151,
        -0.666903 -0.885827 1.478766,
        -0.657518 -0.885827 1.466535,
        -0.651619 -0.885827 1.452293,
        -0.686699 -1.009122 1.452293,
        -0.691715 -1.006016 1.466535,
        -0.699694 -1.001075 1.478766,
        -0.710093 -0.994637 1.488151,
        -0.722202 -0.987139 1.494051,
        -0.781431 -1.095481 1.452293,
        -0.784061 -1.090200 1.466535,
        -0.788244 -1.081799 1.478766,
        -0.793696 -1.070851 1.488151,
        -0.800044 -1.058101 1.494051,
        -0.833160 -1.070930 1.494051,
        -0.829263 -1.084629 1.488151,
        -0.825915 -1.096393 1.478766,
        -0.823347 -1.105420 1.466535,
        -0.949921 -1.111094 1.452293,
        -0.948306 -1.105420 1.466535,
        -0.945738 -1.096393 1.478766,
        -0.942391 -1.084629 1.488151,
        -0.938493 -1.070930 1.494051,
        -1.058909 -1.043612 1.452293,
        -1.054549 -1.039637 1.466535,
        -1.047613 -1.033315 1.478766,
        -1.038575 -1.025075 1.488151,
        -1.028049 -1.015480 1.494051,
        -1.049451 -0.987139 1.494051,
        -1.061561 -0.994637 1.488151,
        -1.071959 -1.001075 1.478766,
        -1.079939 -1.006016 1.466535,
        -1.098718 -0.968301 1.466535,
        -1.089967 -0.964911 1.478766,
        -1.078562 -0.960493 1.488151,
        -1.065281 -0.955348 1.494051,
        -1.116047 -0.928863 1.452293,
        -1.110248 -0.927778 1.466535,
        -1.101023 -0.926054 1.478766,
        -1.089000 -0.923806 1.488151,
        -1.075000 -0.921189 1.494051,
        -1.078277 -0.885827 1.494051,
        -1.092520 -0.885827 1.488151,
        -1.104750 -0.885827 1.478766,
        -1.114135 -0.885827 1.466535,
        -1.120035 -0.885827 1.452293,
        -1.084955 -0.762532 1.452293,
        -1.079939 -0.765638 1.466535,
        -1.071959 -0.770578 1.478766,
        -1.061561 -0.777017 1.488151,
        -1.049451 -0.784515 1.494051,
        -0.990222 -0.676172 1.452293,
        -0.987593 -0.681453 1.466535,
        -0.983409 -0.689854 1.478766,
        -0.977958 -0.700803 1.488151,
        -0.971609 -0.713553 1.494051,
        -0.938493 -0.700724 1.494051,
        -0.942391 -0.687024 1.488151,
        -0.945738 -0.675260 1.478766,
        -0.948306 -0.666234 1.466535,
        -0.906893 -0.658492 1.466535,
        -0.906026 -0.667837 1.478766,
        -0.904898 -0.680016 1.488151,
        -0.903584 -0.694198 1.494051,
        -0.864761 -0.658492 1.466535,
        -0.865627 -0.667837 1.478766,
        -0.866756 -0.680016 1.488151,
        -0.868070 -0.694198 1.494051,
        -0.821733 -0.660559 1.452293,
        -0.823347 -0.666234 1.466535,
        -0.825915 -0.675260 1.478766,
        -0.829263 -0.687024 1.488151,
        -0.833160 -0.700724 1.494051,
        -0.712745 -0.728042 1.452293,
        -0.717105 -0.732016 1.466535,
        -0.724040 -0.738339 1.478766,
        -0.733079 -0.746579 1.488151,
        -0.743605 -0.756174 1.494051,
        -0.722202 -0.784515 1.494051,
        -0.710093 -0.777017 1.488151,
        -0.699694 -0.770578 1.478766,
        -0.691715 -0.765638 1.466535,
        -0.672935 -0.803352 1.466535,
        -0.681687 -0.806743 1.478766,
        -0.693091 -0.811161 1.488151,
        -0.706372 -0.816306 1.494051,
        -0.655606 -0.842791 1.452293,
        -0.661406 -0.843875 1.466535,
        -0.670631 -0.845600 1.478766,
        -0.682653 -0.847847 1.488151,
        -0.696654 -0.850464 1.494051,
        1.104219 -0.801221 1.452293,
        1.084955 -0.762532 1.452293,
        1.026969 -0.698924 1.452293,
        0.907437 -0.652618 1.452293,
        0.864217 -0.652618 1.452293,
        0.821733 -0.660559 1.452293,
        0.744685 -0.698924 1.452293,
        0.667434 -0.801221 1.452293,
        0.667434 -0.970433 1.452293,
        0.686699 -1.009122 1.452293,
        0.744685 -1.072729 1.452293,
        0.864217 -1.119036 1.452293,
        0.949921 -1.111094 1.452293,
        1.026969 -1.072729 1.452293,
        1.104219 -0.970433 1.452293,
        1.075000 -0.921189 1.494051,
        1.065281 -0.955348 1.494051,
        1.089000 -0.923806 1.488151,
        1.078562 -0.960493 1.488151,
        1.101023 -0.926054 1.478766,
        1.089967 -0.964911 1.478766,
        1.110248 -0.927778 1.466535,
        1.098718 -0.968301 1.466535,
        1.116047 -0.928863 1.452293,
        1.028049 -1.015480 1.494051,
        1.001804 -1.039405 1.494051,
        1.038575 -1.025075 1.488151,
        1.010387 -1.050771 1.488151,
        1.047613 -1.033315 1.478766,
        1.017758 -1.060531 1.478766,
        1.054549 -1.039637 1.466535,
        1.023413 -1.068021 1.466535,
        1.058909 -1.043612 1.452293,
        0.903584 -1.077456 1.494051,
        0.868070 -1.077456 1.494051,
        0.904898 -1.091638 1.488151,
        0.866756 -1.091638 1.488151,
        0.906026 -1.103817 1.478766,
        0.865627 -1.103817 1.478766,
        0.906893 -1.113161 1.466535,
        0.864761 -1.113161 1.466535,
        0.907437 -1.119036 1.452293,
        0.800044 -1.058101 1.494051,
        0.769850 -1.039405 1.494051,
        0.793696 -1.070851 1.488151,
        0.761267 -1.050771 1.488151,
        0.788244 -1.081799 1.478766,
        0.753896 -1.060531 1.478766,
        0.784061 -1.090200 1.466535,
        0.748240 -1.068021 1.466535,
        0.781431 -1.095481 1.452293,
        0.696654 -0.850464 1.494051,
        0.706372 -0.816306 1.494051,
        0.682653 -0.847847 1.488151,
        0.693091 -0.811161 1.488151,
        0.670631 -0.845600 1.478766,
        0.681687 -0.806743 1.478766,
        0.661406 -0.843875 1.466535,
        0.672935 -0.803352 1.466535,
        0.655606 -0.842791 1.452293,
        0.743605 -0.756174 1.494051,
        0.769850 -0.732248 1.494051,
        0.733079 -0.746579 1.488151,
        0.761267 -0.720882 1.488151,
        0.724040 -0.738339 1.478766,
        0.753896 -0.711122 1.478766,
        0.717105 -0.732016 1.466535,
        0.748240 -0.703633 1.466535,
        0.712745 -0.728042 1.452293,
        0.971609 -0.713553 1.494051,
        1.001804 -0.732248 1.494051,
        0.977958 -0.700803 1.488151,
        1.010387 -0.720882 1.488151,
        0.983409 -0.689854 1.478766,
        1.017758 -0.711122 1.478766,
        0.987593 -0.681453 1.466535,
        1.023413 -0.703633 1.466535,
        0.990222 -0.676172 1.452293,
        1.078277 -0.885827 1.494051,
        1.092520 -0.885827 1.488151,
        1.104750 -0.885827 1.478766,
        1.114135 -0.885827 1.466535,
        1.120035 -0.885827 1.452293,
        1.084955 -1.009122 1.452293,
        1.079939 -1.006016 1.466535,
        1.071959 -1.001075 1.478766,
        1.061561 -0.994637 1.488151,
        1.049451 -0.987139 1.494051,
        0.990222 -1.095481 1.452293,
        0.987593 -1.090200 1.466535,
        0.983409 -1.081799 1.478766,
        0.977958 -1.070851 1.488151,
        0.971609 -1.058101 1.494051,
        0.938493 -1.070930 1.494051,
        0.942391 -1.084629 1.488151,
        0.945738 -1.096393 1.478766,
        0.948306 -1.105420 1.466535,
        0.821733 -1.111094 1.452293,
        0.823347 -1.105420 1.466535,
        0.825915 -1.096393 1.478766,
        0.829263 -1.084629 1.488151,
        0.833160 -1.070930 1.494051,
        0.712745 -1.043612 1.452293,
        0.717105 -1.039637 1.466535,
        0.724040 -1.033315 1.478766,
        0.733079 -1.025075 1.488151,
        0.743605 -1.015480 1.494051,
        0.722202 -0.987139 1.494051,
        0.710093 -0.994637 1.488151,
        0.699694 -1.001075 1.478766,
        0.691715 -1.006016 1.466535,
        0.672935 -0.968301 1.466535,
        0.681687 -0.964911 1.478766,
        0.693091 -0.960493 1.488151,
        0.706372 -0.955348 1.494051,
        0.655606 -0.928863 1.452293,
        0.661406 -0.927778 1.466535,
        0.670631 -0.926054 1.478766,
        0.682653 -0.923806 1.488151,
        0.696654 -0.921189 1.494051,
        0.693377 -0.885827 1.494051,
        0.679134 -0.885827 1.488151,
        0.666903 -0.885827 1.478766,
        0.657518 -0.885827 1.466535,
        0.651619 -0.885827 1.452293,
        0.686699 -0.762532 1.452293,
        0.691715 -0.765638 1.466535,
        0.699694 -0.770578 1.478766,
        0.710093 -0.777017 1.488151,
        0.722202 -0.784515 1.494051,
        0.781431 -0.676172 1.452293,
        0.784061 -0.681453 1.466535,
        0.788244 -0.689854 1.478766,
        0.793696 -0.700803 1.488151,
        0.800044 -0.713553 1.494051,
        0.833160 -0.700724 1.494051,
        0.829263 -0.687024 1.488151,
        0.825915 -0.675260 1.478766,
        0.823347 -0.666234 1.466535,
        0.864761 -0.658492 1.466535,
        0.865627 -0.667837 1.478766,
        0.866756 -0.680016 1.488151,
        0.868070 -0.694198 1.494051,
        0.906893 -0.658492 1.466535,
        0.906026 -0.667837 1.478766,
        0.904898 -0.680016 1.488151,
        0.903584 -0.694198 1.494051,
        0.949921 -0.660559 1.452293,
        0.948306 -0.666234 1.466535,
        0.945738 -0.675260 1.478766,
        0.942391 -0.687024 1.488151,
        0.938493 -0.700724 1.494051,
        1.058909 -0.728042 1.452293,
        1.054549 -0.732016 1.466535,
        1.047613 -0.738339 1.478766,
        1.038575 -0.746579 1.488151,
        1.028049 -0.756174 1.494051,
        1.049451 -0.784515 1.494051,
        1.061561 -0.777017 1.488151,
        1.071959 -0.770578 1.478766,
        1.079939 -0.765638 1.466535,
        1.098718 -0.803352 1.466535,
        1.089967 -0.806743 1.478766,
        1.078562 -0.811161 1.488151,
        1.065281 -0.816306 1.494051,
        1.116047 -0.842791 1.452293,
        1.110248 -0.843875 1.466535,
        1.101023 -0.845600 1.478766,
        1.089000 -0.847847 1.488151,
        1.075000 -0.850464 1.494051,
        1.104219 0.970433 1.452293,
        1.084955 1.009122 1.452293,
        1.026969 1.072729 1.452293,
        0.907437 1.119036 1.452293,
        0.864217 1.119036 1.452293,
        0.821733 1.111094 1.452293,
        0.744685 1.072729 1.452293,
        0.667434 0.970433 1.452293,
        0.667434 0.801221 1.452293,
        0.686699 0.762532 1.452293,
        0.744685 0.698924 1.452293,
        0.864217 0.652618 1.452293,
        0.949921 0.660559 1.452293,
        1.026969 0.698924 1.452293,
        1.104219 0.801221 1.452293,
        1.075000 0.850464 1.494051,
        1.065281 0.816306 1.494051,
        1.089000 0.847847 1.488151,
        1.078562 0.811161 1.488151,
        1.101023 0.845600 1.478766,
        1.089967 0.806743 1.478766,
        1.110248 0.843875 1.466535,
        1.098718 0.803352 1.466535,
        1.116047 0.842791 1.452293,
        1.028049 0.756174 1.494051,
        1.001804 0.732248 1.494051,
        1.038575 0.746579 1.488151,
        1.010387 0.720882 1.488151,
        1.047613 0.738339 1.478766,
        1.017758 0.711122 1.478766,
        1.054549 0.732016 1.466535,
        1.023413 0.703633 1.466535,
        1.058909 0.728042 1.452293,
        0.903584 0.694198 1.494051,
        0.868070 0.694198 1.494051,
        0.904898 0.680016 1.488151,
        0.866756 0.680016 1.488151,
        0.906026 0.667837 1.478766,
        0.865627 0.667837 1.478766,
        0.906893 0.658492 1.466535,
        0.864761 0.658492 1.466535,
        0.907437 0.652618 1.452293,
        0.800044 0.713553 1.494051,
        0.769850 0.732248 1.494051,
        0.793696 0.700803 1.488151,
        0.761267 0.720882 1.488151,
        0.788244 0.689854 1.478766,
        0.753896 0.711122 1.478766,
        0.784061 0.681453 1.466535,
        0.748240 0.703633 1.466535,
        0.781431 0.676172 1.452293,
        0.696654 0.921189 1.494051,
        0.706372 0.955348 1.494051,
        0.682653 0.923806 1.488151,
        0.693091 0.960493 1.488151,
        0.670631 0.926054 1.478766,
        0.681687 0.964911 1.478766,
        0.661406 0.927778 1.466535,
        0.672935 0.968301 1.466535,
        0.655606 0.928863 1.452293,
        0.743605 1.015480 1.494051,
        0.769850 1.039405 1.494051,
        0.733079 1.025075 1.488151,
        0.761267 1.050771 1.488151,
        0.724040 1.033315 1.478766,
        0.753896 1.060531 1.478766,
        0.717105 1.039637 1.466535,
        0.748240 1.068021 1.466535,
        0.712745 1.043612 1.452293,
        0.971609 1.058101 1.494051,
        1.001804 1.039405 1.494051,
        0.977958 1.070851 1.488151,
        1.010387 1.050771 1.488151,
        0.983409 1.081799 1.478766,
        1.017758 1.060531 1.478766,
        0.987593 1.090200 1.466535,
        1.023413 1.068021 1.466535,
        0.990222 1.095481 1.452293,
        1.078277 0.885827 1.494051,
        1.092520 0.885827 1.488151,
        1.104750 0.885827 1.478766,
        1.114135 0.885827 1.466535,
        1.120035 0.885827 1.452293,
        1.084955 0.762532 1.452293,
        1.079939 0.765638 1.466535,
        1.071959 0.770578 1.478766,
        1.061561 0.777017 1.488151,
        1.049451 0.784515 1.494051,
        0.990222 0.676172 1.452293,
        0.987593 0.681453 1.466535,
        0.983409 0.689854 1.478766,
        0.977958 0.700803 1.488151,
        0.971609 0.713553 1.494051,
        0.938493 0.700724 1.494051,
        0.942391 0.687024 1.488151,
        0.945738 0.675260 1.478766,
        0.948306 0.666234 1.466535,
        0.821733 0.660559 1.452293,
        0.823347 0.666234 1.466535,
        0.825915 0.675260 1.478766,
        0.829263 0.687024 1.488151,
        0.833160 0.700724 1.494051,
        0.712745 0.728042 1.452293,
        0.717105 0.732016 1.466535,
        0.724040 0.738339 1.478766,
        0.733079 0.746579 1.488151,
        0.743605 0.756174 1.494051,
        0.722202 0.784515 1.494051,
        0.710093 0.777017 1.488151,
        0.699694 0.770578 1.478766,
        0.691715 0.765638 1.466535,
        0.672935 0.803352 1.466535,
        0.681687 0.806743 1.478766,
        0.693091 0.811161 1.488151,
        0.706372 0.816306 1.494051,
        0.655606 0.842791 1.452293,
        0.661406 0.843875 1.466535,
        0.670631 0.845600 1.478766,
        0.682653 0.847847 1.488151,
        0.696654 0.850464 1.494051,
        0.693377 0.885827 1.494051,
        0.679134 0.885827 1.488151,
        0.666903 0.885827 1.478766,
        0.657518 0.885827 1.466535,
        0.651619 0.885827 1.452293,
        0.686699 1.009122 1.452293,
        0.691715 1.006016 1.466535,
        0.699694 1.001075 1.478766,
        0.710093 0.994637 1.488151,
        0.722202 0.987139 1.494051,
        0.781431 1.095481 1.452293,
        0.784061 1.090200 1.466535,
        0.788244 1.081799 1.478766,
        0.793696 1.070851 1.488151,
        0.800044 1.058101 1.494051,
        0.833160 1.070930 1.494051,
        0.829263 1.084629 1.488151,
        0.825915 1.096393 1.478766,
        0.823347 1.105420 1.466535,
        0.864761 1.113161 1.466535,
        0.865627 1.103817 1.478766,
        0.866756 1.091638 1.488151,
        0.868070 1.077456 1.494051,
        0.906893 1.113161 1.466535,
        0.906026 1.103817 1.478766,
        0.904898 1.091638 1.488151,
        0.903584 1.077456 1.494051,
        0.949921 1.111094 1.452293,
        0.948306 1.105420 1.466535,
        0.945738 1.096393 1.478766,
        0.942391 1.084629 1.488151,
        0.938493 1.070930 1.494051,
        1.058909 1.043612 1.452293,
        1.054549 1.039637 1.466535,
        1.047613 1.033315 1.478766,
        1.038575 1.025075 1.488151,
        1.028049 1.015480 1.494051,
        1.049451 0.987139 1.494051,
        1.061561 0.994637 1.488151,
        1.071959 1.001075 1.478766,
        1.079939 1.006016 1.466535,
        1.098718 0.968301 1.466535,
        1.089967 0.964911 1.478766,
        1.078562 0.960493 1.488151,
        1.065281 0.955348 1.494051,
        1.116047 0.928863 1.452293,
        1.110248 0.927778 1.466535,
        1.101023 0.926054 1.478766,
        1.089000 0.923806 1.488151,
        1.075000 0.921189 1.494051,
        -0.667434 0.970433 1.452293,
        -0.686699 1.009122 1.452293,
        -0.744685 1.072729 1.452293,
        -0.864217 1.119036 1.452293,
        -0.907437 1.119036 1.452293,
        -0.949921 1.111094 1.452293,
        -1.026969 1.072729 1.452293,
        -1.104219 0.970433 1.452293,
        -1.104219 0.801221 1.452293,
        -1.084955 0.762532 1.452293,
        -1.026969 0.698924 1.452293,
        -0.907437 0.652618 1.452293,
        -0.821733 0.660559 1.452293,
        -0.744685 0.698924 1.452293,
        -0.667434 0.801221 1.452293,
        -0.696654 0.850464 1.494051,
        -0.706372 0.816306 1.494051,
        -0.682653 0.847847 1.488151,
        -0.693091 0.811161 1.488151,
        -0.670631 0.845600 1.478766,
        -0.681687 0.806743 1.478766,
        -0.661406 0.843875 1.466535,
        -0.672935 0.803352 1.466535,
        -0.655606 0.842791 1.452293,
        -0.743605 0.756174 1.494051,
        -0.769850 0.732248 1.494051,
        -0.733079 0.746579 1.488151,
        -0.761267 0.720882 1.488151,
        -0.724040 0.738339 1.478766,
        -0.753896 0.711122 1.478766,
        -0.717105 0.732016 1.466535,
        -0.748240 0.703633 1.466535,
        -0.712745 0.728042 1.452293,
        -0.868070 0.694198 1.494051,
        -0.903584 0.694198 1.494051,
        -0.866756 0.680016 1.488151,
        -0.904898 0.680016 1.488151,
        -0.865627 0.667837 1.478766,
        -0.906026 0.667837 1.478766,
        -0.864761 0.658492 1.466535,
        -0.906893 0.658492 1.466535,
        -0.864217 0.652618 1.452293,
        -0.971609 0.713553 1.494051,
        -1.001804 0.732248 1.494051,
        -0.977958 0.700803 1.488151,
        -1.010387 0.720882 1.488151,
        -0.983409 0.689854 1.478766,
        -1.017758 0.711122 1.478766,
        -0.987593 0.681453 1.466535,
        -1.023413 0.703633 1.466535,
        -0.990222 0.676172 1.452293,
        -1.075000 0.921189 1.494051,
        -1.065281 0.955348 1.494051,
        -1.089000 0.923806 1.488151,
        -1.078562 0.960493 1.488151,
        -1.101023 0.926054 1.478766,
        -1.089967 0.964911 1.478766,
        -1.110248 0.927778 1.466535,
        -1.098718 0.968301 1.466535,
        -1.116047 0.928863 1.452293,
        -1.028049 1.015480 1.494051,
        -1.001804 1.039405 1.494051,
        -1.038575 1.025075 1.488151,
        -1.010387 1.050771 1.488151,
        -1.047613 1.033315 1.478766,
        -1.017758 1.060531 1.478766,
        -1.054549 1.039637 1.466535,
        -1.023413 1.068021 1.466535,
        -1.058909 1.043612 1.452293,
        -0.800044 1.058101 1.494051,
        -0.769850 1.039405 1.494051,
        -0.793696 1.070851 1.488151,
        -0.761267 1.050771 1.488151,
        -0.788244 1.081799 1.478766,
        -0.753896 1.060531 1.478766,
        -0.784061 1.090200 1.466535,
        -0.748240 1.068021 1.466535,
        -0.781431 1.095481 1.452293,
        -0.693377 0.885827 1.494051,
        -0.679134 0.885827 1.488151,
        -0.666903 0.885827 1.478766,
        -0.657518 0.885827 1.466535,
        -0.651619 0.885827 1.452293,
        -0.686699 0.762532 1.452293,
        -0.691715 0.765638 1.466535,
        -0.699694 0.770578 1.478766,
        -0.710093 0.777017 1.488151,
        -0.722202 0.784515 1.494051,
        -0.781431 0.676172 1.452293,
        -0.784061 0.681453 1.466535,
        -0.788244 0.689854 1.478766,
        -0.793696 0.700803 1.488151,
        -0.800044 0.713553 1.494051,
        -0.833160 0.700724 1.494051,
        -0.829263 0.687024 1.488151,
        -0.825915 0.675260 1.478766,
        -0.823347 0.666234 1.466535,
        -0.949921 0.660559 1.452293,
        -0.948306 0.666234 1.466535,
        -0.945738 0.675260 1.478766,
        -0.942391 0.687024 1.488151,
        -0.938493 0.700724 1.494051,
        -1.058909 0.728042 1.452293,
        -1.054549 0.732016 1.466535,
        -1.047613 0.738339 1.478766,
        -1.038575 0.746579 1.488151,
        -1.028049 0.756174 1.494051,
        -1.049451 0.784515 1.494051,
        -1.061561 0.777017 1.488151,
        -1.071959 0.770578 1.478766,
        -1.079939 0.765638 1.466535,
        -1.098718 0.803352 1.466535,
        -1.089967 0.806743 1.478766,
        -1.078562 0.811161 1.488151,
        -1.065281 0.816306 1.494051,
        -1.116047 0.842791 1.452293,
        -1.110248 0.843875 1.466535,
        -1.101023 0.845600 1.478766,
        -1.089000 0.847847 1.488151,
        -1.075000 0.850464 1.494051,
        -1.078277 0.885827 1.494051,
        -1.092520 0.885827 1.488151,
        -1.104750 0.885827 1.478766,
        -1.114135 0.885827 1.466535,
        -1.120035 0.885827 1.452293,
        -1.084955 1.009122 1.452293,
        -1.079939 1.006016 1.466535,
        -1.071959 1.001075 1.478766,
        -1.061561 0.994637 1.488151,
        -1.049451 0.987139 1.494051,
        -0.990222 1.095481 1.452293,
        -0.987593 1.090200 1.466535,
        -0.983409 1.081799 1.478766,
        -0.977958 1.070851 1.488151,
        -0.971609 1.058101 1.494051,
        -0.938493 1.070930 1.494051,
        -0.942391 1.084629 1.488151,
        -0.945738 1.096393 1.478766,
        -0.948306 1.105420 1.466535,
        -0.906893 1.113161 1.466535,
        -0.906026 1.103817 1.478766,
        -0.904898 1.091638 1.488151,
        -0.903584 1.077456 1.494051,
        -0.864761 1.113161 1.466535,
        -0.865627 1.103817 1.478766,
        -0.866756 1.091638 1.488151,
        -0.868070 1.077456 1.494051,
        -0.821733 1.111094 1.452293,
        -0.823347 1.105420 1.466535,
        -0.825915 1.096393 1.478766,
        -0.829263 1.084629 1.488151,
        -0.833160 1.070930 1.494051,
        -0.712745 1.043612 1.452293,
        -0.717105 1.039637 1.466535,
        -0.724040 1.033315 1.478766,
        -0.733079 1.025075 1.488151,
        -0.743605 1.015480 1.494051,
        -0.722202 0.987139 1.494051,
        -0.710093 0.994637 1.488151,
        -0.699694 1.001075 1.478766,
        -0.691715 1.006016 1.466535,
        -0.672935 0.968301 1.466535,
        -0.681687 0.964911 1.478766,
        -0.693091 0.960493 1.488151,
        -0.706372 0.955348 1.494051,
        -0.655606 0.928863 1.452293,
        -0.661406 0.927778 1.466535,
        -0.670631 0.926054 1.478766,
        -0.682653 0.923806 1.488151,
        -0.696654 0.921189 1.494051,
        0.101119 0.042582 0.118110,
        0.112748 0.041276 0.118110,
        0.075576 -0.046093 0.118110,
        0.231899 -0.064005 0.118110,
        0.112903 -0.064725 0.118110,
        0.171404 -0.064005 0.118110,
        0.120513 -0.063936 0.118110,
        0.131960 -0.059996 0.118110,
        0.086763 0.040717 0.118110,
        0.073459 -0.044920 0.118110,
        0.073459 0.035020 0.118110,
        0.061936 0.629921 0.118110,
        0.073459 0.050864 0.118110,
        0.121589 0.038086 0.118110,
        0.129764 0.032617 0.118110,
        0.136896 0.024743 0.118110,
        0.145477 -0.006210 0.118110,
        0.144281 -0.018996 0.118110,
        0.141072 -0.029156 0.118110,
        0.114791 -0.051246 0.118110,
        0.103774 -0.052482 0.118110,
        0.123396 -0.048078 0.118110,
        0.130645 -0.043193 0.118110,
        0.136188 -0.037345 0.118110,
        0.088096 -0.050742 0.118110,
        0.141766 0.015623 0.118110,
        0.144914 0.002980 0.118110,
        0.141461 -0.053929 0.118110,
        0.150332 -0.044589 0.118110,
        0.171404 -0.051042 0.118110,
        0.156624 -0.033359 0.118110,
        0.216056 -0.051042 0.118110,
        0.148165 0.034039 0.118110,
        0.137502 0.044294 0.118110,
        0.126283 0.050752 0.118110,
        0.113117 0.054577 0.118110,
        0.160179 -0.020857 0.118110,
        0.161321 -0.007178 0.118110,
        0.216056 0.054105 0.118110,
        0.159622 0.009614 0.118110,
        0.155088 0.022996 0.118110,
        0.101254 0.055546 0.118110,
        0.087114 0.054570 0.118110,
        0.073459 -0.057883 0.118110,
        0.086049 -0.063053 0.118110,
        0.061936 -0.064725 0.118110,
        0.097983 -0.064725 0.118110,
        0.061936 -0.629921 0.118110,
        0.102728 -0.065390 0.118110,
        0.105957 -0.065445 0.118110,
        0.231899 0.054105 0.118110,
        0.629921 0.629921 0.118110,
        0.629921 -0.064725 0.118110,
        0.629921 -0.629921 0.118110,
        -0.139716 -0.064005 0.118110,
        -0.125176 -0.031633 0.118110,
        -0.118402 -0.042198 0.118110,
        -0.012963 -0.064005 0.118110,
        0.050413 -0.064005 0.118110,
        0.050413 0.054105 0.118110,
        -0.010083 0.054105 0.118110,
        -0.629921 0.629921 0.118110,
        -0.184367 0.054105 0.118110,
        -0.200211 0.054105 0.118110,
        -0.010083 0.041142 0.118110,
        0.034569 0.041142 0.118110,
        0.034569 0.002252 0.118110,
        -0.108681 -0.051506 0.118110,
        -0.096348 -0.058673 0.118110,
        -0.082739 -0.062730 0.118110,
        -0.629921 -0.064725 0.118110,
        -0.036009 0.054105 0.118110,
        -0.007202 0.002252 0.118110,
        -0.007202 -0.010711 0.118110,
        0.034569 -0.010711 0.118110,
        0.034569 -0.051042 0.118110,
        -0.012963 -0.051042 0.118110,
        -0.036009 -0.064005 0.118110,
        -0.068125 -0.064005 0.118110,
        -0.246303 -0.064005 0.118110,
        -0.229019 -0.064005 0.118110,
        -0.069340 0.054105 0.118110,
        -0.086404 0.052281 0.118110,
        -0.121554 0.029444 0.118110,
        -0.127043 0.019286 0.118110,
        -0.217068 -0.030877 0.118110,
        -0.168276 -0.030877 0.118110,
        -0.157000 -0.064005 0.118110,
        -0.130215 0.007649 0.118110,
        -0.131074 -0.003465 0.118110,
        -0.129416 -0.019271 0.118110,
        -0.100223 0.047429 0.118110,
        -0.113078 0.038813 0.118110,
        -0.113202 0.038705 0.118110,
        -0.629921 -0.629921 0.118110,
        1.181102 -1.181102 0.118110,
        1.181102 -0.866142 0.118110,
        1.181102 -0.728346 0.334646,
        1.181102 -0.866142 0.000000,
        1.181102 -0.629921 0.000000,
        1.181102 -0.629921 0.118110,
        1.181102 -1.043307 0.334646,
        1.181102 -1.043307 0.452756,
        1.181102 0.728346 0.452756,
        1.181102 -0.728346 0.452756,
        1.181102 0.728346 0.334646,
        1.181102 0.629921 0.000000,
        1.181102 0.866142 0.000000,
        1.181102 0.629921 0.118110,
        1.181102 0.866142 0.118110,
        1.181102 1.043307 0.452756,
        1.181102 1.181102 0.118110,
        1.181102 1.043307 0.334646,
        -0.866142 1.181102 0.118110,
        -1.181102 1.181102 0.118110,
        -0.629921 1.181102 0.118110,
        -0.629921 1.181102 0.000000,
        -0.866142 1.181102 0.000000,
        0.866142 1.181102 0.118110,
        0.629921 1.181102 0.118110,
        0.629921 1.181102 0.000000,
        0.866142 1.181102 0.000000,
        -1.181102 -0.629921 0.118110,
        -1.181102 -1.043307 0.334646,
        -1.181102 -0.728346 0.334646,
        -1.181102 -0.629921 0.000000,
        -1.181102 -0.866142 0.000000,
        -1.181102 -0.866142 0.118110,
        -1.181102 -1.181102 0.118110,
        -1.181102 -1.043307 0.452756,
        -1.181102 -0.728346 0.452756,
        -1.181102 0.728346 0.452756,
        -1.181102 1.043307 0.452756,
        -1.181102 1.043307 0.334646,
        -1.181102 0.629921 0.118110,
        -1.181102 0.728346 0.334646,
        -1.181102 0.866142 0.118110,
        -1.181102 0.866142 0.000000,
        -1.181102 0.629921 0.000000,
        0.866142 -1.181102 0.118110,
        0.629921 -1.181102 0.118110,
        0.629921 -1.181102 0.000000,
        0.866142 -1.181102 0.000000,
        -0.866142 -1.181102 0.118110,
        -0.629921 -1.181102 0.118110,
        -0.629921 -1.181102 0.000000,
        -0.866142 -1.181102 0.000000,
        0.629921 0.866142 0.000000,
        0.866142 0.866142 0.000000,
        0.629921 -0.629921 0.000000,
        0.629921 0.629921 0.000000,
        0.866142 -0.629921 0.000000,
        -0.629921 0.866142 0.000000,
        -0.866142 0.866142 0.000000,
        0.866142 -0.866142 0.000000,
        -0.629921 -0.629921 0.000000,
        -0.866142 -0.866142 0.000000,
        -0.629921 -0.866142 0.000000,
        0.866142 0.629921 0.000000,
        -0.866142 0.629921 0.000000,
        -0.629921 0.629921 0.000000,
        -0.866142 -0.629921 0.000000,
        0.629921 -0.866142 0.000000,
        -0.866142 0.866142 0.118110,
        -0.866142 -0.866142 0.118110,
        0.866142 -0.866142 0.118110,
        0.629921 -0.866142 0.118110,
        -0.629921 -0.866142 0.118110,
        0.866142 0.629921 0.118110,
        0.866142 -0.629921 0.118110,
        0.866142 0.866142 0.118110,
        -0.866142 -0.629921 0.118110,
        -0.866142 0.629921 0.118110,
        -0.629921 0.866142 0.118110,
        0.629921 0.866142 0.118110,
      ]
    }
    coordIndex [
      42, 41, 100, -1,
      40, 101, 41, -1,
      41, 101, 102, -1,
      41, 102, 100, -1,
      103, 104, 39, -1,
      39, 104, 105, -1,
      39, 105, 40, -1,
      40, 105, 106, -1,
      40, 106, 101, -1,
      103, 39, 107, -1,
      107, 39, 38, -1,
      107, 38, 108, -1,
      108, 38, 109, -1,
      109, 38, 37, -1,
      109, 37, 110, -1,
      31, 111, 37, -1,
      37, 111, 112, -1,
      37, 112, 110, -1,
      30, 113, 31, -1,
      31, 113, 114, -1,
      31, 114, 111, -1,
      115, 116, 50, -1,
      50, 116, 117, -1,
      50, 117, 30, -1,
      30, 117, 118, -1,
      30, 118, 113, -1,
      115, 50, 119, -1,
      119, 50, 51, -1,
      119, 51, 120, -1,
      120, 51, 121, -1,
      121, 51, 33, -1,
      121, 33, 122, -1,
      32, 123, 33, -1,
      33, 123, 124, -1,
      33, 124, 122, -1,
      5, 125, 32, -1,
      32, 125, 126, -1,
      32, 126, 123, -1,
      4, 127, 5, -1,
      5, 127, 128, -1,
      5, 128, 125, -1,
      36, 129, 4, -1,
      4, 129, 130, -1,
      4, 130, 127, -1,
      131, 132, 35, -1,
      35, 132, 133, -1,
      35, 133, 36, -1,
      36, 133, 134, -1,
      36, 134, 129, -1,
      131, 35, 135, -1,
      135, 35, 34, -1,
      135, 34, 136, -1,
      136, 34, 137, -1,
      137, 34, 49, -1,
      137, 49, 138, -1,
      48, 139, 49, -1,
      49, 139, 140, -1,
      49, 140, 138, -1,
      47, 141, 48, -1,
      48, 141, 142, -1,
      48, 142, 139, -1,
      143, 144, 46, -1,
      46, 144, 145, -1,
      46, 145, 47, -1,
      47, 145, 146, -1,
      47, 146, 141, -1,
      143, 46, 147, -1,
      147, 46, 45, -1,
      147, 45, 148, -1,
      148, 45, 149, -1,
      149, 45, 44, -1,
      149, 44, 150, -1,
      43, 151, 44, -1,
      44, 151, 152, -1,
      44, 152, 150, -1,
      100, 153, 42, -1,
      42, 153, 154, -1,
      42, 154, 43, -1,
      43, 154, 155, -1,
      43, 155, 151, -1,
      156, 157, 158, -1,
      159, 160, 158, -1,
      158, 160, 161, -1,
      158, 161, 156, -1,
      162, 163, 158, -1,
      158, 163, 164, -1,
      158, 164, 159, -1,
      165, 166, 158, -1,
      158, 166, 167, -1,
      158, 167, 162, -1,
      168, 169, 158, -1,
      158, 169, 170, -1,
      158, 170, 165, -1,
      171, 172, 158, -1,
      158, 172, 173, -1,
      158, 173, 168, -1,
      174, 175, 158, -1,
      158, 175, 176, -1,
      158, 176, 171, -1,
      177, 178, 158, -1,
      158, 178, 179, -1,
      158, 179, 174, -1,
      180, 181, 158, -1,
      158, 181, 182, -1,
      158, 182, 177, -1,
      183, 184, 158, -1,
      158, 184, 185, -1,
      158, 185, 180, -1,
      186, 187, 158, -1,
      158, 187, 188, -1,
      158, 188, 183, -1,
      157, 189, 158, -1,
      158, 189, 190, -1,
      158, 190, 186, -1,
      15, 20, 191, -1,
      19, 192, 20, -1,
      20, 192, 193, -1,
      20, 193, 191, -1,
      194, 195, 18, -1,
      18, 195, 196, -1,
      18, 196, 19, -1,
      19, 196, 197, -1,
      19, 197, 192, -1,
      194, 18, 198, -1,
      198, 18, 17, -1,
      198, 17, 199, -1,
      199, 17, 200, -1,
      200, 17, 14, -1,
      200, 14, 201, -1,
      13, 202, 14, -1,
      14, 202, 203, -1,
      14, 203, 201, -1,
      12, 204, 13, -1,
      13, 204, 205, -1,
      13, 205, 202, -1,
      206, 207, 11, -1,
      11, 207, 208, -1,
      11, 208, 12, -1,
      12, 208, 209, -1,
      12, 209, 204, -1,
      206, 11, 210, -1,
      210, 11, 10, -1,
      210, 10, 211, -1,
      211, 10, 212, -1,
      212, 10, 9, -1,
      212, 9, 213, -1,
      8, 214, 9, -1,
      9, 214, 215, -1,
      9, 215, 213, -1,
      7, 216, 8, -1,
      8, 216, 217, -1,
      8, 217, 214, -1,
      6, 218, 7, -1,
      7, 218, 219, -1,
      7, 219, 216, -1,
      26, 220, 6, -1,
      6, 220, 221, -1,
      6, 221, 218, -1,
      222, 223, 25, -1,
      25, 223, 224, -1,
      25, 224, 26, -1,
      26, 224, 225, -1,
      26, 225, 220, -1,
      222, 25, 226, -1,
      226, 25, 24, -1,
      226, 24, 227, -1,
      227, 24, 228, -1,
      228, 24, 29, -1,
      228, 29, 229, -1,
      28, 230, 29, -1,
      29, 230, 231, -1,
      29, 231, 229, -1,
      27, 232, 28, -1,
      28, 232, 233, -1,
      28, 233, 230, -1,
      234, 235, 23, -1,
      23, 235, 236, -1,
      23, 236, 27, -1,
      27, 236, 237, -1,
      27, 237, 232, -1,
      234, 23, 238, -1,
      238, 23, 22, -1,
      238, 22, 239, -1,
      239, 22, 240, -1,
      240, 22, 21, -1,
      240, 21, 241, -1,
      16, 242, 21, -1,
      21, 242, 243, -1,
      21, 243, 241, -1,
      191, 244, 15, -1,
      15, 244, 245, -1,
      15, 245, 16, -1,
      16, 245, 246, -1,
      16, 246, 242, -1,
      247, 248, 249, -1,
      250, 251, 249, -1,
      249, 251, 252, -1,
      249, 252, 247, -1,
      253, 254, 249, -1,
      249, 254, 255, -1,
      249, 255, 250, -1,
      256, 257, 249, -1,
      249, 257, 258, -1,
      249, 258, 253, -1,
      259, 260, 249, -1,
      249, 260, 261, -1,
      249, 261, 256, -1,
      262, 263, 249, -1,
      249, 263, 264, -1,
      249, 264, 259, -1,
      265, 266, 249, -1,
      249, 266, 267, -1,
      249, 267, 262, -1,
      268, 269, 249, -1,
      249, 269, 270, -1,
      249, 270, 265, -1,
      271, 272, 249, -1,
      249, 272, 273, -1,
      249, 273, 268, -1,
      274, 275, 249, -1,
      249, 275, 276, -1,
      249, 276, 271, -1,
      277, 278, 249, -1,
      249, 278, 279, -1,
      249, 279, 274, -1,
      248, 280, 249, -1,
      249, 280, 281, -1,
      249, 281, 277, -1,
      58, 57, 282, -1,
      54, 283, 57, -1,
      57, 283, 284, -1,
      57, 284, 282, -1,
      285, 286, 55, -1,
      55, 286, 287, -1,
      55, 287, 54, -1,
      54, 287, 288, -1,
      54, 288, 283, -1,
      285, 55, 289, -1,
      289, 55, 56, -1,
      289, 56, 290, -1,
      290, 56, 291, -1,
      291, 56, 64, -1,
      291, 64, 292, -1,
      63, 293, 64, -1,
      64, 293, 294, -1,
      64, 294, 292, -1,
      62, 295, 63, -1,
      63, 295, 296, -1,
      63, 296, 293, -1,
      297, 298, 61, -1,
      61, 298, 299, -1,
      61, 299, 62, -1,
      62, 299, 300, -1,
      62, 300, 295, -1,
      297, 61, 301, -1,
      301, 61, 60, -1,
      301, 60, 302, -1,
      302, 60, 303, -1,
      303, 60, 59, -1,
      303, 59, 304, -1,
      53, 305, 59, -1,
      59, 305, 306, -1,
      59, 306, 304, -1,
      52, 307, 53, -1,
      53, 307, 308, -1,
      53, 308, 305, -1,
      69, 309, 52, -1,
      52, 309, 310, -1,
      52, 310, 307, -1,
      68, 311, 69, -1,
      69, 311, 312, -1,
      69, 312, 309, -1,
      313, 314, 74, -1,
      74, 314, 315, -1,
      74, 315, 68, -1,
      68, 315, 316, -1,
      68, 316, 311, -1,
      313, 74, 317, -1,
      317, 74, 75, -1,
      317, 75, 318, -1,
      318, 75, 319, -1,
      319, 75, 73, -1,
      319, 73, 320, -1,
      72, 321, 73, -1,
      73, 321, 322, -1,
      73, 322, 320, -1,
      71, 323, 72, -1,
      72, 323, 324, -1,
      72, 324, 321, -1,
      325, 326, 70, -1,
      70, 326, 327, -1,
      70, 327, 71, -1,
      71, 327, 328, -1,
      71, 328, 323, -1,
      325, 70, 329, -1,
      329, 70, 67, -1,
      329, 67, 330, -1,
      330, 67, 331, -1,
      331, 67, 66, -1,
      331, 66, 332, -1,
      65, 333, 66, -1,
      66, 333, 334, -1,
      66, 334, 332, -1,
      282, 335, 58, -1,
      58, 335, 336, -1,
      58, 336, 65, -1,
      65, 336, 337, -1,
      65, 337, 333, -1,
      338, 339, 340, -1,
      341, 342, 340, -1,
      340, 342, 343, -1,
      340, 343, 338, -1,
      344, 345, 340, -1,
      340, 345, 346, -1,
      340, 346, 341, -1,
      347, 348, 340, -1,
      340, 348, 349, -1,
      340, 349, 344, -1,
      350, 351, 340, -1,
      340, 351, 352, -1,
      340, 352, 347, -1,
      353, 354, 340, -1,
      340, 354, 355, -1,
      340, 355, 350, -1,
      356, 357, 340, -1,
      340, 357, 358, -1,
      340, 358, 353, -1,
      359, 360, 340, -1,
      340, 360, 361, -1,
      340, 361, 356, -1,
      362, 363, 340, -1,
      340, 363, 364, -1,
      340, 364, 359, -1,
      365, 366, 340, -1,
      340, 366, 367, -1,
      340, 367, 362, -1,
      368, 369, 340, -1,
      340, 369, 370, -1,
      340, 370, 365, -1,
      339, 371, 340, -1,
      340, 371, 372, -1,
      340, 372, 368, -1,
      86, 85, 373, -1,
      84, 374, 85, -1,
      85, 374, 375, -1,
      85, 375, 373, -1,
      376, 377, 83, -1,
      83, 377, 378, -1,
      83, 378, 84, -1,
      84, 378, 379, -1,
      84, 379, 374, -1,
      376, 83, 380, -1,
      380, 83, 82, -1,
      380, 82, 381, -1,
      381, 82, 382, -1,
      382, 82, 79, -1,
      382, 79, 383, -1,
      80, 384, 79, -1,
      79, 384, 385, -1,
      79, 385, 383, -1,
      81, 386, 80, -1,
      80, 386, 387, -1,
      80, 387, 384, -1,
      388, 389, 78, -1,
      78, 389, 390, -1,
      78, 390, 81, -1,
      81, 390, 391, -1,
      81, 391, 386, -1,
      388, 78, 392, -1,
      392, 78, 77, -1,
      392, 77, 393, -1,
      393, 77, 394, -1,
      394, 77, 76, -1,
      394, 76, 395, -1,
      97, 396, 76, -1,
      76, 396, 397, -1,
      76, 397, 395, -1,
      96, 398, 97, -1,
      97, 398, 399, -1,
      97, 399, 396, -1,
      95, 400, 96, -1,
      96, 400, 401, -1,
      96, 401, 398, -1,
      91, 402, 95, -1,
      95, 402, 403, -1,
      95, 403, 400, -1,
      404, 405, 90, -1,
      90, 405, 406, -1,
      90, 406, 91, -1,
      91, 406, 407, -1,
      91, 407, 402, -1,
      404, 90, 408, -1,
      408, 90, 89, -1,
      408, 89, 409, -1,
      409, 89, 410, -1,
      410, 89, 94, -1,
      410, 94, 411, -1,
      93, 412, 94, -1,
      94, 412, 413, -1,
      94, 413, 411, -1,
      92, 414, 93, -1,
      93, 414, 415, -1,
      93, 415, 412, -1,
      416, 417, 98, -1,
      98, 417, 418, -1,
      98, 418, 92, -1,
      92, 418, 419, -1,
      92, 419, 414, -1,
      416, 98, 420, -1,
      420, 98, 99, -1,
      420, 99, 421, -1,
      421, 99, 422, -1,
      422, 99, 88, -1,
      422, 88, 423, -1,
      87, 424, 88, -1,
      88, 424, 425, -1,
      88, 425, 423, -1,
      373, 426, 86, -1,
      86, 426, 427, -1,
      86, 427, 87, -1,
      87, 427, 428, -1,
      87, 428, 424, -1,
      429, 430, 431, -1,
      432, 433, 431, -1,
      431, 433, 434, -1,
      431, 434, 429, -1,
      435, 436, 431, -1,
      431, 436, 437, -1,
      431, 437, 432, -1,
      438, 439, 431, -1,
      431, 439, 440, -1,
      431, 440, 435, -1,
      441, 442, 431, -1,
      431, 442, 443, -1,
      431, 443, 438, -1,
      444, 445, 431, -1,
      431, 445, 446, -1,
      431, 446, 441, -1,
      447, 448, 431, -1,
      431, 448, 449, -1,
      431, 449, 444, -1,
      450, 451, 431, -1,
      431, 451, 452, -1,
      431, 452, 447, -1,
      453, 454, 431, -1,
      431, 454, 455, -1,
      431, 455, 450, -1,
      456, 457, 431, -1,
      431, 457, 458, -1,
      431, 458, 453, -1,
      459, 460, 431, -1,
      431, 460, 461, -1,
      431, 461, 456, -1,
      430, 462, 431, -1,
      431, 462, 463, -1,
      431, 463, 459, -1,
      312, 311, 464, -1,
      316, 315, 465, -1,
      313, 317, 466, -1,
      322, 321, 467, -1,
      324, 323, 468, -1,
      328, 327, 469, -1,
      325, 329, 470, -1,
      334, 333, 471, -1,
      284, 283, 472, -1,
      288, 287, 473, -1,
      285, 289, 474, -1,
      294, 293, 475, -1,
      300, 299, 476, -1,
      297, 301, 477, -1,
      306, 305, 478, -1,
      343, 342, 479, -1,
      479, 342, 480, -1,
      479, 480, 481, -1,
      481, 480, 482, -1,
      481, 482, 483, -1,
      483, 482, 484, -1,
      483, 484, 485, -1,
      485, 484, 486, -1,
      485, 486, 487, -1,
      487, 486, 478, -1,
      346, 345, 488, -1,
      488, 345, 489, -1,
      488, 489, 490, -1,
      490, 489, 491, -1,
      490, 491, 492, -1,
      492, 491, 493, -1,
      492, 493, 494, -1,
      494, 493, 495, -1,
      494, 495, 496, -1,
      496, 495, 477, -1,
      348, 347, 497, -1,
      497, 347, 498, -1,
      497, 498, 499, -1,
      499, 498, 500, -1,
      499, 500, 501, -1,
      501, 500, 502, -1,
      501, 502, 503, -1,
      503, 502, 504, -1,
      503, 504, 505, -1,
      505, 504, 475, -1,
      351, 350, 506, -1,
      506, 350, 507, -1,
      506, 507, 508, -1,
      508, 507, 509, -1,
      508, 509, 510, -1,
      510, 509, 511, -1,
      510, 511, 512, -1,
      512, 511, 513, -1,
      512, 513, 514, -1,
      514, 513, 474, -1,
      356, 361, 515, -1,
      515, 361, 516, -1,
      515, 516, 517, -1,
      517, 516, 518, -1,
      517, 518, 519, -1,
      519, 518, 520, -1,
      519, 520, 521, -1,
      521, 520, 522, -1,
      521, 522, 523, -1,
      523, 522, 471, -1,
      359, 364, 524, -1,
      524, 364, 525, -1,
      524, 525, 526, -1,
      526, 525, 527, -1,
      526, 527, 528, -1,
      528, 527, 529, -1,
      528, 529, 530, -1,
      530, 529, 531, -1,
      530, 531, 532, -1,
      532, 531, 470, -1,
      370, 369, 533, -1,
      533, 369, 534, -1,
      533, 534, 535, -1,
      535, 534, 536, -1,
      535, 536, 537, -1,
      537, 536, 538, -1,
      537, 538, 539, -1,
      539, 538, 540, -1,
      539, 540, 541, -1,
      541, 540, 466, -1,
      338, 343, 542, -1,
      542, 343, 479, -1,
      542, 479, 543, -1,
      543, 479, 481, -1,
      543, 481, 544, -1,
      544, 481, 483, -1,
      544, 483, 545, -1,
      545, 483, 485, -1,
      545, 485, 546, -1,
      546, 485, 487, -1,
      546, 487, 310, -1,
      310, 487, 307, -1,
      478, 305, 487, -1,
      487, 305, 308, -1,
      487, 308, 307, -1,
      304, 306, 547, -1,
      547, 306, 478, -1,
      547, 478, 548, -1,
      548, 478, 486, -1,
      548, 486, 549, -1,
      549, 486, 484, -1,
      549, 484, 550, -1,
      550, 484, 482, -1,
      550, 482, 551, -1,
      551, 482, 480, -1,
      551, 480, 341, -1,
      341, 480, 342, -1,
      341, 346, 551, -1,
      551, 346, 488, -1,
      551, 488, 550, -1,
      550, 488, 490, -1,
      550, 490, 549, -1,
      549, 490, 492, -1,
      549, 492, 548, -1,
      548, 492, 494, -1,
      548, 494, 547, -1,
      547, 494, 496, -1,
      547, 496, 304, -1,
      304, 496, 303, -1,
      477, 301, 496, -1,
      496, 301, 302, -1,
      496, 302, 303, -1,
      298, 297, 552, -1,
      552, 297, 477, -1,
      552, 477, 553, -1,
      553, 477, 495, -1,
      553, 495, 554, -1,
      554, 495, 493, -1,
      554, 493, 555, -1,
      555, 493, 491, -1,
      555, 491, 556, -1,
      556, 491, 489, -1,
      556, 489, 344, -1,
      344, 489, 345, -1,
      344, 349, 556, -1,
      556, 349, 557, -1,
      556, 557, 555, -1,
      555, 557, 558, -1,
      555, 558, 554, -1,
      554, 558, 559, -1,
      554, 559, 553, -1,
      553, 559, 560, -1,
      553, 560, 552, -1,
      552, 560, 476, -1,
      552, 476, 298, -1,
      298, 476, 299, -1,
      295, 300, 505, -1,
      505, 300, 476, -1,
      505, 476, 503, -1,
      503, 476, 560, -1,
      503, 560, 501, -1,
      501, 560, 559, -1,
      501, 559, 499, -1,
      499, 559, 558, -1,
      499, 558, 497, -1,
      497, 558, 557, -1,
      497, 557, 348, -1,
      348, 557, 349, -1,
      475, 293, 505, -1,
      505, 293, 296, -1,
      505, 296, 295, -1,
      292, 294, 561, -1,
      561, 294, 475, -1,
      561, 475, 562, -1,
      562, 475, 504, -1,
      562, 504, 563, -1,
      563, 504, 502, -1,
      563, 502, 564, -1,
      564, 502, 500, -1,
      564, 500, 565, -1,
      565, 500, 498, -1,
      565, 498, 352, -1,
      352, 498, 347, -1,
      352, 351, 565, -1,
      565, 351, 506, -1,
      565, 506, 564, -1,
      564, 506, 508, -1,
      564, 508, 563, -1,
      563, 508, 510, -1,
      563, 510, 562, -1,
      562, 510, 512, -1,
      562, 512, 561, -1,
      561, 512, 514, -1,
      561, 514, 292, -1,
      292, 514, 291, -1,
      474, 289, 514, -1,
      514, 289, 290, -1,
      514, 290, 291, -1,
      286, 285, 566, -1,
      566, 285, 474, -1,
      566, 474, 567, -1,
      567, 474, 513, -1,
      567, 513, 568, -1,
      568, 513, 511, -1,
      568, 511, 569, -1,
      569, 511, 509, -1,
      569, 509, 570, -1,
      570, 509, 507, -1,
      570, 507, 355, -1,
      355, 507, 350, -1,
      355, 354, 570, -1,
      570, 354, 571, -1,
      570, 571, 569, -1,
      569, 571, 572, -1,
      569, 572, 568, -1,
      568, 572, 573, -1,
      568, 573, 567, -1,
      567, 573, 574, -1,
      567, 574, 566, -1,
      566, 574, 473, -1,
      566, 473, 286, -1,
      286, 473, 287, -1,
      283, 288, 472, -1,
      472, 288, 473, -1,
      472, 473, 575, -1,
      575, 473, 574, -1,
      575, 574, 576, -1,
      576, 574, 573, -1,
      576, 573, 577, -1,
      577, 573, 572, -1,
      577, 572, 578, -1,
      578, 572, 571, -1,
      578, 571, 353, -1,
      353, 571, 354, -1,
      282, 284, 579, -1,
      579, 284, 472, -1,
      579, 472, 580, -1,
      580, 472, 575, -1,
      580, 575, 581, -1,
      581, 575, 576, -1,
      581, 576, 582, -1,
      582, 576, 577, -1,
      582, 577, 583, -1,
      583, 577, 578, -1,
      583, 578, 358, -1,
      358, 578, 353, -1,
      358, 357, 583, -1,
      583, 357, 584, -1,
      583, 584, 582, -1,
      582, 584, 585, -1,
      582, 585, 581, -1,
      581, 585, 586, -1,
      581, 586, 580, -1,
      580, 586, 587, -1,
      580, 587, 579, -1,
      579, 587, 588, -1,
      579, 588, 282, -1,
      282, 588, 335, -1,
      357, 356, 584, -1,
      584, 356, 515, -1,
      584, 515, 585, -1,
      585, 515, 517, -1,
      585, 517, 586, -1,
      586, 517, 519, -1,
      586, 519, 587, -1,
      587, 519, 521, -1,
      587, 521, 588, -1,
      588, 521, 523, -1,
      588, 523, 335, -1,
      335, 523, 336, -1,
      471, 333, 523, -1,
      523, 333, 337, -1,
      523, 337, 336, -1,
      332, 334, 589, -1,
      589, 334, 471, -1,
      589, 471, 590, -1,
      590, 471, 522, -1,
      590, 522, 591, -1,
      591, 522, 520, -1,
      591, 520, 592, -1,
      592, 520, 518, -1,
      592, 518, 593, -1,
      593, 518, 516, -1,
      593, 516, 360, -1,
      360, 516, 361, -1,
      360, 359, 593, -1,
      593, 359, 524, -1,
      593, 524, 592, -1,
      592, 524, 526, -1,
      592, 526, 591, -1,
      591, 526, 528, -1,
      591, 528, 590, -1,
      590, 528, 530, -1,
      590, 530, 589, -1,
      589, 530, 532, -1,
      589, 532, 332, -1,
      332, 532, 331, -1,
      470, 329, 532, -1,
      532, 329, 330, -1,
      532, 330, 331, -1,
      326, 325, 594, -1,
      594, 325, 470, -1,
      594, 470, 595, -1,
      595, 470, 531, -1,
      595, 531, 596, -1,
      596, 531, 529, -1,
      596, 529, 597, -1,
      597, 529, 527, -1,
      597, 527, 598, -1,
      598, 527, 525, -1,
      598, 525, 363, -1,
      363, 525, 364, -1,
      363, 362, 598, -1,
      598, 362, 599, -1,
      598, 599, 597, -1,
      597, 599, 600, -1,
      597, 600, 596, -1,
      596, 600, 601, -1,
      596, 601, 595, -1,
      595, 601, 602, -1,
      595, 602, 594, -1,
      594, 602, 469, -1,
      594, 469, 326, -1,
      326, 469, 327, -1,
      323, 328, 468, -1,
      468, 328, 469, -1,
      468, 469, 603, -1,
      603, 469, 602, -1,
      603, 602, 604, -1,
      604, 602, 601, -1,
      604, 601, 605, -1,
      605, 601, 600, -1,
      605, 600, 606, -1,
      606, 600, 599, -1,
      606, 599, 367, -1,
      367, 599, 362, -1,
      321, 324, 467, -1,
      467, 324, 468, -1,
      467, 468, 607, -1,
      607, 468, 603, -1,
      607, 603, 608, -1,
      608, 603, 604, -1,
      608, 604, 609, -1,
      609, 604, 605, -1,
      609, 605, 610, -1,
      610, 605, 606, -1,
      610, 606, 366, -1,
      366, 606, 367, -1,
      320, 322, 611, -1,
      611, 322, 467, -1,
      611, 467, 612, -1,
      612, 467, 607, -1,
      612, 607, 613, -1,
      613, 607, 608, -1,
      613, 608, 614, -1,
      614, 608, 609, -1,
      614, 609, 615, -1,
      615, 609, 610, -1,
      615, 610, 365, -1,
      365, 610, 366, -1,
      365, 370, 615, -1,
      615, 370, 533, -1,
      615, 533, 614, -1,
      614, 533, 535, -1,
      614, 535, 613, -1,
      613, 535, 537, -1,
      613, 537, 612, -1,
      612, 537, 539, -1,
      612, 539, 611, -1,
      611, 539, 541, -1,
      611, 541, 320, -1,
      320, 541, 319, -1,
      466, 317, 541, -1,
      541, 317, 318, -1,
      541, 318, 319, -1,
      314, 313, 616, -1,
      616, 313, 466, -1,
      616, 466, 617, -1,
      617, 466, 540, -1,
      617, 540, 618, -1,
      618, 540, 538, -1,
      618, 538, 619, -1,
      619, 538, 536, -1,
      619, 536, 620, -1,
      620, 536, 534, -1,
      620, 534, 368, -1,
      368, 534, 369, -1,
      368, 372, 620, -1,
      620, 372, 621, -1,
      620, 621, 619, -1,
      619, 621, 622, -1,
      619, 622, 618, -1,
      618, 622, 623, -1,
      618, 623, 617, -1,
      617, 623, 624, -1,
      617, 624, 616, -1,
      616, 624, 465, -1,
      616, 465, 314, -1,
      314, 465, 315, -1,
      311, 316, 464, -1,
      464, 316, 465, -1,
      464, 465, 625, -1,
      625, 465, 624, -1,
      625, 624, 626, -1,
      626, 624, 623, -1,
      626, 623, 627, -1,
      627, 623, 622, -1,
      627, 622, 628, -1,
      628, 622, 621, -1,
      628, 621, 371, -1,
      371, 621, 372, -1,
      309, 312, 629, -1,
      629, 312, 464, -1,
      629, 464, 630, -1,
      630, 464, 625, -1,
      630, 625, 631, -1,
      631, 625, 626, -1,
      631, 626, 632, -1,
      632, 626, 627, -1,
      632, 627, 633, -1,
      633, 627, 628, -1,
      633, 628, 339, -1,
      339, 628, 371, -1,
      339, 338, 633, -1,
      633, 338, 542, -1,
      633, 542, 632, -1,
      632, 542, 543, -1,
      632, 543, 631, -1,
      631, 543, 544, -1,
      631, 544, 630, -1,
      630, 544, 545, -1,
      630, 545, 629, -1,
      629, 545, 546, -1,
      629, 546, 309, -1,
      309, 546, 310, -1,
      403, 402, 634, -1,
      407, 406, 635, -1,
      404, 408, 636, -1,
      413, 412, 637, -1,
      415, 414, 638, -1,
      419, 418, 639, -1,
      416, 420, 640, -1,
      425, 424, 641, -1,
      375, 374, 642, -1,
      379, 378, 643, -1,
      376, 380, 644, -1,
      385, 384, 645, -1,
      391, 390, 646, -1,
      388, 392, 647, -1,
      397, 396, 648, -1,
      434, 433, 649, -1,
      649, 433, 650, -1,
      649, 650, 651, -1,
      651, 650, 652, -1,
      651, 652, 653, -1,
      653, 652, 654, -1,
      653, 654, 655, -1,
      655, 654, 656, -1,
      655, 656, 657, -1,
      657, 656, 648, -1,
      437, 436, 658, -1,
      658, 436, 659, -1,
      658, 659, 660, -1,
      660, 659, 661, -1,
      660, 661, 662, -1,
      662, 661, 663, -1,
      662, 663, 664, -1,
      664, 663, 665, -1,
      664, 665, 666, -1,
      666, 665, 647, -1,
      439, 438, 667, -1,
      667, 438, 668, -1,
      667, 668, 669, -1,
      669, 668, 670, -1,
      669, 670, 671, -1,
      671, 670, 672, -1,
      671, 672, 673, -1,
      673, 672, 674, -1,
      673, 674, 675, -1,
      675, 674, 645, -1,
      442, 441, 676, -1,
      676, 441, 677, -1,
      676, 677, 678, -1,
      678, 677, 679, -1,
      678, 679, 680, -1,
      680, 679, 681, -1,
      680, 681, 682, -1,
      682, 681, 683, -1,
      682, 683, 684, -1,
      684, 683, 644, -1,
      447, 452, 685, -1,
      685, 452, 686, -1,
      685, 686, 687, -1,
      687, 686, 688, -1,
      687, 688, 689, -1,
      689, 688, 690, -1,
      689, 690, 691, -1,
      691, 690, 692, -1,
      691, 692, 693, -1,
      693, 692, 641, -1,
      450, 455, 694, -1,
      694, 455, 695, -1,
      694, 695, 696, -1,
      696, 695, 697, -1,
      696, 697, 698, -1,
      698, 697, 699, -1,
      698, 699, 700, -1,
      700, 699, 701, -1,
      700, 701, 702, -1,
      702, 701, 640, -1,
      461, 460, 703, -1,
      703, 460, 704, -1,
      703, 704, 705, -1,
      705, 704, 706, -1,
      705, 706, 707, -1,
      707, 706, 708, -1,
      707, 708, 709, -1,
      709, 708, 710, -1,
      709, 710, 711, -1,
      711, 710, 636, -1,
      429, 434, 712, -1,
      712, 434, 649, -1,
      712, 649, 713, -1,
      713, 649, 651, -1,
      713, 651, 714, -1,
      714, 651, 653, -1,
      714, 653, 715, -1,
      715, 653, 655, -1,
      715, 655, 716, -1,
      716, 655, 657, -1,
      716, 657, 401, -1,
      401, 657, 398, -1,
      648, 396, 657, -1,
      657, 396, 399, -1,
      657, 399, 398, -1,
      395, 397, 717, -1,
      717, 397, 648, -1,
      717, 648, 718, -1,
      718, 648, 656, -1,
      718, 656, 719, -1,
      719, 656, 654, -1,
      719, 654, 720, -1,
      720, 654, 652, -1,
      720, 652, 721, -1,
      721, 652, 650, -1,
      721, 650, 432, -1,
      432, 650, 433, -1,
      432, 437, 721, -1,
      721, 437, 658, -1,
      721, 658, 720, -1,
      720, 658, 660, -1,
      720, 660, 719, -1,
      719, 660, 662, -1,
      719, 662, 718, -1,
      718, 662, 664, -1,
      718, 664, 717, -1,
      717, 664, 666, -1,
      717, 666, 395, -1,
      395, 666, 394, -1,
      647, 392, 666, -1,
      666, 392, 393, -1,
      666, 393, 394, -1,
      389, 388, 722, -1,
      722, 388, 647, -1,
      722, 647, 723, -1,
      723, 647, 665, -1,
      723, 665, 724, -1,
      724, 665, 663, -1,
      724, 663, 725, -1,
      725, 663, 661, -1,
      725, 661, 726, -1,
      726, 661, 659, -1,
      726, 659, 435, -1,
      435, 659, 436, -1,
      435, 440, 726, -1,
      726, 440, 727, -1,
      726, 727, 725, -1,
      725, 727, 728, -1,
      725, 728, 724, -1,
      724, 728, 729, -1,
      724, 729, 723, -1,
      723, 729, 730, -1,
      723, 730, 722, -1,
      722, 730, 646, -1,
      722, 646, 389, -1,
      389, 646, 390, -1,
      386, 391, 675, -1,
      675, 391, 646, -1,
      675, 646, 673, -1,
      673, 646, 730, -1,
      673, 730, 671, -1,
      671, 730, 729, -1,
      671, 729, 669, -1,
      669, 729, 728, -1,
      669, 728, 667, -1,
      667, 728, 727, -1,
      667, 727, 439, -1,
      439, 727, 440, -1,
      645, 384, 675, -1,
      675, 384, 387, -1,
      675, 387, 386, -1,
      383, 385, 731, -1,
      731, 385, 645, -1,
      731, 645, 732, -1,
      732, 645, 674, -1,
      732, 674, 733, -1,
      733, 674, 672, -1,
      733, 672, 734, -1,
      734, 672, 670, -1,
      734, 670, 735, -1,
      735, 670, 668, -1,
      735, 668, 443, -1,
      443, 668, 438, -1,
      443, 442, 735, -1,
      735, 442, 676, -1,
      735, 676, 734, -1,
      734, 676, 678, -1,
      734, 678, 733, -1,
      733, 678, 680, -1,
      733, 680, 732, -1,
      732, 680, 682, -1,
      732, 682, 731, -1,
      731, 682, 684, -1,
      731, 684, 383, -1,
      383, 684, 382, -1,
      644, 380, 684, -1,
      684, 380, 381, -1,
      684, 381, 382, -1,
      377, 376, 736, -1,
      736, 376, 644, -1,
      736, 644, 737, -1,
      737, 644, 683, -1,
      737, 683, 738, -1,
      738, 683, 681, -1,
      738, 681, 739, -1,
      739, 681, 679, -1,
      739, 679, 740, -1,
      740, 679, 677, -1,
      740, 677, 446, -1,
      446, 677, 441, -1,
      446, 445, 740, -1,
      740, 445, 741, -1,
      740, 741, 739, -1,
      739, 741, 742, -1,
      739, 742, 738, -1,
      738, 742, 743, -1,
      738, 743, 737, -1,
      737, 743, 744, -1,
      737, 744, 736, -1,
      736, 744, 643, -1,
      736, 643, 377, -1,
      377, 643, 378, -1,
      374, 379, 642, -1,
      642, 379, 643, -1,
      642, 643, 745, -1,
      745, 643, 744, -1,
      745, 744, 746, -1,
      746, 744, 743, -1,
      746, 743, 747, -1,
      747, 743, 742, -1,
      747, 742, 748, -1,
      748, 742, 741, -1,
      748, 741, 444, -1,
      444, 741, 445, -1,
      373, 375, 749, -1,
      749, 375, 642, -1,
      749, 642, 750, -1,
      750, 642, 745, -1,
      750, 745, 751, -1,
      751, 745, 746, -1,
      751, 746, 752, -1,
      752, 746, 747, -1,
      752, 747, 753, -1,
      753, 747, 748, -1,
      753, 748, 449, -1,
      449, 748, 444, -1,
      449, 448, 753, -1,
      753, 448, 754, -1,
      753, 754, 752, -1,
      752, 754, 755, -1,
      752, 755, 751, -1,
      751, 755, 756, -1,
      751, 756, 750, -1,
      750, 756, 757, -1,
      750, 757, 749, -1,
      749, 757, 758, -1,
      749, 758, 373, -1,
      373, 758, 426, -1,
      448, 447, 754, -1,
      754, 447, 685, -1,
      754, 685, 755, -1,
      755, 685, 687, -1,
      755, 687, 756, -1,
      756, 687, 689, -1,
      756, 689, 757, -1,
      757, 689, 691, -1,
      757, 691, 758, -1,
      758, 691, 693, -1,
      758, 693, 426, -1,
      426, 693, 427, -1,
      641, 424, 693, -1,
      693, 424, 428, -1,
      693, 428, 427, -1,
      423, 425, 759, -1,
      759, 425, 641, -1,
      759, 641, 760, -1,
      760, 641, 692, -1,
      760, 692, 761, -1,
      761, 692, 690, -1,
      761, 690, 762, -1,
      762, 690, 688, -1,
      762, 688, 763, -1,
      763, 688, 686, -1,
      763, 686, 451, -1,
      451, 686, 452, -1,
      451, 450, 763, -1,
      763, 450, 694, -1,
      763, 694, 762, -1,
      762, 694, 696, -1,
      762, 696, 761, -1,
      761, 696, 698, -1,
      761, 698, 760, -1,
      760, 698, 700, -1,
      760, 700, 759, -1,
      759, 700, 702, -1,
      759, 702, 423, -1,
      423, 702, 422, -1,
      640, 420, 702, -1,
      702, 420, 421, -1,
      702, 421, 422, -1,
      417, 416, 764, -1,
      764, 416, 640, -1,
      764, 640, 765, -1,
      765, 640, 701, -1,
      765, 701, 766, -1,
      766, 701, 699, -1,
      766, 699, 767, -1,
      767, 699, 697, -1,
      767, 697, 768, -1,
      768, 697, 695, -1,
      768, 695, 454, -1,
      454, 695, 455, -1,
      454, 453, 768, -1,
      768, 453, 769, -1,
      768, 769, 767, -1,
      767, 769, 770, -1,
      767, 770, 766, -1,
      766, 770, 771, -1,
      766, 771, 765, -1,
      765, 771, 772, -1,
      765, 772, 764, -1,
      764, 772, 639, -1,
      764, 639, 417, -1,
      417, 639, 418, -1,
      414, 419, 638, -1,
      638, 419, 639, -1,
      638, 639, 773, -1,
      773, 639, 772, -1,
      773, 772, 774, -1,
      774, 772, 771, -1,
      774, 771, 775, -1,
      775, 771, 770, -1,
      775, 770, 776, -1,
      776, 770, 769, -1,
      776, 769, 458, -1,
      458, 769, 453, -1,
      412, 415, 637, -1,
      637, 415, 638, -1,
      637, 638, 777, -1,
      777, 638, 773, -1,
      777, 773, 778, -1,
      778, 773, 774, -1,
      778, 774, 779, -1,
      779, 774, 775, -1,
      779, 775, 780, -1,
      780, 775, 776, -1,
      780, 776, 457, -1,
      457, 776, 458, -1,
      411, 413, 781, -1,
      781, 413, 637, -1,
      781, 637, 782, -1,
      782, 637, 777, -1,
      782, 777, 783, -1,
      783, 777, 778, -1,
      783, 778, 784, -1,
      784, 778, 779, -1,
      784, 779, 785, -1,
      785, 779, 780, -1,
      785, 780, 456, -1,
      456, 780, 457, -1,
      456, 461, 785, -1,
      785, 461, 703, -1,
      785, 703, 784, -1,
      784, 703, 705, -1,
      784, 705, 783, -1,
      783, 705, 707, -1,
      783, 707, 782, -1,
      782, 707, 709, -1,
      782, 709, 781, -1,
      781, 709, 711, -1,
      781, 711, 411, -1,
      411, 711, 410, -1,
      636, 408, 711, -1,
      711, 408, 409, -1,
      711, 409, 410, -1,
      405, 404, 786, -1,
      786, 404, 636, -1,
      786, 636, 787, -1,
      787, 636, 710, -1,
      787, 710, 788, -1,
      788, 710, 708, -1,
      788, 708, 789, -1,
      789, 708, 706, -1,
      789, 706, 790, -1,
      790, 706, 704, -1,
      790, 704, 459, -1,
      459, 704, 460, -1,
      459, 463, 790, -1,
      790, 463, 791, -1,
      790, 791, 789, -1,
      789, 791, 792, -1,
      789, 792, 788, -1,
      788, 792, 793, -1,
      788, 793, 787, -1,
      787, 793, 794, -1,
      787, 794, 786, -1,
      786, 794, 635, -1,
      786, 635, 405, -1,
      405, 635, 406, -1,
      402, 407, 634, -1,
      634, 407, 635, -1,
      634, 635, 795, -1,
      795, 635, 794, -1,
      795, 794, 796, -1,
      796, 794, 793, -1,
      796, 793, 797, -1,
      797, 793, 792, -1,
      797, 792, 798, -1,
      798, 792, 791, -1,
      798, 791, 462, -1,
      462, 791, 463, -1,
      400, 403, 799, -1,
      799, 403, 634, -1,
      799, 634, 800, -1,
      800, 634, 795, -1,
      800, 795, 801, -1,
      801, 795, 796, -1,
      801, 796, 802, -1,
      802, 796, 797, -1,
      802, 797, 803, -1,
      803, 797, 798, -1,
      803, 798, 430, -1,
      430, 798, 462, -1,
      430, 429, 803, -1,
      803, 429, 712, -1,
      803, 712, 802, -1,
      802, 712, 713, -1,
      802, 713, 801, -1,
      801, 713, 714, -1,
      801, 714, 800, -1,
      800, 714, 715, -1,
      800, 715, 799, -1,
      799, 715, 716, -1,
      799, 716, 400, -1,
      400, 716, 401, -1,
      221, 220, 804, -1,
      225, 224, 805, -1,
      222, 226, 806, -1,
      231, 230, 807, -1,
      233, 232, 808, -1,
      237, 236, 809, -1,
      234, 238, 810, -1,
      243, 242, 811, -1,
      193, 192, 812, -1,
      197, 196, 813, -1,
      194, 198, 814, -1,
      203, 202, 815, -1,
      209, 208, 816, -1,
      206, 210, 817, -1,
      215, 214, 818, -1,
      252, 251, 819, -1,
      819, 251, 820, -1,
      819, 820, 821, -1,
      821, 820, 822, -1,
      821, 822, 823, -1,
      823, 822, 824, -1,
      823, 824, 825, -1,
      825, 824, 826, -1,
      825, 826, 827, -1,
      827, 826, 818, -1,
      255, 254, 828, -1,
      828, 254, 829, -1,
      828, 829, 830, -1,
      830, 829, 831, -1,
      830, 831, 832, -1,
      832, 831, 833, -1,
      832, 833, 834, -1,
      834, 833, 835, -1,
      834, 835, 836, -1,
      836, 835, 817, -1,
      257, 256, 837, -1,
      837, 256, 838, -1,
      837, 838, 839, -1,
      839, 838, 840, -1,
      839, 840, 841, -1,
      841, 840, 842, -1,
      841, 842, 843, -1,
      843, 842, 844, -1,
      843, 844, 845, -1,
      845, 844, 815, -1,
      260, 259, 846, -1,
      846, 259, 847, -1,
      846, 847, 848, -1,
      848, 847, 849, -1,
      848, 849, 850, -1,
      850, 849, 851, -1,
      850, 851, 852, -1,
      852, 851, 853, -1,
      852, 853, 854, -1,
      854, 853, 814, -1,
      265, 270, 855, -1,
      855, 270, 856, -1,
      855, 856, 857, -1,
      857, 856, 858, -1,
      857, 858, 859, -1,
      859, 858, 860, -1,
      859, 860, 861, -1,
      861, 860, 862, -1,
      861, 862, 863, -1,
      863, 862, 811, -1,
      268, 273, 864, -1,
      864, 273, 865, -1,
      864, 865, 866, -1,
      866, 865, 867, -1,
      866, 867, 868, -1,
      868, 867, 869, -1,
      868, 869, 870, -1,
      870, 869, 871, -1,
      870, 871, 872, -1,
      872, 871, 810, -1,
      279, 278, 873, -1,
      873, 278, 874, -1,
      873, 874, 875, -1,
      875, 874, 876, -1,
      875, 876, 877, -1,
      877, 876, 878, -1,
      877, 878, 879, -1,
      879, 878, 880, -1,
      879, 880, 881, -1,
      881, 880, 806, -1,
      247, 252, 882, -1,
      882, 252, 819, -1,
      882, 819, 883, -1,
      883, 819, 821, -1,
      883, 821, 884, -1,
      884, 821, 823, -1,
      884, 823, 885, -1,
      885, 823, 825, -1,
      885, 825, 886, -1,
      886, 825, 827, -1,
      886, 827, 219, -1,
      219, 827, 216, -1,
      818, 214, 827, -1,
      827, 214, 217, -1,
      827, 217, 216, -1,
      213, 215, 887, -1,
      887, 215, 818, -1,
      887, 818, 888, -1,
      888, 818, 826, -1,
      888, 826, 889, -1,
      889, 826, 824, -1,
      889, 824, 890, -1,
      890, 824, 822, -1,
      890, 822, 891, -1,
      891, 822, 820, -1,
      891, 820, 250, -1,
      250, 820, 251, -1,
      250, 255, 891, -1,
      891, 255, 828, -1,
      891, 828, 890, -1,
      890, 828, 830, -1,
      890, 830, 889, -1,
      889, 830, 832, -1,
      889, 832, 888, -1,
      888, 832, 834, -1,
      888, 834, 887, -1,
      887, 834, 836, -1,
      887, 836, 213, -1,
      213, 836, 212, -1,
      817, 210, 836, -1,
      836, 210, 211, -1,
      836, 211, 212, -1,
      207, 206, 892, -1,
      892, 206, 817, -1,
      892, 817, 893, -1,
      893, 817, 835, -1,
      893, 835, 894, -1,
      894, 835, 833, -1,
      894, 833, 895, -1,
      895, 833, 831, -1,
      895, 831, 896, -1,
      896, 831, 829, -1,
      896, 829, 253, -1,
      253, 829, 254, -1,
      253, 258, 896, -1,
      896, 258, 897, -1,
      896, 897, 895, -1,
      895, 897, 898, -1,
      895, 898, 894, -1,
      894, 898, 899, -1,
      894, 899, 893, -1,
      893, 899, 900, -1,
      893, 900, 892, -1,
      892, 900, 816, -1,
      892, 816, 207, -1,
      207, 816, 208, -1,
      204, 209, 845, -1,
      845, 209, 816, -1,
      845, 816, 843, -1,
      843, 816, 900, -1,
      843, 900, 841, -1,
      841, 900, 899, -1,
      841, 899, 839, -1,
      839, 899, 898, -1,
      839, 898, 837, -1,
      837, 898, 897, -1,
      837, 897, 257, -1,
      257, 897, 258, -1,
      815, 202, 845, -1,
      845, 202, 205, -1,
      845, 205, 204, -1,
      201, 203, 901, -1,
      901, 203, 815, -1,
      901, 815, 902, -1,
      902, 815, 844, -1,
      902, 844, 903, -1,
      903, 844, 842, -1,
      903, 842, 904, -1,
      904, 842, 840, -1,
      904, 840, 905, -1,
      905, 840, 838, -1,
      905, 838, 261, -1,
      261, 838, 256, -1,
      261, 260, 905, -1,
      905, 260, 846, -1,
      905, 846, 904, -1,
      904, 846, 848, -1,
      904, 848, 903, -1,
      903, 848, 850, -1,
      903, 850, 902, -1,
      902, 850, 852, -1,
      902, 852, 901, -1,
      901, 852, 854, -1,
      901, 854, 201, -1,
      201, 854, 200, -1,
      814, 198, 854, -1,
      854, 198, 199, -1,
      854, 199, 200, -1,
      195, 194, 906, -1,
      906, 194, 814, -1,
      906, 814, 907, -1,
      907, 814, 853, -1,
      907, 853, 908, -1,
      908, 853, 851, -1,
      908, 851, 909, -1,
      909, 851, 849, -1,
      909, 849, 910, -1,
      910, 849, 847, -1,
      910, 847, 264, -1,
      264, 847, 259, -1,
      264, 263, 910, -1,
      910, 263, 911, -1,
      910, 911, 909, -1,
      909, 911, 912, -1,
      909, 912, 908, -1,
      908, 912, 913, -1,
      908, 913, 907, -1,
      907, 913, 914, -1,
      907, 914, 906, -1,
      906, 914, 813, -1,
      906, 813, 195, -1,
      195, 813, 196, -1,
      192, 197, 812, -1,
      812, 197, 813, -1,
      812, 813, 915, -1,
      915, 813, 914, -1,
      915, 914, 916, -1,
      916, 914, 913, -1,
      916, 913, 917, -1,
      917, 913, 912, -1,
      917, 912, 918, -1,
      918, 912, 911, -1,
      918, 911, 262, -1,
      262, 911, 263, -1,
      191, 193, 919, -1,
      919, 193, 812, -1,
      919, 812, 920, -1,
      920, 812, 915, -1,
      920, 915, 921, -1,
      921, 915, 916, -1,
      921, 916, 922, -1,
      922, 916, 917, -1,
      922, 917, 923, -1,
      923, 917, 918, -1,
      923, 918, 267, -1,
      267, 918, 262, -1,
      267, 266, 923, -1,
      923, 266, 924, -1,
      923, 924, 922, -1,
      922, 924, 925, -1,
      922, 925, 921, -1,
      921, 925, 926, -1,
      921, 926, 920, -1,
      920, 926, 927, -1,
      920, 927, 919, -1,
      919, 927, 928, -1,
      919, 928, 191, -1,
      191, 928, 244, -1,
      266, 265, 924, -1,
      924, 265, 855, -1,
      924, 855, 925, -1,
      925, 855, 857, -1,
      925, 857, 926, -1,
      926, 857, 859, -1,
      926, 859, 927, -1,
      927, 859, 861, -1,
      927, 861, 928, -1,
      928, 861, 863, -1,
      928, 863, 244, -1,
      244, 863, 245, -1,
      811, 242, 863, -1,
      863, 242, 246, -1,
      863, 246, 245, -1,
      241, 243, 929, -1,
      929, 243, 811, -1,
      929, 811, 930, -1,
      930, 811, 862, -1,
      930, 862, 931, -1,
      931, 862, 860, -1,
      931, 860, 932, -1,
      932, 860, 858, -1,
      932, 858, 933, -1,
      933, 858, 856, -1,
      933, 856, 269, -1,
      269, 856, 270, -1,
      269, 268, 933, -1,
      933, 268, 864, -1,
      933, 864, 932, -1,
      932, 864, 866, -1,
      932, 866, 931, -1,
      931, 866, 868, -1,
      931, 868, 930, -1,
      930, 868, 870, -1,
      930, 870, 929, -1,
      929, 870, 872, -1,
      929, 872, 241, -1,
      241, 872, 240, -1,
      810, 238, 872, -1,
      872, 238, 239, -1,
      872, 239, 240, -1,
      235, 234, 934, -1,
      934, 234, 810, -1,
      934, 810, 935, -1,
      935, 810, 871, -1,
      935, 871, 936, -1,
      936, 871, 869, -1,
      936, 869, 937, -1,
      937, 869, 867, -1,
      937, 867, 938, -1,
      938, 867, 865, -1,
      938, 865, 272, -1,
      272, 865, 273, -1,
      272, 271, 938, -1,
      938, 271, 939, -1,
      938, 939, 937, -1,
      937, 939, 940, -1,
      937, 940, 936, -1,
      936, 940, 941, -1,
      936, 941, 935, -1,
      935, 941, 942, -1,
      935, 942, 934, -1,
      934, 942, 809, -1,
      934, 809, 235, -1,
      235, 809, 236, -1,
      232, 237, 808, -1,
      808, 237, 809, -1,
      808, 809, 943, -1,
      943, 809, 942, -1,
      943, 942, 944, -1,
      944, 942, 941, -1,
      944, 941, 945, -1,
      945, 941, 940, -1,
      945, 940, 946, -1,
      946, 940, 939, -1,
      946, 939, 276, -1,
      276, 939, 271, -1,
      230, 233, 807, -1,
      807, 233, 808, -1,
      807, 808, 947, -1,
      947, 808, 943, -1,
      947, 943, 948, -1,
      948, 943, 944, -1,
      948, 944, 949, -1,
      949, 944, 945, -1,
      949, 945, 950, -1,
      950, 945, 946, -1,
      950, 946, 275, -1,
      275, 946, 276, -1,
      229, 231, 951, -1,
      951, 231, 807, -1,
      951, 807, 952, -1,
      952, 807, 947, -1,
      952, 947, 953, -1,
      953, 947, 948, -1,
      953, 948, 954, -1,
      954, 948, 949, -1,
      954, 949, 955, -1,
      955, 949, 950, -1,
      955, 950, 274, -1,
      274, 950, 275, -1,
      274, 279, 955, -1,
      955, 279, 873, -1,
      955, 873, 954, -1,
      954, 873, 875, -1,
      954, 875, 953, -1,
      953, 875, 877, -1,
      953, 877, 952, -1,
      952, 877, 879, -1,
      952, 879, 951, -1,
      951, 879, 881, -1,
      951, 881, 229, -1,
      229, 881, 228, -1,
      806, 226, 881, -1,
      881, 226, 227, -1,
      881, 227, 228, -1,
      223, 222, 956, -1,
      956, 222, 806, -1,
      956, 806, 957, -1,
      957, 806, 880, -1,
      957, 880, 958, -1,
      958, 880, 878, -1,
      958, 878, 959, -1,
      959, 878, 876, -1,
      959, 876, 960, -1,
      960, 876, 874, -1,
      960, 874, 277, -1,
      277, 874, 278, -1,
      277, 281, 960, -1,
      960, 281, 961, -1,
      960, 961, 959, -1,
      959, 961, 962, -1,
      959, 962, 958, -1,
      958, 962, 963, -1,
      958, 963, 957, -1,
      957, 963, 964, -1,
      957, 964, 956, -1,
      956, 964, 805, -1,
      956, 805, 223, -1,
      223, 805, 224, -1,
      220, 225, 804, -1,
      804, 225, 805, -1,
      804, 805, 965, -1,
      965, 805, 964, -1,
      965, 964, 966, -1,
      966, 964, 963, -1,
      966, 963, 967, -1,
      967, 963, 962, -1,
      967, 962, 968, -1,
      968, 962, 961, -1,
      968, 961, 280, -1,
      280, 961, 281, -1,
      218, 221, 969, -1,
      969, 221, 804, -1,
      969, 804, 970, -1,
      970, 804, 965, -1,
      970, 965, 971, -1,
      971, 965, 966, -1,
      971, 966, 972, -1,
      972, 966, 967, -1,
      972, 967, 973, -1,
      973, 967, 968, -1,
      973, 968, 248, -1,
      248, 968, 280, -1,
      248, 247, 973, -1,
      973, 247, 882, -1,
      973, 882, 972, -1,
      972, 882, 883, -1,
      972, 883, 971, -1,
      971, 883, 884, -1,
      971, 884, 970, -1,
      970, 884, 885, -1,
      970, 885, 969, -1,
      969, 885, 886, -1,
      969, 886, 218, -1,
      218, 886, 219, -1,
      130, 129, 974, -1,
      134, 133, 975, -1,
      131, 135, 976, -1,
      140, 139, 977, -1,
      142, 141, 978, -1,
      146, 145, 979, -1,
      143, 147, 980, -1,
      152, 151, 981, -1,
      102, 101, 982, -1,
      106, 105, 983, -1,
      103, 107, 984, -1,
      112, 111, 985, -1,
      118, 117, 986, -1,
      115, 119, 987, -1,
      124, 123, 988, -1,
      161, 160, 989, -1,
      989, 160, 990, -1,
      989, 990, 991, -1,
      991, 990, 992, -1,
      991, 992, 993, -1,
      993, 992, 994, -1,
      993, 994, 995, -1,
      995, 994, 996, -1,
      995, 996, 997, -1,
      997, 996, 988, -1,
      164, 163, 998, -1,
      998, 163, 999, -1,
      998, 999, 1000, -1,
      1000, 999, 1001, -1,
      1000, 1001, 1002, -1,
      1002, 1001, 1003, -1,
      1002, 1003, 1004, -1,
      1004, 1003, 1005, -1,
      1004, 1005, 1006, -1,
      1006, 1005, 987, -1,
      166, 165, 1007, -1,
      1007, 165, 1008, -1,
      1007, 1008, 1009, -1,
      1009, 1008, 1010, -1,
      1009, 1010, 1011, -1,
      1011, 1010, 1012, -1,
      1011, 1012, 1013, -1,
      1013, 1012, 1014, -1,
      1013, 1014, 1015, -1,
      1015, 1014, 985, -1,
      169, 168, 1016, -1,
      1016, 168, 1017, -1,
      1016, 1017, 1018, -1,
      1018, 1017, 1019, -1,
      1018, 1019, 1020, -1,
      1020, 1019, 1021, -1,
      1020, 1021, 1022, -1,
      1022, 1021, 1023, -1,
      1022, 1023, 1024, -1,
      1024, 1023, 984, -1,
      174, 179, 1025, -1,
      1025, 179, 1026, -1,
      1025, 1026, 1027, -1,
      1027, 1026, 1028, -1,
      1027, 1028, 1029, -1,
      1029, 1028, 1030, -1,
      1029, 1030, 1031, -1,
      1031, 1030, 1032, -1,
      1031, 1032, 1033, -1,
      1033, 1032, 981, -1,
      177, 182, 1034, -1,
      1034, 182, 1035, -1,
      1034, 1035, 1036, -1,
      1036, 1035, 1037, -1,
      1036, 1037, 1038, -1,
      1038, 1037, 1039, -1,
      1038, 1039, 1040, -1,
      1040, 1039, 1041, -1,
      1040, 1041, 1042, -1,
      1042, 1041, 980, -1,
      188, 187, 1043, -1,
      1043, 187, 1044, -1,
      1043, 1044, 1045, -1,
      1045, 1044, 1046, -1,
      1045, 1046, 1047, -1,
      1047, 1046, 1048, -1,
      1047, 1048, 1049, -1,
      1049, 1048, 1050, -1,
      1049, 1050, 1051, -1,
      1051, 1050, 976, -1,
      156, 161, 1052, -1,
      1052, 161, 989, -1,
      1052, 989, 1053, -1,
      1053, 989, 991, -1,
      1053, 991, 1054, -1,
      1054, 991, 993, -1,
      1054, 993, 1055, -1,
      1055, 993, 995, -1,
      1055, 995, 1056, -1,
      1056, 995, 997, -1,
      1056, 997, 128, -1,
      128, 997, 125, -1,
      988, 123, 997, -1,
      997, 123, 126, -1,
      997, 126, 125, -1,
      122, 124, 1057, -1,
      1057, 124, 988, -1,
      1057, 988, 1058, -1,
      1058, 988, 996, -1,
      1058, 996, 1059, -1,
      1059, 996, 994, -1,
      1059, 994, 1060, -1,
      1060, 994, 992, -1,
      1060, 992, 1061, -1,
      1061, 992, 990, -1,
      1061, 990, 159, -1,
      159, 990, 160, -1,
      159, 164, 1061, -1,
      1061, 164, 998, -1,
      1061, 998, 1060, -1,
      1060, 998, 1000, -1,
      1060, 1000, 1059, -1,
      1059, 1000, 1002, -1,
      1059, 1002, 1058, -1,
      1058, 1002, 1004, -1,
      1058, 1004, 1057, -1,
      1057, 1004, 1006, -1,
      1057, 1006, 122, -1,
      122, 1006, 121, -1,
      987, 119, 1006, -1,
      1006, 119, 120, -1,
      1006, 120, 121, -1,
      116, 115, 1062, -1,
      1062, 115, 987, -1,
      1062, 987, 1063, -1,
      1063, 987, 1005, -1,
      1063, 1005, 1064, -1,
      1064, 1005, 1003, -1,
      1064, 1003, 1065, -1,
      1065, 1003, 1001, -1,
      1065, 1001, 1066, -1,
      1066, 1001, 999, -1,
      1066, 999, 162, -1,
      162, 999, 163, -1,
      162, 167, 1066, -1,
      1066, 167, 1067, -1,
      1066, 1067, 1065, -1,
      1065, 1067, 1068, -1,
      1065, 1068, 1064, -1,
      1064, 1068, 1069, -1,
      1064, 1069, 1063, -1,
      1063, 1069, 1070, -1,
      1063, 1070, 1062, -1,
      1062, 1070, 986, -1,
      1062, 986, 116, -1,
      116, 986, 117, -1,
      113, 118, 1015, -1,
      1015, 118, 986, -1,
      1015, 986, 1013, -1,
      1013, 986, 1070, -1,
      1013, 1070, 1011, -1,
      1011, 1070, 1069, -1,
      1011, 1069, 1009, -1,
      1009, 1069, 1068, -1,
      1009, 1068, 1007, -1,
      1007, 1068, 1067, -1,
      1007, 1067, 166, -1,
      166, 1067, 167, -1,
      985, 111, 1015, -1,
      1015, 111, 114, -1,
      1015, 114, 113, -1,
      110, 112, 1071, -1,
      1071, 112, 985, -1,
      1071, 985, 1072, -1,
      1072, 985, 1014, -1,
      1072, 1014, 1073, -1,
      1073, 1014, 1012, -1,
      1073, 1012, 1074, -1,
      1074, 1012, 1010, -1,
      1074, 1010, 1075, -1,
      1075, 1010, 1008, -1,
      1075, 1008, 170, -1,
      170, 1008, 165, -1,
      170, 169, 1075, -1,
      1075, 169, 1016, -1,
      1075, 1016, 1074, -1,
      1074, 1016, 1018, -1,
      1074, 1018, 1073, -1,
      1073, 1018, 1020, -1,
      1073, 1020, 1072, -1,
      1072, 1020, 1022, -1,
      1072, 1022, 1071, -1,
      1071, 1022, 1024, -1,
      1071, 1024, 110, -1,
      110, 1024, 109, -1,
      984, 107, 1024, -1,
      1024, 107, 108, -1,
      1024, 108, 109, -1,
      104, 103, 1076, -1,
      1076, 103, 984, -1,
      1076, 984, 1077, -1,
      1077, 984, 1023, -1,
      1077, 1023, 1078, -1,
      1078, 1023, 1021, -1,
      1078, 1021, 1079, -1,
      1079, 1021, 1019, -1,
      1079, 1019, 1080, -1,
      1080, 1019, 1017, -1,
      1080, 1017, 173, -1,
      173, 1017, 168, -1,
      173, 172, 1080, -1,
      1080, 172, 1081, -1,
      1080, 1081, 1079, -1,
      1079, 1081, 1082, -1,
      1079, 1082, 1078, -1,
      1078, 1082, 1083, -1,
      1078, 1083, 1077, -1,
      1077, 1083, 1084, -1,
      1077, 1084, 1076, -1,
      1076, 1084, 983, -1,
      1076, 983, 104, -1,
      104, 983, 105, -1,
      101, 106, 982, -1,
      982, 106, 983, -1,
      982, 983, 1085, -1,
      1085, 983, 1084, -1,
      1085, 1084, 1086, -1,
      1086, 1084, 1083, -1,
      1086, 1083, 1087, -1,
      1087, 1083, 1082, -1,
      1087, 1082, 1088, -1,
      1088, 1082, 1081, -1,
      1088, 1081, 171, -1,
      171, 1081, 172, -1,
      100, 102, 1089, -1,
      1089, 102, 982, -1,
      1089, 982, 1090, -1,
      1090, 982, 1085, -1,
      1090, 1085, 1091, -1,
      1091, 1085, 1086, -1,
      1091, 1086, 1092, -1,
      1092, 1086, 1087, -1,
      1092, 1087, 1093, -1,
      1093, 1087, 1088, -1,
      1093, 1088, 176, -1,
      176, 1088, 171, -1,
      176, 175, 1093, -1,
      1093, 175, 1094, -1,
      1093, 1094, 1092, -1,
      1092, 1094, 1095, -1,
      1092, 1095, 1091, -1,
      1091, 1095, 1096, -1,
      1091, 1096, 1090, -1,
      1090, 1096, 1097, -1,
      1090, 1097, 1089, -1,
      1089, 1097, 1098, -1,
      1089, 1098, 100, -1,
      100, 1098, 153, -1,
      175, 174, 1094, -1,
      1094, 174, 1025, -1,
      1094, 1025, 1095, -1,
      1095, 1025, 1027, -1,
      1095, 1027, 1096, -1,
      1096, 1027, 1029, -1,
      1096, 1029, 1097, -1,
      1097, 1029, 1031, -1,
      1097, 1031, 1098, -1,
      1098, 1031, 1033, -1,
      1098, 1033, 153, -1,
      153, 1033, 154, -1,
      981, 151, 1033, -1,
      1033, 151, 155, -1,
      1033, 155, 154, -1,
      150, 152, 1099, -1,
      1099, 152, 981, -1,
      1099, 981, 1100, -1,
      1100, 981, 1032, -1,
      1100, 1032, 1101, -1,
      1101, 1032, 1030, -1,
      1101, 1030, 1102, -1,
      1102, 1030, 1028, -1,
      1102, 1028, 1103, -1,
      1103, 1028, 1026, -1,
      1103, 1026, 178, -1,
      178, 1026, 179, -1,
      178, 177, 1103, -1,
      1103, 177, 1034, -1,
      1103, 1034, 1102, -1,
      1102, 1034, 1036, -1,
      1102, 1036, 1101, -1,
      1101, 1036, 1038, -1,
      1101, 1038, 1100, -1,
      1100, 1038, 1040, -1,
      1100, 1040, 1099, -1,
      1099, 1040, 1042, -1,
      1099, 1042, 150, -1,
      150, 1042, 149, -1,
      980, 147, 1042, -1,
      1042, 147, 148, -1,
      1042, 148, 149, -1,
      144, 143, 1104, -1,
      1104, 143, 980, -1,
      1104, 980, 1105, -1,
      1105, 980, 1041, -1,
      1105, 1041, 1106, -1,
      1106, 1041, 1039, -1,
      1106, 1039, 1107, -1,
      1107, 1039, 1037, -1,
      1107, 1037, 1108, -1,
      1108, 1037, 1035, -1,
      1108, 1035, 181, -1,
      181, 1035, 182, -1,
      181, 180, 1108, -1,
      1108, 180, 1109, -1,
      1108, 1109, 1107, -1,
      1107, 1109, 1110, -1,
      1107, 1110, 1106, -1,
      1106, 1110, 1111, -1,
      1106, 1111, 1105, -1,
      1105, 1111, 1112, -1,
      1105, 1112, 1104, -1,
      1104, 1112, 979, -1,
      1104, 979, 144, -1,
      144, 979, 145, -1,
      141, 146, 978, -1,
      978, 146, 979, -1,
      978, 979, 1113, -1,
      1113, 979, 1112, -1,
      1113, 1112, 1114, -1,
      1114, 1112, 1111, -1,
      1114, 1111, 1115, -1,
      1115, 1111, 1110, -1,
      1115, 1110, 1116, -1,
      1116, 1110, 1109, -1,
      1116, 1109, 185, -1,
      185, 1109, 180, -1,
      139, 142, 977, -1,
      977, 142, 978, -1,
      977, 978, 1117, -1,
      1117, 978, 1113, -1,
      1117, 1113, 1118, -1,
      1118, 1113, 1114, -1,
      1118, 1114, 1119, -1,
      1119, 1114, 1115, -1,
      1119, 1115, 1120, -1,
      1120, 1115, 1116, -1,
      1120, 1116, 184, -1,
      184, 1116, 185, -1,
      138, 140, 1121, -1,
      1121, 140, 977, -1,
      1121, 977, 1122, -1,
      1122, 977, 1117, -1,
      1122, 1117, 1123, -1,
      1123, 1117, 1118, -1,
      1123, 1118, 1124, -1,
      1124, 1118, 1119, -1,
      1124, 1119, 1125, -1,
      1125, 1119, 1120, -1,
      1125, 1120, 183, -1,
      183, 1120, 184, -1,
      183, 188, 1125, -1,
      1125, 188, 1043, -1,
      1125, 1043, 1124, -1,
      1124, 1043, 1045, -1,
      1124, 1045, 1123, -1,
      1123, 1045, 1047, -1,
      1123, 1047, 1122, -1,
      1122, 1047, 1049, -1,
      1122, 1049, 1121, -1,
      1121, 1049, 1051, -1,
      1121, 1051, 138, -1,
      138, 1051, 137, -1,
      976, 135, 1051, -1,
      1051, 135, 136, -1,
      1051, 136, 137, -1,
      132, 131, 1126, -1,
      1126, 131, 976, -1,
      1126, 976, 1127, -1,
      1127, 976, 1050, -1,
      1127, 1050, 1128, -1,
      1128, 1050, 1048, -1,
      1128, 1048, 1129, -1,
      1129, 1048, 1046, -1,
      1129, 1046, 1130, -1,
      1130, 1046, 1044, -1,
      1130, 1044, 186, -1,
      186, 1044, 187, -1,
      186, 190, 1130, -1,
      1130, 190, 1131, -1,
      1130, 1131, 1129, -1,
      1129, 1131, 1132, -1,
      1129, 1132, 1128, -1,
      1128, 1132, 1133, -1,
      1128, 1133, 1127, -1,
      1127, 1133, 1134, -1,
      1127, 1134, 1126, -1,
      1126, 1134, 975, -1,
      1126, 975, 132, -1,
      132, 975, 133, -1,
      129, 134, 974, -1,
      974, 134, 975, -1,
      974, 975, 1135, -1,
      1135, 975, 1134, -1,
      1135, 1134, 1136, -1,
      1136, 1134, 1133, -1,
      1136, 1133, 1137, -1,
      1137, 1133, 1132, -1,
      1137, 1132, 1138, -1,
      1138, 1132, 1131, -1,
      1138, 1131, 189, -1,
      189, 1131, 190, -1,
      127, 130, 1139, -1,
      1139, 130, 974, -1,
      1139, 974, 1140, -1,
      1140, 974, 1135, -1,
      1140, 1135, 1141, -1,
      1141, 1135, 1136, -1,
      1141, 1136, 1142, -1,
      1142, 1136, 1137, -1,
      1142, 1137, 1143, -1,
      1143, 1137, 1138, -1,
      1143, 1138, 157, -1,
      157, 1138, 189, -1,
      157, 156, 1143, -1,
      1143, 156, 1052, -1,
      1143, 1052, 1142, -1,
      1142, 1052, 1053, -1,
      1142, 1053, 1141, -1,
      1141, 1053, 1054, -1,
      1141, 1054, 1140, -1,
      1140, 1054, 1055, -1,
      1140, 1055, 1139, -1,
      1139, 1055, 1056, -1,
      1139, 1056, 127, -1,
      127, 1056, 128, -1,
      1144, 1145, 1146, -1,
      1147, 1148, 1149, -1,
      1149, 1148, 1150, -1,
      1149, 1150, 1151, -1,
      1144, 1146, 1152, -1,
      1152, 1146, 1153, -1,
      1152, 1153, 1154, -1,
      1154, 1153, 1155, -1,
      1154, 1155, 1156, -1,
      1145, 1157, 1146, -1,
      1146, 1157, 1158, -1,
      1146, 1158, 1159, -1,
      1160, 1161, 1146, -1,
      1146, 1161, 1162, -1,
      1163, 1164, 1165, -1,
      1165, 1164, 1166, -1,
      1162, 1167, 1146, -1,
      1146, 1167, 1166, -1,
      1146, 1166, 1168, -1,
      1168, 1166, 1164, -1,
      1159, 1169, 1146, -1,
      1146, 1169, 1170, -1,
      1146, 1170, 1160, -1,
      1151, 1171, 1149, -1,
      1149, 1171, 1172, -1,
      1149, 1172, 1173, -1,
      1173, 1172, 1174, -1,
      1173, 1174, 1175, -1,
      1176, 1177, 1155, -1,
      1155, 1177, 1178, -1,
      1155, 1178, 1179, -1,
      1174, 1180, 1175, -1,
      1175, 1180, 1181, -1,
      1175, 1181, 1182, -1,
      1182, 1181, 1183, -1,
      1182, 1183, 1184, -1,
      1179, 1185, 1155, -1,
      1155, 1185, 1186, -1,
      1155, 1186, 1156, -1,
      1187, 1188, 1189, -1,
      1189, 1188, 1190, -1,
      1189, 1190, 1191, -1,
      1190, 1192, 1191, -1,
      1191, 1192, 1193, -1,
      1191, 1193, 1148, -1,
      1184, 1176, 1182, -1,
      1182, 1176, 1155, -1,
      1182, 1155, 1194, -1,
      1194, 1155, 1195, -1,
      1194, 1195, 1147, -1,
      1147, 1195, 1196, -1,
      1147, 1196, 1148, -1,
      1148, 1196, 1197, -1,
      1148, 1197, 1191, -1,
      1198, 1199, 1200, -1,
      1201, 1202, 1189, -1,
      1189, 1202, 1203, -1,
      1204, 1205, 1203, -1,
      1203, 1205, 1155, -1,
      1203, 1155, 1189, -1,
      1189, 1155, 1153, -1,
      1189, 1153, 1187, -1,
      1206, 1207, 1205, -1,
      1208, 1209, 1210, -1,
      1200, 1211, 1198, -1,
      1198, 1211, 1212, -1,
      1198, 1212, 1213, -1,
      1205, 1207, 1214, -1,
      1215, 1216, 1217, -1,
      1218, 1219, 1217, -1,
      1217, 1219, 1220, -1,
      1217, 1220, 1215, -1,
      1215, 1220, 1201, -1,
      1215, 1201, 1221, -1,
      1221, 1201, 1189, -1,
      1221, 1189, 1222, -1,
      1210, 1216, 1208, -1,
      1208, 1216, 1215, -1,
      1208, 1215, 1204, -1,
      1223, 1224, 1189, -1,
      1204, 1215, 1205, -1,
      1205, 1215, 1225, -1,
      1205, 1225, 1226, -1,
      1206, 1227, 1228, -1,
      1229, 1230, 1224, -1,
      1224, 1230, 1231, -1,
      1224, 1231, 1189, -1,
      1189, 1231, 1198, -1,
      1189, 1198, 1222, -1,
      1222, 1198, 1213, -1,
      1228, 1232, 1206, -1,
      1206, 1232, 1233, -1,
      1206, 1233, 1198, -1,
      1198, 1233, 1234, -1,
      1198, 1234, 1199, -1,
      1226, 1235, 1205, -1,
      1205, 1235, 1236, -1,
      1205, 1236, 1206, -1,
      1206, 1236, 1237, -1,
      1206, 1237, 1227, -1,
      1207, 1223, 1214, -1,
      1214, 1223, 1189, -1,
      1214, 1189, 1238, -1,
      1238, 1189, 1191, -1,
      1239, 1240, 1241, -1,
      1242, 1243, 1244, -1,
      1241, 1245, 1239, -1,
      1239, 1245, 1246, -1,
      1239, 1246, 0, -1,
      1247, 1248, 1249, -1,
      1249, 1248, 1241, -1,
      1250, 1251, 1252, -1,
      1252, 1251, 1253, -1,
      1246, 1248, 0, -1,
      0, 1248, 1247, -1,
      0, 1247, 1, -1,
      1, 1247, 1254, -1,
      1, 1254, 1255, -1,
      1255, 1254, 1256, -1,
      1255, 1256, 1253, -1,
      1253, 1256, 1249, -1,
      1253, 1249, 1252, -1,
      1252, 1249, 1241, -1,
      1252, 1241, 1244, -1,
      1244, 1241, 1240, -1,
      1244, 1240, 1242, -1,
      1257, 1258, 2, -1,
      1259, 1260, 1261, -1,
      1, 1255, 2, -1,
      2, 1255, 1262, -1,
      1261, 1257, 1259, -1,
      1259, 1257, 2, -1,
      1259, 2, 1263, -1,
      1263, 2, 1262, -1,
      1263, 1262, 1264, -1,
      1264, 1262, 1265, -1,
      1266, 1267, 1268, -1,
      1269, 1270, 1266, -1,
      1266, 1270, 1271, -1,
      1266, 1271, 1267, -1,
      1267, 1271, 1272, -1,
      1267, 1272, 1273, -1,
      1273, 1272, 3, -1,
      1273, 3, 1274, -1,
      1275, 2, 1276, -1,
      1276, 2, 1258, -1,
      1276, 1258, 1277, -1,
      1278, 1266, 1279, -1,
      1279, 1266, 1268, -1,
      1279, 1268, 1275, -1,
      1275, 1268, 1274, -1,
      1275, 1274, 2, -1,
      2, 1274, 3, -1,
      1277, 1258, 1279, -1,
      1279, 1258, 1280, -1,
      1279, 1280, 1278, -1,
      1278, 1280, 1281, -1,
      1278, 1281, 1282, -1,
      1283, 1239, 0, -1,
      1284, 1285, 1286, -1,
      3, 1272, 0, -1,
      0, 1272, 1287, -1,
      1286, 1283, 1284, -1,
      1284, 1283, 0, -1,
      1284, 0, 1288, -1,
      1288, 0, 1287, -1,
      1288, 1287, 1289, -1,
      1289, 1287, 1290, -1,
      2, 3, 1, -1,
      1, 3, 0, -1,
      1291, 1264, 1265, -1,
      1292, 1293, 1294, -1,
      1295, 1243, 1242, -1,
      1260, 1296, 1261, -1,
      1261, 1296, 1297, -1,
      1298, 1299, 1293, -1,
      1290, 1300, 1289, -1,
      1289, 1300, 1301, -1,
      1251, 1250, 1292, -1,
      1292, 1250, 1302, -1,
      1292, 1302, 1293, -1,
      1293, 1302, 1295, -1,
      1293, 1295, 1298, -1,
      1298, 1295, 1242, -1,
      1303, 1304, 1305, -1,
      1305, 1304, 1299, -1,
      1282, 1281, 1303, -1,
      1303, 1281, 1297, -1,
      1303, 1297, 1304, -1,
      1304, 1297, 1296, -1,
      1304, 1296, 1294, -1,
      1294, 1296, 1291, -1,
      1294, 1291, 1292, -1,
      1292, 1291, 1265, -1,
      1270, 1269, 1300, -1,
      1300, 1269, 1305, -1,
      1300, 1305, 1301, -1,
      1301, 1305, 1299, -1,
      1301, 1299, 1306, -1,
      1306, 1299, 1298, -1,
      1306, 1298, 1285, -1,
      1285, 1298, 1286, -1,
      1280, 1307, 1281, -1,
      1281, 1307, 1297, -1,
      1307, 1257, 1297, -1,
      1297, 1257, 1261, -1,
      1257, 1307, 1258, -1,
      1258, 1307, 1280, -1,
      1287, 1308, 1290, -1,
      1290, 1308, 1300, -1,
      1308, 1271, 1300, -1,
      1300, 1271, 1270, -1,
      1308, 1287, 1271, -1,
      1271, 1287, 1272, -1,
      1195, 1205, 1294, -1,
      1294, 1205, 1304, -1,
      1205, 1238, 1304, -1,
      1304, 1238, 1299, -1,
      1238, 1197, 1299, -1,
      1299, 1197, 1293, -1,
      1197, 1195, 1293, -1,
      1293, 1195, 1294, -1,
      1240, 1309, 1242, -1,
      1242, 1309, 1298, -1,
      1309, 1283, 1298, -1,
      1298, 1283, 1286, -1,
      1283, 1309, 1239, -1,
      1239, 1309, 1240, -1,
      1284, 1310, 1285, -1,
      1285, 1310, 1306, -1,
      1310, 1311, 1306, -1,
      1306, 1311, 1301, -1,
      1311, 1288, 1301, -1,
      1301, 1288, 1289, -1,
      1288, 1311, 1284, -1,
      1284, 1311, 1310, -1,
      1252, 1312, 1250, -1,
      1250, 1312, 1302, -1,
      1312, 1313, 1302, -1,
      1302, 1313, 1295, -1,
      1313, 1244, 1295, -1,
      1295, 1244, 1243, -1,
      1313, 1312, 1244, -1,
      1244, 1312, 1252, -1,
      1262, 1314, 1265, -1,
      1265, 1314, 1292, -1,
      1314, 1253, 1292, -1,
      1292, 1253, 1251, -1,
      1314, 1262, 1253, -1,
      1253, 1262, 1255, -1,
      1266, 1315, 1269, -1,
      1269, 1315, 1305, -1,
      1315, 1316, 1305, -1,
      1305, 1316, 1303, -1,
      1316, 1278, 1303, -1,
      1303, 1278, 1282, -1,
      1316, 1315, 1278, -1,
      1278, 1315, 1266, -1,
      1259, 1317, 1260, -1,
      1260, 1317, 1296, -1,
      1317, 1318, 1296, -1,
      1296, 1318, 1291, -1,
      1318, 1263, 1291, -1,
      1291, 1263, 1264, -1,
      1263, 1318, 1259, -1,
      1259, 1318, 1317, -1,
    ]
  }
}

Shape {
  appearance Appearance {
    material Material {
      diffuseColor 0.8510 0.8510 0.8510
      specularColor 0.4235 0.4235 0.4235
      ambientIntensity 0.2
      transparency 0.0000
      shininess 0.5
    }
  }
  geometry IndexedFaceSet {
    ccw TRUE
    solid FALSE
    coord DEF co Coordinate {
      point [
        1.181102 -0.728346 0.334646,
        1.181102 -1.043307 0.334646,
        1.181102 -1.043307 0.452756,
        1.181102 0.728346 0.452756,
        1.181102 -0.728346 0.452756,
        1.181102 0.728346 0.334646,
        1.181102 1.043307 0.452756,
        1.181102 1.043307 0.334646,
        -1.181102 -1.043307 0.334646,
        -1.181102 -0.728346 0.334646,
        -1.181102 -1.043307 0.452756,
        -1.181102 -0.728346 0.452756,
        -1.181102 0.728346 0.452756,
        -1.181102 1.043307 0.452756,
        -1.181102 1.043307 0.334646,
        -1.181102 0.728346 0.334646,
        -1.771654 1.043307 0.000000,
        -1.771654 0.728346 0.000000,
        -1.771654 1.043307 0.118110,
        -1.771654 0.728346 0.118110,
        -1.271202 1.043307 0.334646,
        -1.271202 0.728346 0.334646,
        -1.271202 0.728346 0.452756,
        -1.271202 1.043307 0.452756,
        -1.275395 1.043307 0.334194,
        -1.275395 0.728346 0.334194,
        -1.279396 1.043307 0.332859,
        -1.279396 0.728346 0.332859,
        -1.283020 1.043307 0.330703,
        -1.283020 0.728346 0.330703,
        -1.286103 1.043307 0.327824,
        -1.286103 0.728346 0.327824,
        -1.288501 1.043307 0.324354,
        -1.288501 0.728346 0.324354,
        -1.300556 0.728346 0.449593,
        -1.328562 0.728346 0.440250,
        -1.353935 0.728346 0.425154,
        -1.375510 0.728346 0.405000,
        -1.392297 0.728346 0.380713,
        -1.392297 1.043307 0.380713,
        -1.375510 1.043307 0.405000,
        -1.353935 1.043307 0.425154,
        -1.328562 1.043307 0.440250,
        -1.300556 1.043307 0.449593,
        -1.403148 1.043307 0.113210,
        -1.403148 0.728346 0.113210,
        -1.506944 0.728346 0.169569,
        -1.506944 1.043307 0.169569,
        -1.593441 0.728346 0.000000,
        -1.593441 1.043307 0.000000,
        -1.547313 1.043307 0.004970,
        -1.547313 0.728346 0.004970,
        -1.503303 1.043307 0.019653,
        -1.503303 0.728346 0.019653,
        -1.463431 1.043307 0.043374,
        -1.463431 0.728346 0.043374,
        -1.429527 1.043307 0.075044,
        -1.429527 0.728346 0.075044,
        -1.593441 0.728346 0.118110,
        -1.572474 0.728346 0.120369,
        -1.552469 0.728346 0.127043,
        -1.534346 0.728346 0.137826,
        -1.518935 0.728346 0.152221,
        -1.518935 1.043307 0.152221,
        -1.534346 1.043307 0.137826,
        -1.552469 1.043307 0.127043,
        -1.572474 1.043307 0.120369,
        -1.593441 1.043307 0.118110,
        -1.771654 -1.043307 0.118110,
        -1.771654 -0.728346 0.118110,
        -1.771654 -1.043307 0.000000,
        -1.771654 -0.728346 0.000000,
        -1.271202 -1.043307 0.452756,
        -1.271202 -0.728346 0.452756,
        -1.271202 -0.728346 0.334646,
        -1.271202 -1.043307 0.334646,
        -1.392297 -0.728346 0.380713,
        -1.392297 -1.043307 0.380713,
        -1.375510 -1.043307 0.405000,
        -1.375510 -0.728346 0.405000,
        -1.353935 -1.043307 0.425154,
        -1.353935 -0.728346 0.425154,
        -1.328562 -1.043307 0.440250,
        -1.328562 -0.728346 0.440250,
        -1.300556 -1.043307 0.449593,
        -1.300556 -0.728346 0.449593,
        -1.288501 -0.728346 0.324354,
        -1.286103 -0.728346 0.327824,
        -1.283020 -0.728346 0.330703,
        -1.279396 -0.728346 0.332859,
        -1.275395 -0.728346 0.334194,
        -1.275395 -1.043307 0.334194,
        -1.279396 -1.043307 0.332859,
        -1.283020 -1.043307 0.330703,
        -1.286103 -1.043307 0.327824,
        -1.288501 -1.043307 0.324354,
        -1.506944 -1.043307 0.169569,
        -1.506944 -0.728346 0.169569,
        -1.403148 -0.728346 0.113210,
        -1.403148 -1.043307 0.113210,
        -1.518935 -1.043307 0.152221,
        -1.518935 -0.728346 0.152221,
        -1.534346 -1.043307 0.137826,
        -1.534346 -0.728346 0.137826,
        -1.552469 -1.043307 0.127043,
        -1.552469 -0.728346 0.127043,
        -1.572474 -1.043307 0.120369,
        -1.572474 -0.728346 0.120369,
        -1.593441 -1.043307 0.118110,
        -1.593441 -0.728346 0.118110,
        -1.429527 -0.728346 0.075044,
        -1.463431 -0.728346 0.043374,
        -1.503303 -0.728346 0.019653,
        -1.547313 -0.728346 0.004970,
        -1.593441 -0.728346 0.000000,
        -1.593441 -1.043307 0.000000,
        -1.547313 -1.043307 0.004970,
        -1.503303 -1.043307 0.019653,
        -1.463431 -1.043307 0.043374,
        -1.429527 -1.043307 0.075044,
        1.771654 0.728346 0.000000,
        1.771654 1.043307 0.000000,
        1.771654 0.728346 0.118110,
        1.771654 1.043307 0.118110,
        1.271202 1.043307 0.452756,
        1.271202 0.728346 0.452756,
        1.271202 0.728346 0.334646,
        1.271202 1.043307 0.334646,
        1.392297 0.728346 0.380713,
        1.392297 1.043307 0.380713,
        1.375510 1.043307 0.405000,
        1.375510 0.728346 0.405000,
        1.353935 1.043307 0.425154,
        1.353935 0.728346 0.425154,
        1.328562 1.043307 0.440250,
        1.328562 0.728346 0.440250,
        1.300556 1.043307 0.449593,
        1.300556 0.728346 0.449593,
        1.288501 0.728346 0.324354,
        1.286103 0.728346 0.327824,
        1.283020 0.728346 0.330703,
        1.279396 0.728346 0.332859,
        1.275395 0.728346 0.334194,
        1.275395 1.043307 0.334194,
        1.279396 1.043307 0.332859,
        1.283020 1.043307 0.330703,
        1.286103 1.043307 0.327824,
        1.288501 1.043307 0.324354,
        1.506944 1.043307 0.169569,
        1.506944 0.728346 0.169569,
        1.403148 0.728346 0.113210,
        1.403148 1.043307 0.113210,
        1.518935 1.043307 0.152221,
        1.518935 0.728346 0.152221,
        1.534346 1.043307 0.137826,
        1.534346 0.728346 0.137826,
        1.552469 1.043307 0.127043,
        1.552469 0.728346 0.127043,
        1.572474 1.043307 0.120369,
        1.572474 0.728346 0.120369,
        1.593441 1.043307 0.118110,
        1.593441 0.728346 0.118110,
        1.429527 0.728346 0.075044,
        1.463431 0.728346 0.043374,
        1.503303 0.728346 0.019653,
        1.547313 0.728346 0.004970,
        1.593441 0.728346 0.000000,
        1.593441 1.043307 0.000000,
        1.547313 1.043307 0.004970,
        1.503303 1.043307 0.019653,
        1.463431 1.043307 0.043374,
        1.429527 1.043307 0.075044,
        1.771654 -0.728346 0.118110,
        1.771654 -1.043307 0.118110,
        1.771654 -0.728346 0.000000,
        1.771654 -1.043307 0.000000,
        1.271202 -1.043307 0.334646,
        1.271202 -0.728346 0.334646,
        1.271202 -0.728346 0.452756,
        1.271202 -1.043307 0.452756,
        1.275395 -1.043307 0.334194,
        1.275395 -0.728346 0.334194,
        1.279396 -1.043307 0.332859,
        1.279396 -0.728346 0.332859,
        1.283020 -1.043307 0.330703,
        1.283020 -0.728346 0.330703,
        1.286103 -1.043307 0.327824,
        1.286103 -0.728346 0.327824,
        1.288501 -1.043307 0.324354,
        1.288501 -0.728346 0.324354,
        1.300556 -0.728346 0.449593,
        1.328562 -0.728346 0.440250,
        1.353935 -0.728346 0.425154,
        1.375510 -0.728346 0.405000,
        1.392297 -0.728346 0.380713,
        1.392297 -1.043307 0.380713,
        1.375510 -1.043307 0.405000,
        1.353935 -1.043307 0.425154,
        1.328562 -1.043307 0.440250,
        1.300556 -1.043307 0.449593,
        1.403148 -1.043307 0.113210,
        1.403148 -0.728346 0.113210,
        1.506944 -0.728346 0.169569,
        1.506944 -1.043307 0.169569,
        1.593441 -0.728346 0.000000,
        1.593441 -1.043307 0.000000,
        1.547313 -1.043307 0.004970,
        1.547313 -0.728346 0.004970,
        1.503303 -1.043307 0.019653,
        1.503303 -0.728346 0.019653,
        1.463431 -1.043307 0.043374,
        1.463431 -0.728346 0.043374,
        1.429527 -1.043307 0.075044,
        1.429527 -0.728346 0.075044,
        1.593441 -0.728346 0.118110,
        1.572474 -0.728346 0.120369,
        1.552469 -0.728346 0.127043,
        1.534346 -0.728346 0.137826,
        1.518935 -0.728346 0.152221,
        1.518935 -1.043307 0.152221,
        1.534346 -1.043307 0.137826,
        1.552469 -1.043307 0.127043,
        1.572474 -1.043307 0.120369,
        1.593441 -1.043307 0.118110,
      ]
    }
    coordIndex [
      16, 17, 18, -1,
      18, 17, 19, -1,
      20, 14, 21, -1,
      21, 14, 15, -1,
      21, 15, 22, -1,
      22, 15, 12, -1,
      22, 12, 23, -1,
      23, 12, 13, -1,
      13, 14, 23, -1,
      23, 14, 20, -1,
      20, 21, 24, -1,
      24, 21, 25, -1,
      24, 25, 26, -1,
      26, 25, 27, -1,
      26, 27, 28, -1,
      28, 27, 29, -1,
      28, 29, 30, -1,
      30, 29, 31, -1,
      30, 31, 32, -1,
      32, 31, 33, -1,
      21, 22, 25, -1,
      25, 22, 34, -1,
      25, 34, 27, -1,
      27, 34, 35, -1,
      27, 35, 29, -1,
      29, 35, 36, -1,
      29, 36, 31, -1,
      31, 36, 37, -1,
      31, 37, 33, -1,
      33, 37, 38, -1,
      39, 38, 37, -1,
      39, 37, 40, -1,
      40, 37, 36, -1,
      40, 36, 41, -1,
      41, 36, 35, -1,
      41, 35, 42, -1,
      42, 35, 34, -1,
      42, 34, 43, -1,
      43, 34, 22, -1,
      43, 22, 23, -1,
      32, 39, 30, -1,
      30, 39, 40, -1,
      30, 40, 28, -1,
      28, 40, 41, -1,
      28, 41, 26, -1,
      26, 41, 42, -1,
      26, 42, 24, -1,
      24, 42, 43, -1,
      24, 43, 20, -1,
      20, 43, 23, -1,
      44, 32, 45, -1,
      45, 32, 33, -1,
      45, 33, 46, -1,
      46, 33, 38, -1,
      46, 38, 47, -1,
      47, 38, 39, -1,
      39, 32, 47, -1,
      47, 32, 44, -1,
      48, 49, 50, -1,
      48, 50, 51, -1,
      51, 50, 52, -1,
      51, 52, 53, -1,
      53, 52, 54, -1,
      53, 54, 55, -1,
      55, 54, 56, -1,
      55, 56, 57, -1,
      57, 56, 44, -1,
      57, 44, 45, -1,
      58, 48, 59, -1,
      59, 48, 51, -1,
      59, 51, 60, -1,
      60, 51, 53, -1,
      60, 53, 61, -1,
      61, 53, 55, -1,
      61, 55, 62, -1,
      62, 55, 57, -1,
      62, 57, 46, -1,
      46, 57, 45, -1,
      46, 47, 62, -1,
      62, 47, 63, -1,
      62, 63, 61, -1,
      61, 63, 64, -1,
      61, 64, 60, -1,
      60, 64, 65, -1,
      60, 65, 59, -1,
      59, 65, 66, -1,
      59, 66, 58, -1,
      58, 66, 67, -1,
      47, 44, 63, -1,
      63, 44, 56, -1,
      63, 56, 64, -1,
      64, 56, 54, -1,
      64, 54, 65, -1,
      65, 54, 52, -1,
      65, 52, 66, -1,
      66, 52, 50, -1,
      66, 50, 67, -1,
      67, 50, 49, -1,
      16, 49, 17, -1,
      17, 49, 48, -1,
      17, 48, 19, -1,
      19, 48, 58, -1,
      19, 58, 18, -1,
      18, 58, 67, -1,
      67, 49, 18, -1,
      18, 49, 16, -1,
      68, 69, 70, -1,
      70, 69, 71, -1,
      72, 10, 73, -1,
      73, 10, 11, -1,
      73, 11, 74, -1,
      74, 11, 9, -1,
      74, 9, 75, -1,
      75, 9, 8, -1,
      8, 10, 75, -1,
      75, 10, 72, -1,
      76, 77, 78, -1,
      76, 78, 79, -1,
      79, 78, 80, -1,
      79, 80, 81, -1,
      81, 80, 82, -1,
      81, 82, 83, -1,
      83, 82, 84, -1,
      83, 84, 85, -1,
      85, 84, 72, -1,
      85, 72, 73, -1,
      86, 76, 87, -1,
      87, 76, 79, -1,
      87, 79, 88, -1,
      88, 79, 81, -1,
      88, 81, 89, -1,
      89, 81, 83, -1,
      89, 83, 90, -1,
      90, 83, 85, -1,
      90, 85, 74, -1,
      74, 85, 73, -1,
      74, 75, 90, -1,
      90, 75, 91, -1,
      90, 91, 89, -1,
      89, 91, 92, -1,
      89, 92, 88, -1,
      88, 92, 93, -1,
      88, 93, 87, -1,
      87, 93, 94, -1,
      87, 94, 86, -1,
      86, 94, 95, -1,
      75, 72, 91, -1,
      91, 72, 84, -1,
      91, 84, 92, -1,
      92, 84, 82, -1,
      92, 82, 93, -1,
      93, 82, 80, -1,
      93, 80, 94, -1,
      94, 80, 78, -1,
      94, 78, 95, -1,
      95, 78, 77, -1,
      96, 77, 97, -1,
      97, 77, 76, -1,
      97, 76, 98, -1,
      98, 76, 86, -1,
      98, 86, 99, -1,
      99, 86, 95, -1,
      95, 77, 99, -1,
      99, 77, 96, -1,
      96, 97, 100, -1,
      100, 97, 101, -1,
      100, 101, 102, -1,
      102, 101, 103, -1,
      102, 103, 104, -1,
      104, 103, 105, -1,
      104, 105, 106, -1,
      106, 105, 107, -1,
      106, 107, 108, -1,
      108, 107, 109, -1,
      97, 98, 101, -1,
      101, 98, 110, -1,
      101, 110, 103, -1,
      103, 110, 111, -1,
      103, 111, 105, -1,
      105, 111, 112, -1,
      105, 112, 107, -1,
      107, 112, 113, -1,
      107, 113, 109, -1,
      109, 113, 114, -1,
      115, 114, 113, -1,
      115, 113, 116, -1,
      116, 113, 112, -1,
      116, 112, 117, -1,
      117, 112, 111, -1,
      117, 111, 118, -1,
      118, 111, 110, -1,
      118, 110, 119, -1,
      119, 110, 98, -1,
      119, 98, 99, -1,
      108, 115, 106, -1,
      106, 115, 116, -1,
      106, 116, 104, -1,
      104, 116, 117, -1,
      104, 117, 102, -1,
      102, 117, 118, -1,
      102, 118, 100, -1,
      100, 118, 119, -1,
      100, 119, 96, -1,
      96, 119, 99, -1,
      68, 108, 69, -1,
      69, 108, 109, -1,
      69, 109, 71, -1,
      71, 109, 114, -1,
      71, 114, 70, -1,
      70, 114, 115, -1,
      115, 108, 70, -1,
      70, 108, 68, -1,
      120, 121, 122, -1,
      122, 121, 123, -1,
      124, 6, 125, -1,
      125, 6, 3, -1,
      125, 3, 126, -1,
      126, 3, 5, -1,
      126, 5, 127, -1,
      127, 5, 7, -1,
      7, 6, 127, -1,
      127, 6, 124, -1,
      128, 129, 130, -1,
      128, 130, 131, -1,
      131, 130, 132, -1,
      131, 132, 133, -1,
      133, 132, 134, -1,
      133, 134, 135, -1,
      135, 134, 136, -1,
      135, 136, 137, -1,
      137, 136, 124, -1,
      137, 124, 125, -1,
      138, 128, 139, -1,
      139, 128, 131, -1,
      139, 131, 140, -1,
      140, 131, 133, -1,
      140, 133, 141, -1,
      141, 133, 135, -1,
      141, 135, 142, -1,
      142, 135, 137, -1,
      142, 137, 126, -1,
      126, 137, 125, -1,
      126, 127, 142, -1,
      142, 127, 143, -1,
      142, 143, 141, -1,
      141, 143, 144, -1,
      141, 144, 140, -1,
      140, 144, 145, -1,
      140, 145, 139, -1,
      139, 145, 146, -1,
      139, 146, 138, -1,
      138, 146, 147, -1,
      127, 124, 143, -1,
      143, 124, 136, -1,
      143, 136, 144, -1,
      144, 136, 134, -1,
      144, 134, 145, -1,
      145, 134, 132, -1,
      145, 132, 146, -1,
      146, 132, 130, -1,
      146, 130, 147, -1,
      147, 130, 129, -1,
      148, 129, 149, -1,
      149, 129, 128, -1,
      149, 128, 150, -1,
      150, 128, 138, -1,
      150, 138, 151, -1,
      151, 138, 147, -1,
      147, 129, 151, -1,
      151, 129, 148, -1,
      148, 149, 152, -1,
      152, 149, 153, -1,
      152, 153, 154, -1,
      154, 153, 155, -1,
      154, 155, 156, -1,
      156, 155, 157, -1,
      156, 157, 158, -1,
      158, 157, 159, -1,
      158, 159, 160, -1,
      160, 159, 161, -1,
      149, 150, 153, -1,
      153, 150, 162, -1,
      153, 162, 155, -1,
      155, 162, 163, -1,
      155, 163, 157, -1,
      157, 163, 164, -1,
      157, 164, 159, -1,
      159, 164, 165, -1,
      159, 165, 161, -1,
      161, 165, 166, -1,
      167, 166, 165, -1,
      167, 165, 168, -1,
      168, 165, 164, -1,
      168, 164, 169, -1,
      169, 164, 163, -1,
      169, 163, 170, -1,
      170, 163, 162, -1,
      170, 162, 171, -1,
      171, 162, 150, -1,
      171, 150, 151, -1,
      160, 167, 158, -1,
      158, 167, 168, -1,
      158, 168, 156, -1,
      156, 168, 169, -1,
      156, 169, 154, -1,
      154, 169, 170, -1,
      154, 170, 152, -1,
      152, 170, 171, -1,
      152, 171, 148, -1,
      148, 171, 151, -1,
      123, 160, 122, -1,
      122, 160, 161, -1,
      122, 161, 120, -1,
      120, 161, 166, -1,
      120, 166, 121, -1,
      121, 166, 167, -1,
      167, 160, 121, -1,
      121, 160, 123, -1,
      172, 173, 174, -1,
      174, 173, 175, -1,
      176, 1, 177, -1,
      177, 1, 0, -1,
      177, 0, 178, -1,
      178, 0, 4, -1,
      178, 4, 179, -1,
      179, 4, 2, -1,
      2, 1, 179, -1,
      179, 1, 176, -1,
      176, 177, 180, -1,
      180, 177, 181, -1,
      180, 181, 182, -1,
      182, 181, 183, -1,
      182, 183, 184, -1,
      184, 183, 185, -1,
      184, 185, 186, -1,
      186, 185, 187, -1,
      186, 187, 188, -1,
      188, 187, 189, -1,
      177, 178, 181, -1,
      181, 178, 190, -1,
      181, 190, 183, -1,
      183, 190, 191, -1,
      183, 191, 185, -1,
      185, 191, 192, -1,
      185, 192, 187, -1,
      187, 192, 193, -1,
      187, 193, 189, -1,
      189, 193, 194, -1,
      195, 194, 193, -1,
      195, 193, 196, -1,
      196, 193, 192, -1,
      196, 192, 197, -1,
      197, 192, 191, -1,
      197, 191, 198, -1,
      198, 191, 190, -1,
      198, 190, 199, -1,
      199, 190, 178, -1,
      199, 178, 179, -1,
      188, 195, 186, -1,
      186, 195, 196, -1,
      186, 196, 184, -1,
      184, 196, 197, -1,
      184, 197, 182, -1,
      182, 197, 198, -1,
      182, 198, 180, -1,
      180, 198, 199, -1,
      180, 199, 176, -1,
      176, 199, 179, -1,
      200, 188, 201, -1,
      201, 188, 189, -1,
      201, 189, 202, -1,
      202, 189, 194, -1,
      202, 194, 203, -1,
      203, 194, 195, -1,
      195, 188, 203, -1,
      203, 188, 200, -1,
      204, 205, 206, -1,
      204, 206, 207, -1,
      207, 206, 208, -1,
      207, 208, 209, -1,
      209, 208, 210, -1,
      209, 210, 211, -1,
      211, 210, 212, -1,
      211, 212, 213, -1,
      213, 212, 200, -1,
      213, 200, 201, -1,
      214, 204, 215, -1,
      215, 204, 207, -1,
      215, 207, 216, -1,
      216, 207, 209, -1,
      216, 209, 217, -1,
      217, 209, 211, -1,
      217, 211, 218, -1,
      218, 211, 213, -1,
      218, 213, 202, -1,
      202, 213, 201, -1,
      202, 203, 218, -1,
      218, 203, 219, -1,
      218, 219, 217, -1,
      217, 219, 220, -1,
      217, 220, 216, -1,
      216, 220, 221, -1,
      216, 221, 215, -1,
      215, 221, 222, -1,
      215, 222, 214, -1,
      214, 222, 223, -1,
      203, 200, 219, -1,
      219, 200, 212, -1,
      219, 212, 220, -1,
      220, 212, 210, -1,
      220, 210, 221, -1,
      221, 210, 208, -1,
      221, 208, 222, -1,
      222, 208, 206, -1,
      222, 206, 223, -1,
      223, 206, 205, -1,
      175, 205, 174, -1,
      174, 205, 204, -1,
      174, 204, 172, -1,
      172, 204, 214, -1,
      172, 214, 173, -1,
      173, 214, 223, -1,
      223, 205, 173, -1,
      173, 205, 175, -1,
    ]
  }
}

Shape {
  appearance Appearance {
    material Material {
      diffuseColor 1.0000 1.0000 1.0000
      specularColor 0.8784 0.8784 0.8784
      ambientIntensity 0.2
      transparency 0.0000
      shininess 0.5
    }
  }
  geometry IndexedFaceSet {
    ccw TRUE
    solid FALSE
    coord DEF co Coordinate {
      point [
        0.101119 0.042582 0.118110,
        0.112748 0.041276 0.118110,
        0.075576 -0.046093 0.118110,
        0.231899 -0.064005 0.118110,
        0.112903 -0.064725 0.118110,
        0.171404 -0.064005 0.118110,
        0.120513 -0.063936 0.118110,
        0.131960 -0.059996 0.118110,
        0.086763 0.040717 0.118110,
        0.073459 -0.044920 0.118110,
        0.073459 0.035020 0.118110,
        0.073459 0.050864 0.118110,
        0.121589 0.038086 0.118110,
        0.129764 0.032617 0.118110,
        0.136896 0.024743 0.118110,
        0.145477 -0.006210 0.118110,
        0.144281 -0.018996 0.118110,
        0.141072 -0.029156 0.118110,
        0.114791 -0.051246 0.118110,
        0.103774 -0.052482 0.118110,
        0.123396 -0.048078 0.118110,
        0.130645 -0.043193 0.118110,
        0.136188 -0.037345 0.118110,
        0.088096 -0.050742 0.118110,
        0.141766 0.015623 0.118110,
        0.144914 0.002980 0.118110,
        0.141461 -0.053929 0.118110,
        0.150332 -0.044589 0.118110,
        0.171404 -0.051042 0.118110,
        0.156624 -0.033359 0.118110,
        0.216056 -0.051042 0.118110,
        0.148165 0.034039 0.118110,
        0.137502 0.044294 0.118110,
        0.126283 0.050752 0.118110,
        0.113117 0.054577 0.118110,
        0.160179 -0.020857 0.118110,
        0.161321 -0.007178 0.118110,
        0.216056 0.054105 0.118110,
        0.159622 0.009614 0.118110,
        0.155088 0.022996 0.118110,
        0.101254 0.055546 0.118110,
        0.087114 0.054570 0.118110,
        0.073459 -0.057883 0.118110,
        0.086049 -0.063053 0.118110,
        0.097983 -0.064725 0.118110,
        0.102728 -0.065390 0.118110,
        0.105957 -0.065445 0.118110,
        0.231899 0.054105 0.118110,
        -0.139716 -0.064005 0.118110,
        -0.125176 -0.031633 0.118110,
        -0.118402 -0.042198 0.118110,
        -0.012963 -0.064005 0.118110,
        0.050413 -0.064005 0.118110,
        0.050413 0.054105 0.118110,
        -0.010083 0.054105 0.118110,
        -0.184367 0.054105 0.118110,
        -0.200211 0.054105 0.118110,
        -0.010083 0.041142 0.118110,
        0.034569 0.041142 0.118110,
        0.034569 0.002252 0.118110,
        -0.108681 -0.051506 0.118110,
        -0.096348 -0.058673 0.118110,
        -0.082739 -0.062730 0.118110,
        -0.036009 0.054105 0.118110,
        -0.007202 0.002252 0.118110,
        -0.007202 -0.010711 0.118110,
        0.034569 -0.010711 0.118110,
        0.034569 -0.051042 0.118110,
        -0.012963 -0.051042 0.118110,
        -0.036009 -0.064005 0.118110,
        -0.068125 -0.064005 0.118110,
        -0.246303 -0.064005 0.118110,
        -0.229019 -0.064005 0.118110,
        -0.069340 0.054105 0.118110,
        -0.086404 0.052281 0.118110,
        -0.121554 0.029444 0.118110,
        -0.127043 0.019286 0.118110,
        -0.217068 -0.030877 0.118110,
        -0.168276 -0.030877 0.118110,
        -0.157000 -0.064005 0.118110,
        -0.130215 0.007649 0.118110,
        -0.131074 -0.003465 0.118110,
        -0.129416 -0.019271 0.118110,
        -0.100223 0.047429 0.118110,
        -0.113078 0.038813 0.118110,
        -0.113202 0.038705 0.118110,
        -0.200211 0.054105 0.122047,
        -0.246303 -0.064005 0.122047,
        -0.229019 -0.064005 0.122047,
        -0.217068 -0.030877 0.122047,
        -0.168276 -0.030877 0.122047,
        -0.157000 -0.064005 0.122047,
        -0.139716 -0.064005 0.122047,
        -0.184367 0.054105 0.122047,
        -0.172259 -0.017913 0.122047,
        -0.211757 -0.017913 0.122047,
        -0.189881 0.031419 0.122047,
        -0.191018 0.035516 0.122047,
        -0.191772 0.039702 0.122047,
        -0.192154 0.039702 0.122047,
        -0.192925 0.035528 0.122047,
        -0.193977 0.031419 0.122047,
        -0.172259 -0.017913 0.118110,
        -0.211757 -0.017913 0.118110,
        -0.189881 0.031419 0.118110,
        -0.191018 0.035516 0.118110,
        -0.191772 0.039702 0.118110,
        -0.192154 0.039702 0.118110,
        -0.192925 0.035528 0.118110,
        -0.193977 0.031419 0.118110,
        -0.068125 -0.064005 0.122047,
        -0.036009 -0.064005 0.122047,
        -0.036009 0.054105 0.122047,
        -0.069340 0.054105 0.122047,
        -0.131074 -0.003465 0.122047,
        -0.130215 0.007649 0.122047,
        -0.127043 0.019286 0.122047,
        -0.121554 0.029444 0.122047,
        -0.113202 0.038705 0.122047,
        -0.113078 0.038813 0.122047,
        -0.100223 0.047429 0.122047,
        -0.086404 0.052281 0.122047,
        -0.082739 -0.062730 0.122047,
        -0.096348 -0.058673 0.122047,
        -0.108681 -0.051506 0.122047,
        -0.118402 -0.042198 0.122047,
        -0.125176 -0.031633 0.122047,
        -0.129416 -0.019271 0.122047,
        -0.107366 0.024579 0.122047,
        -0.101629 0.030670 0.122047,
        -0.093002 0.036244 0.122047,
        -0.083252 0.039656 0.122047,
        -0.069273 0.041142 0.122047,
        -0.051853 0.041142 0.122047,
        -0.051853 -0.051042 0.122047,
        -0.068620 -0.051042 0.122047,
        -0.081081 -0.049882 0.122047,
        -0.091020 -0.046780 0.122047,
        -0.099075 -0.041996 0.122047,
        -0.105699 -0.035453 0.122047,
        -0.110681 -0.027310 0.122047,
        -0.114145 -0.016207 0.122047,
        -0.115230 -0.003802 0.122047,
        -0.114226 0.007953 0.122047,
        -0.111469 0.017294 0.122047,
        -0.069273 0.041142 0.118110,
        -0.051853 0.041142 0.118110,
        -0.083252 0.039656 0.118110,
        -0.093002 0.036244 0.118110,
        -0.101629 0.030670 0.118110,
        -0.107366 0.024579 0.118110,
        -0.111469 0.017294 0.118110,
        -0.114226 0.007953 0.118110,
        -0.115230 -0.003802 0.118110,
        -0.114145 -0.016207 0.118110,
        -0.110681 -0.027310 0.118110,
        -0.105699 -0.035453 0.118110,
        -0.099075 -0.041996 0.118110,
        -0.091020 -0.046780 0.118110,
        -0.081081 -0.049882 0.118110,
        -0.068620 -0.051042 0.118110,
        -0.051853 -0.051042 0.118110,
        -0.012963 -0.051042 0.122047,
        -0.012963 -0.064005 0.122047,
        0.050413 -0.064005 0.122047,
        0.050413 0.054105 0.122047,
        -0.010083 0.054105 0.122047,
        -0.010083 0.041142 0.122047,
        0.034569 0.041142 0.122047,
        0.034569 0.002252 0.122047,
        -0.007202 0.002252 0.122047,
        -0.007202 -0.010711 0.122047,
        0.034569 -0.010711 0.122047,
        0.034569 -0.051042 0.122047,
        0.073459 -0.044920 0.122047,
        0.073459 -0.057883 0.122047,
        0.086049 -0.063053 0.122047,
        0.105957 -0.065445 0.122047,
        0.102728 -0.065390 0.122047,
        0.161321 -0.007178 0.122047,
        0.160179 -0.020857 0.122047,
        0.156624 -0.033359 0.122047,
        0.150332 -0.044589 0.122047,
        0.141461 -0.053929 0.122047,
        0.131960 -0.059996 0.122047,
        0.120513 -0.063936 0.122047,
        0.101254 0.055546 0.122047,
        0.113117 0.054577 0.122047,
        0.126283 0.050752 0.122047,
        0.137502 0.044294 0.122047,
        0.148165 0.034039 0.122047,
        0.155088 0.022996 0.122047,
        0.159622 0.009614 0.122047,
        0.073459 0.050864 0.122047,
        0.087114 0.054570 0.122047,
        0.073459 0.035020 0.122047,
        0.101119 0.042582 0.122047,
        0.086763 0.040717 0.122047,
        0.145477 -0.006210 0.122047,
        0.144914 0.002980 0.122047,
        0.141766 0.015623 0.122047,
        0.136896 0.024743 0.122047,
        0.129764 0.032617 0.122047,
        0.121589 0.038086 0.122047,
        0.112748 0.041276 0.122047,
        0.103774 -0.052482 0.122047,
        0.114791 -0.051246 0.122047,
        0.123396 -0.048078 0.122047,
        0.130645 -0.043193 0.122047,
        0.136188 -0.037345 0.122047,
        0.141072 -0.029156 0.122047,
        0.144281 -0.018996 0.122047,
        0.075576 -0.046093 0.122047,
        0.088096 -0.050742 0.122047,
        0.171404 -0.051042 0.122047,
        0.171404 -0.064005 0.122047,
        0.231899 -0.064005 0.122047,
        0.231899 0.054105 0.122047,
        0.216056 0.054105 0.122047,
        0.216056 -0.051042 0.122047,
      ]
    }
    coordIndex [
      86, 87, 56, -1,
      56, 87, 71, -1,
      87, 88, 71, -1,
      71, 88, 72, -1,
      88, 89, 72, -1,
      72, 89, 77, -1,
      89, 90, 77, -1,
      77, 90, 78, -1,
      90, 91, 78, -1,
      78, 91, 79, -1,
      91, 92, 79, -1,
      79, 92, 48, -1,
      92, 93, 48, -1,
      48, 93, 55, -1,
      93, 86, 55, -1,
      55, 86, 56, -1,
      94, 90, 95, -1,
      95, 90, 89, -1,
      96, 93, 94, -1,
      94, 93, 92, -1,
      94, 92, 90, -1,
      90, 92, 91, -1,
      96, 97, 93, -1,
      93, 97, 98, -1,
      93, 98, 86, -1,
      86, 98, 99, -1,
      86, 99, 100, -1,
      100, 101, 86, -1,
      86, 101, 95, -1,
      86, 95, 87, -1,
      87, 95, 89, -1,
      87, 89, 88, -1,
      94, 95, 102, -1,
      102, 95, 103, -1,
      96, 94, 104, -1,
      104, 94, 102, -1,
      96, 104, 105, -1,
      96, 105, 97, -1,
      97, 105, 106, -1,
      97, 106, 98, -1,
      99, 98, 107, -1,
      107, 98, 106, -1,
      99, 107, 108, -1,
      99, 108, 100, -1,
      100, 108, 109, -1,
      100, 109, 101, -1,
      95, 101, 103, -1,
      103, 101, 109, -1,
      110, 111, 70, -1,
      70, 111, 69, -1,
      111, 112, 69, -1,
      69, 112, 63, -1,
      112, 113, 63, -1,
      63, 113, 73, -1,
      114, 81, 80, -1,
      114, 80, 115, -1,
      115, 80, 76, -1,
      115, 76, 116, -1,
      116, 76, 75, -1,
      116, 75, 117, -1,
      117, 75, 85, -1,
      117, 85, 118, -1,
      118, 85, 84, -1,
      118, 84, 119, -1,
      119, 84, 83, -1,
      119, 83, 120, -1,
      120, 83, 74, -1,
      120, 74, 121, -1,
      121, 74, 73, -1,
      121, 73, 113, -1,
      110, 70, 62, -1,
      110, 62, 122, -1,
      122, 62, 61, -1,
      122, 61, 123, -1,
      123, 61, 60, -1,
      123, 60, 124, -1,
      124, 60, 50, -1,
      124, 50, 125, -1,
      125, 50, 49, -1,
      125, 49, 126, -1,
      126, 49, 82, -1,
      126, 82, 127, -1,
      127, 82, 81, -1,
      127, 81, 114, -1,
      116, 117, 128, -1,
      128, 117, 118, -1,
      128, 118, 129, -1,
      129, 118, 119, -1,
      129, 119, 130, -1,
      130, 119, 120, -1,
      130, 120, 131, -1,
      131, 120, 121, -1,
      131, 121, 132, -1,
      132, 121, 113, -1,
      132, 113, 133, -1,
      133, 113, 112, -1,
      133, 112, 134, -1,
      134, 112, 111, -1,
      134, 111, 135, -1,
      135, 111, 110, -1,
      135, 110, 136, -1,
      136, 110, 122, -1,
      136, 122, 137, -1,
      137, 122, 123, -1,
      137, 123, 138, -1,
      138, 123, 124, -1,
      138, 124, 139, -1,
      139, 124, 125, -1,
      139, 125, 140, -1,
      140, 125, 126, -1,
      140, 126, 141, -1,
      141, 126, 127, -1,
      141, 127, 142, -1,
      142, 127, 114, -1,
      142, 114, 143, -1,
      143, 114, 115, -1,
      143, 115, 144, -1,
      144, 115, 116, -1,
      144, 116, 128, -1,
      132, 133, 145, -1,
      145, 133, 146, -1,
      132, 145, 147, -1,
      132, 147, 131, -1,
      131, 147, 148, -1,
      131, 148, 130, -1,
      130, 148, 149, -1,
      130, 149, 129, -1,
      129, 149, 150, -1,
      129, 150, 128, -1,
      128, 150, 151, -1,
      128, 151, 144, -1,
      144, 151, 152, -1,
      144, 152, 143, -1,
      143, 152, 153, -1,
      143, 153, 142, -1,
      142, 153, 154, -1,
      142, 154, 141, -1,
      141, 154, 155, -1,
      141, 155, 140, -1,
      140, 155, 156, -1,
      140, 156, 139, -1,
      139, 156, 157, -1,
      139, 157, 138, -1,
      138, 157, 158, -1,
      138, 158, 137, -1,
      137, 158, 159, -1,
      137, 159, 136, -1,
      136, 159, 160, -1,
      136, 160, 135, -1,
      134, 135, 161, -1,
      161, 135, 160, -1,
      133, 134, 146, -1,
      146, 134, 161, -1,
      162, 163, 68, -1,
      68, 163, 51, -1,
      163, 164, 51, -1,
      51, 164, 52, -1,
      164, 165, 52, -1,
      52, 165, 53, -1,
      165, 166, 53, -1,
      53, 166, 54, -1,
      166, 167, 54, -1,
      54, 167, 57, -1,
      167, 168, 57, -1,
      57, 168, 58, -1,
      168, 169, 58, -1,
      58, 169, 59, -1,
      169, 170, 59, -1,
      59, 170, 64, -1,
      170, 171, 64, -1,
      64, 171, 65, -1,
      171, 172, 65, -1,
      65, 172, 66, -1,
      172, 173, 66, -1,
      66, 173, 67, -1,
      173, 162, 67, -1,
      67, 162, 68, -1,
      164, 163, 162, -1,
      162, 173, 164, -1,
      164, 173, 172, -1,
      164, 172, 165, -1,
      167, 166, 168, -1,
      168, 166, 165, -1,
      168, 165, 169, -1,
      169, 165, 172, -1,
      169, 172, 170, -1,
      170, 172, 171, -1,
      174, 175, 9, -1,
      9, 175, 42, -1,
      42, 175, 176, -1,
      177, 46, 45, -1,
      177, 45, 178, -1,
      178, 45, 44, -1,
      178, 44, 176, -1,
      176, 44, 43, -1,
      176, 43, 42, -1,
      179, 36, 35, -1,
      179, 35, 180, -1,
      180, 35, 29, -1,
      180, 29, 181, -1,
      181, 29, 27, -1,
      181, 27, 182, -1,
      182, 27, 26, -1,
      182, 26, 183, -1,
      183, 26, 7, -1,
      183, 7, 184, -1,
      184, 7, 6, -1,
      184, 6, 185, -1,
      185, 6, 177, -1,
      177, 6, 4, -1,
      177, 4, 46, -1,
      186, 40, 34, -1,
      186, 34, 187, -1,
      187, 34, 33, -1,
      187, 33, 188, -1,
      188, 33, 32, -1,
      188, 32, 189, -1,
      189, 32, 31, -1,
      189, 31, 190, -1,
      190, 31, 39, -1,
      190, 39, 191, -1,
      191, 39, 38, -1,
      191, 38, 192, -1,
      192, 38, 36, -1,
      192, 36, 179, -1,
      193, 11, 41, -1,
      193, 41, 194, -1,
      194, 41, 40, -1,
      194, 40, 186, -1,
      193, 195, 11, -1,
      11, 195, 10, -1,
      196, 0, 8, -1,
      196, 8, 197, -1,
      197, 8, 10, -1,
      197, 10, 195, -1,
      198, 15, 25, -1,
      198, 25, 199, -1,
      199, 25, 24, -1,
      199, 24, 200, -1,
      200, 24, 14, -1,
      200, 14, 201, -1,
      201, 14, 13, -1,
      201, 13, 202, -1,
      202, 13, 12, -1,
      202, 12, 203, -1,
      203, 12, 1, -1,
      203, 1, 204, -1,
      204, 1, 0, -1,
      204, 0, 196, -1,
      205, 19, 18, -1,
      205, 18, 206, -1,
      206, 18, 20, -1,
      206, 20, 207, -1,
      207, 20, 21, -1,
      207, 21, 208, -1,
      208, 21, 22, -1,
      208, 22, 209, -1,
      209, 22, 17, -1,
      209, 17, 210, -1,
      210, 17, 16, -1,
      210, 16, 211, -1,
      211, 16, 15, -1,
      211, 15, 198, -1,
      174, 9, 2, -1,
      174, 2, 212, -1,
      212, 2, 23, -1,
      212, 23, 213, -1,
      213, 23, 19, -1,
      213, 19, 205, -1,
      206, 177, 205, -1,
      205, 177, 178, -1,
      205, 178, 213, -1,
      213, 178, 176, -1,
      213, 176, 212, -1,
      212, 176, 175, -1,
      212, 175, 174, -1,
      195, 193, 197, -1,
      197, 193, 194, -1,
      197, 194, 196, -1,
      196, 194, 186, -1,
      196, 186, 204, -1,
      204, 186, 187, -1,
      204, 187, 203, -1,
      203, 187, 188, -1,
      203, 188, 202, -1,
      202, 188, 189, -1,
      202, 189, 201, -1,
      201, 189, 190, -1,
      201, 190, 200, -1,
      200, 190, 191, -1,
      200, 191, 199, -1,
      199, 191, 192, -1,
      199, 192, 198, -1,
      198, 192, 179, -1,
      198, 179, 211, -1,
      211, 179, 180, -1,
      211, 180, 210, -1,
      210, 180, 181, -1,
      210, 181, 209, -1,
      209, 181, 182, -1,
      209, 182, 208, -1,
      208, 182, 183, -1,
      208, 183, 207, -1,
      207, 183, 184, -1,
      207, 184, 206, -1,
      206, 184, 185, -1,
      206, 185, 177, -1,
      214, 215, 28, -1,
      28, 215, 5, -1,
      215, 216, 5, -1,
      5, 216, 3, -1,
      216, 217, 3, -1,
      3, 217, 47, -1,
      217, 218, 47, -1,
      47, 218, 37, -1,
      218, 219, 37, -1,
      37, 219, 30, -1,
      219, 214, 30, -1,
      30, 214, 28, -1,
      218, 217, 219, -1,
      219, 217, 216, -1,
      219, 216, 214, -1,
      214, 216, 215, -1,
    ]
  }
}

Shape {
  appearance Appearance {
    material Material {
      diffuseColor 0.2235 0.2235 0.2235
      specularColor 0.1804 0.1804 0.1804
      ambientIntensity 0.2
      transparency 0.0000
      shininess 0.5
    }
  }
  geometry IndexedFaceSet {
    ccw TRUE
    solid FALSE
    coord DEF co Coordinate {
      point [
        -0.172259 -0.017913 0.118110,
        -0.211757 -0.017913 0.118110,
        -0.189881 0.031419 0.118110,
        -0.191018 0.035516 0.118110,
        -0.191772 0.039702 0.118110,
        -0.192154 0.039702 0.118110,
        -0.192925 0.035528 0.118110,
        -0.193977 0.031419 0.118110,
        -0.069273 0.041142 0.118110,
        -0.051853 0.041142 0.118110,
        -0.083252 0.039656 0.118110,
        -0.093002 0.036244 0.118110,
        -0.101629 0.030670 0.118110,
        -0.107366 0.024579 0.118110,
        -0.111469 0.017294 0.118110,
        -0.114226 0.007953 0.118110,
        -0.115230 -0.003802 0.118110,
        -0.114145 -0.016207 0.118110,
        -0.110681 -0.027310 0.118110,
        -0.105699 -0.035453 0.118110,
        -0.099075 -0.041996 0.118110,
        -0.091020 -0.046780 0.118110,
        -0.081081 -0.049882 0.118110,
        -0.068620 -0.051042 0.118110,
        -0.051853 -0.051042 0.118110,
      ]
    }
    coordIndex [
      0, 1, 2, -1,
      2, 1, 7, -1,
      2, 7, 3, -1,
      3, 7, 6, -1,
      3, 6, 4, -1,
      4, 6, 5, -1,
      9, 24, 8, -1,
      8, 24, 23, -1,
      8, 23, 22, -1,
      16, 15, 8, -1,
      8, 15, 14, -1,
      8, 14, 10, -1,
      22, 21, 8, -1,
      8, 21, 20, -1,
      8, 20, 19, -1,
      19, 18, 8, -1,
      8, 18, 17, -1,
      8, 17, 16, -1,
      13, 12, 14, -1,
      14, 12, 11, -1,
      14, 11, 10, -1,
    ]
  }
}
